{
  "code": 200,
  "status": "OK",
  "data": {
    "number": 8,
    "name": "سُورَةُ الأَنفَالِ",
    "englishName": "Al-Anfaal",
    "englishNameTranslation": "The Spoils of War",
    "revelationType": "Medinan",
    "numberOfAyahs": 75,
    "ayahs": [
      {
        "number": 1161,
        "audio": "https://cdn.islamic.network/quran/audio/128/ar.alafasy/1161.mp3",
        "audioSecondary": [
          "https://cdn.islamic.network/quran/audio/64/ar.alafasy/1161.mp3"
        ],
        "text": "بِسْمِ ٱللَّهِ ٱلرَّحْمَٰنِ ٱلرَّحِيمِ يَسْـَٔلُونَكَ عَنِ ٱلْأَنفَالِ ۖ قُلِ ٱلْأَنفَالُ لِلَّهِ وَٱلرَّسُولِ ۖ فَٱتَّقُوا۟ ٱللَّهَ وَأَصْلِحُوا۟ ذَاتَ بَيْنِكُمْ ۖ وَأَطِيعُوا۟ ٱللَّهَ وَرَسُولَهُۥٓ إِن كُنتُم مُّؤْمِنِينَ",
        "numberInSurah": 1,
        "juz": 9,
        "manzil": 2,
        "page": 177,
        "ruku": 146,
        "hizbQuarter": 71,
        "sajda": false,
        "audioArabic": [
          "https://cdn.jsdelivr.net/gh/Salimbd71/ArabicQuran@main/8/1.mp3"
        ],
        "audioBangla": [
          "https://cdn.jsdelivr.net/gh/Salimbd71/BanglaQuran@main/8/1.mp3"
        ]
      },
      {
        "number": 1162,
        "audio": "https://cdn.islamic.network/quran/audio/128/ar.alafasy/1162.mp3",
        "audioSecondary": [
          "https://cdn.islamic.network/quran/audio/64/ar.alafasy/1162.mp3"
        ],
        "text": "إِنَّمَا ٱلْمُؤْمِنُونَ ٱلَّذِينَ إِذَا ذُكِرَ ٱللَّهُ وَجِلَتْ قُلُوبُهُمْ وَإِذَا تُلِيَتْ عَلَيْهِمْ ءَايَٰتُهُۥ زَادَتْهُمْ إِيمَٰنًۭا وَعَلَىٰ رَبِّهِمْ يَتَوَكَّلُونَ",
        "numberInSurah": 2,
        "juz": 9,
        "manzil": 2,
        "page": 177,
        "ruku": 146,
        "hizbQuarter": 71,
        "sajda": false,
        "audioArabic": [
          "https://cdn.jsdelivr.net/gh/Salimbd71/ArabicQuran@main/8/2.mp3"
        ],
        "audioBangla": [
          "https://cdn.jsdelivr.net/gh/Salimbd71/BanglaQuran@main/8/2.mp3"
        ]
      },
      {
        "number": 1163,
        "audio": "https://cdn.islamic.network/quran/audio/128/ar.alafasy/1163.mp3",
        "audioSecondary": [
          "https://cdn.islamic.network/quran/audio/64/ar.alafasy/1163.mp3"
        ],
        "text": "ٱلَّذِينَ يُقِيمُونَ ٱلصَّلَوٰةَ وَمِمَّا رَزَقْنَٰهُمْ يُنفِقُونَ",
        "numberInSurah": 3,
        "juz": 9,
        "manzil": 2,
        "page": 177,
        "ruku": 146,
        "hizbQuarter": 71,
        "sajda": false,
        "audioArabic": [
          "https://cdn.jsdelivr.net/gh/Salimbd71/ArabicQuran@main/8/3.mp3"
        ],
        "audioBangla": [
          "https://cdn.jsdelivr.net/gh/Salimbd71/BanglaQuran@main/8/3.mp3"
        ]
      },
      {
        "number": 1164,
        "audio": "https://cdn.islamic.network/quran/audio/128/ar.alafasy/1164.mp3",
        "audioSecondary": [
          "https://cdn.islamic.network/quran/audio/64/ar.alafasy/1164.mp3"
        ],
        "text": "أُو۟لَٰٓئِكَ هُمُ ٱلْمُؤْمِنُونَ حَقًّۭا ۚ لَّهُمْ دَرَجَٰتٌ عِندَ رَبِّهِمْ وَمَغْفِرَةٌۭ وَرِزْقٌۭ كَرِيمٌۭ",
        "numberInSurah": 4,
        "juz": 9,
        "manzil": 2,
        "page": 177,
        "ruku": 146,
        "hizbQuarter": 71,
        "sajda": false,
        "audioArabic": [
          "https://cdn.jsdelivr.net/gh/Salimbd71/ArabicQuran@main/8/4.mp3"
        ],
        "audioBangla": [
          "https://cdn.jsdelivr.net/gh/Salimbd71/BanglaQuran@main/8/4.mp3"
        ]
      },
      {
        "number": 1165,
        "audio": "https://cdn.islamic.network/quran/audio/128/ar.alafasy/1165.mp3",
        "audioSecondary": [
          "https://cdn.islamic.network/quran/audio/64/ar.alafasy/1165.mp3"
        ],
        "text": "كَمَآ أَخْرَجَكَ رَبُّكَ مِنۢ بَيْتِكَ بِٱلْحَقِّ وَإِنَّ فَرِيقًۭا مِّنَ ٱلْمُؤْمِنِينَ لَكَٰرِهُونَ",
        "numberInSurah": 5,
        "juz": 9,
        "manzil": 2,
        "page": 177,
        "ruku": 146,
        "hizbQuarter": 71,
        "sajda": false,
        "audioArabic": [
          "https://cdn.jsdelivr.net/gh/Salimbd71/ArabicQuran@main/8/5.mp3"
        ],
        "audioBangla": [
          "https://cdn.jsdelivr.net/gh/Salimbd71/BanglaQuran@main/8/5.mp3"
        ]
      },
      {
        "number": 1166,
        "audio": "https://cdn.islamic.network/quran/audio/128/ar.alafasy/1166.mp3",
        "audioSecondary": [
          "https://cdn.islamic.network/quran/audio/64/ar.alafasy/1166.mp3"
        ],
        "text": "يُجَٰدِلُونَكَ فِى ٱلْحَقِّ بَعْدَمَا تَبَيَّنَ كَأَنَّمَا يُسَاقُونَ إِلَى ٱلْمَوْتِ وَهُمْ يَنظُرُونَ",
        "numberInSurah": 6,
        "juz": 9,
        "manzil": 2,
        "page": 177,
        "ruku": 146,
        "hizbQuarter": 71,
        "sajda": false,
        "audioArabic": [
          "https://cdn.jsdelivr.net/gh/Salimbd71/ArabicQuran@main/8/6.mp3"
        ],
        "audioBangla": [
          "https://cdn.jsdelivr.net/gh/Salimbd71/BanglaQuran@main/8/6.mp3"
        ]
      },
      {
        "number": 1167,
        "audio": "https://cdn.islamic.network/quran/audio/128/ar.alafasy/1167.mp3",
        "audioSecondary": [
          "https://cdn.islamic.network/quran/audio/64/ar.alafasy/1167.mp3"
        ],
        "text": "وَإِذْ يَعِدُكُمُ ٱللَّهُ إِحْدَى ٱلطَّآئِفَتَيْنِ أَنَّهَا لَكُمْ وَتَوَدُّونَ أَنَّ غَيْرَ ذَاتِ ٱلشَّوْكَةِ تَكُونُ لَكُمْ وَيُرِيدُ ٱللَّهُ أَن يُحِقَّ ٱلْحَقَّ بِكَلِمَٰتِهِۦ وَيَقْطَعَ دَابِرَ ٱلْكَٰفِرِينَ",
        "numberInSurah": 7,
        "juz": 9,
        "manzil": 2,
        "page": 177,
        "ruku": 146,
        "hizbQuarter": 71,
        "sajda": false,
        "audioArabic": [
          "https://cdn.jsdelivr.net/gh/Salimbd71/ArabicQuran@main/8/7.mp3"
        ],
        "audioBangla": [
          "https://cdn.jsdelivr.net/gh/Salimbd71/BanglaQuran@main/8/7.mp3"
        ]
      },
      {
        "number": 1168,
        "audio": "https://cdn.islamic.network/quran/audio/128/ar.alafasy/1168.mp3",
        "audioSecondary": [
          "https://cdn.islamic.network/quran/audio/64/ar.alafasy/1168.mp3"
        ],
        "text": "لِيُحِقَّ ٱلْحَقَّ وَيُبْطِلَ ٱلْبَٰطِلَ وَلَوْ كَرِهَ ٱلْمُجْرِمُونَ",
        "numberInSurah": 8,
        "juz": 9,
        "manzil": 2,
        "page": 177,
        "ruku": 146,
        "hizbQuarter": 71,
        "sajda": false,
        "audioArabic": [
          "https://cdn.jsdelivr.net/gh/Salimbd71/ArabicQuran@main/8/8.mp3"
        ],
        "audioBangla": [
          "https://cdn.jsdelivr.net/gh/Salimbd71/BanglaQuran@main/8/8.mp3"
        ]
      },
      {
        "number": 1169,
        "audio": "https://cdn.islamic.network/quran/audio/128/ar.alafasy/1169.mp3",
        "audioSecondary": [
          "https://cdn.islamic.network/quran/audio/64/ar.alafasy/1169.mp3"
        ],
        "text": "إِذْ تَسْتَغِيثُونَ رَبَّكُمْ فَٱسْتَجَابَ لَكُمْ أَنِّى مُمِدُّكُم بِأَلْفٍۢ مِّنَ ٱلْمَلَٰٓئِكَةِ مُرْدِفِينَ",
        "numberInSurah": 9,
        "juz": 9,
        "manzil": 2,
        "page": 178,
        "ruku": 146,
        "hizbQuarter": 71,
        "sajda": false,
        "audioArabic": [
          "https://cdn.jsdelivr.net/gh/Salimbd71/ArabicQuran@main/8/9.mp3"
        ],
        "audioBangla": [
          "https://cdn.jsdelivr.net/gh/Salimbd71/BanglaQuran@main/8/9.mp3"
        ]
      },
      {
        "number": 1170,
        "audio": "https://cdn.islamic.network/quran/audio/128/ar.alafasy/1170.mp3",
        "audioSecondary": [
          "https://cdn.islamic.network/quran/audio/64/ar.alafasy/1170.mp3"
        ],
        "text": "وَمَا جَعَلَهُ ٱللَّهُ إِلَّا بُشْرَىٰ وَلِتَطْمَئِنَّ بِهِۦ قُلُوبُكُمْ ۚ وَمَا ٱلنَّصْرُ إِلَّا مِنْ عِندِ ٱللَّهِ ۚ إِنَّ ٱللَّهَ عَزِيزٌ حَكِيمٌ",
        "numberInSurah": 10,
        "juz": 9,
        "manzil": 2,
        "page": 178,
        "ruku": 146,
        "hizbQuarter": 71,
        "sajda": false,
        "audioArabic": [
          "https://cdn.jsdelivr.net/gh/Salimbd71/ArabicQuran@main/8/10.mp3"
        ],
        "audioBangla": [
          "https://cdn.jsdelivr.net/gh/Salimbd71/BanglaQuran@main/8/10.mp3"
        ]
      },
      {
        "number": 1171,
        "audio": "https://cdn.islamic.network/quran/audio/128/ar.alafasy/1171.mp3",
        "audioSecondary": [
          "https://cdn.islamic.network/quran/audio/64/ar.alafasy/1171.mp3"
        ],
        "text": "إِذْ يُغَشِّيكُمُ ٱلنُّعَاسَ أَمَنَةًۭ مِّنْهُ وَيُنَزِّلُ عَلَيْكُم مِّنَ ٱلسَّمَآءِ مَآءًۭ لِّيُطَهِّرَكُم بِهِۦ وَيُذْهِبَ عَنكُمْ رِجْزَ ٱلشَّيْطَٰنِ وَلِيَرْبِطَ عَلَىٰ قُلُوبِكُمْ وَيُثَبِّتَ بِهِ ٱلْأَقْدَامَ",
        "numberInSurah": 11,
        "juz": 9,
        "manzil": 2,
        "page": 178,
        "ruku": 147,
        "hizbQuarter": 71,
        "sajda": false,
        "audioArabic": [
          "https://cdn.jsdelivr.net/gh/Salimbd71/ArabicQuran@main/8/11.mp3"
        ],
        "audioBangla": [
          "https://cdn.jsdelivr.net/gh/Salimbd71/BanglaQuran@main/8/11.mp3"
        ]
      },
      {
        "number": 1172,
        "audio": "https://cdn.islamic.network/quran/audio/128/ar.alafasy/1172.mp3",
        "audioSecondary": [
          "https://cdn.islamic.network/quran/audio/64/ar.alafasy/1172.mp3"
        ],
        "text": "إِذْ يُوحِى رَبُّكَ إِلَى ٱلْمَلَٰٓئِكَةِ أَنِّى مَعَكُمْ فَثَبِّتُوا۟ ٱلَّذِينَ ءَامَنُوا۟ ۚ سَأُلْقِى فِى قُلُوبِ ٱلَّذِينَ كَفَرُوا۟ ٱلرُّعْبَ فَٱضْرِبُوا۟ فَوْقَ ٱلْأَعْنَاقِ وَٱضْرِبُوا۟ مِنْهُمْ كُلَّ بَنَانٍۢ",
        "numberInSurah": 12,
        "juz": 9,
        "manzil": 2,
        "page": 178,
        "ruku": 147,
        "hizbQuarter": 71,
        "sajda": false,
        "audioArabic": [
          "https://cdn.jsdelivr.net/gh/Salimbd71/ArabicQuran@main/8/12.mp3"
        ],
        "audioBangla": [
          "https://cdn.jsdelivr.net/gh/Salimbd71/BanglaQuran@main/8/12.mp3"
        ]
      },
      {
        "number": 1173,
        "audio": "https://cdn.islamic.network/quran/audio/128/ar.alafasy/1173.mp3",
        "audioSecondary": [
          "https://cdn.islamic.network/quran/audio/64/ar.alafasy/1173.mp3"
        ],
        "text": "ذَٰلِكَ بِأَنَّهُمْ شَآقُّوا۟ ٱللَّهَ وَرَسُولَهُۥ ۚ وَمَن يُشَاقِقِ ٱللَّهَ وَرَسُولَهُۥ فَإِنَّ ٱللَّهَ شَدِيدُ ٱلْعِقَابِ",
        "numberInSurah": 13,
        "juz": 9,
        "manzil": 2,
        "page": 178,
        "ruku": 147,
        "hizbQuarter": 71,
        "sajda": false,
        "audioArabic": [
          "https://cdn.jsdelivr.net/gh/Salimbd71/ArabicQuran@main/8/13.mp3"
        ],
        "audioBangla": [
          "https://cdn.jsdelivr.net/gh/Salimbd71/BanglaQuran@main/8/13.mp3"
        ]
      },
      {
        "number": 1174,
        "audio": "https://cdn.islamic.network/quran/audio/128/ar.alafasy/1174.mp3",
        "audioSecondary": [
          "https://cdn.islamic.network/quran/audio/64/ar.alafasy/1174.mp3"
        ],
        "text": "ذَٰلِكُمْ فَذُوقُوهُ وَأَنَّ لِلْكَٰفِرِينَ عَذَابَ ٱلنَّارِ",
        "numberInSurah": 14,
        "juz": 9,
        "manzil": 2,
        "page": 178,
        "ruku": 147,
        "hizbQuarter": 71,
        "sajda": false,
        "audioArabic": [
          "https://cdn.jsdelivr.net/gh/Salimbd71/ArabicQuran@main/8/14.mp3"
        ],
        "audioBangla": [
          "https://cdn.jsdelivr.net/gh/Salimbd71/BanglaQuran@main/8/14.mp3"
        ]
      },
      {
        "number": 1175,
        "audio": "https://cdn.islamic.network/quran/audio/128/ar.alafasy/1175.mp3",
        "audioSecondary": [
          "https://cdn.islamic.network/quran/audio/64/ar.alafasy/1175.mp3"
        ],
        "text": "يَٰٓأَيُّهَا ٱلَّذِينَ ءَامَنُوٓا۟ إِذَا لَقِيتُمُ ٱلَّذِينَ كَفَرُوا۟ زَحْفًۭا فَلَا تُوَلُّوهُمُ ٱلْأَدْبَارَ",
        "numberInSurah": 15,
        "juz": 9,
        "manzil": 2,
        "page": 178,
        "ruku": 147,
        "hizbQuarter": 71,
        "sajda": false,
        "audioArabic": [
          "https://cdn.jsdelivr.net/gh/Salimbd71/ArabicQuran@main/8/15.mp3"
        ],
        "audioBangla": [
          "https://cdn.jsdelivr.net/gh/Salimbd71/BanglaQuran@main/8/15.mp3"
        ]
      },
      {
        "number": 1176,
        "audio": "https://cdn.islamic.network/quran/audio/128/ar.alafasy/1176.mp3",
        "audioSecondary": [
          "https://cdn.islamic.network/quran/audio/64/ar.alafasy/1176.mp3"
        ],
        "text": "وَمَن يُوَلِّهِمْ يَوْمَئِذٍۢ دُبُرَهُۥٓ إِلَّا مُتَحَرِّفًۭا لِّقِتَالٍ أَوْ مُتَحَيِّزًا إِلَىٰ فِئَةٍۢ فَقَدْ بَآءَ بِغَضَبٍۢ مِّنَ ٱللَّهِ وَمَأْوَىٰهُ جَهَنَّمُ ۖ وَبِئْسَ ٱلْمَصِيرُ",
        "numberInSurah": 16,
        "juz": 9,
        "manzil": 2,
        "page": 178,
        "ruku": 147,
        "hizbQuarter": 71,
        "sajda": false,
        "audioArabic": [
          "https://cdn.jsdelivr.net/gh/Salimbd71/ArabicQuran@main/8/16.mp3"
        ],
        "audioBangla": [
          "https://cdn.jsdelivr.net/gh/Salimbd71/BanglaQuran@main/8/16.mp3"
        ]
      },
      {
        "number": 1177,
        "audio": "https://cdn.islamic.network/quran/audio/128/ar.alafasy/1177.mp3",
        "audioSecondary": [
          "https://cdn.islamic.network/quran/audio/64/ar.alafasy/1177.mp3"
        ],
        "text": "فَلَمْ تَقْتُلُوهُمْ وَلَٰكِنَّ ٱللَّهَ قَتَلَهُمْ ۚ وَمَا رَمَيْتَ إِذْ رَمَيْتَ وَلَٰكِنَّ ٱللَّهَ رَمَىٰ ۚ وَلِيُبْلِىَ ٱلْمُؤْمِنِينَ مِنْهُ بَلَآءً حَسَنًا ۚ إِنَّ ٱللَّهَ سَمِيعٌ عَلِيمٌۭ",
        "numberInSurah": 17,
        "juz": 9,
        "manzil": 2,
        "page": 179,
        "ruku": 147,
        "hizbQuarter": 71,
        "sajda": false,
        "audioArabic": [
          "https://cdn.jsdelivr.net/gh/Salimbd71/ArabicQuran@main/8/17.mp3"
        ],
        "audioBangla": [
          "https://cdn.jsdelivr.net/gh/Salimbd71/BanglaQuran@main/8/17.mp3"
        ]
      },
      {
        "number": 1178,
        "audio": "https://cdn.islamic.network/quran/audio/128/ar.alafasy/1178.mp3",
        "audioSecondary": [
          "https://cdn.islamic.network/quran/audio/64/ar.alafasy/1178.mp3"
        ],
        "text": "ذَٰلِكُمْ وَأَنَّ ٱللَّهَ مُوهِنُ كَيْدِ ٱلْكَٰفِرِينَ",
        "numberInSurah": 18,
        "juz": 9,
        "manzil": 2,
        "page": 179,
        "ruku": 147,
        "hizbQuarter": 71,
        "sajda": false,
        "audioArabic": [
          "https://cdn.jsdelivr.net/gh/Salimbd71/ArabicQuran@main/8/18.mp3"
        ],
        "audioBangla": [
          "https://cdn.jsdelivr.net/gh/Salimbd71/BanglaQuran@main/8/18.mp3"
        ]
      },
      {
        "number": 1179,
        "audio": "https://cdn.islamic.network/quran/audio/128/ar.alafasy/1179.mp3",
        "audioSecondary": [
          "https://cdn.islamic.network/quran/audio/64/ar.alafasy/1179.mp3"
        ],
        "text": "إِن تَسْتَفْتِحُوا۟ فَقَدْ جَآءَكُمُ ٱلْفَتْحُ ۖ وَإِن تَنتَهُوا۟ فَهُوَ خَيْرٌۭ لَّكُمْ ۖ وَإِن تَعُودُوا۟ نَعُدْ وَلَن تُغْنِىَ عَنكُمْ فِئَتُكُمْ شَيْـًۭٔا وَلَوْ كَثُرَتْ وَأَنَّ ٱللَّهَ مَعَ ٱلْمُؤْمِنِينَ",
        "numberInSurah": 19,
        "juz": 9,
        "manzil": 2,
        "page": 179,
        "ruku": 147,
        "hizbQuarter": 71,
        "sajda": false,
        "audioArabic": [
          "https://cdn.jsdelivr.net/gh/Salimbd71/ArabicQuran@main/8/19.mp3"
        ],
        "audioBangla": [
          "https://cdn.jsdelivr.net/gh/Salimbd71/BanglaQuran@main/8/19.mp3"
        ]
      },
      {
        "number": 1180,
        "audio": "https://cdn.islamic.network/quran/audio/128/ar.alafasy/1180.mp3",
        "audioSecondary": [
          "https://cdn.islamic.network/quran/audio/64/ar.alafasy/1180.mp3"
        ],
        "text": "يَٰٓأَيُّهَا ٱلَّذِينَ ءَامَنُوٓا۟ أَطِيعُوا۟ ٱللَّهَ وَرَسُولَهُۥ وَلَا تَوَلَّوْا۟ عَنْهُ وَأَنتُمْ تَسْمَعُونَ",
        "numberInSurah": 20,
        "juz": 9,
        "manzil": 2,
        "page": 179,
        "ruku": 148,
        "hizbQuarter": 71,
        "sajda": false,
        "audioArabic": [
          "https://cdn.jsdelivr.net/gh/Salimbd71/ArabicQuran@main/8/20.mp3"
        ],
        "audioBangla": [
          "https://cdn.jsdelivr.net/gh/Salimbd71/BanglaQuran@main/8/20.mp3"
        ]
      },
      {
        "number": 1181,
        "audio": "https://cdn.islamic.network/quran/audio/128/ar.alafasy/1181.mp3",
        "audioSecondary": [
          "https://cdn.islamic.network/quran/audio/64/ar.alafasy/1181.mp3"
        ],
        "text": "وَلَا تَكُونُوا۟ كَٱلَّذِينَ قَالُوا۟ سَمِعْنَا وَهُمْ لَا يَسْمَعُونَ",
        "numberInSurah": 21,
        "juz": 9,
        "manzil": 2,
        "page": 179,
        "ruku": 148,
        "hizbQuarter": 71,
        "sajda": false,
        "audioArabic": [
          "https://cdn.jsdelivr.net/gh/Salimbd71/ArabicQuran@main/8/21.mp3"
        ],
        "audioBangla": [
          "https://cdn.jsdelivr.net/gh/Salimbd71/BanglaQuran@main/8/21.mp3"
        ]
      },
      {
        "number": 1182,
        "audio": "https://cdn.islamic.network/quran/audio/128/ar.alafasy/1182.mp3",
        "audioSecondary": [
          "https://cdn.islamic.network/quran/audio/64/ar.alafasy/1182.mp3"
        ],
        "text": "۞ إِنَّ شَرَّ ٱلدَّوَآبِّ عِندَ ٱللَّهِ ٱلصُّمُّ ٱلْبُكْمُ ٱلَّذِينَ لَا يَعْقِلُونَ",
        "numberInSurah": 22,
        "juz": 9,
        "manzil": 2,
        "page": 179,
        "ruku": 148,
        "hizbQuarter": 72,
        "sajda": false,
        "audioArabic": [
          "https://cdn.jsdelivr.net/gh/Salimbd71/ArabicQuran@main/8/22.mp3"
        ],
        "audioBangla": [
          "https://cdn.jsdelivr.net/gh/Salimbd71/BanglaQuran@main/8/22.mp3"
        ]
      },
      {
        "number": 1183,
        "audio": "https://cdn.islamic.network/quran/audio/128/ar.alafasy/1183.mp3",
        "audioSecondary": [
          "https://cdn.islamic.network/quran/audio/64/ar.alafasy/1183.mp3"
        ],
        "text": "وَلَوْ عَلِمَ ٱللَّهُ فِيهِمْ خَيْرًۭا لَّأَسْمَعَهُمْ ۖ وَلَوْ أَسْمَعَهُمْ لَتَوَلَّوا۟ وَّهُم مُّعْرِضُونَ",
        "numberInSurah": 23,
        "juz": 9,
        "manzil": 2,
        "page": 179,
        "ruku": 148,
        "hizbQuarter": 72,
        "sajda": false,
        "audioArabic": [
          "https://cdn.jsdelivr.net/gh/Salimbd71/ArabicQuran@main/8/23.mp3"
        ],
        "audioBangla": [
          "https://cdn.jsdelivr.net/gh/Salimbd71/BanglaQuran@main/8/23.mp3"
        ]
      },
      {
        "number": 1184,
        "audio": "https://cdn.islamic.network/quran/audio/128/ar.alafasy/1184.mp3",
        "audioSecondary": [
          "https://cdn.islamic.network/quran/audio/64/ar.alafasy/1184.mp3"
        ],
        "text": "يَٰٓأَيُّهَا ٱلَّذِينَ ءَامَنُوا۟ ٱسْتَجِيبُوا۟ لِلَّهِ وَلِلرَّسُولِ إِذَا دَعَاكُمْ لِمَا يُحْيِيكُمْ ۖ وَٱعْلَمُوٓا۟ أَنَّ ٱللَّهَ يَحُولُ بَيْنَ ٱلْمَرْءِ وَقَلْبِهِۦ وَأَنَّهُۥٓ إِلَيْهِ تُحْشَرُونَ",
        "numberInSurah": 24,
        "juz": 9,
        "manzil": 2,
        "page": 179,
        "ruku": 148,
        "hizbQuarter": 72,
        "sajda": false,
        "audioArabic": [
          "https://cdn.jsdelivr.net/gh/Salimbd71/ArabicQuran@main/8/24.mp3"
        ],
        "audioBangla": [
          "https://cdn.jsdelivr.net/gh/Salimbd71/BanglaQuran@main/8/24.mp3"
        ]
      },
      {
        "number": 1185,
        "audio": "https://cdn.islamic.network/quran/audio/128/ar.alafasy/1185.mp3",
        "audioSecondary": [
          "https://cdn.islamic.network/quran/audio/64/ar.alafasy/1185.mp3"
        ],
        "text": "وَٱتَّقُوا۟ فِتْنَةًۭ لَّا تُصِيبَنَّ ٱلَّذِينَ ظَلَمُوا۟ مِنكُمْ خَآصَّةًۭ ۖ وَٱعْلَمُوٓا۟ أَنَّ ٱللَّهَ شَدِيدُ ٱلْعِقَابِ",
        "numberInSurah": 25,
        "juz": 9,
        "manzil": 2,
        "page": 179,
        "ruku": 148,
        "hizbQuarter": 72,
        "sajda": false,
        "audioArabic": [
          "https://cdn.jsdelivr.net/gh/Salimbd71/ArabicQuran@main/8/25.mp3"
        ],
        "audioBangla": [
          "https://cdn.jsdelivr.net/gh/Salimbd71/BanglaQuran@main/8/25.mp3"
        ]
      },
      {
        "number": 1186,
        "audio": "https://cdn.islamic.network/quran/audio/128/ar.alafasy/1186.mp3",
        "audioSecondary": [
          "https://cdn.islamic.network/quran/audio/64/ar.alafasy/1186.mp3"
        ],
        "text": "وَٱذْكُرُوٓا۟ إِذْ أَنتُمْ قَلِيلٌۭ مُّسْتَضْعَفُونَ فِى ٱلْأَرْضِ تَخَافُونَ أَن يَتَخَطَّفَكُمُ ٱلنَّاسُ فَـَٔاوَىٰكُمْ وَأَيَّدَكُم بِنَصْرِهِۦ وَرَزَقَكُم مِّنَ ٱلطَّيِّبَٰتِ لَعَلَّكُمْ تَشْكُرُونَ",
        "numberInSurah": 26,
        "juz": 9,
        "manzil": 2,
        "page": 180,
        "ruku": 148,
        "hizbQuarter": 72,
        "sajda": false,
        "audioArabic": [
          "https://cdn.jsdelivr.net/gh/Salimbd71/ArabicQuran@main/8/26.mp3"
        ],
        "audioBangla": [
          "https://cdn.jsdelivr.net/gh/Salimbd71/BanglaQuran@main/8/26.mp3"
        ]
      },
      {
        "number": 1187,
        "audio": "https://cdn.islamic.network/quran/audio/128/ar.alafasy/1187.mp3",
        "audioSecondary": [
          "https://cdn.islamic.network/quran/audio/64/ar.alafasy/1187.mp3"
        ],
        "text": "يَٰٓأَيُّهَا ٱلَّذِينَ ءَامَنُوا۟ لَا تَخُونُوا۟ ٱللَّهَ وَٱلرَّسُولَ وَتَخُونُوٓا۟ أَمَٰنَٰتِكُمْ وَأَنتُمْ تَعْلَمُونَ",
        "numberInSurah": 27,
        "juz": 9,
        "manzil": 2,
        "page": 180,
        "ruku": 148,
        "hizbQuarter": 72,
        "sajda": false,
        "audioArabic": [
          "https://cdn.jsdelivr.net/gh/Salimbd71/ArabicQuran@main/8/27.mp3"
        ],
        "audioBangla": [
          "https://cdn.jsdelivr.net/gh/Salimbd71/BanglaQuran@main/8/27.mp3"
        ]
      },
      {
        "number": 1188,
        "audio": "https://cdn.islamic.network/quran/audio/128/ar.alafasy/1188.mp3",
        "audioSecondary": [
          "https://cdn.islamic.network/quran/audio/64/ar.alafasy/1188.mp3"
        ],
        "text": "وَٱعْلَمُوٓا۟ أَنَّمَآ أَمْوَٰلُكُمْ وَأَوْلَٰدُكُمْ فِتْنَةٌۭ وَأَنَّ ٱللَّهَ عِندَهُۥٓ أَجْرٌ عَظِيمٌۭ",
        "numberInSurah": 28,
        "juz": 9,
        "manzil": 2,
        "page": 180,
        "ruku": 148,
        "hizbQuarter": 72,
        "sajda": false,
        "audioArabic": [
          "https://cdn.jsdelivr.net/gh/Salimbd71/ArabicQuran@main/8/28.mp3"
        ],
        "audioBangla": [
          "https://cdn.jsdelivr.net/gh/Salimbd71/BanglaQuran@main/8/28.mp3"
        ]
      },
      {
        "number": 1189,
        "audio": "https://cdn.islamic.network/quran/audio/128/ar.alafasy/1189.mp3",
        "audioSecondary": [
          "https://cdn.islamic.network/quran/audio/64/ar.alafasy/1189.mp3"
        ],
        "text": "يَٰٓأَيُّهَا ٱلَّذِينَ ءَامَنُوٓا۟ إِن تَتَّقُوا۟ ٱللَّهَ يَجْعَل لَّكُمْ فُرْقَانًۭا وَيُكَفِّرْ عَنكُمْ سَيِّـَٔاتِكُمْ وَيَغْفِرْ لَكُمْ ۗ وَٱللَّهُ ذُو ٱلْفَضْلِ ٱلْعَظِيمِ",
        "numberInSurah": 29,
        "juz": 9,
        "manzil": 2,
        "page": 180,
        "ruku": 149,
        "hizbQuarter": 72,
        "sajda": false,
        "audioArabic": [
          "https://cdn.jsdelivr.net/gh/Salimbd71/ArabicQuran@main/8/29.mp3"
        ],
        "audioBangla": [
          "https://cdn.jsdelivr.net/gh/Salimbd71/BanglaQuran@main/8/29.mp3"
        ]
      },
      {
        "number": 1190,
        "audio": "https://cdn.islamic.network/quran/audio/128/ar.alafasy/1190.mp3",
        "audioSecondary": [
          "https://cdn.islamic.network/quran/audio/64/ar.alafasy/1190.mp3"
        ],
        "text": "وَإِذْ يَمْكُرُ بِكَ ٱلَّذِينَ كَفَرُوا۟ لِيُثْبِتُوكَ أَوْ يَقْتُلُوكَ أَوْ يُخْرِجُوكَ ۚ وَيَمْكُرُونَ وَيَمْكُرُ ٱللَّهُ ۖ وَٱللَّهُ خَيْرُ ٱلْمَٰكِرِينَ",
        "numberInSurah": 30,
        "juz": 9,
        "manzil": 2,
        "page": 180,
        "ruku": 149,
        "hizbQuarter": 72,
        "sajda": false,
        "audioArabic": [
          "https://cdn.jsdelivr.net/gh/Salimbd71/ArabicQuran@main/8/30.mp3"
        ],
        "audioBangla": [
          "https://cdn.jsdelivr.net/gh/Salimbd71/BanglaQuran@main/8/30.mp3"
        ]
      },
      {
        "number": 1191,
        "audio": "https://cdn.islamic.network/quran/audio/128/ar.alafasy/1191.mp3",
        "audioSecondary": [
          "https://cdn.islamic.network/quran/audio/64/ar.alafasy/1191.mp3"
        ],
        "text": "وَإِذَا تُتْلَىٰ عَلَيْهِمْ ءَايَٰتُنَا قَالُوا۟ قَدْ سَمِعْنَا لَوْ نَشَآءُ لَقُلْنَا مِثْلَ هَٰذَآ ۙ إِنْ هَٰذَآ إِلَّآ أَسَٰطِيرُ ٱلْأَوَّلِينَ",
        "numberInSurah": 31,
        "juz": 9,
        "manzil": 2,
        "page": 180,
        "ruku": 149,
        "hizbQuarter": 72,
        "sajda": false,
        "audioArabic": [
          "https://cdn.jsdelivr.net/gh/Salimbd71/ArabicQuran@main/8/31.mp3"
        ],
        "audioBangla": [
          "https://cdn.jsdelivr.net/gh/Salimbd71/BanglaQuran@main/8/31.mp3"
        ]
      },
      {
        "number": 1192,
        "audio": "https://cdn.islamic.network/quran/audio/128/ar.alafasy/1192.mp3",
        "audioSecondary": [
          "https://cdn.islamic.network/quran/audio/64/ar.alafasy/1192.mp3"
        ],
        "text": "وَإِذْ قَالُوا۟ ٱللَّهُمَّ إِن كَانَ هَٰذَا هُوَ ٱلْحَقَّ مِنْ عِندِكَ فَأَمْطِرْ عَلَيْنَا حِجَارَةًۭ مِّنَ ٱلسَّمَآءِ أَوِ ٱئْتِنَا بِعَذَابٍ أَلِيمٍۢ",
        "numberInSurah": 32,
        "juz": 9,
        "manzil": 2,
        "page": 180,
        "ruku": 149,
        "hizbQuarter": 72,
        "sajda": false,
        "audioArabic": [
          "https://cdn.jsdelivr.net/gh/Salimbd71/ArabicQuran@main/8/32.mp3"
        ],
        "audioBangla": [
          "https://cdn.jsdelivr.net/gh/Salimbd71/BanglaQuran@main/8/32.mp3"
        ]
      },
      {
        "number": 1193,
        "audio": "https://cdn.islamic.network/quran/audio/128/ar.alafasy/1193.mp3",
        "audioSecondary": [
          "https://cdn.islamic.network/quran/audio/64/ar.alafasy/1193.mp3"
        ],
        "text": "وَمَا كَانَ ٱللَّهُ لِيُعَذِّبَهُمْ وَأَنتَ فِيهِمْ ۚ وَمَا كَانَ ٱللَّهُ مُعَذِّبَهُمْ وَهُمْ يَسْتَغْفِرُونَ",
        "numberInSurah": 33,
        "juz": 9,
        "manzil": 2,
        "page": 180,
        "ruku": 149,
        "hizbQuarter": 72,
        "sajda": false,
        "audioArabic": [
          "https://cdn.jsdelivr.net/gh/Salimbd71/ArabicQuran@main/8/33.mp3"
        ],
        "audioBangla": [
          "https://cdn.jsdelivr.net/gh/Salimbd71/BanglaQuran@main/8/33.mp3"
        ]
      },
      {
        "number": 1194,
        "audio": "https://cdn.islamic.network/quran/audio/128/ar.alafasy/1194.mp3",
        "audioSecondary": [
          "https://cdn.islamic.network/quran/audio/64/ar.alafasy/1194.mp3"
        ],
        "text": "وَمَا لَهُمْ أَلَّا يُعَذِّبَهُمُ ٱللَّهُ وَهُمْ يَصُدُّونَ عَنِ ٱلْمَسْجِدِ ٱلْحَرَامِ وَمَا كَانُوٓا۟ أَوْلِيَآءَهُۥٓ ۚ إِنْ أَوْلِيَآؤُهُۥٓ إِلَّا ٱلْمُتَّقُونَ وَلَٰكِنَّ أَكْثَرَهُمْ لَا يَعْلَمُونَ",
        "numberInSurah": 34,
        "juz": 9,
        "manzil": 2,
        "page": 181,
        "ruku": 149,
        "hizbQuarter": 72,
        "sajda": false,
        "audioArabic": [
          "https://cdn.jsdelivr.net/gh/Salimbd71/ArabicQuran@main/8/34.mp3"
        ],
        "audioBangla": [
          "https://cdn.jsdelivr.net/gh/Salimbd71/BanglaQuran@main/8/34.mp3"
        ]
      },
      {
        "number": 1195,
        "audio": "https://cdn.islamic.network/quran/audio/128/ar.alafasy/1195.mp3",
        "audioSecondary": [
          "https://cdn.islamic.network/quran/audio/64/ar.alafasy/1195.mp3"
        ],
        "text": "وَمَا كَانَ صَلَاتُهُمْ عِندَ ٱلْبَيْتِ إِلَّا مُكَآءًۭ وَتَصْدِيَةًۭ ۚ فَذُوقُوا۟ ٱلْعَذَابَ بِمَا كُنتُمْ تَكْفُرُونَ",
        "numberInSurah": 35,
        "juz": 9,
        "manzil": 2,
        "page": 181,
        "ruku": 149,
        "hizbQuarter": 72,
        "sajda": false,
        "audioArabic": [
          "https://cdn.jsdelivr.net/gh/Salimbd71/ArabicQuran@main/8/35.mp3"
        ],
        "audioBangla": [
          "https://cdn.jsdelivr.net/gh/Salimbd71/BanglaQuran@main/8/35.mp3"
        ]
      },
      {
        "number": 1196,
        "audio": "https://cdn.islamic.network/quran/audio/128/ar.alafasy/1196.mp3",
        "audioSecondary": [
          "https://cdn.islamic.network/quran/audio/64/ar.alafasy/1196.mp3"
        ],
        "text": "إِنَّ ٱلَّذِينَ كَفَرُوا۟ يُنفِقُونَ أَمْوَٰلَهُمْ لِيَصُدُّوا۟ عَن سَبِيلِ ٱللَّهِ ۚ فَسَيُنفِقُونَهَا ثُمَّ تَكُونُ عَلَيْهِمْ حَسْرَةًۭ ثُمَّ يُغْلَبُونَ ۗ وَٱلَّذِينَ كَفَرُوٓا۟ إِلَىٰ جَهَنَّمَ يُحْشَرُونَ",
        "numberInSurah": 36,
        "juz": 9,
        "manzil": 2,
        "page": 181,
        "ruku": 149,
        "hizbQuarter": 72,
        "sajda": false,
        "audioArabic": [
          "https://cdn.jsdelivr.net/gh/Salimbd71/ArabicQuran@main/8/36.mp3"
        ],
        "audioBangla": [
          "https://cdn.jsdelivr.net/gh/Salimbd71/BanglaQuran@main/8/36.mp3"
        ]
      },
      {
        "number": 1197,
        "audio": "https://cdn.islamic.network/quran/audio/128/ar.alafasy/1197.mp3",
        "audioSecondary": [
          "https://cdn.islamic.network/quran/audio/64/ar.alafasy/1197.mp3"
        ],
        "text": "لِيَمِيزَ ٱللَّهُ ٱلْخَبِيثَ مِنَ ٱلطَّيِّبِ وَيَجْعَلَ ٱلْخَبِيثَ بَعْضَهُۥ عَلَىٰ بَعْضٍۢ فَيَرْكُمَهُۥ جَمِيعًۭا فَيَجْعَلَهُۥ فِى جَهَنَّمَ ۚ أُو۟لَٰٓئِكَ هُمُ ٱلْخَٰسِرُونَ",
        "numberInSurah": 37,
        "juz": 9,
        "manzil": 2,
        "page": 181,
        "ruku": 149,
        "hizbQuarter": 72,
        "sajda": false,
        "audioArabic": [
          "https://cdn.jsdelivr.net/gh/Salimbd71/ArabicQuran@main/8/37.mp3"
        ],
        "audioBangla": [
          "https://cdn.jsdelivr.net/gh/Salimbd71/BanglaQuran@main/8/37.mp3"
        ]
      },
      {
        "number": 1198,
        "audio": "https://cdn.islamic.network/quran/audio/128/ar.alafasy/1198.mp3",
        "audioSecondary": [
          "https://cdn.islamic.network/quran/audio/64/ar.alafasy/1198.mp3"
        ],
        "text": "قُل لِّلَّذِينَ كَفَرُوٓا۟ إِن يَنتَهُوا۟ يُغْفَرْ لَهُم مَّا قَدْ سَلَفَ وَإِن يَعُودُوا۟ فَقَدْ مَضَتْ سُنَّتُ ٱلْأَوَّلِينَ",
        "numberInSurah": 38,
        "juz": 9,
        "manzil": 2,
        "page": 181,
        "ruku": 150,
        "hizbQuarter": 72,
        "sajda": false,
        "audioArabic": [
          "https://cdn.jsdelivr.net/gh/Salimbd71/ArabicQuran@main/8/38.mp3"
        ],
        "audioBangla": [
          "https://cdn.jsdelivr.net/gh/Salimbd71/BanglaQuran@main/8/38.mp3"
        ]
      },
      {
        "number": 1199,
        "audio": "https://cdn.islamic.network/quran/audio/128/ar.alafasy/1199.mp3",
        "audioSecondary": [
          "https://cdn.islamic.network/quran/audio/64/ar.alafasy/1199.mp3"
        ],
        "text": "وَقَٰتِلُوهُمْ حَتَّىٰ لَا تَكُونَ فِتْنَةٌۭ وَيَكُونَ ٱلدِّينُ كُلُّهُۥ لِلَّهِ ۚ فَإِنِ ٱنتَهَوْا۟ فَإِنَّ ٱللَّهَ بِمَا يَعْمَلُونَ بَصِيرٌۭ",
        "numberInSurah": 39,
        "juz": 9,
        "manzil": 2,
        "page": 181,
        "ruku": 150,
        "hizbQuarter": 72,
        "sajda": false,
        "audioArabic": [
          "https://cdn.jsdelivr.net/gh/Salimbd71/ArabicQuran@main/8/39.mp3"
        ],
        "audioBangla": [
          "https://cdn.jsdelivr.net/gh/Salimbd71/BanglaQuran@main/8/39.mp3"
        ]
      },
      {
        "number": 1200,
        "audio": "https://cdn.islamic.network/quran/audio/128/ar.alafasy/1200.mp3",
        "audioSecondary": [
          "https://cdn.islamic.network/quran/audio/64/ar.alafasy/1200.mp3"
        ],
        "text": "وَإِن تَوَلَّوْا۟ فَٱعْلَمُوٓا۟ أَنَّ ٱللَّهَ مَوْلَىٰكُمْ ۚ نِعْمَ ٱلْمَوْلَىٰ وَنِعْمَ ٱلنَّصِيرُ",
        "numberInSurah": 40,
        "juz": 9,
        "manzil": 2,
        "page": 181,
        "ruku": 150,
        "hizbQuarter": 72,
        "sajda": false,
        "audioArabic": [
          "https://cdn.jsdelivr.net/gh/Salimbd71/ArabicQuran@main/8/40.mp3"
        ],
        "audioBangla": [
          "https://cdn.jsdelivr.net/gh/Salimbd71/BanglaQuran@main/8/40.mp3"
        ]
      },
      {
        "number": 1201,
        "audio": "https://cdn.islamic.network/quran/audio/128/ar.alafasy/1201.mp3",
        "audioSecondary": [
          "https://cdn.islamic.network/quran/audio/64/ar.alafasy/1201.mp3"
        ],
        "text": "۞ وَٱعْلَمُوٓا۟ أَنَّمَا غَنِمْتُم مِّن شَىْءٍۢ فَأَنَّ لِلَّهِ خُمُسَهُۥ وَلِلرَّسُولِ وَلِذِى ٱلْقُرْبَىٰ وَٱلْيَتَٰمَىٰ وَٱلْمَسَٰكِينِ وَٱبْنِ ٱلسَّبِيلِ إِن كُنتُمْ ءَامَنتُم بِٱللَّهِ وَمَآ أَنزَلْنَا عَلَىٰ عَبْدِنَا يَوْمَ ٱلْفُرْقَانِ يَوْمَ ٱلْتَقَى ٱلْجَمْعَانِ ۗ وَٱللَّهُ عَلَىٰ كُلِّ شَىْءٍۢ قَدِيرٌ",
        "numberInSurah": 41,
        "juz": 10,
        "manzil": 2,
        "page": 182,
        "ruku": 150,
        "hizbQuarter": 73,
        "sajda": false,
        "audioArabic": [
          "https://cdn.jsdelivr.net/gh/Salimbd71/ArabicQuran@main/8/41.mp3"
        ],
        "audioBangla": [
          "https://cdn.jsdelivr.net/gh/Salimbd71/BanglaQuran@main/8/41.mp3"
        ]
      },
      {
        "number": 1202,
        "audio": "https://cdn.islamic.network/quran/audio/128/ar.alafasy/1202.mp3",
        "audioSecondary": [
          "https://cdn.islamic.network/quran/audio/64/ar.alafasy/1202.mp3"
        ],
        "text": "إِذْ أَنتُم بِٱلْعُدْوَةِ ٱلدُّنْيَا وَهُم بِٱلْعُدْوَةِ ٱلْقُصْوَىٰ وَٱلرَّكْبُ أَسْفَلَ مِنكُمْ ۚ وَلَوْ تَوَاعَدتُّمْ لَٱخْتَلَفْتُمْ فِى ٱلْمِيعَٰدِ ۙ وَلَٰكِن لِّيَقْضِىَ ٱللَّهُ أَمْرًۭا كَانَ مَفْعُولًۭا لِّيَهْلِكَ مَنْ هَلَكَ عَنۢ بَيِّنَةٍۢ وَيَحْيَىٰ مَنْ حَىَّ عَنۢ بَيِّنَةٍۢ ۗ وَإِنَّ ٱللَّهَ لَسَمِيعٌ عَلِيمٌ",
        "numberInSurah": 42,
        "juz": 10,
        "manzil": 2,
        "page": 182,
        "ruku": 150,
        "hizbQuarter": 73,
        "sajda": false,
        "audioArabic": [
          "https://cdn.jsdelivr.net/gh/Salimbd71/ArabicQuran@main/8/42.mp3"
        ],
        "audioBangla": [
          "https://cdn.jsdelivr.net/gh/Salimbd71/BanglaQuran@main/8/42.mp3"
        ]
      },
      {
        "number": 1203,
        "audio": "https://cdn.islamic.network/quran/audio/128/ar.alafasy/1203.mp3",
        "audioSecondary": [
          "https://cdn.islamic.network/quran/audio/64/ar.alafasy/1203.mp3"
        ],
        "text": "إِذْ يُرِيكَهُمُ ٱللَّهُ فِى مَنَامِكَ قَلِيلًۭا ۖ وَلَوْ أَرَىٰكَهُمْ كَثِيرًۭا لَّفَشِلْتُمْ وَلَتَنَٰزَعْتُمْ فِى ٱلْأَمْرِ وَلَٰكِنَّ ٱللَّهَ سَلَّمَ ۗ إِنَّهُۥ عَلِيمٌۢ بِذَاتِ ٱلصُّدُورِ",
        "numberInSurah": 43,
        "juz": 10,
        "manzil": 2,
        "page": 182,
        "ruku": 150,
        "hizbQuarter": 73,
        "sajda": false,
        "audioArabic": [
          "https://cdn.jsdelivr.net/gh/Salimbd71/ArabicQuran@main/8/43.mp3"
        ],
        "audioBangla": [
          "https://cdn.jsdelivr.net/gh/Salimbd71/BanglaQuran@main/8/43.mp3"
        ]
      },
      {
        "number": 1204,
        "audio": "https://cdn.islamic.network/quran/audio/128/ar.alafasy/1204.mp3",
        "audioSecondary": [
          "https://cdn.islamic.network/quran/audio/64/ar.alafasy/1204.mp3"
        ],
        "text": "وَإِذْ يُرِيكُمُوهُمْ إِذِ ٱلْتَقَيْتُمْ فِىٓ أَعْيُنِكُمْ قَلِيلًۭا وَيُقَلِّلُكُمْ فِىٓ أَعْيُنِهِمْ لِيَقْضِىَ ٱللَّهُ أَمْرًۭا كَانَ مَفْعُولًۭا ۗ وَإِلَى ٱللَّهِ تُرْجَعُ ٱلْأُمُورُ",
        "numberInSurah": 44,
        "juz": 10,
        "manzil": 2,
        "page": 182,
        "ruku": 150,
        "hizbQuarter": 73,
        "sajda": false,
        "audioArabic": [
          "https://cdn.jsdelivr.net/gh/Salimbd71/ArabicQuran@main/8/44.mp3"
        ],
        "audioBangla": [
          "https://cdn.jsdelivr.net/gh/Salimbd71/BanglaQuran@main/8/44.mp3"
        ]
      },
      {
        "number": 1205,
        "audio": "https://cdn.islamic.network/quran/audio/128/ar.alafasy/1205.mp3",
        "audioSecondary": [
          "https://cdn.islamic.network/quran/audio/64/ar.alafasy/1205.mp3"
        ],
        "text": "يَٰٓأَيُّهَا ٱلَّذِينَ ءَامَنُوٓا۟ إِذَا لَقِيتُمْ فِئَةًۭ فَٱثْبُتُوا۟ وَٱذْكُرُوا۟ ٱللَّهَ كَثِيرًۭا لَّعَلَّكُمْ تُفْلِحُونَ",
        "numberInSurah": 45,
        "juz": 10,
        "manzil": 2,
        "page": 182,
        "ruku": 151,
        "hizbQuarter": 73,
        "sajda": false,
        "audioArabic": [
          "https://cdn.jsdelivr.net/gh/Salimbd71/ArabicQuran@main/8/45.mp3"
        ],
        "audioBangla": [
          "https://cdn.jsdelivr.net/gh/Salimbd71/BanglaQuran@main/8/45.mp3"
        ]
      },
      {
        "number": 1206,
        "audio": "https://cdn.islamic.network/quran/audio/128/ar.alafasy/1206.mp3",
        "audioSecondary": [
          "https://cdn.islamic.network/quran/audio/64/ar.alafasy/1206.mp3"
        ],
        "text": "وَأَطِيعُوا۟ ٱللَّهَ وَرَسُولَهُۥ وَلَا تَنَٰزَعُوا۟ فَتَفْشَلُوا۟ وَتَذْهَبَ رِيحُكُمْ ۖ وَٱصْبِرُوٓا۟ ۚ إِنَّ ٱللَّهَ مَعَ ٱلصَّٰبِرِينَ",
        "numberInSurah": 46,
        "juz": 10,
        "manzil": 2,
        "page": 183,
        "ruku": 151,
        "hizbQuarter": 73,
        "sajda": false,
        "audioArabic": [
          "https://cdn.jsdelivr.net/gh/Salimbd71/ArabicQuran@main/8/46.mp3"
        ],
        "audioBangla": [
          "https://cdn.jsdelivr.net/gh/Salimbd71/BanglaQuran@main/8/46.mp3"
        ]
      },
      {
        "number": 1207,
        "audio": "https://cdn.islamic.network/quran/audio/128/ar.alafasy/1207.mp3",
        "audioSecondary": [
          "https://cdn.islamic.network/quran/audio/64/ar.alafasy/1207.mp3"
        ],
        "text": "وَلَا تَكُونُوا۟ كَٱلَّذِينَ خَرَجُوا۟ مِن دِيَٰرِهِم بَطَرًۭا وَرِئَآءَ ٱلنَّاسِ وَيَصُدُّونَ عَن سَبِيلِ ٱللَّهِ ۚ وَٱللَّهُ بِمَا يَعْمَلُونَ مُحِيطٌۭ",
        "numberInSurah": 47,
        "juz": 10,
        "manzil": 2,
        "page": 183,
        "ruku": 151,
        "hizbQuarter": 73,
        "sajda": false,
        "audioArabic": [
          "https://cdn.jsdelivr.net/gh/Salimbd71/ArabicQuran@main/8/47.mp3"
        ],
        "audioBangla": [
          "https://cdn.jsdelivr.net/gh/Salimbd71/BanglaQuran@main/8/47.mp3"
        ]
      },
      {
        "number": 1208,
        "audio": "https://cdn.islamic.network/quran/audio/128/ar.alafasy/1208.mp3",
        "audioSecondary": [
          "https://cdn.islamic.network/quran/audio/64/ar.alafasy/1208.mp3"
        ],
        "text": "وَإِذْ زَيَّنَ لَهُمُ ٱلشَّيْطَٰنُ أَعْمَٰلَهُمْ وَقَالَ لَا غَالِبَ لَكُمُ ٱلْيَوْمَ مِنَ ٱلنَّاسِ وَإِنِّى جَارٌۭ لَّكُمْ ۖ فَلَمَّا تَرَآءَتِ ٱلْفِئَتَانِ نَكَصَ عَلَىٰ عَقِبَيْهِ وَقَالَ إِنِّى بَرِىٓءٌۭ مِّنكُمْ إِنِّىٓ أَرَىٰ مَا لَا تَرَوْنَ إِنِّىٓ أَخَافُ ٱللَّهَ ۚ وَٱللَّهُ شَدِيدُ ٱلْعِقَابِ",
        "numberInSurah": 48,
        "juz": 10,
        "manzil": 2,
        "page": 183,
        "ruku": 151,
        "hizbQuarter": 73,
        "sajda": false,
        "audioArabic": [
          "https://cdn.jsdelivr.net/gh/Salimbd71/ArabicQuran@main/8/48.mp3"
        ],
        "audioBangla": [
          "https://cdn.jsdelivr.net/gh/Salimbd71/BanglaQuran@main/8/48.mp3"
        ]
      },
      {
        "number": 1209,
        "audio": "https://cdn.islamic.network/quran/audio/128/ar.alafasy/1209.mp3",
        "audioSecondary": [
          "https://cdn.islamic.network/quran/audio/64/ar.alafasy/1209.mp3"
        ],
        "text": "إِذْ يَقُولُ ٱلْمُنَٰفِقُونَ وَٱلَّذِينَ فِى قُلُوبِهِم مَّرَضٌ غَرَّ هَٰٓؤُلَآءِ دِينُهُمْ ۗ وَمَن يَتَوَكَّلْ عَلَى ٱللَّهِ فَإِنَّ ٱللَّهَ عَزِيزٌ حَكِيمٌۭ",
        "numberInSurah": 49,
        "juz": 10,
        "manzil": 2,
        "page": 183,
        "ruku": 152,
        "hizbQuarter": 73,
        "sajda": false,
        "audioArabic": [
          "https://cdn.jsdelivr.net/gh/Salimbd71/ArabicQuran@main/8/49.mp3"
        ],
        "audioBangla": [
          "https://cdn.jsdelivr.net/gh/Salimbd71/BanglaQuran@main/8/49.mp3"
        ]
      },
      {
        "number": 1210,
        "audio": "https://cdn.islamic.network/quran/audio/128/ar.alafasy/1210.mp3",
        "audioSecondary": [
          "https://cdn.islamic.network/quran/audio/64/ar.alafasy/1210.mp3"
        ],
        "text": "وَلَوْ تَرَىٰٓ إِذْ يَتَوَفَّى ٱلَّذِينَ كَفَرُوا۟ ۙ ٱلْمَلَٰٓئِكَةُ يَضْرِبُونَ وُجُوهَهُمْ وَأَدْبَٰرَهُمْ وَذُوقُوا۟ عَذَابَ ٱلْحَرِيقِ",
        "numberInSurah": 50,
        "juz": 10,
        "manzil": 2,
        "page": 183,
        "ruku": 152,
        "hizbQuarter": 73,
        "sajda": false,
        "audioArabic": [
          "https://cdn.jsdelivr.net/gh/Salimbd71/ArabicQuran@main/8/50.mp3"
        ],
        "audioBangla": [
          "https://cdn.jsdelivr.net/gh/Salimbd71/BanglaQuran@main/8/50.mp3"
        ]
      },
      {
        "number": 1211,
        "audio": "https://cdn.islamic.network/quran/audio/128/ar.alafasy/1211.mp3",
        "audioSecondary": [
          "https://cdn.islamic.network/quran/audio/64/ar.alafasy/1211.mp3"
        ],
        "text": "ذَٰلِكَ بِمَا قَدَّمَتْ أَيْدِيكُمْ وَأَنَّ ٱللَّهَ لَيْسَ بِظَلَّٰمٍۢ لِّلْعَبِيدِ",
        "numberInSurah": 51,
        "juz": 10,
        "manzil": 2,
        "page": 183,
        "ruku": 152,
        "hizbQuarter": 73,
        "sajda": false,
        "audioArabic": [
          "https://cdn.jsdelivr.net/gh/Salimbd71/ArabicQuran@main/8/51.mp3"
        ],
        "audioBangla": [
          "https://cdn.jsdelivr.net/gh/Salimbd71/BanglaQuran@main/8/51.mp3"
        ]
      },
      {
        "number": 1212,
        "audio": "https://cdn.islamic.network/quran/audio/128/ar.alafasy/1212.mp3",
        "audioSecondary": [
          "https://cdn.islamic.network/quran/audio/64/ar.alafasy/1212.mp3"
        ],
        "text": "كَدَأْبِ ءَالِ فِرْعَوْنَ ۙ وَٱلَّذِينَ مِن قَبْلِهِمْ ۚ كَفَرُوا۟ بِـَٔايَٰتِ ٱللَّهِ فَأَخَذَهُمُ ٱللَّهُ بِذُنُوبِهِمْ ۗ إِنَّ ٱللَّهَ قَوِىٌّۭ شَدِيدُ ٱلْعِقَابِ",
        "numberInSurah": 52,
        "juz": 10,
        "manzil": 2,
        "page": 183,
        "ruku": 152,
        "hizbQuarter": 73,
        "sajda": false,
        "audioArabic": [
          "https://cdn.jsdelivr.net/gh/Salimbd71/ArabicQuran@main/8/52.mp3"
        ],
        "audioBangla": [
          "https://cdn.jsdelivr.net/gh/Salimbd71/BanglaQuran@main/8/52.mp3"
        ]
      },
      {
        "number": 1213,
        "audio": "https://cdn.islamic.network/quran/audio/128/ar.alafasy/1213.mp3",
        "audioSecondary": [
          "https://cdn.islamic.network/quran/audio/64/ar.alafasy/1213.mp3"
        ],
        "text": "ذَٰلِكَ بِأَنَّ ٱللَّهَ لَمْ يَكُ مُغَيِّرًۭا نِّعْمَةً أَنْعَمَهَا عَلَىٰ قَوْمٍ حَتَّىٰ يُغَيِّرُوا۟ مَا بِأَنفُسِهِمْ ۙ وَأَنَّ ٱللَّهَ سَمِيعٌ عَلِيمٌۭ",
        "numberInSurah": 53,
        "juz": 10,
        "manzil": 2,
        "page": 184,
        "ruku": 152,
        "hizbQuarter": 73,
        "sajda": false,
        "audioArabic": [
          "https://cdn.jsdelivr.net/gh/Salimbd71/ArabicQuran@main/8/53.mp3"
        ],
        "audioBangla": [
          "https://cdn.jsdelivr.net/gh/Salimbd71/BanglaQuran@main/8/53.mp3"
        ]
      },
      {
        "number": 1214,
        "audio": "https://cdn.islamic.network/quran/audio/128/ar.alafasy/1214.mp3",
        "audioSecondary": [
          "https://cdn.islamic.network/quran/audio/64/ar.alafasy/1214.mp3"
        ],
        "text": "كَدَأْبِ ءَالِ فِرْعَوْنَ ۙ وَٱلَّذِينَ مِن قَبْلِهِمْ ۚ كَذَّبُوا۟ بِـَٔايَٰتِ رَبِّهِمْ فَأَهْلَكْنَٰهُم بِذُنُوبِهِمْ وَأَغْرَقْنَآ ءَالَ فِرْعَوْنَ ۚ وَكُلٌّۭ كَانُوا۟ ظَٰلِمِينَ",
        "numberInSurah": 54,
        "juz": 10,
        "manzil": 2,
        "page": 184,
        "ruku": 152,
        "hizbQuarter": 73,
        "sajda": false,
        "audioArabic": [
          "https://cdn.jsdelivr.net/gh/Salimbd71/ArabicQuran@main/8/54.mp3"
        ],
        "audioBangla": [
          "https://cdn.jsdelivr.net/gh/Salimbd71/BanglaQuran@main/8/54.mp3"
        ]
      },
      {
        "number": 1215,
        "audio": "https://cdn.islamic.network/quran/audio/128/ar.alafasy/1215.mp3",
        "audioSecondary": [
          "https://cdn.islamic.network/quran/audio/64/ar.alafasy/1215.mp3"
        ],
        "text": "إِنَّ شَرَّ ٱلدَّوَآبِّ عِندَ ٱللَّهِ ٱلَّذِينَ كَفَرُوا۟ فَهُمْ لَا يُؤْمِنُونَ",
        "numberInSurah": 55,
        "juz": 10,
        "manzil": 2,
        "page": 184,
        "ruku": 152,
        "hizbQuarter": 73,
        "sajda": false,
        "audioArabic": [
          "https://cdn.jsdelivr.net/gh/Salimbd71/ArabicQuran@main/8/55.mp3"
        ],
        "audioBangla": [
          "https://cdn.jsdelivr.net/gh/Salimbd71/BanglaQuran@main/8/55.mp3"
        ]
      },
      {
        "number": 1216,
        "audio": "https://cdn.islamic.network/quran/audio/128/ar.alafasy/1216.mp3",
        "audioSecondary": [
          "https://cdn.islamic.network/quran/audio/64/ar.alafasy/1216.mp3"
        ],
        "text": "ٱلَّذِينَ عَٰهَدتَّ مِنْهُمْ ثُمَّ يَنقُضُونَ عَهْدَهُمْ فِى كُلِّ مَرَّةٍۢ وَهُمْ لَا يَتَّقُونَ",
        "numberInSurah": 56,
        "juz": 10,
        "manzil": 2,
        "page": 184,
        "ruku": 152,
        "hizbQuarter": 73,
        "sajda": false,
        "audioArabic": [
          "https://cdn.jsdelivr.net/gh/Salimbd71/ArabicQuran@main/8/56.mp3"
        ],
        "audioBangla": [
          "https://cdn.jsdelivr.net/gh/Salimbd71/BanglaQuran@main/8/56.mp3"
        ]
      },
      {
        "number": 1217,
        "audio": "https://cdn.islamic.network/quran/audio/128/ar.alafasy/1217.mp3",
        "audioSecondary": [
          "https://cdn.islamic.network/quran/audio/64/ar.alafasy/1217.mp3"
        ],
        "text": "فَإِمَّا تَثْقَفَنَّهُمْ فِى ٱلْحَرْبِ فَشَرِّدْ بِهِم مَّنْ خَلْفَهُمْ لَعَلَّهُمْ يَذَّكَّرُونَ",
        "numberInSurah": 57,
        "juz": 10,
        "manzil": 2,
        "page": 184,
        "ruku": 152,
        "hizbQuarter": 73,
        "sajda": false,
        "audioArabic": [
          "https://cdn.jsdelivr.net/gh/Salimbd71/ArabicQuran@main/8/57.mp3"
        ],
        "audioBangla": [
          "https://cdn.jsdelivr.net/gh/Salimbd71/BanglaQuran@main/8/57.mp3"
        ]
      },
      {
        "number": 1218,
        "audio": "https://cdn.islamic.network/quran/audio/128/ar.alafasy/1218.mp3",
        "audioSecondary": [
          "https://cdn.islamic.network/quran/audio/64/ar.alafasy/1218.mp3"
        ],
        "text": "وَإِمَّا تَخَافَنَّ مِن قَوْمٍ خِيَانَةًۭ فَٱنۢبِذْ إِلَيْهِمْ عَلَىٰ سَوَآءٍ ۚ إِنَّ ٱللَّهَ لَا يُحِبُّ ٱلْخَآئِنِينَ",
        "numberInSurah": 58,
        "juz": 10,
        "manzil": 2,
        "page": 184,
        "ruku": 152,
        "hizbQuarter": 73,
        "sajda": false,
        "audioArabic": [
          "https://cdn.jsdelivr.net/gh/Salimbd71/ArabicQuran@main/8/58.mp3"
        ],
        "audioBangla": [
          "https://cdn.jsdelivr.net/gh/Salimbd71/BanglaQuran@main/8/58.mp3"
        ]
      },
      {
        "number": 1219,
        "audio": "https://cdn.islamic.network/quran/audio/128/ar.alafasy/1219.mp3",
        "audioSecondary": [
          "https://cdn.islamic.network/quran/audio/64/ar.alafasy/1219.mp3"
        ],
        "text": "وَلَا يَحْسَبَنَّ ٱلَّذِينَ كَفَرُوا۟ سَبَقُوٓا۟ ۚ إِنَّهُمْ لَا يُعْجِزُونَ",
        "numberInSurah": 59,
        "juz": 10,
        "manzil": 2,
        "page": 184,
        "ruku": 153,
        "hizbQuarter": 73,
        "sajda": false,
        "audioArabic": [
          "https://cdn.jsdelivr.net/gh/Salimbd71/ArabicQuran@main/8/59.mp3"
        ],
        "audioBangla": [
          "https://cdn.jsdelivr.net/gh/Salimbd71/BanglaQuran@main/8/59.mp3"
        ]
      },
      {
        "number": 1220,
        "audio": "https://cdn.islamic.network/quran/audio/128/ar.alafasy/1220.mp3",
        "audioSecondary": [
          "https://cdn.islamic.network/quran/audio/64/ar.alafasy/1220.mp3"
        ],
        "text": "وَأَعِدُّوا۟ لَهُم مَّا ٱسْتَطَعْتُم مِّن قُوَّةٍۢ وَمِن رِّبَاطِ ٱلْخَيْلِ تُرْهِبُونَ بِهِۦ عَدُوَّ ٱللَّهِ وَعَدُوَّكُمْ وَءَاخَرِينَ مِن دُونِهِمْ لَا تَعْلَمُونَهُمُ ٱللَّهُ يَعْلَمُهُمْ ۚ وَمَا تُنفِقُوا۟ مِن شَىْءٍۢ فِى سَبِيلِ ٱللَّهِ يُوَفَّ إِلَيْكُمْ وَأَنتُمْ لَا تُظْلَمُونَ",
        "numberInSurah": 60,
        "juz": 10,
        "manzil": 2,
        "page": 184,
        "ruku": 153,
        "hizbQuarter": 73,
        "sajda": false,
        "audioArabic": [
          "https://cdn.jsdelivr.net/gh/Salimbd71/ArabicQuran@main/8/60.mp3"
        ],
        "audioBangla": [
          "https://cdn.jsdelivr.net/gh/Salimbd71/BanglaQuran@main/8/60.mp3"
        ]
      },
      {
        "number": 1221,
        "audio": "https://cdn.islamic.network/quran/audio/128/ar.alafasy/1221.mp3",
        "audioSecondary": [
          "https://cdn.islamic.network/quran/audio/64/ar.alafasy/1221.mp3"
        ],
        "text": "۞ وَإِن جَنَحُوا۟ لِلسَّلْمِ فَٱجْنَحْ لَهَا وَتَوَكَّلْ عَلَى ٱللَّهِ ۚ إِنَّهُۥ هُوَ ٱلسَّمِيعُ ٱلْعَلِيمُ",
        "numberInSurah": 61,
        "juz": 10,
        "manzil": 2,
        "page": 184,
        "ruku": 153,
        "hizbQuarter": 74,
        "sajda": false,
        "audioArabic": [
          "https://cdn.jsdelivr.net/gh/Salimbd71/ArabicQuran@main/8/61.mp3"
        ],
        "audioBangla": [
          "https://cdn.jsdelivr.net/gh/Salimbd71/BanglaQuran@main/8/61.mp3"
        ]
      },
      {
        "number": 1222,
        "audio": "https://cdn.islamic.network/quran/audio/128/ar.alafasy/1222.mp3",
        "audioSecondary": [
          "https://cdn.islamic.network/quran/audio/64/ar.alafasy/1222.mp3"
        ],
        "text": "وَإِن يُرِيدُوٓا۟ أَن يَخْدَعُوكَ فَإِنَّ حَسْبَكَ ٱللَّهُ ۚ هُوَ ٱلَّذِىٓ أَيَّدَكَ بِنَصْرِهِۦ وَبِٱلْمُؤْمِنِينَ",
        "numberInSurah": 62,
        "juz": 10,
        "manzil": 2,
        "page": 185,
        "ruku": 153,
        "hizbQuarter": 74,
        "sajda": false,
        "audioArabic": [
          "https://cdn.jsdelivr.net/gh/Salimbd71/ArabicQuran@main/8/62.mp3"
        ],
        "audioBangla": [
          "https://cdn.jsdelivr.net/gh/Salimbd71/BanglaQuran@main/8/62.mp3"
        ]
      },
      {
        "number": 1223,
        "audio": "https://cdn.islamic.network/quran/audio/128/ar.alafasy/1223.mp3",
        "audioSecondary": [
          "https://cdn.islamic.network/quran/audio/64/ar.alafasy/1223.mp3"
        ],
        "text": "وَأَلَّفَ بَيْنَ قُلُوبِهِمْ ۚ لَوْ أَنفَقْتَ مَا فِى ٱلْأَرْضِ جَمِيعًۭا مَّآ أَلَّفْتَ بَيْنَ قُلُوبِهِمْ وَلَٰكِنَّ ٱللَّهَ أَلَّفَ بَيْنَهُمْ ۚ إِنَّهُۥ عَزِيزٌ حَكِيمٌۭ",
        "numberInSurah": 63,
        "juz": 10,
        "manzil": 2,
        "page": 185,
        "ruku": 153,
        "hizbQuarter": 74,
        "sajda": false,
        "audioArabic": [
          "https://cdn.jsdelivr.net/gh/Salimbd71/ArabicQuran@main/8/63.mp3"
        ],
        "audioBangla": [
          "https://cdn.jsdelivr.net/gh/Salimbd71/BanglaQuran@main/8/63.mp3"
        ]
      },
      {
        "number": 1224,
        "audio": "https://cdn.islamic.network/quran/audio/128/ar.alafasy/1224.mp3",
        "audioSecondary": [
          "https://cdn.islamic.network/quran/audio/64/ar.alafasy/1224.mp3"
        ],
        "text": "يَٰٓأَيُّهَا ٱلنَّبِىُّ حَسْبُكَ ٱللَّهُ وَمَنِ ٱتَّبَعَكَ مِنَ ٱلْمُؤْمِنِينَ",
        "numberInSurah": 64,
        "juz": 10,
        "manzil": 2,
        "page": 185,
        "ruku": 153,
        "hizbQuarter": 74,
        "sajda": false,
        "audioArabic": [
          "https://cdn.jsdelivr.net/gh/Salimbd71/ArabicQuran@main/8/64.mp3"
        ],
        "audioBangla": [
          "https://cdn.jsdelivr.net/gh/Salimbd71/BanglaQuran@main/8/64.mp3"
        ]
      },
      {
        "number": 1225,
        "audio": "https://cdn.islamic.network/quran/audio/128/ar.alafasy/1225.mp3",
        "audioSecondary": [
          "https://cdn.islamic.network/quran/audio/64/ar.alafasy/1225.mp3"
        ],
        "text": "يَٰٓأَيُّهَا ٱلنَّبِىُّ حَرِّضِ ٱلْمُؤْمِنِينَ عَلَى ٱلْقِتَالِ ۚ إِن يَكُن مِّنكُمْ عِشْرُونَ صَٰبِرُونَ يَغْلِبُوا۟ مِا۟ئَتَيْنِ ۚ وَإِن يَكُن مِّنكُم مِّا۟ئَةٌۭ يَغْلِبُوٓا۟ أَلْفًۭا مِّنَ ٱلَّذِينَ كَفَرُوا۟ بِأَنَّهُمْ قَوْمٌۭ لَّا يَفْقَهُونَ",
        "numberInSurah": 65,
        "juz": 10,
        "manzil": 2,
        "page": 185,
        "ruku": 154,
        "hizbQuarter": 74,
        "sajda": false,
        "audioArabic": [
          "https://cdn.jsdelivr.net/gh/Salimbd71/ArabicQuran@main/8/65.mp3"
        ],
        "audioBangla": [
          "https://cdn.jsdelivr.net/gh/Salimbd71/BanglaQuran@main/8/65.mp3"
        ]
      },
      {
        "number": 1226,
        "audio": "https://cdn.islamic.network/quran/audio/128/ar.alafasy/1226.mp3",
        "audioSecondary": [
          "https://cdn.islamic.network/quran/audio/64/ar.alafasy/1226.mp3"
        ],
        "text": "ٱلْـَٰٔنَ خَفَّفَ ٱللَّهُ عَنكُمْ وَعَلِمَ أَنَّ فِيكُمْ ضَعْفًۭا ۚ فَإِن يَكُن مِّنكُم مِّا۟ئَةٌۭ صَابِرَةٌۭ يَغْلِبُوا۟ مِا۟ئَتَيْنِ ۚ وَإِن يَكُن مِّنكُمْ أَلْفٌۭ يَغْلِبُوٓا۟ أَلْفَيْنِ بِإِذْنِ ٱللَّهِ ۗ وَٱللَّهُ مَعَ ٱلصَّٰبِرِينَ",
        "numberInSurah": 66,
        "juz": 10,
        "manzil": 2,
        "page": 185,
        "ruku": 154,
        "hizbQuarter": 74,
        "sajda": false,
        "audioArabic": [
          "https://cdn.jsdelivr.net/gh/Salimbd71/ArabicQuran@main/8/66.mp3"
        ],
        "audioBangla": [
          "https://cdn.jsdelivr.net/gh/Salimbd71/BanglaQuran@main/8/66.mp3"
        ]
      },
      {
        "number": 1227,
        "audio": "https://cdn.islamic.network/quran/audio/128/ar.alafasy/1227.mp3",
        "audioSecondary": [
          "https://cdn.islamic.network/quran/audio/64/ar.alafasy/1227.mp3"
        ],
        "text": "مَا كَانَ لِنَبِىٍّ أَن يَكُونَ لَهُۥٓ أَسْرَىٰ حَتَّىٰ يُثْخِنَ فِى ٱلْأَرْضِ ۚ تُرِيدُونَ عَرَضَ ٱلدُّنْيَا وَٱللَّهُ يُرِيدُ ٱلْءَاخِرَةَ ۗ وَٱللَّهُ عَزِيزٌ حَكِيمٌۭ",
        "numberInSurah": 67,
        "juz": 10,
        "manzil": 2,
        "page": 185,
        "ruku": 154,
        "hizbQuarter": 74,
        "sajda": false,
        "audioArabic": [
          "https://cdn.jsdelivr.net/gh/Salimbd71/ArabicQuran@main/8/67.mp3"
        ],
        "audioBangla": [
          "https://cdn.jsdelivr.net/gh/Salimbd71/BanglaQuran@main/8/67.mp3"
        ]
      },
      {
        "number": 1228,
        "audio": "https://cdn.islamic.network/quran/audio/128/ar.alafasy/1228.mp3",
        "audioSecondary": [
          "https://cdn.islamic.network/quran/audio/64/ar.alafasy/1228.mp3"
        ],
        "text": "لَّوْلَا كِتَٰبٌۭ مِّنَ ٱللَّهِ سَبَقَ لَمَسَّكُمْ فِيمَآ أَخَذْتُمْ عَذَابٌ عَظِيمٌۭ",
        "numberInSurah": 68,
        "juz": 10,
        "manzil": 2,
        "page": 185,
        "ruku": 154,
        "hizbQuarter": 74,
        "sajda": false,
        "audioArabic": [
          "https://cdn.jsdelivr.net/gh/Salimbd71/ArabicQuran@main/8/68.mp3"
        ],
        "audioBangla": [
          "https://cdn.jsdelivr.net/gh/Salimbd71/BanglaQuran@main/8/68.mp3"
        ]
      },
      {
        "number": 1229,
        "audio": "https://cdn.islamic.network/quran/audio/128/ar.alafasy/1229.mp3",
        "audioSecondary": [
          "https://cdn.islamic.network/quran/audio/64/ar.alafasy/1229.mp3"
        ],
        "text": "فَكُلُوا۟ مِمَّا غَنِمْتُمْ حَلَٰلًۭا طَيِّبًۭا ۚ وَٱتَّقُوا۟ ٱللَّهَ ۚ إِنَّ ٱللَّهَ غَفُورٌۭ رَّحِيمٌۭ",
        "numberInSurah": 69,
        "juz": 10,
        "manzil": 2,
        "page": 185,
        "ruku": 154,
        "hizbQuarter": 74,
        "sajda": false,
        "audioArabic": [
          "https://cdn.jsdelivr.net/gh/Salimbd71/ArabicQuran@main/8/69.mp3"
        ],
        "audioBangla": [
          "https://cdn.jsdelivr.net/gh/Salimbd71/BanglaQuran@main/8/69.mp3"
        ]
      },
      {
        "number": 1230,
        "audio": "https://cdn.islamic.network/quran/audio/128/ar.alafasy/1230.mp3",
        "audioSecondary": [
          "https://cdn.islamic.network/quran/audio/64/ar.alafasy/1230.mp3"
        ],
        "text": "يَٰٓأَيُّهَا ٱلنَّبِىُّ قُل لِّمَن فِىٓ أَيْدِيكُم مِّنَ ٱلْأَسْرَىٰٓ إِن يَعْلَمِ ٱللَّهُ فِى قُلُوبِكُمْ خَيْرًۭا يُؤْتِكُمْ خَيْرًۭا مِّمَّآ أُخِذَ مِنكُمْ وَيَغْفِرْ لَكُمْ ۗ وَٱللَّهُ غَفُورٌۭ رَّحِيمٌۭ",
        "numberInSurah": 70,
        "juz": 10,
        "manzil": 2,
        "page": 186,
        "ruku": 155,
        "hizbQuarter": 74,
        "sajda": false,
        "audioArabic": [
          "https://cdn.jsdelivr.net/gh/Salimbd71/ArabicQuran@main/8/70.mp3"
        ],
        "audioBangla": [
          "https://cdn.jsdelivr.net/gh/Salimbd71/BanglaQuran@main/8/70.mp3"
        ]
      },
      {
        "number": 1231,
        "audio": "https://cdn.islamic.network/quran/audio/128/ar.alafasy/1231.mp3",
        "audioSecondary": [
          "https://cdn.islamic.network/quran/audio/64/ar.alafasy/1231.mp3"
        ],
        "text": "وَإِن يُرِيدُوا۟ خِيَانَتَكَ فَقَدْ خَانُوا۟ ٱللَّهَ مِن قَبْلُ فَأَمْكَنَ مِنْهُمْ ۗ وَٱللَّهُ عَلِيمٌ حَكِيمٌ",
        "numberInSurah": 71,
        "juz": 10,
        "manzil": 2,
        "page": 186,
        "ruku": 155,
        "hizbQuarter": 74,
        "sajda": false,
        "audioArabic": [
          "https://cdn.jsdelivr.net/gh/Salimbd71/ArabicQuran@main/8/71.mp3"
        ],
        "audioBangla": [
          "https://cdn.jsdelivr.net/gh/Salimbd71/BanglaQuran@main/8/71.mp3"
        ]
      },
      {
        "number": 1232,
        "audio": "https://cdn.islamic.network/quran/audio/128/ar.alafasy/1232.mp3",
        "audioSecondary": [
          "https://cdn.islamic.network/quran/audio/64/ar.alafasy/1232.mp3"
        ],
        "text": "إِنَّ ٱلَّذِينَ ءَامَنُوا۟ وَهَاجَرُوا۟ وَجَٰهَدُوا۟ بِأَمْوَٰلِهِمْ وَأَنفُسِهِمْ فِى سَبِيلِ ٱللَّهِ وَٱلَّذِينَ ءَاوَوا۟ وَّنَصَرُوٓا۟ أُو۟لَٰٓئِكَ بَعْضُهُمْ أَوْلِيَآءُ بَعْضٍۢ ۚ وَٱلَّذِينَ ءَامَنُوا۟ وَلَمْ يُهَاجِرُوا۟ مَا لَكُم مِّن وَلَٰيَتِهِم مِّن شَىْءٍ حَتَّىٰ يُهَاجِرُوا۟ ۚ وَإِنِ ٱسْتَنصَرُوكُمْ فِى ٱلدِّينِ فَعَلَيْكُمُ ٱلنَّصْرُ إِلَّا عَلَىٰ قَوْمٍۭ بَيْنَكُمْ وَبَيْنَهُم مِّيثَٰقٌۭ ۗ وَٱللَّهُ بِمَا تَعْمَلُونَ بَصِيرٌۭ",
        "numberInSurah": 72,
        "juz": 10,
        "manzil": 2,
        "page": 186,
        "ruku": 155,
        "hizbQuarter": 74,
        "sajda": false,
        "audioArabic": [
          "https://cdn.jsdelivr.net/gh/Salimbd71/ArabicQuran@main/8/72.mp3"
        ],
        "audioBangla": [
          "https://cdn.jsdelivr.net/gh/Salimbd71/BanglaQuran@main/8/72.mp3"
        ]
      },
      {
        "number": 1233,
        "audio": "https://cdn.islamic.network/quran/audio/128/ar.alafasy/1233.mp3",
        "audioSecondary": [
          "https://cdn.islamic.network/quran/audio/64/ar.alafasy/1233.mp3"
        ],
        "text": "وَٱلَّذِينَ كَفَرُوا۟ بَعْضُهُمْ أَوْلِيَآءُ بَعْضٍ ۚ إِلَّا تَفْعَلُوهُ تَكُن فِتْنَةٌۭ فِى ٱلْأَرْضِ وَفَسَادٌۭ كَبِيرٌۭ",
        "numberInSurah": 73,
        "juz": 10,
        "manzil": 2,
        "page": 186,
        "ruku": 155,
        "hizbQuarter": 74,
        "sajda": false,
        "audioArabic": [
          "https://cdn.jsdelivr.net/gh/Salimbd71/ArabicQuran@main/8/73.mp3"
        ],
        "audioBangla": [
          "https://cdn.jsdelivr.net/gh/Salimbd71/BanglaQuran@main/8/73.mp3"
        ]
      },
      {
        "number": 1234,
        "audio": "https://cdn.islamic.network/quran/audio/128/ar.alafasy/1234.mp3",
        "audioSecondary": [
          "https://cdn.islamic.network/quran/audio/64/ar.alafasy/1234.mp3"
        ],
        "text": "وَٱلَّذِينَ ءَامَنُوا۟ وَهَاجَرُوا۟ وَجَٰهَدُوا۟ فِى سَبِيلِ ٱللَّهِ وَٱلَّذِينَ ءَاوَوا۟ وَّنَصَرُوٓا۟ أُو۟لَٰٓئِكَ هُمُ ٱلْمُؤْمِنُونَ حَقًّۭا ۚ لَّهُم مَّغْفِرَةٌۭ وَرِزْقٌۭ كَرِيمٌۭ",
        "numberInSurah": 74,
        "juz": 10,
        "manzil": 2,
        "page": 186,
        "ruku": 155,
        "hizbQuarter": 74,
        "sajda": false,
        "audioArabic": [
          "https://cdn.jsdelivr.net/gh/Salimbd71/ArabicQuran@main/8/74.mp3"
        ],
        "audioBangla": [
          "https://cdn.jsdelivr.net/gh/Salimbd71/BanglaQuran@main/8/74.mp3"
        ]
      },
      {
        "number": 1235,
        "audio": "https://cdn.islamic.network/quran/audio/128/ar.alafasy/1235.mp3",
        "audioSecondary": [
          "https://cdn.islamic.network/quran/audio/64/ar.alafasy/1235.mp3"
        ],
        "text": "وَٱلَّذِينَ ءَامَنُوا۟ مِنۢ بَعْدُ وَهَاجَرُوا۟ وَجَٰهَدُوا۟ مَعَكُمْ فَأُو۟لَٰٓئِكَ مِنكُمْ ۚ وَأُو۟لُوا۟ ٱلْأَرْحَامِ بَعْضُهُمْ أَوْلَىٰ بِبَعْضٍۢ فِى كِتَٰبِ ٱللَّهِ ۗ إِنَّ ٱللَّهَ بِكُلِّ شَىْءٍ عَلِيمٌۢ",
        "numberInSurah": 75,
        "juz": 10,
        "manzil": 2,
        "page": 186,
        "ruku": 155,
        "hizbQuarter": 74,
        "sajda": false,
        "audioArabic": [
          "https://cdn.jsdelivr.net/gh/Salimbd71/ArabicQuran@main/8/75.mp3"
        ],
        "audioBangla": [
          "https://cdn.jsdelivr.net/gh/Salimbd71/BanglaQuran@main/8/75.mp3"
        ]
      }
    ],
    "edition": {
      "identifier": "ar.alafasy",
      "language": "ar",
      "name": "مشاري العفاسي",
      "englishName": "Alafasy",
      "format": "audio",
      "type": "versebyverse",
      "direction": null
    }
  }
}