{
  "code": 200,
  "status": "OK",
  "data": {
    "number": 45,
    "name": "سُورَةُ الجَاثِيَةِ",
    "englishName": "Al-Jaathiya",
    "englishNameTranslation": "Crouching",
    "revelationType": "Meccan",
    "numberOfAyahs": 37,
    "ayahs": [
      {
        "number": 4474,
        "audio": "https://cdn.islamic.network/quran/audio/192/ar.abdullahbasfar/4474.mp3",
        "audioSecondary": [
          "https://cdn.islamic.network/quran/audio/192/ar.abdullahbasfar/4474.mp3"
        ],
        "text": "بِسْمِ ٱللَّهِ ٱلرَّحْمَٰنِ ٱلرَّحِيمِ حمٓ",
        "numberInSurah": 1,
        "juz": 25,
        "manzil": 6,
        "page": 499,
        "ruku": 434,
        "hizbQuarter": 199,
        "sajda": false,
        "audioArabic": [
          "https://cdn.jsdelivr.net/gh/Salimbd71/ArabicQuran@main/45/1.mp3"
        ],
        "audioBangla": [
          "https://cdn.jsdelivr.net/gh/Salimbd71/BanglaQuran@main/45/1.mp3"
        ]
      },
      {
        "number": 4475,
        "audio": "https://cdn.islamic.network/quran/audio/192/ar.abdullahbasfar/4475.mp3",
        "audioSecondary": [
          "https://cdn.islamic.network/quran/audio/192/ar.abdullahbasfar/4475.mp3"
        ],
        "text": "تَنزِيلُ ٱلْكِتَٰبِ مِنَ ٱللَّهِ ٱلْعَزِيزِ ٱلْحَكِيمِ",
        "numberInSurah": 2,
        "juz": 25,
        "manzil": 6,
        "page": 499,
        "ruku": 434,
        "hizbQuarter": 199,
        "sajda": false,
        "audioArabic": [
          "https://cdn.jsdelivr.net/gh/Salimbd71/ArabicQuran@main/45/2.mp3"
        ],
        "audioBangla": [
          "https://cdn.jsdelivr.net/gh/Salimbd71/BanglaQuran@main/45/2.mp3"
        ]
      },
      {
        "number": 4476,
        "audio": "https://cdn.islamic.network/quran/audio/192/ar.abdullahbasfar/4476.mp3",
        "audioSecondary": [
          "https://cdn.islamic.network/quran/audio/192/ar.abdullahbasfar/4476.mp3"
        ],
        "text": "إِنَّ فِى ٱلسَّمَٰوَٰتِ وَٱلْأَرْضِ لَءَايَٰتٍۢ لِّلْمُؤْمِنِينَ",
        "numberInSurah": 3,
        "juz": 25,
        "manzil": 6,
        "page": 499,
        "ruku": 434,
        "hizbQuarter": 199,
        "sajda": false,
        "audioArabic": [
          "https://cdn.jsdelivr.net/gh/Salimbd71/ArabicQuran@main/45/3.mp3"
        ],
        "audioBangla": [
          "https://cdn.jsdelivr.net/gh/Salimbd71/BanglaQuran@main/45/3.mp3"
        ]
      },
      {
        "number": 4477,
        "audio": "https://cdn.islamic.network/quran/audio/192/ar.abdullahbasfar/4477.mp3",
        "audioSecondary": [
          "https://cdn.islamic.network/quran/audio/192/ar.abdullahbasfar/4477.mp3"
        ],
        "text": "وَفِى خَلْقِكُمْ وَمَا يَبُثُّ مِن دَآبَّةٍ ءَايَٰتٌۭ لِّقَوْمٍۢ يُوقِنُونَ",
        "numberInSurah": 4,
        "juz": 25,
        "manzil": 6,
        "page": 499,
        "ruku": 434,
        "hizbQuarter": 199,
        "sajda": false,
        "audioArabic": [
          "https://cdn.jsdelivr.net/gh/Salimbd71/ArabicQuran@main/45/4.mp3"
        ],
        "audioBangla": [
          "https://cdn.jsdelivr.net/gh/Salimbd71/BanglaQuran@main/45/4.mp3"
        ]
      },
      {
        "number": 4478,
        "audio": "https://cdn.islamic.network/quran/audio/192/ar.abdullahbasfar/4478.mp3",
        "audioSecondary": [
          "https://cdn.islamic.network/quran/audio/192/ar.abdullahbasfar/4478.mp3"
        ],
        "text": "وَٱخْتِلَٰفِ ٱلَّيْلِ وَٱلنَّهَارِ وَمَآ أَنزَلَ ٱللَّهُ مِنَ ٱلسَّمَآءِ مِن رِّزْقٍۢ فَأَحْيَا بِهِ ٱلْأَرْضَ بَعْدَ مَوْتِهَا وَتَصْرِيفِ ٱلرِّيَٰحِ ءَايَٰتٌۭ لِّقَوْمٍۢ يَعْقِلُونَ",
        "numberInSurah": 5,
        "juz": 25,
        "manzil": 6,
        "page": 499,
        "ruku": 434,
        "hizbQuarter": 199,
        "sajda": false,
        "audioArabic": [
          "https://cdn.jsdelivr.net/gh/Salimbd71/ArabicQuran@main/45/5.mp3"
        ],
        "audioBangla": [
          "https://cdn.jsdelivr.net/gh/Salimbd71/BanglaQuran@main/45/5.mp3"
        ]
      },
      {
        "number": 4479,
        "audio": "https://cdn.islamic.network/quran/audio/192/ar.abdullahbasfar/4479.mp3",
        "audioSecondary": [
          "https://cdn.islamic.network/quran/audio/192/ar.abdullahbasfar/4479.mp3"
        ],
        "text": "تِلْكَ ءَايَٰتُ ٱللَّهِ نَتْلُوهَا عَلَيْكَ بِٱلْحَقِّ ۖ فَبِأَىِّ حَدِيثٍۭ بَعْدَ ٱللَّهِ وَءَايَٰتِهِۦ يُؤْمِنُونَ",
        "numberInSurah": 6,
        "juz": 25,
        "manzil": 6,
        "page": 499,
        "ruku": 434,
        "hizbQuarter": 199,
        "sajda": false,
        "audioArabic": [
          "https://cdn.jsdelivr.net/gh/Salimbd71/ArabicQuran@main/45/6.mp3"
        ],
        "audioBangla": [
          "https://cdn.jsdelivr.net/gh/Salimbd71/BanglaQuran@main/45/6.mp3"
        ]
      },
      {
        "number": 4480,
        "audio": "https://cdn.islamic.network/quran/audio/192/ar.abdullahbasfar/4480.mp3",
        "audioSecondary": [
          "https://cdn.islamic.network/quran/audio/192/ar.abdullahbasfar/4480.mp3"
        ],
        "text": "وَيْلٌۭ لِّكُلِّ أَفَّاكٍ أَثِيمٍۢ",
        "numberInSurah": 7,
        "juz": 25,
        "manzil": 6,
        "page": 499,
        "ruku": 434,
        "hizbQuarter": 199,
        "sajda": false,
        "audioArabic": [
          "https://cdn.jsdelivr.net/gh/Salimbd71/ArabicQuran@main/45/7.mp3"
        ],
        "audioBangla": [
          "https://cdn.jsdelivr.net/gh/Salimbd71/BanglaQuran@main/45/7.mp3"
        ]
      },
      {
        "number": 4481,
        "audio": "https://cdn.islamic.network/quran/audio/192/ar.abdullahbasfar/4481.mp3",
        "audioSecondary": [
          "https://cdn.islamic.network/quran/audio/192/ar.abdullahbasfar/4481.mp3"
        ],
        "text": "يَسْمَعُ ءَايَٰتِ ٱللَّهِ تُتْلَىٰ عَلَيْهِ ثُمَّ يُصِرُّ مُسْتَكْبِرًۭا كَأَن لَّمْ يَسْمَعْهَا ۖ فَبَشِّرْهُ بِعَذَابٍ أَلِيمٍۢ",
        "numberInSurah": 8,
        "juz": 25,
        "manzil": 6,
        "page": 499,
        "ruku": 434,
        "hizbQuarter": 199,
        "sajda": false,
        "audioArabic": [
          "https://cdn.jsdelivr.net/gh/Salimbd71/ArabicQuran@main/45/8.mp3"
        ],
        "audioBangla": [
          "https://cdn.jsdelivr.net/gh/Salimbd71/BanglaQuran@main/45/8.mp3"
        ]
      },
      {
        "number": 4482,
        "audio": "https://cdn.islamic.network/quran/audio/192/ar.abdullahbasfar/4482.mp3",
        "audioSecondary": [
          "https://cdn.islamic.network/quran/audio/192/ar.abdullahbasfar/4482.mp3"
        ],
        "text": "وَإِذَا عَلِمَ مِنْ ءَايَٰتِنَا شَيْـًٔا ٱتَّخَذَهَا هُزُوًا ۚ أُو۟لَٰٓئِكَ لَهُمْ عَذَابٌۭ مُّهِينٌۭ",
        "numberInSurah": 9,
        "juz": 25,
        "manzil": 6,
        "page": 499,
        "ruku": 434,
        "hizbQuarter": 199,
        "sajda": false,
        "audioArabic": [
          "https://cdn.jsdelivr.net/gh/Salimbd71/ArabicQuran@main/45/9.mp3"
        ],
        "audioBangla": [
          "https://cdn.jsdelivr.net/gh/Salimbd71/BanglaQuran@main/45/9.mp3"
        ]
      },
      {
        "number": 4483,
        "audio": "https://cdn.islamic.network/quran/audio/192/ar.abdullahbasfar/4483.mp3",
        "audioSecondary": [
          "https://cdn.islamic.network/quran/audio/192/ar.abdullahbasfar/4483.mp3"
        ],
        "text": "مِّن وَرَآئِهِمْ جَهَنَّمُ ۖ وَلَا يُغْنِى عَنْهُم مَّا كَسَبُوا۟ شَيْـًۭٔا وَلَا مَا ٱتَّخَذُوا۟ مِن دُونِ ٱللَّهِ أَوْلِيَآءَ ۖ وَلَهُمْ عَذَابٌ عَظِيمٌ",
        "numberInSurah": 10,
        "juz": 25,
        "manzil": 6,
        "page": 499,
        "ruku": 434,
        "hizbQuarter": 199,
        "sajda": false,
        "audioArabic": [
          "https://cdn.jsdelivr.net/gh/Salimbd71/ArabicQuran@main/45/10.mp3"
        ],
        "audioBangla": [
          "https://cdn.jsdelivr.net/gh/Salimbd71/BanglaQuran@main/45/10.mp3"
        ]
      },
      {
        "number": 4484,
        "audio": "https://cdn.islamic.network/quran/audio/192/ar.abdullahbasfar/4484.mp3",
        "audioSecondary": [
          "https://cdn.islamic.network/quran/audio/192/ar.abdullahbasfar/4484.mp3"
        ],
        "text": "هَٰذَا هُدًۭى ۖ وَٱلَّذِينَ كَفَرُوا۟ بِـَٔايَٰتِ رَبِّهِمْ لَهُمْ عَذَابٌۭ مِّن رِّجْزٍ أَلِيمٌ",
        "numberInSurah": 11,
        "juz": 25,
        "manzil": 6,
        "page": 499,
        "ruku": 434,
        "hizbQuarter": 199,
        "sajda": false,
        "audioArabic": [
          "https://cdn.jsdelivr.net/gh/Salimbd71/ArabicQuran@main/45/11.mp3"
        ],
        "audioBangla": [
          "https://cdn.jsdelivr.net/gh/Salimbd71/BanglaQuran@main/45/11.mp3"
        ]
      },
      {
        "number": 4485,
        "audio": "https://cdn.islamic.network/quran/audio/192/ar.abdullahbasfar/4485.mp3",
        "audioSecondary": [
          "https://cdn.islamic.network/quran/audio/192/ar.abdullahbasfar/4485.mp3"
        ],
        "text": "۞ ٱللَّهُ ٱلَّذِى سَخَّرَ لَكُمُ ٱلْبَحْرَ لِتَجْرِىَ ٱلْفُلْكُ فِيهِ بِأَمْرِهِۦ وَلِتَبْتَغُوا۟ مِن فَضْلِهِۦ وَلَعَلَّكُمْ تَشْكُرُونَ",
        "numberInSurah": 12,
        "juz": 25,
        "manzil": 6,
        "page": 499,
        "ruku": 435,
        "hizbQuarter": 200,
        "sajda": false,
        "audioArabic": [
          "https://cdn.jsdelivr.net/gh/Salimbd71/ArabicQuran@main/45/12.mp3"
        ],
        "audioBangla": [
          "https://cdn.jsdelivr.net/gh/Salimbd71/BanglaQuran@main/45/12.mp3"
        ]
      },
      {
        "number": 4486,
        "audio": "https://cdn.islamic.network/quran/audio/192/ar.abdullahbasfar/4486.mp3",
        "audioSecondary": [
          "https://cdn.islamic.network/quran/audio/192/ar.abdullahbasfar/4486.mp3"
        ],
        "text": "وَسَخَّرَ لَكُم مَّا فِى ٱلسَّمَٰوَٰتِ وَمَا فِى ٱلْأَرْضِ جَمِيعًۭا مِّنْهُ ۚ إِنَّ فِى ذَٰلِكَ لَءَايَٰتٍۢ لِّقَوْمٍۢ يَتَفَكَّرُونَ",
        "numberInSurah": 13,
        "juz": 25,
        "manzil": 6,
        "page": 499,
        "ruku": 435,
        "hizbQuarter": 200,
        "sajda": false,
        "audioArabic": [
          "https://cdn.jsdelivr.net/gh/Salimbd71/ArabicQuran@main/45/13.mp3"
        ],
        "audioBangla": [
          "https://cdn.jsdelivr.net/gh/Salimbd71/BanglaQuran@main/45/13.mp3"
        ]
      },
      {
        "number": 4487,
        "audio": "https://cdn.islamic.network/quran/audio/192/ar.abdullahbasfar/4487.mp3",
        "audioSecondary": [
          "https://cdn.islamic.network/quran/audio/192/ar.abdullahbasfar/4487.mp3"
        ],
        "text": "قُل لِّلَّذِينَ ءَامَنُوا۟ يَغْفِرُوا۟ لِلَّذِينَ لَا يَرْجُونَ أَيَّامَ ٱللَّهِ لِيَجْزِىَ قَوْمًۢا بِمَا كَانُوا۟ يَكْسِبُونَ",
        "numberInSurah": 14,
        "juz": 25,
        "manzil": 6,
        "page": 500,
        "ruku": 435,
        "hizbQuarter": 200,
        "sajda": false,
        "audioArabic": [
          "https://cdn.jsdelivr.net/gh/Salimbd71/ArabicQuran@main/45/14.mp3"
        ],
        "audioBangla": [
          "https://cdn.jsdelivr.net/gh/Salimbd71/BanglaQuran@main/45/14.mp3"
        ]
      },
      {
        "number": 4488,
        "audio": "https://cdn.islamic.network/quran/audio/192/ar.abdullahbasfar/4488.mp3",
        "audioSecondary": [
          "https://cdn.islamic.network/quran/audio/192/ar.abdullahbasfar/4488.mp3"
        ],
        "text": "مَنْ عَمِلَ صَٰلِحًۭا فَلِنَفْسِهِۦ ۖ وَمَنْ أَسَآءَ فَعَلَيْهَا ۖ ثُمَّ إِلَىٰ رَبِّكُمْ تُرْجَعُونَ",
        "numberInSurah": 15,
        "juz": 25,
        "manzil": 6,
        "page": 500,
        "ruku": 435,
        "hizbQuarter": 200,
        "sajda": false,
        "audioArabic": [
          "https://cdn.jsdelivr.net/gh/Salimbd71/ArabicQuran@main/45/15.mp3"
        ],
        "audioBangla": [
          "https://cdn.jsdelivr.net/gh/Salimbd71/BanglaQuran@main/45/15.mp3"
        ]
      },
      {
        "number": 4489,
        "audio": "https://cdn.islamic.network/quran/audio/192/ar.abdullahbasfar/4489.mp3",
        "audioSecondary": [
          "https://cdn.islamic.network/quran/audio/192/ar.abdullahbasfar/4489.mp3"
        ],
        "text": "وَلَقَدْ ءَاتَيْنَا بَنِىٓ إِسْرَٰٓءِيلَ ٱلْكِتَٰبَ وَٱلْحُكْمَ وَٱلنُّبُوَّةَ وَرَزَقْنَٰهُم مِّنَ ٱلطَّيِّبَٰتِ وَفَضَّلْنَٰهُمْ عَلَى ٱلْعَٰلَمِينَ",
        "numberInSurah": 16,
        "juz": 25,
        "manzil": 6,
        "page": 500,
        "ruku": 435,
        "hizbQuarter": 200,
        "sajda": false,
        "audioArabic": [
          "https://cdn.jsdelivr.net/gh/Salimbd71/ArabicQuran@main/45/16.mp3"
        ],
        "audioBangla": [
          "https://cdn.jsdelivr.net/gh/Salimbd71/BanglaQuran@main/45/16.mp3"
        ]
      },
      {
        "number": 4490,
        "audio": "https://cdn.islamic.network/quran/audio/192/ar.abdullahbasfar/4490.mp3",
        "audioSecondary": [
          "https://cdn.islamic.network/quran/audio/192/ar.abdullahbasfar/4490.mp3"
        ],
        "text": "وَءَاتَيْنَٰهُم بَيِّنَٰتٍۢ مِّنَ ٱلْأَمْرِ ۖ فَمَا ٱخْتَلَفُوٓا۟ إِلَّا مِنۢ بَعْدِ مَا جَآءَهُمُ ٱلْعِلْمُ بَغْيًۢا بَيْنَهُمْ ۚ إِنَّ رَبَّكَ يَقْضِى بَيْنَهُمْ يَوْمَ ٱلْقِيَٰمَةِ فِيمَا كَانُوا۟ فِيهِ يَخْتَلِفُونَ",
        "numberInSurah": 17,
        "juz": 25,
        "manzil": 6,
        "page": 500,
        "ruku": 435,
        "hizbQuarter": 200,
        "sajda": false,
        "audioArabic": [
          "https://cdn.jsdelivr.net/gh/Salimbd71/ArabicQuran@main/45/17.mp3"
        ],
        "audioBangla": [
          "https://cdn.jsdelivr.net/gh/Salimbd71/BanglaQuran@main/45/17.mp3"
        ]
      },
      {
        "number": 4491,
        "audio": "https://cdn.islamic.network/quran/audio/192/ar.abdullahbasfar/4491.mp3",
        "audioSecondary": [
          "https://cdn.islamic.network/quran/audio/192/ar.abdullahbasfar/4491.mp3"
        ],
        "text": "ثُمَّ جَعَلْنَٰكَ عَلَىٰ شَرِيعَةٍۢ مِّنَ ٱلْأَمْرِ فَٱتَّبِعْهَا وَلَا تَتَّبِعْ أَهْوَآءَ ٱلَّذِينَ لَا يَعْلَمُونَ",
        "numberInSurah": 18,
        "juz": 25,
        "manzil": 6,
        "page": 500,
        "ruku": 435,
        "hizbQuarter": 200,
        "sajda": false,
        "audioArabic": [
          "https://cdn.jsdelivr.net/gh/Salimbd71/ArabicQuran@main/45/18.mp3"
        ],
        "audioBangla": [
          "https://cdn.jsdelivr.net/gh/Salimbd71/BanglaQuran@main/45/18.mp3"
        ]
      },
      {
        "number": 4492,
        "audio": "https://cdn.islamic.network/quran/audio/192/ar.abdullahbasfar/4492.mp3",
        "audioSecondary": [
          "https://cdn.islamic.network/quran/audio/192/ar.abdullahbasfar/4492.mp3"
        ],
        "text": "إِنَّهُمْ لَن يُغْنُوا۟ عَنكَ مِنَ ٱللَّهِ شَيْـًۭٔا ۚ وَإِنَّ ٱلظَّٰلِمِينَ بَعْضُهُمْ أَوْلِيَآءُ بَعْضٍۢ ۖ وَٱللَّهُ وَلِىُّ ٱلْمُتَّقِينَ",
        "numberInSurah": 19,
        "juz": 25,
        "manzil": 6,
        "page": 500,
        "ruku": 435,
        "hizbQuarter": 200,
        "sajda": false,
        "audioArabic": [
          "https://cdn.jsdelivr.net/gh/Salimbd71/ArabicQuran@main/45/19.mp3"
        ],
        "audioBangla": [
          "https://cdn.jsdelivr.net/gh/Salimbd71/BanglaQuran@main/45/19.mp3"
        ]
      },
      {
        "number": 4493,
        "audio": "https://cdn.islamic.network/quran/audio/192/ar.abdullahbasfar/4493.mp3",
        "audioSecondary": [
          "https://cdn.islamic.network/quran/audio/192/ar.abdullahbasfar/4493.mp3"
        ],
        "text": "هَٰذَا بَصَٰٓئِرُ لِلنَّاسِ وَهُدًۭى وَرَحْمَةٌۭ لِّقَوْمٍۢ يُوقِنُونَ",
        "numberInSurah": 20,
        "juz": 25,
        "manzil": 6,
        "page": 500,
        "ruku": 435,
        "hizbQuarter": 200,
        "sajda": false,
        "audioArabic": [
          "https://cdn.jsdelivr.net/gh/Salimbd71/ArabicQuran@main/45/20.mp3"
        ],
        "audioBangla": [
          "https://cdn.jsdelivr.net/gh/Salimbd71/BanglaQuran@main/45/20.mp3"
        ]
      },
      {
        "number": 4494,
        "audio": "https://cdn.islamic.network/quran/audio/192/ar.abdullahbasfar/4494.mp3",
        "audioSecondary": [
          "https://cdn.islamic.network/quran/audio/192/ar.abdullahbasfar/4494.mp3"
        ],
        "text": "أَمْ حَسِبَ ٱلَّذِينَ ٱجْتَرَحُوا۟ ٱلسَّيِّـَٔاتِ أَن نَّجْعَلَهُمْ كَٱلَّذِينَ ءَامَنُوا۟ وَعَمِلُوا۟ ٱلصَّٰلِحَٰتِ سَوَآءًۭ مَّحْيَاهُمْ وَمَمَاتُهُمْ ۚ سَآءَ مَا يَحْكُمُونَ",
        "numberInSurah": 21,
        "juz": 25,
        "manzil": 6,
        "page": 500,
        "ruku": 435,
        "hizbQuarter": 200,
        "sajda": false,
        "audioArabic": [
          "https://cdn.jsdelivr.net/gh/Salimbd71/ArabicQuran@main/45/21.mp3"
        ],
        "audioBangla": [
          "https://cdn.jsdelivr.net/gh/Salimbd71/BanglaQuran@main/45/21.mp3"
        ]
      },
      {
        "number": 4495,
        "audio": "https://cdn.islamic.network/quran/audio/192/ar.abdullahbasfar/4495.mp3",
        "audioSecondary": [
          "https://cdn.islamic.network/quran/audio/192/ar.abdullahbasfar/4495.mp3"
        ],
        "text": "وَخَلَقَ ٱللَّهُ ٱلسَّمَٰوَٰتِ وَٱلْأَرْضَ بِٱلْحَقِّ وَلِتُجْزَىٰ كُلُّ نَفْسٍۭ بِمَا كَسَبَتْ وَهُمْ لَا يُظْلَمُونَ",
        "numberInSurah": 22,
        "juz": 25,
        "manzil": 6,
        "page": 500,
        "ruku": 436,
        "hizbQuarter": 200,
        "sajda": false,
        "audioArabic": [
          "https://cdn.jsdelivr.net/gh/Salimbd71/ArabicQuran@main/45/22.mp3"
        ],
        "audioBangla": [
          "https://cdn.jsdelivr.net/gh/Salimbd71/BanglaQuran@main/45/22.mp3"
        ]
      },
      {
        "number": 4496,
        "audio": "https://cdn.islamic.network/quran/audio/192/ar.abdullahbasfar/4496.mp3",
        "audioSecondary": [
          "https://cdn.islamic.network/quran/audio/192/ar.abdullahbasfar/4496.mp3"
        ],
        "text": "أَفَرَءَيْتَ مَنِ ٱتَّخَذَ إِلَٰهَهُۥ هَوَىٰهُ وَأَضَلَّهُ ٱللَّهُ عَلَىٰ عِلْمٍۢ وَخَتَمَ عَلَىٰ سَمْعِهِۦ وَقَلْبِهِۦ وَجَعَلَ عَلَىٰ بَصَرِهِۦ غِشَٰوَةًۭ فَمَن يَهْدِيهِ مِنۢ بَعْدِ ٱللَّهِ ۚ أَفَلَا تَذَكَّرُونَ",
        "numberInSurah": 23,
        "juz": 25,
        "manzil": 6,
        "page": 501,
        "ruku": 436,
        "hizbQuarter": 200,
        "sajda": false,
        "audioArabic": [
          "https://cdn.jsdelivr.net/gh/Salimbd71/ArabicQuran@main/45/23.mp3"
        ],
        "audioBangla": [
          "https://cdn.jsdelivr.net/gh/Salimbd71/BanglaQuran@main/45/23.mp3"
        ]
      },
      {
        "number": 4497,
        "audio": "https://cdn.islamic.network/quran/audio/192/ar.abdullahbasfar/4497.mp3",
        "audioSecondary": [
          "https://cdn.islamic.network/quran/audio/192/ar.abdullahbasfar/4497.mp3"
        ],
        "text": "وَقَالُوا۟ مَا هِىَ إِلَّا حَيَاتُنَا ٱلدُّنْيَا نَمُوتُ وَنَحْيَا وَمَا يُهْلِكُنَآ إِلَّا ٱلدَّهْرُ ۚ وَمَا لَهُم بِذَٰلِكَ مِنْ عِلْمٍ ۖ إِنْ هُمْ إِلَّا يَظُنُّونَ",
        "numberInSurah": 24,
        "juz": 25,
        "manzil": 6,
        "page": 501,
        "ruku": 436,
        "hizbQuarter": 200,
        "sajda": false,
        "audioArabic": [
          "https://cdn.jsdelivr.net/gh/Salimbd71/ArabicQuran@main/45/24.mp3"
        ],
        "audioBangla": [
          "https://cdn.jsdelivr.net/gh/Salimbd71/BanglaQuran@main/45/24.mp3"
        ]
      },
      {
        "number": 4498,
        "audio": "https://cdn.islamic.network/quran/audio/192/ar.abdullahbasfar/4498.mp3",
        "audioSecondary": [
          "https://cdn.islamic.network/quran/audio/192/ar.abdullahbasfar/4498.mp3"
        ],
        "text": "وَإِذَا تُتْلَىٰ عَلَيْهِمْ ءَايَٰتُنَا بَيِّنَٰتٍۢ مَّا كَانَ حُجَّتَهُمْ إِلَّآ أَن قَالُوا۟ ٱئْتُوا۟ بِـَٔابَآئِنَآ إِن كُنتُمْ صَٰدِقِينَ",
        "numberInSurah": 25,
        "juz": 25,
        "manzil": 6,
        "page": 501,
        "ruku": 436,
        "hizbQuarter": 200,
        "sajda": false,
        "audioArabic": [
          "https://cdn.jsdelivr.net/gh/Salimbd71/ArabicQuran@main/45/25.mp3"
        ],
        "audioBangla": [
          "https://cdn.jsdelivr.net/gh/Salimbd71/BanglaQuran@main/45/25.mp3"
        ]
      },
      {
        "number": 4499,
        "audio": "https://cdn.islamic.network/quran/audio/192/ar.abdullahbasfar/4499.mp3",
        "audioSecondary": [
          "https://cdn.islamic.network/quran/audio/192/ar.abdullahbasfar/4499.mp3"
        ],
        "text": "قُلِ ٱللَّهُ يُحْيِيكُمْ ثُمَّ يُمِيتُكُمْ ثُمَّ يَجْمَعُكُمْ إِلَىٰ يَوْمِ ٱلْقِيَٰمَةِ لَا رَيْبَ فِيهِ وَلَٰكِنَّ أَكْثَرَ ٱلنَّاسِ لَا يَعْلَمُونَ",
        "numberInSurah": 26,
        "juz": 25,
        "manzil": 6,
        "page": 501,
        "ruku": 436,
        "hizbQuarter": 200,
        "sajda": false,
        "audioArabic": [
          "https://cdn.jsdelivr.net/gh/Salimbd71/ArabicQuran@main/45/26.mp3"
        ],
        "audioBangla": [
          "https://cdn.jsdelivr.net/gh/Salimbd71/BanglaQuran@main/45/26.mp3"
        ]
      },
      {
        "number": 4500,
        "audio": "https://cdn.islamic.network/quran/audio/192/ar.abdullahbasfar/4500.mp3",
        "audioSecondary": [
          "https://cdn.islamic.network/quran/audio/192/ar.abdullahbasfar/4500.mp3"
        ],
        "text": "وَلِلَّهِ مُلْكُ ٱلسَّمَٰوَٰتِ وَٱلْأَرْضِ ۚ وَيَوْمَ تَقُومُ ٱلسَّاعَةُ يَوْمَئِذٍۢ يَخْسَرُ ٱلْمُبْطِلُونَ",
        "numberInSurah": 27,
        "juz": 25,
        "manzil": 6,
        "page": 501,
        "ruku": 437,
        "hizbQuarter": 200,
        "sajda": false,
        "audioArabic": [
          "https://cdn.jsdelivr.net/gh/Salimbd71/ArabicQuran@main/45/27.mp3"
        ],
        "audioBangla": [
          "https://cdn.jsdelivr.net/gh/Salimbd71/BanglaQuran@main/45/27.mp3"
        ]
      },
      {
        "number": 4501,
        "audio": "https://cdn.islamic.network/quran/audio/192/ar.abdullahbasfar/4501.mp3",
        "audioSecondary": [
          "https://cdn.islamic.network/quran/audio/192/ar.abdullahbasfar/4501.mp3"
        ],
        "text": "وَتَرَىٰ كُلَّ أُمَّةٍۢ جَاثِيَةًۭ ۚ كُلُّ أُمَّةٍۢ تُدْعَىٰٓ إِلَىٰ كِتَٰبِهَا ٱلْيَوْمَ تُجْزَوْنَ مَا كُنتُمْ تَعْمَلُونَ",
        "numberInSurah": 28,
        "juz": 25,
        "manzil": 6,
        "page": 501,
        "ruku": 437,
        "hizbQuarter": 200,
        "sajda": false,
        "audioArabic": [
          "https://cdn.jsdelivr.net/gh/Salimbd71/ArabicQuran@main/45/28.mp3"
        ],
        "audioBangla": [
          "https://cdn.jsdelivr.net/gh/Salimbd71/BanglaQuran@main/45/28.mp3"
        ]
      },
      {
        "number": 4502,
        "audio": "https://cdn.islamic.network/quran/audio/192/ar.abdullahbasfar/4502.mp3",
        "audioSecondary": [
          "https://cdn.islamic.network/quran/audio/192/ar.abdullahbasfar/4502.mp3"
        ],
        "text": "هَٰذَا كِتَٰبُنَا يَنطِقُ عَلَيْكُم بِٱلْحَقِّ ۚ إِنَّا كُنَّا نَسْتَنسِخُ مَا كُنتُمْ تَعْمَلُونَ",
        "numberInSurah": 29,
        "juz": 25,
        "manzil": 6,
        "page": 501,
        "ruku": 437,
        "hizbQuarter": 200,
        "sajda": false,
        "audioArabic": [
          "https://cdn.jsdelivr.net/gh/Salimbd71/ArabicQuran@main/45/29.mp3"
        ],
        "audioBangla": [
          "https://cdn.jsdelivr.net/gh/Salimbd71/BanglaQuran@main/45/29.mp3"
        ]
      },
      {
        "number": 4503,
        "audio": "https://cdn.islamic.network/quran/audio/192/ar.abdullahbasfar/4503.mp3",
        "audioSecondary": [
          "https://cdn.islamic.network/quran/audio/192/ar.abdullahbasfar/4503.mp3"
        ],
        "text": "فَأَمَّا ٱلَّذِينَ ءَامَنُوا۟ وَعَمِلُوا۟ ٱلصَّٰلِحَٰتِ فَيُدْخِلُهُمْ رَبُّهُمْ فِى رَحْمَتِهِۦ ۚ ذَٰلِكَ هُوَ ٱلْفَوْزُ ٱلْمُبِينُ",
        "numberInSurah": 30,
        "juz": 25,
        "manzil": 6,
        "page": 501,
        "ruku": 437,
        "hizbQuarter": 200,
        "sajda": false,
        "audioArabic": [
          "https://cdn.jsdelivr.net/gh/Salimbd71/ArabicQuran@main/45/30.mp3"
        ],
        "audioBangla": [
          "https://cdn.jsdelivr.net/gh/Salimbd71/BanglaQuran@main/45/30.mp3"
        ]
      },
      {
        "number": 4504,
        "audio": "https://cdn.islamic.network/quran/audio/192/ar.abdullahbasfar/4504.mp3",
        "audioSecondary": [
          "https://cdn.islamic.network/quran/audio/192/ar.abdullahbasfar/4504.mp3"
        ],
        "text": "وَأَمَّا ٱلَّذِينَ كَفَرُوٓا۟ أَفَلَمْ تَكُنْ ءَايَٰتِى تُتْلَىٰ عَلَيْكُمْ فَٱسْتَكْبَرْتُمْ وَكُنتُمْ قَوْمًۭا مُّجْرِمِينَ",
        "numberInSurah": 31,
        "juz": 25,
        "manzil": 6,
        "page": 501,
        "ruku": 437,
        "hizbQuarter": 200,
        "sajda": false,
        "audioArabic": [
          "https://cdn.jsdelivr.net/gh/Salimbd71/ArabicQuran@main/45/31.mp3"
        ],
        "audioBangla": [
          "https://cdn.jsdelivr.net/gh/Salimbd71/BanglaQuran@main/45/31.mp3"
        ]
      },
      {
        "number": 4505,
        "audio": "https://cdn.islamic.network/quran/audio/192/ar.abdullahbasfar/4505.mp3",
        "audioSecondary": [
          "https://cdn.islamic.network/quran/audio/192/ar.abdullahbasfar/4505.mp3"
        ],
        "text": "وَإِذَا قِيلَ إِنَّ وَعْدَ ٱللَّهِ حَقٌّۭ وَٱلسَّاعَةُ لَا رَيْبَ فِيهَا قُلْتُم مَّا نَدْرِى مَا ٱلسَّاعَةُ إِن نَّظُنُّ إِلَّا ظَنًّۭا وَمَا نَحْنُ بِمُسْتَيْقِنِينَ",
        "numberInSurah": 32,
        "juz": 25,
        "manzil": 6,
        "page": 501,
        "ruku": 437,
        "hizbQuarter": 200,
        "sajda": false,
        "audioArabic": [
          "https://cdn.jsdelivr.net/gh/Salimbd71/ArabicQuran@main/45/32.mp3"
        ],
        "audioBangla": [
          "https://cdn.jsdelivr.net/gh/Salimbd71/BanglaQuran@main/45/32.mp3"
        ]
      },
      {
        "number": 4506,
        "audio": "https://cdn.islamic.network/quran/audio/192/ar.abdullahbasfar/4506.mp3",
        "audioSecondary": [
          "https://cdn.islamic.network/quran/audio/192/ar.abdullahbasfar/4506.mp3"
        ],
        "text": "وَبَدَا لَهُمْ سَيِّـَٔاتُ مَا عَمِلُوا۟ وَحَاقَ بِهِم مَّا كَانُوا۟ بِهِۦ يَسْتَهْزِءُونَ",
        "numberInSurah": 33,
        "juz": 25,
        "manzil": 6,
        "page": 502,
        "ruku": 437,
        "hizbQuarter": 200,
        "sajda": false,
        "audioArabic": [
          "https://cdn.jsdelivr.net/gh/Salimbd71/ArabicQuran@main/45/33.mp3"
        ],
        "audioBangla": [
          "https://cdn.jsdelivr.net/gh/Salimbd71/BanglaQuran@main/45/33.mp3"
        ]
      },
      {
        "number": 4507,
        "audio": "https://cdn.islamic.network/quran/audio/192/ar.abdullahbasfar/4507.mp3",
        "audioSecondary": [
          "https://cdn.islamic.network/quran/audio/192/ar.abdullahbasfar/4507.mp3"
        ],
        "text": "وَقِيلَ ٱلْيَوْمَ نَنسَىٰكُمْ كَمَا نَسِيتُمْ لِقَآءَ يَوْمِكُمْ هَٰذَا وَمَأْوَىٰكُمُ ٱلنَّارُ وَمَا لَكُم مِّن نَّٰصِرِينَ",
        "numberInSurah": 34,
        "juz": 25,
        "manzil": 6,
        "page": 502,
        "ruku": 437,
        "hizbQuarter": 200,
        "sajda": false,
        "audioArabic": [
          "https://cdn.jsdelivr.net/gh/Salimbd71/ArabicQuran@main/45/34.mp3"
        ],
        "audioBangla": [
          "https://cdn.jsdelivr.net/gh/Salimbd71/BanglaQuran@main/45/34.mp3"
        ]
      },
      {
        "number": 4508,
        "audio": "https://cdn.islamic.network/quran/audio/192/ar.abdullahbasfar/4508.mp3",
        "audioSecondary": [
          "https://cdn.islamic.network/quran/audio/192/ar.abdullahbasfar/4508.mp3"
        ],
        "text": "ذَٰلِكُم بِأَنَّكُمُ ٱتَّخَذْتُمْ ءَايَٰتِ ٱللَّهِ هُزُوًۭا وَغَرَّتْكُمُ ٱلْحَيَوٰةُ ٱلدُّنْيَا ۚ فَٱلْيَوْمَ لَا يُخْرَجُونَ مِنْهَا وَلَا هُمْ يُسْتَعْتَبُونَ",
        "numberInSurah": 35,
        "juz": 25,
        "manzil": 6,
        "page": 502,
        "ruku": 437,
        "hizbQuarter": 200,
        "sajda": false,
        "audioArabic": [
          "https://cdn.jsdelivr.net/gh/Salimbd71/ArabicQuran@main/45/35.mp3"
        ],
        "audioBangla": [
          "https://cdn.jsdelivr.net/gh/Salimbd71/BanglaQuran@main/45/35.mp3"
        ]
      },
      {
        "number": 4509,
        "audio": "https://cdn.islamic.network/quran/audio/192/ar.abdullahbasfar/4509.mp3",
        "audioSecondary": [
          "https://cdn.islamic.network/quran/audio/192/ar.abdullahbasfar/4509.mp3"
        ],
        "text": "فَلِلَّهِ ٱلْحَمْدُ رَبِّ ٱلسَّمَٰوَٰتِ وَرَبِّ ٱلْأَرْضِ رَبِّ ٱلْعَٰلَمِينَ",
        "numberInSurah": 36,
        "juz": 25,
        "manzil": 6,
        "page": 502,
        "ruku": 437,
        "hizbQuarter": 200,
        "sajda": false,
        "audioArabic": [
          "https://cdn.jsdelivr.net/gh/Salimbd71/ArabicQuran@main/45/36.mp3"
        ],
        "audioBangla": [
          "https://cdn.jsdelivr.net/gh/Salimbd71/BanglaQuran@main/45/36.mp3"
        ]
      },
      {
        "number": 4510,
        "audio": "https://cdn.islamic.network/quran/audio/192/ar.abdullahbasfar/4510.mp3",
        "audioSecondary": [
          "https://cdn.islamic.network/quran/audio/192/ar.abdullahbasfar/4510.mp3"
        ],
        "text": "وَلَهُ ٱلْكِبْرِيَآءُ فِى ٱلسَّمَٰوَٰتِ وَٱلْأَرْضِ ۖ وَهُوَ ٱلْعَزِيزُ ٱلْحَكِيمُ",
        "numberInSurah": 37,
        "juz": 25,
        "manzil": 6,
        "page": 502,
        "ruku": 437,
        "hizbQuarter": 200,
        "sajda": false,
        "audioArabic": [
          "https://cdn.jsdelivr.net/gh/Salimbd71/ArabicQuran@main/45/37.mp3"
        ],
        "audioBangla": [
          "https://cdn.jsdelivr.net/gh/Salimbd71/BanglaQuran@main/45/37.mp3"
        ]
      }
    ],
    "edition": {
      "identifier": "ar.abdullahbasfar",
      "language": "ar",
      "name": "عبد الله بصفر",
      "englishName": "Abdullah Basfar",
      "format": "audio",
      "type": "versebyverse",
      "direction": null
    }
  }
}