{
  "code": 200,
  "status": "OK",
  "data": {
    "number": 28,
    "name": "سُورَةُ القَصَصِ",
    "englishName": "Al-Qasas",
    "englishNameTranslation": "The Stories",
    "revelationType": "Meccan",
    "numberOfAyahs": 88,
    "ayahs": [
      {
        "number": 3253,
        "audio": "https://everyayah.com/data/Maher_AlMuaiqly_64kbps/028001.mp3",
        "audioSecondary": [
          "https://cdn.islamic.network/quran/audio/64/ar.mahermuaiqly/3253.mp3"
        ],
        "text": "بِسْمِ ٱللَّهِ ٱلرَّحْمَٰنِ ٱلرَّحِيمِ طسٓمٓ",
        "numberInSurah": 1,
        "juz": 20,
        "manzil": 5,
        "page": 385,
        "ruku": 334,
        "hizbQuarter": 154,
        "sajda": false,
        "audioArabic": [
          "https://cdn.jsdelivr.net/gh/Salimbd71/ArabicQuran@main/28/1.mp3"
        ],
        "audioBangla": [
          "https://cdn.jsdelivr.net/gh/Salimbd71/BanglaQuran@main/28/1.mp3"
        ]
      },
      {
        "number": 3254,
        "audio": "https://everyayah.com/data/Maher_AlMuaiqly_64kbps/028002.mp3",
        "audioSecondary": [
          "https://cdn.islamic.network/quran/audio/64/ar.mahermuaiqly/3254.mp3"
        ],
        "text": "تِلْكَ ءَايَٰتُ ٱلْكِتَٰبِ ٱلْمُبِينِ",
        "numberInSurah": 2,
        "juz": 20,
        "manzil": 5,
        "page": 385,
        "ruku": 334,
        "hizbQuarter": 154,
        "sajda": false,
        "audioArabic": [
          "https://cdn.jsdelivr.net/gh/Salimbd71/ArabicQuran@main/28/2.mp3"
        ],
        "audioBangla": [
          "https://cdn.jsdelivr.net/gh/Salimbd71/BanglaQuran@main/28/2.mp3"
        ]
      },
      {
        "number": 3255,
        "audio": "https://everyayah.com/data/Maher_AlMuaiqly_64kbps/028003.mp3",
        "audioSecondary": [
          "https://cdn.islamic.network/quran/audio/64/ar.mahermuaiqly/3255.mp3"
        ],
        "text": "نَتْلُوا۟ عَلَيْكَ مِن نَّبَإِ مُوسَىٰ وَفِرْعَوْنَ بِٱلْحَقِّ لِقَوْمٍۢ يُؤْمِنُونَ",
        "numberInSurah": 3,
        "juz": 20,
        "manzil": 5,
        "page": 385,
        "ruku": 334,
        "hizbQuarter": 154,
        "sajda": false,
        "audioArabic": [
          "https://cdn.jsdelivr.net/gh/Salimbd71/ArabicQuran@main/28/3.mp3"
        ],
        "audioBangla": [
          "https://cdn.jsdelivr.net/gh/Salimbd71/BanglaQuran@main/28/3.mp3"
        ]
      },
      {
        "number": 3256,
        "audio": "https://everyayah.com/data/Maher_AlMuaiqly_64kbps/028004.mp3",
        "audioSecondary": [
          "https://cdn.islamic.network/quran/audio/64/ar.mahermuaiqly/3256.mp3"
        ],
        "text": "إِنَّ فِرْعَوْنَ عَلَا فِى ٱلْأَرْضِ وَجَعَلَ أَهْلَهَا شِيَعًۭا يَسْتَضْعِفُ طَآئِفَةًۭ مِّنْهُمْ يُذَبِّحُ أَبْنَآءَهُمْ وَيَسْتَحْىِۦ نِسَآءَهُمْ ۚ إِنَّهُۥ كَانَ مِنَ ٱلْمُفْسِدِينَ",
        "numberInSurah": 4,
        "juz": 20,
        "manzil": 5,
        "page": 385,
        "ruku": 334,
        "hizbQuarter": 154,
        "sajda": false,
        "audioArabic": [
          "https://cdn.jsdelivr.net/gh/Salimbd71/ArabicQuran@main/28/4.mp3"
        ],
        "audioBangla": [
          "https://cdn.jsdelivr.net/gh/Salimbd71/BanglaQuran@main/28/4.mp3"
        ]
      },
      {
        "number": 3257,
        "audio": "https://everyayah.com/data/Maher_AlMuaiqly_64kbps/028005.mp3",
        "audioSecondary": [
          "https://cdn.islamic.network/quran/audio/64/ar.mahermuaiqly/3257.mp3"
        ],
        "text": "وَنُرِيدُ أَن نَّمُنَّ عَلَى ٱلَّذِينَ ٱسْتُضْعِفُوا۟ فِى ٱلْأَرْضِ وَنَجْعَلَهُمْ أَئِمَّةًۭ وَنَجْعَلَهُمُ ٱلْوَٰرِثِينَ",
        "numberInSurah": 5,
        "juz": 20,
        "manzil": 5,
        "page": 385,
        "ruku": 334,
        "hizbQuarter": 154,
        "sajda": false,
        "audioArabic": [
          "https://cdn.jsdelivr.net/gh/Salimbd71/ArabicQuran@main/28/5.mp3"
        ],
        "audioBangla": [
          "https://cdn.jsdelivr.net/gh/Salimbd71/BanglaQuran@main/28/5.mp3"
        ]
      },
      {
        "number": 3258,
        "audio": "https://everyayah.com/data/Maher_AlMuaiqly_64kbps/028006.mp3",
        "audioSecondary": [
          "https://cdn.islamic.network/quran/audio/64/ar.mahermuaiqly/3258.mp3"
        ],
        "text": "وَنُمَكِّنَ لَهُمْ فِى ٱلْأَرْضِ وَنُرِىَ فِرْعَوْنَ وَهَٰمَٰنَ وَجُنُودَهُمَا مِنْهُم مَّا كَانُوا۟ يَحْذَرُونَ",
        "numberInSurah": 6,
        "juz": 20,
        "manzil": 5,
        "page": 386,
        "ruku": 334,
        "hizbQuarter": 154,
        "sajda": false,
        "audioArabic": [
          "https://cdn.jsdelivr.net/gh/Salimbd71/ArabicQuran@main/28/6.mp3"
        ],
        "audioBangla": [
          "https://cdn.jsdelivr.net/gh/Salimbd71/BanglaQuran@main/28/6.mp3"
        ]
      },
      {
        "number": 3259,
        "audio": "https://everyayah.com/data/Maher_AlMuaiqly_64kbps/028007.mp3",
        "audioSecondary": [
          "https://cdn.islamic.network/quran/audio/64/ar.mahermuaiqly/3259.mp3"
        ],
        "text": "وَأَوْحَيْنَآ إِلَىٰٓ أُمِّ مُوسَىٰٓ أَنْ أَرْضِعِيهِ ۖ فَإِذَا خِفْتِ عَلَيْهِ فَأَلْقِيهِ فِى ٱلْيَمِّ وَلَا تَخَافِى وَلَا تَحْزَنِىٓ ۖ إِنَّا رَآدُّوهُ إِلَيْكِ وَجَاعِلُوهُ مِنَ ٱلْمُرْسَلِينَ",
        "numberInSurah": 7,
        "juz": 20,
        "manzil": 5,
        "page": 386,
        "ruku": 334,
        "hizbQuarter": 154,
        "sajda": false,
        "audioArabic": [
          "https://cdn.jsdelivr.net/gh/Salimbd71/ArabicQuran@main/28/7.mp3"
        ],
        "audioBangla": [
          "https://cdn.jsdelivr.net/gh/Salimbd71/BanglaQuran@main/28/7.mp3"
        ]
      },
      {
        "number": 3260,
        "audio": "https://everyayah.com/data/Maher_AlMuaiqly_64kbps/028008.mp3",
        "audioSecondary": [
          "https://cdn.islamic.network/quran/audio/64/ar.mahermuaiqly/3260.mp3"
        ],
        "text": "فَٱلْتَقَطَهُۥٓ ءَالُ فِرْعَوْنَ لِيَكُونَ لَهُمْ عَدُوًّۭا وَحَزَنًا ۗ إِنَّ فِرْعَوْنَ وَهَٰمَٰنَ وَجُنُودَهُمَا كَانُوا۟ خَٰطِـِٔينَ",
        "numberInSurah": 8,
        "juz": 20,
        "manzil": 5,
        "page": 386,
        "ruku": 334,
        "hizbQuarter": 154,
        "sajda": false,
        "audioArabic": [
          "https://cdn.jsdelivr.net/gh/Salimbd71/ArabicQuran@main/28/8.mp3"
        ],
        "audioBangla": [
          "https://cdn.jsdelivr.net/gh/Salimbd71/BanglaQuran@main/28/8.mp3"
        ]
      },
      {
        "number": 3261,
        "audio": "https://everyayah.com/data/Maher_AlMuaiqly_64kbps/028009.mp3",
        "audioSecondary": [
          "https://cdn.islamic.network/quran/audio/64/ar.mahermuaiqly/3261.mp3"
        ],
        "text": "وَقَالَتِ ٱمْرَأَتُ فِرْعَوْنَ قُرَّتُ عَيْنٍۢ لِّى وَلَكَ ۖ لَا تَقْتُلُوهُ عَسَىٰٓ أَن يَنفَعَنَآ أَوْ نَتَّخِذَهُۥ وَلَدًۭا وَهُمْ لَا يَشْعُرُونَ",
        "numberInSurah": 9,
        "juz": 20,
        "manzil": 5,
        "page": 386,
        "ruku": 334,
        "hizbQuarter": 154,
        "sajda": false,
        "audioArabic": [
          "https://cdn.jsdelivr.net/gh/Salimbd71/ArabicQuran@main/28/9.mp3"
        ],
        "audioBangla": [
          "https://cdn.jsdelivr.net/gh/Salimbd71/BanglaQuran@main/28/9.mp3"
        ]
      },
      {
        "number": 3262,
        "audio": "https://everyayah.com/data/Maher_AlMuaiqly_64kbps/028010.mp3",
        "audioSecondary": [
          "https://cdn.islamic.network/quran/audio/64/ar.mahermuaiqly/3262.mp3"
        ],
        "text": "وَأَصْبَحَ فُؤَادُ أُمِّ مُوسَىٰ فَٰرِغًا ۖ إِن كَادَتْ لَتُبْدِى بِهِۦ لَوْلَآ أَن رَّبَطْنَا عَلَىٰ قَلْبِهَا لِتَكُونَ مِنَ ٱلْمُؤْمِنِينَ",
        "numberInSurah": 10,
        "juz": 20,
        "manzil": 5,
        "page": 386,
        "ruku": 334,
        "hizbQuarter": 154,
        "sajda": false,
        "audioArabic": [
          "https://cdn.jsdelivr.net/gh/Salimbd71/ArabicQuran@main/28/10.mp3"
        ],
        "audioBangla": [
          "https://cdn.jsdelivr.net/gh/Salimbd71/BanglaQuran@main/28/10.mp3"
        ]
      },
      {
        "number": 3263,
        "audio": "https://everyayah.com/data/Maher_AlMuaiqly_64kbps/028011.mp3",
        "audioSecondary": [
          "https://cdn.islamic.network/quran/audio/64/ar.mahermuaiqly/3263.mp3"
        ],
        "text": "وَقَالَتْ لِأُخْتِهِۦ قُصِّيهِ ۖ فَبَصُرَتْ بِهِۦ عَن جُنُبٍۢ وَهُمْ لَا يَشْعُرُونَ",
        "numberInSurah": 11,
        "juz": 20,
        "manzil": 5,
        "page": 386,
        "ruku": 334,
        "hizbQuarter": 154,
        "sajda": false,
        "audioArabic": [
          "https://cdn.jsdelivr.net/gh/Salimbd71/ArabicQuran@main/28/11.mp3"
        ],
        "audioBangla": [
          "https://cdn.jsdelivr.net/gh/Salimbd71/BanglaQuran@main/28/11.mp3"
        ]
      },
      {
        "number": 3264,
        "audio": "https://everyayah.com/data/Maher_AlMuaiqly_64kbps/028012.mp3",
        "audioSecondary": [
          "https://cdn.islamic.network/quran/audio/64/ar.mahermuaiqly/3264.mp3"
        ],
        "text": "۞ وَحَرَّمْنَا عَلَيْهِ ٱلْمَرَاضِعَ مِن قَبْلُ فَقَالَتْ هَلْ أَدُلُّكُمْ عَلَىٰٓ أَهْلِ بَيْتٍۢ يَكْفُلُونَهُۥ لَكُمْ وَهُمْ لَهُۥ نَٰصِحُونَ",
        "numberInSurah": 12,
        "juz": 20,
        "manzil": 5,
        "page": 386,
        "ruku": 334,
        "hizbQuarter": 155,
        "sajda": false,
        "audioArabic": [
          "https://cdn.jsdelivr.net/gh/Salimbd71/ArabicQuran@main/28/12.mp3"
        ],
        "audioBangla": [
          "https://cdn.jsdelivr.net/gh/Salimbd71/BanglaQuran@main/28/12.mp3"
        ]
      },
      {
        "number": 3265,
        "audio": "https://everyayah.com/data/Maher_AlMuaiqly_64kbps/028013.mp3",
        "audioSecondary": [
          "https://cdn.islamic.network/quran/audio/64/ar.mahermuaiqly/3265.mp3"
        ],
        "text": "فَرَدَدْنَٰهُ إِلَىٰٓ أُمِّهِۦ كَىْ تَقَرَّ عَيْنُهَا وَلَا تَحْزَنَ وَلِتَعْلَمَ أَنَّ وَعْدَ ٱللَّهِ حَقٌّۭ وَلَٰكِنَّ أَكْثَرَهُمْ لَا يَعْلَمُونَ",
        "numberInSurah": 13,
        "juz": 20,
        "manzil": 5,
        "page": 386,
        "ruku": 334,
        "hizbQuarter": 155,
        "sajda": false,
        "audioArabic": [
          "https://cdn.jsdelivr.net/gh/Salimbd71/ArabicQuran@main/28/13.mp3"
        ],
        "audioBangla": [
          "https://cdn.jsdelivr.net/gh/Salimbd71/BanglaQuran@main/28/13.mp3"
        ]
      },
      {
        "number": 3266,
        "audio": "https://everyayah.com/data/Maher_AlMuaiqly_64kbps/028014.mp3",
        "audioSecondary": [
          "https://cdn.islamic.network/quran/audio/64/ar.mahermuaiqly/3266.mp3"
        ],
        "text": "وَلَمَّا بَلَغَ أَشُدَّهُۥ وَٱسْتَوَىٰٓ ءَاتَيْنَٰهُ حُكْمًۭا وَعِلْمًۭا ۚ وَكَذَٰلِكَ نَجْزِى ٱلْمُحْسِنِينَ",
        "numberInSurah": 14,
        "juz": 20,
        "manzil": 5,
        "page": 387,
        "ruku": 335,
        "hizbQuarter": 155,
        "sajda": false,
        "audioArabic": [
          "https://cdn.jsdelivr.net/gh/Salimbd71/ArabicQuran@main/28/14.mp3"
        ],
        "audioBangla": [
          "https://cdn.jsdelivr.net/gh/Salimbd71/BanglaQuran@main/28/14.mp3"
        ]
      },
      {
        "number": 3267,
        "audio": "https://everyayah.com/data/Maher_AlMuaiqly_64kbps/028015.mp3",
        "audioSecondary": [
          "https://cdn.islamic.network/quran/audio/64/ar.mahermuaiqly/3267.mp3"
        ],
        "text": "وَدَخَلَ ٱلْمَدِينَةَ عَلَىٰ حِينِ غَفْلَةٍۢ مِّنْ أَهْلِهَا فَوَجَدَ فِيهَا رَجُلَيْنِ يَقْتَتِلَانِ هَٰذَا مِن شِيعَتِهِۦ وَهَٰذَا مِنْ عَدُوِّهِۦ ۖ فَٱسْتَغَٰثَهُ ٱلَّذِى مِن شِيعَتِهِۦ عَلَى ٱلَّذِى مِنْ عَدُوِّهِۦ فَوَكَزَهُۥ مُوسَىٰ فَقَضَىٰ عَلَيْهِ ۖ قَالَ هَٰذَا مِنْ عَمَلِ ٱلشَّيْطَٰنِ ۖ إِنَّهُۥ عَدُوٌّۭ مُّضِلٌّۭ مُّبِينٌۭ",
        "numberInSurah": 15,
        "juz": 20,
        "manzil": 5,
        "page": 387,
        "ruku": 335,
        "hizbQuarter": 155,
        "sajda": false,
        "audioArabic": [
          "https://cdn.jsdelivr.net/gh/Salimbd71/ArabicQuran@main/28/15.mp3"
        ],
        "audioBangla": [
          "https://cdn.jsdelivr.net/gh/Salimbd71/BanglaQuran@main/28/15.mp3"
        ]
      },
      {
        "number": 3268,
        "audio": "https://everyayah.com/data/Maher_AlMuaiqly_64kbps/028016.mp3",
        "audioSecondary": [
          "https://cdn.islamic.network/quran/audio/64/ar.mahermuaiqly/3268.mp3"
        ],
        "text": "قَالَ رَبِّ إِنِّى ظَلَمْتُ نَفْسِى فَٱغْفِرْ لِى فَغَفَرَ لَهُۥٓ ۚ إِنَّهُۥ هُوَ ٱلْغَفُورُ ٱلرَّحِيمُ",
        "numberInSurah": 16,
        "juz": 20,
        "manzil": 5,
        "page": 387,
        "ruku": 335,
        "hizbQuarter": 155,
        "sajda": false,
        "audioArabic": [
          "https://cdn.jsdelivr.net/gh/Salimbd71/ArabicQuran@main/28/16.mp3"
        ],
        "audioBangla": [
          "https://cdn.jsdelivr.net/gh/Salimbd71/BanglaQuran@main/28/16.mp3"
        ]
      },
      {
        "number": 3269,
        "audio": "https://everyayah.com/data/Maher_AlMuaiqly_64kbps/028017.mp3",
        "audioSecondary": [
          "https://cdn.islamic.network/quran/audio/64/ar.mahermuaiqly/3269.mp3"
        ],
        "text": "قَالَ رَبِّ بِمَآ أَنْعَمْتَ عَلَىَّ فَلَنْ أَكُونَ ظَهِيرًۭا لِّلْمُجْرِمِينَ",
        "numberInSurah": 17,
        "juz": 20,
        "manzil": 5,
        "page": 387,
        "ruku": 335,
        "hizbQuarter": 155,
        "sajda": false,
        "audioArabic": [
          "https://cdn.jsdelivr.net/gh/Salimbd71/ArabicQuran@main/28/17.mp3"
        ],
        "audioBangla": [
          "https://cdn.jsdelivr.net/gh/Salimbd71/BanglaQuran@main/28/17.mp3"
        ]
      },
      {
        "number": 3270,
        "audio": "https://everyayah.com/data/Maher_AlMuaiqly_64kbps/028018.mp3",
        "audioSecondary": [
          "https://cdn.islamic.network/quran/audio/64/ar.mahermuaiqly/3270.mp3"
        ],
        "text": "فَأَصْبَحَ فِى ٱلْمَدِينَةِ خَآئِفًۭا يَتَرَقَّبُ فَإِذَا ٱلَّذِى ٱسْتَنصَرَهُۥ بِٱلْأَمْسِ يَسْتَصْرِخُهُۥ ۚ قَالَ لَهُۥ مُوسَىٰٓ إِنَّكَ لَغَوِىٌّۭ مُّبِينٌۭ",
        "numberInSurah": 18,
        "juz": 20,
        "manzil": 5,
        "page": 387,
        "ruku": 335,
        "hizbQuarter": 155,
        "sajda": false,
        "audioArabic": [
          "https://cdn.jsdelivr.net/gh/Salimbd71/ArabicQuran@main/28/18.mp3"
        ],
        "audioBangla": [
          "https://cdn.jsdelivr.net/gh/Salimbd71/BanglaQuran@main/28/18.mp3"
        ]
      },
      {
        "number": 3271,
        "audio": "https://everyayah.com/data/Maher_AlMuaiqly_64kbps/028019.mp3",
        "audioSecondary": [
          "https://cdn.islamic.network/quran/audio/64/ar.mahermuaiqly/3271.mp3"
        ],
        "text": "فَلَمَّآ أَنْ أَرَادَ أَن يَبْطِشَ بِٱلَّذِى هُوَ عَدُوٌّۭ لَّهُمَا قَالَ يَٰمُوسَىٰٓ أَتُرِيدُ أَن تَقْتُلَنِى كَمَا قَتَلْتَ نَفْسًۢا بِٱلْأَمْسِ ۖ إِن تُرِيدُ إِلَّآ أَن تَكُونَ جَبَّارًۭا فِى ٱلْأَرْضِ وَمَا تُرِيدُ أَن تَكُونَ مِنَ ٱلْمُصْلِحِينَ",
        "numberInSurah": 19,
        "juz": 20,
        "manzil": 5,
        "page": 387,
        "ruku": 335,
        "hizbQuarter": 155,
        "sajda": false,
        "audioArabic": [
          "https://cdn.jsdelivr.net/gh/Salimbd71/ArabicQuran@main/28/19.mp3"
        ],
        "audioBangla": [
          "https://cdn.jsdelivr.net/gh/Salimbd71/BanglaQuran@main/28/19.mp3"
        ]
      },
      {
        "number": 3272,
        "audio": "https://everyayah.com/data/Maher_AlMuaiqly_64kbps/028020.mp3",
        "audioSecondary": [
          "https://cdn.islamic.network/quran/audio/64/ar.mahermuaiqly/3272.mp3"
        ],
        "text": "وَجَآءَ رَجُلٌۭ مِّنْ أَقْصَا ٱلْمَدِينَةِ يَسْعَىٰ قَالَ يَٰمُوسَىٰٓ إِنَّ ٱلْمَلَأَ يَأْتَمِرُونَ بِكَ لِيَقْتُلُوكَ فَٱخْرُجْ إِنِّى لَكَ مِنَ ٱلنَّٰصِحِينَ",
        "numberInSurah": 20,
        "juz": 20,
        "manzil": 5,
        "page": 387,
        "ruku": 335,
        "hizbQuarter": 155,
        "sajda": false,
        "audioArabic": [
          "https://cdn.jsdelivr.net/gh/Salimbd71/ArabicQuran@main/28/20.mp3"
        ],
        "audioBangla": [
          "https://cdn.jsdelivr.net/gh/Salimbd71/BanglaQuran@main/28/20.mp3"
        ]
      },
      {
        "number": 3273,
        "audio": "https://everyayah.com/data/Maher_AlMuaiqly_64kbps/028021.mp3",
        "audioSecondary": [
          "https://cdn.islamic.network/quran/audio/64/ar.mahermuaiqly/3273.mp3"
        ],
        "text": "فَخَرَجَ مِنْهَا خَآئِفًۭا يَتَرَقَّبُ ۖ قَالَ رَبِّ نَجِّنِى مِنَ ٱلْقَوْمِ ٱلظَّٰلِمِينَ",
        "numberInSurah": 21,
        "juz": 20,
        "manzil": 5,
        "page": 387,
        "ruku": 335,
        "hizbQuarter": 155,
        "sajda": false,
        "audioArabic": [
          "https://cdn.jsdelivr.net/gh/Salimbd71/ArabicQuran@main/28/21.mp3"
        ],
        "audioBangla": [
          "https://cdn.jsdelivr.net/gh/Salimbd71/BanglaQuran@main/28/21.mp3"
        ]
      },
      {
        "number": 3274,
        "audio": "https://everyayah.com/data/Maher_AlMuaiqly_64kbps/028022.mp3",
        "audioSecondary": [
          "https://cdn.islamic.network/quran/audio/64/ar.mahermuaiqly/3274.mp3"
        ],
        "text": "وَلَمَّا تَوَجَّهَ تِلْقَآءَ مَدْيَنَ قَالَ عَسَىٰ رَبِّىٓ أَن يَهْدِيَنِى سَوَآءَ ٱلسَّبِيلِ",
        "numberInSurah": 22,
        "juz": 20,
        "manzil": 5,
        "page": 388,
        "ruku": 336,
        "hizbQuarter": 155,
        "sajda": false,
        "audioArabic": [
          "https://cdn.jsdelivr.net/gh/Salimbd71/ArabicQuran@main/28/22.mp3"
        ],
        "audioBangla": [
          "https://cdn.jsdelivr.net/gh/Salimbd71/BanglaQuran@main/28/22.mp3"
        ]
      },
      {
        "number": 3275,
        "audio": "https://everyayah.com/data/Maher_AlMuaiqly_64kbps/028023.mp3",
        "audioSecondary": [
          "https://cdn.islamic.network/quran/audio/64/ar.mahermuaiqly/3275.mp3"
        ],
        "text": "وَلَمَّا وَرَدَ مَآءَ مَدْيَنَ وَجَدَ عَلَيْهِ أُمَّةًۭ مِّنَ ٱلنَّاسِ يَسْقُونَ وَوَجَدَ مِن دُونِهِمُ ٱمْرَأَتَيْنِ تَذُودَانِ ۖ قَالَ مَا خَطْبُكُمَا ۖ قَالَتَا لَا نَسْقِى حَتَّىٰ يُصْدِرَ ٱلرِّعَآءُ ۖ وَأَبُونَا شَيْخٌۭ كَبِيرٌۭ",
        "numberInSurah": 23,
        "juz": 20,
        "manzil": 5,
        "page": 388,
        "ruku": 336,
        "hizbQuarter": 155,
        "sajda": false,
        "audioArabic": [
          "https://cdn.jsdelivr.net/gh/Salimbd71/ArabicQuran@main/28/23.mp3"
        ],
        "audioBangla": [
          "https://cdn.jsdelivr.net/gh/Salimbd71/BanglaQuran@main/28/23.mp3"
        ]
      },
      {
        "number": 3276,
        "audio": "https://everyayah.com/data/Maher_AlMuaiqly_64kbps/028024.mp3",
        "audioSecondary": [
          "https://cdn.islamic.network/quran/audio/64/ar.mahermuaiqly/3276.mp3"
        ],
        "text": "فَسَقَىٰ لَهُمَا ثُمَّ تَوَلَّىٰٓ إِلَى ٱلظِّلِّ فَقَالَ رَبِّ إِنِّى لِمَآ أَنزَلْتَ إِلَىَّ مِنْ خَيْرٍۢ فَقِيرٌۭ",
        "numberInSurah": 24,
        "juz": 20,
        "manzil": 5,
        "page": 388,
        "ruku": 336,
        "hizbQuarter": 155,
        "sajda": false,
        "audioArabic": [
          "https://cdn.jsdelivr.net/gh/Salimbd71/ArabicQuran@main/28/24.mp3"
        ],
        "audioBangla": [
          "https://cdn.jsdelivr.net/gh/Salimbd71/BanglaQuran@main/28/24.mp3"
        ]
      },
      {
        "number": 3277,
        "audio": "https://everyayah.com/data/Maher_AlMuaiqly_64kbps/028025.mp3",
        "audioSecondary": [
          "https://cdn.islamic.network/quran/audio/64/ar.mahermuaiqly/3277.mp3"
        ],
        "text": "فَجَآءَتْهُ إِحْدَىٰهُمَا تَمْشِى عَلَى ٱسْتِحْيَآءٍۢ قَالَتْ إِنَّ أَبِى يَدْعُوكَ لِيَجْزِيَكَ أَجْرَ مَا سَقَيْتَ لَنَا ۚ فَلَمَّا جَآءَهُۥ وَقَصَّ عَلَيْهِ ٱلْقَصَصَ قَالَ لَا تَخَفْ ۖ نَجَوْتَ مِنَ ٱلْقَوْمِ ٱلظَّٰلِمِينَ",
        "numberInSurah": 25,
        "juz": 20,
        "manzil": 5,
        "page": 388,
        "ruku": 336,
        "hizbQuarter": 155,
        "sajda": false,
        "audioArabic": [
          "https://cdn.jsdelivr.net/gh/Salimbd71/ArabicQuran@main/28/25.mp3"
        ],
        "audioBangla": [
          "https://cdn.jsdelivr.net/gh/Salimbd71/BanglaQuran@main/28/25.mp3"
        ]
      },
      {
        "number": 3278,
        "audio": "https://everyayah.com/data/Maher_AlMuaiqly_64kbps/028026.mp3",
        "audioSecondary": [
          "https://cdn.islamic.network/quran/audio/64/ar.mahermuaiqly/3278.mp3"
        ],
        "text": "قَالَتْ إِحْدَىٰهُمَا يَٰٓأَبَتِ ٱسْتَـْٔجِرْهُ ۖ إِنَّ خَيْرَ مَنِ ٱسْتَـْٔجَرْتَ ٱلْقَوِىُّ ٱلْأَمِينُ",
        "numberInSurah": 26,
        "juz": 20,
        "manzil": 5,
        "page": 388,
        "ruku": 336,
        "hizbQuarter": 155,
        "sajda": false,
        "audioArabic": [
          "https://cdn.jsdelivr.net/gh/Salimbd71/ArabicQuran@main/28/26.mp3"
        ],
        "audioBangla": [
          "https://cdn.jsdelivr.net/gh/Salimbd71/BanglaQuran@main/28/26.mp3"
        ]
      },
      {
        "number": 3279,
        "audio": "https://everyayah.com/data/Maher_AlMuaiqly_64kbps/028027.mp3",
        "audioSecondary": [
          "https://cdn.islamic.network/quran/audio/64/ar.mahermuaiqly/3279.mp3"
        ],
        "text": "قَالَ إِنِّىٓ أُرِيدُ أَنْ أُنكِحَكَ إِحْدَى ٱبْنَتَىَّ هَٰتَيْنِ عَلَىٰٓ أَن تَأْجُرَنِى ثَمَٰنِىَ حِجَجٍۢ ۖ فَإِنْ أَتْمَمْتَ عَشْرًۭا فَمِنْ عِندِكَ ۖ وَمَآ أُرِيدُ أَنْ أَشُقَّ عَلَيْكَ ۚ سَتَجِدُنِىٓ إِن شَآءَ ٱللَّهُ مِنَ ٱلصَّٰلِحِينَ",
        "numberInSurah": 27,
        "juz": 20,
        "manzil": 5,
        "page": 388,
        "ruku": 336,
        "hizbQuarter": 155,
        "sajda": false,
        "audioArabic": [
          "https://cdn.jsdelivr.net/gh/Salimbd71/ArabicQuran@main/28/27.mp3"
        ],
        "audioBangla": [
          "https://cdn.jsdelivr.net/gh/Salimbd71/BanglaQuran@main/28/27.mp3"
        ]
      },
      {
        "number": 3280,
        "audio": "https://everyayah.com/data/Maher_AlMuaiqly_64kbps/028028.mp3",
        "audioSecondary": [
          "https://cdn.islamic.network/quran/audio/64/ar.mahermuaiqly/3280.mp3"
        ],
        "text": "قَالَ ذَٰلِكَ بَيْنِى وَبَيْنَكَ ۖ أَيَّمَا ٱلْأَجَلَيْنِ قَضَيْتُ فَلَا عُدْوَٰنَ عَلَىَّ ۖ وَٱللَّهُ عَلَىٰ مَا نَقُولُ وَكِيلٌۭ",
        "numberInSurah": 28,
        "juz": 20,
        "manzil": 5,
        "page": 388,
        "ruku": 336,
        "hizbQuarter": 155,
        "sajda": false,
        "audioArabic": [
          "https://cdn.jsdelivr.net/gh/Salimbd71/ArabicQuran@main/28/28.mp3"
        ],
        "audioBangla": [
          "https://cdn.jsdelivr.net/gh/Salimbd71/BanglaQuran@main/28/28.mp3"
        ]
      },
      {
        "number": 3281,
        "audio": "https://everyayah.com/data/Maher_AlMuaiqly_64kbps/028029.mp3",
        "audioSecondary": [
          "https://cdn.islamic.network/quran/audio/64/ar.mahermuaiqly/3281.mp3"
        ],
        "text": "۞ فَلَمَّا قَضَىٰ مُوسَى ٱلْأَجَلَ وَسَارَ بِأَهْلِهِۦٓ ءَانَسَ مِن جَانِبِ ٱلطُّورِ نَارًۭا قَالَ لِأَهْلِهِ ٱمْكُثُوٓا۟ إِنِّىٓ ءَانَسْتُ نَارًۭا لَّعَلِّىٓ ءَاتِيكُم مِّنْهَا بِخَبَرٍ أَوْ جَذْوَةٍۢ مِّنَ ٱلنَّارِ لَعَلَّكُمْ تَصْطَلُونَ",
        "numberInSurah": 29,
        "juz": 20,
        "manzil": 5,
        "page": 389,
        "ruku": 337,
        "hizbQuarter": 156,
        "sajda": false,
        "audioArabic": [
          "https://cdn.jsdelivr.net/gh/Salimbd71/ArabicQuran@main/28/29.mp3"
        ],
        "audioBangla": [
          "https://cdn.jsdelivr.net/gh/Salimbd71/BanglaQuran@main/28/29.mp3"
        ]
      },
      {
        "number": 3282,
        "audio": "https://everyayah.com/data/Maher_AlMuaiqly_64kbps/028030.mp3",
        "audioSecondary": [
          "https://cdn.islamic.network/quran/audio/64/ar.mahermuaiqly/3282.mp3"
        ],
        "text": "فَلَمَّآ أَتَىٰهَا نُودِىَ مِن شَٰطِئِ ٱلْوَادِ ٱلْأَيْمَنِ فِى ٱلْبُقْعَةِ ٱلْمُبَٰرَكَةِ مِنَ ٱلشَّجَرَةِ أَن يَٰمُوسَىٰٓ إِنِّىٓ أَنَا ٱللَّهُ رَبُّ ٱلْعَٰلَمِينَ",
        "numberInSurah": 30,
        "juz": 20,
        "manzil": 5,
        "page": 389,
        "ruku": 337,
        "hizbQuarter": 156,
        "sajda": false,
        "audioArabic": [
          "https://cdn.jsdelivr.net/gh/Salimbd71/ArabicQuran@main/28/30.mp3"
        ],
        "audioBangla": [
          "https://cdn.jsdelivr.net/gh/Salimbd71/BanglaQuran@main/28/30.mp3"
        ]
      },
      {
        "number": 3283,
        "audio": "https://everyayah.com/data/Maher_AlMuaiqly_64kbps/028031.mp3",
        "audioSecondary": [
          "https://cdn.islamic.network/quran/audio/64/ar.mahermuaiqly/3283.mp3"
        ],
        "text": "وَأَنْ أَلْقِ عَصَاكَ ۖ فَلَمَّا رَءَاهَا تَهْتَزُّ كَأَنَّهَا جَآنٌّۭ وَلَّىٰ مُدْبِرًۭا وَلَمْ يُعَقِّبْ ۚ يَٰمُوسَىٰٓ أَقْبِلْ وَلَا تَخَفْ ۖ إِنَّكَ مِنَ ٱلْءَامِنِينَ",
        "numberInSurah": 31,
        "juz": 20,
        "manzil": 5,
        "page": 389,
        "ruku": 337,
        "hizbQuarter": 156,
        "sajda": false,
        "audioArabic": [
          "https://cdn.jsdelivr.net/gh/Salimbd71/ArabicQuran@main/28/31.mp3"
        ],
        "audioBangla": [
          "https://cdn.jsdelivr.net/gh/Salimbd71/BanglaQuran@main/28/31.mp3"
        ]
      },
      {
        "number": 3284,
        "audio": "https://everyayah.com/data/Maher_AlMuaiqly_64kbps/028032.mp3",
        "audioSecondary": [
          "https://cdn.islamic.network/quran/audio/64/ar.mahermuaiqly/3284.mp3"
        ],
        "text": "ٱسْلُكْ يَدَكَ فِى جَيْبِكَ تَخْرُجْ بَيْضَآءَ مِنْ غَيْرِ سُوٓءٍۢ وَٱضْمُمْ إِلَيْكَ جَنَاحَكَ مِنَ ٱلرَّهْبِ ۖ فَذَٰنِكَ بُرْهَٰنَانِ مِن رَّبِّكَ إِلَىٰ فِرْعَوْنَ وَمَلَإِي۟هِۦٓ ۚ إِنَّهُمْ كَانُوا۟ قَوْمًۭا فَٰسِقِينَ",
        "numberInSurah": 32,
        "juz": 20,
        "manzil": 5,
        "page": 389,
        "ruku": 337,
        "hizbQuarter": 156,
        "sajda": false,
        "audioArabic": [
          "https://cdn.jsdelivr.net/gh/Salimbd71/ArabicQuran@main/28/32.mp3"
        ],
        "audioBangla": [
          "https://cdn.jsdelivr.net/gh/Salimbd71/BanglaQuran@main/28/32.mp3"
        ]
      },
      {
        "number": 3285,
        "audio": "https://everyayah.com/data/Maher_AlMuaiqly_64kbps/028033.mp3",
        "audioSecondary": [
          "https://cdn.islamic.network/quran/audio/64/ar.mahermuaiqly/3285.mp3"
        ],
        "text": "قَالَ رَبِّ إِنِّى قَتَلْتُ مِنْهُمْ نَفْسًۭا فَأَخَافُ أَن يَقْتُلُونِ",
        "numberInSurah": 33,
        "juz": 20,
        "manzil": 5,
        "page": 389,
        "ruku": 337,
        "hizbQuarter": 156,
        "sajda": false,
        "audioArabic": [
          "https://cdn.jsdelivr.net/gh/Salimbd71/ArabicQuran@main/28/33.mp3"
        ],
        "audioBangla": [
          "https://cdn.jsdelivr.net/gh/Salimbd71/BanglaQuran@main/28/33.mp3"
        ]
      },
      {
        "number": 3286,
        "audio": "https://everyayah.com/data/Maher_AlMuaiqly_64kbps/028034.mp3",
        "audioSecondary": [
          "https://cdn.islamic.network/quran/audio/64/ar.mahermuaiqly/3286.mp3"
        ],
        "text": "وَأَخِى هَٰرُونُ هُوَ أَفْصَحُ مِنِّى لِسَانًۭا فَأَرْسِلْهُ مَعِىَ رِدْءًۭا يُصَدِّقُنِىٓ ۖ إِنِّىٓ أَخَافُ أَن يُكَذِّبُونِ",
        "numberInSurah": 34,
        "juz": 20,
        "manzil": 5,
        "page": 389,
        "ruku": 337,
        "hizbQuarter": 156,
        "sajda": false,
        "audioArabic": [
          "https://cdn.jsdelivr.net/gh/Salimbd71/ArabicQuran@main/28/34.mp3"
        ],
        "audioBangla": [
          "https://cdn.jsdelivr.net/gh/Salimbd71/BanglaQuran@main/28/34.mp3"
        ]
      },
      {
        "number": 3287,
        "audio": "https://everyayah.com/data/Maher_AlMuaiqly_64kbps/028035.mp3",
        "audioSecondary": [
          "https://cdn.islamic.network/quran/audio/64/ar.mahermuaiqly/3287.mp3"
        ],
        "text": "قَالَ سَنَشُدُّ عَضُدَكَ بِأَخِيكَ وَنَجْعَلُ لَكُمَا سُلْطَٰنًۭا فَلَا يَصِلُونَ إِلَيْكُمَا ۚ بِـَٔايَٰتِنَآ أَنتُمَا وَمَنِ ٱتَّبَعَكُمَا ٱلْغَٰلِبُونَ",
        "numberInSurah": 35,
        "juz": 20,
        "manzil": 5,
        "page": 389,
        "ruku": 337,
        "hizbQuarter": 156,
        "sajda": false,
        "audioArabic": [
          "https://cdn.jsdelivr.net/gh/Salimbd71/ArabicQuran@main/28/35.mp3"
        ],
        "audioBangla": [
          "https://cdn.jsdelivr.net/gh/Salimbd71/BanglaQuran@main/28/35.mp3"
        ]
      },
      {
        "number": 3288,
        "audio": "https://everyayah.com/data/Maher_AlMuaiqly_64kbps/028036.mp3",
        "audioSecondary": [
          "https://cdn.islamic.network/quran/audio/64/ar.mahermuaiqly/3288.mp3"
        ],
        "text": "فَلَمَّا جَآءَهُم مُّوسَىٰ بِـَٔايَٰتِنَا بَيِّنَٰتٍۢ قَالُوا۟ مَا هَٰذَآ إِلَّا سِحْرٌۭ مُّفْتَرًۭى وَمَا سَمِعْنَا بِهَٰذَا فِىٓ ءَابَآئِنَا ٱلْأَوَّلِينَ",
        "numberInSurah": 36,
        "juz": 20,
        "manzil": 5,
        "page": 390,
        "ruku": 337,
        "hizbQuarter": 156,
        "sajda": false,
        "audioArabic": [
          "https://cdn.jsdelivr.net/gh/Salimbd71/ArabicQuran@main/28/36.mp3"
        ],
        "audioBangla": [
          "https://cdn.jsdelivr.net/gh/Salimbd71/BanglaQuran@main/28/36.mp3"
        ]
      },
      {
        "number": 3289,
        "audio": "https://everyayah.com/data/Maher_AlMuaiqly_64kbps/028037.mp3",
        "audioSecondary": [
          "https://cdn.islamic.network/quran/audio/64/ar.mahermuaiqly/3289.mp3"
        ],
        "text": "وَقَالَ مُوسَىٰ رَبِّىٓ أَعْلَمُ بِمَن جَآءَ بِٱلْهُدَىٰ مِنْ عِندِهِۦ وَمَن تَكُونُ لَهُۥ عَٰقِبَةُ ٱلدَّارِ ۖ إِنَّهُۥ لَا يُفْلِحُ ٱلظَّٰلِمُونَ",
        "numberInSurah": 37,
        "juz": 20,
        "manzil": 5,
        "page": 390,
        "ruku": 337,
        "hizbQuarter": 156,
        "sajda": false,
        "audioArabic": [
          "https://cdn.jsdelivr.net/gh/Salimbd71/ArabicQuran@main/28/37.mp3"
        ],
        "audioBangla": [
          "https://cdn.jsdelivr.net/gh/Salimbd71/BanglaQuran@main/28/37.mp3"
        ]
      },
      {
        "number": 3290,
        "audio": "https://everyayah.com/data/Maher_AlMuaiqly_64kbps/028038.mp3",
        "audioSecondary": [
          "https://cdn.islamic.network/quran/audio/64/ar.mahermuaiqly/3290.mp3"
        ],
        "text": "وَقَالَ فِرْعَوْنُ يَٰٓأَيُّهَا ٱلْمَلَأُ مَا عَلِمْتُ لَكُم مِّنْ إِلَٰهٍ غَيْرِى فَأَوْقِدْ لِى يَٰهَٰمَٰنُ عَلَى ٱلطِّينِ فَٱجْعَل لِّى صَرْحًۭا لَّعَلِّىٓ أَطَّلِعُ إِلَىٰٓ إِلَٰهِ مُوسَىٰ وَإِنِّى لَأَظُنُّهُۥ مِنَ ٱلْكَٰذِبِينَ",
        "numberInSurah": 38,
        "juz": 20,
        "manzil": 5,
        "page": 390,
        "ruku": 337,
        "hizbQuarter": 156,
        "sajda": false,
        "audioArabic": [
          "https://cdn.jsdelivr.net/gh/Salimbd71/ArabicQuran@main/28/38.mp3"
        ],
        "audioBangla": [
          "https://cdn.jsdelivr.net/gh/Salimbd71/BanglaQuran@main/28/38.mp3"
        ]
      },
      {
        "number": 3291,
        "audio": "https://everyayah.com/data/Maher_AlMuaiqly_64kbps/028039.mp3",
        "audioSecondary": [
          "https://cdn.islamic.network/quran/audio/64/ar.mahermuaiqly/3291.mp3"
        ],
        "text": "وَٱسْتَكْبَرَ هُوَ وَجُنُودُهُۥ فِى ٱلْأَرْضِ بِغَيْرِ ٱلْحَقِّ وَظَنُّوٓا۟ أَنَّهُمْ إِلَيْنَا لَا يُرْجَعُونَ",
        "numberInSurah": 39,
        "juz": 20,
        "manzil": 5,
        "page": 390,
        "ruku": 337,
        "hizbQuarter": 156,
        "sajda": false,
        "audioArabic": [
          "https://cdn.jsdelivr.net/gh/Salimbd71/ArabicQuran@main/28/39.mp3"
        ],
        "audioBangla": [
          "https://cdn.jsdelivr.net/gh/Salimbd71/BanglaQuran@main/28/39.mp3"
        ]
      },
      {
        "number": 3292,
        "audio": "https://everyayah.com/data/Maher_AlMuaiqly_64kbps/028040.mp3",
        "audioSecondary": [
          "https://cdn.islamic.network/quran/audio/64/ar.mahermuaiqly/3292.mp3"
        ],
        "text": "فَأَخَذْنَٰهُ وَجُنُودَهُۥ فَنَبَذْنَٰهُمْ فِى ٱلْيَمِّ ۖ فَٱنظُرْ كَيْفَ كَانَ عَٰقِبَةُ ٱلظَّٰلِمِينَ",
        "numberInSurah": 40,
        "juz": 20,
        "manzil": 5,
        "page": 390,
        "ruku": 337,
        "hizbQuarter": 156,
        "sajda": false,
        "audioArabic": [
          "https://cdn.jsdelivr.net/gh/Salimbd71/ArabicQuran@main/28/40.mp3"
        ],
        "audioBangla": [
          "https://cdn.jsdelivr.net/gh/Salimbd71/BanglaQuran@main/28/40.mp3"
        ]
      },
      {
        "number": 3293,
        "audio": "https://everyayah.com/data/Maher_AlMuaiqly_64kbps/028041.mp3",
        "audioSecondary": [
          "https://cdn.islamic.network/quran/audio/64/ar.mahermuaiqly/3293.mp3"
        ],
        "text": "وَجَعَلْنَٰهُمْ أَئِمَّةًۭ يَدْعُونَ إِلَى ٱلنَّارِ ۖ وَيَوْمَ ٱلْقِيَٰمَةِ لَا يُنصَرُونَ",
        "numberInSurah": 41,
        "juz": 20,
        "manzil": 5,
        "page": 390,
        "ruku": 337,
        "hizbQuarter": 156,
        "sajda": false,
        "audioArabic": [
          "https://cdn.jsdelivr.net/gh/Salimbd71/ArabicQuran@main/28/41.mp3"
        ],
        "audioBangla": [
          "https://cdn.jsdelivr.net/gh/Salimbd71/BanglaQuran@main/28/41.mp3"
        ]
      },
      {
        "number": 3294,
        "audio": "https://everyayah.com/data/Maher_AlMuaiqly_64kbps/028042.mp3",
        "audioSecondary": [
          "https://cdn.islamic.network/quran/audio/64/ar.mahermuaiqly/3294.mp3"
        ],
        "text": "وَأَتْبَعْنَٰهُمْ فِى هَٰذِهِ ٱلدُّنْيَا لَعْنَةًۭ ۖ وَيَوْمَ ٱلْقِيَٰمَةِ هُم مِّنَ ٱلْمَقْبُوحِينَ",
        "numberInSurah": 42,
        "juz": 20,
        "manzil": 5,
        "page": 390,
        "ruku": 337,
        "hizbQuarter": 156,
        "sajda": false,
        "audioArabic": [
          "https://cdn.jsdelivr.net/gh/Salimbd71/ArabicQuran@main/28/42.mp3"
        ],
        "audioBangla": [
          "https://cdn.jsdelivr.net/gh/Salimbd71/BanglaQuran@main/28/42.mp3"
        ]
      },
      {
        "number": 3295,
        "audio": "https://everyayah.com/data/Maher_AlMuaiqly_64kbps/028043.mp3",
        "audioSecondary": [
          "https://cdn.islamic.network/quran/audio/64/ar.mahermuaiqly/3295.mp3"
        ],
        "text": "وَلَقَدْ ءَاتَيْنَا مُوسَى ٱلْكِتَٰبَ مِنۢ بَعْدِ مَآ أَهْلَكْنَا ٱلْقُرُونَ ٱلْأُولَىٰ بَصَآئِرَ لِلنَّاسِ وَهُدًۭى وَرَحْمَةًۭ لَّعَلَّهُمْ يَتَذَكَّرُونَ",
        "numberInSurah": 43,
        "juz": 20,
        "manzil": 5,
        "page": 390,
        "ruku": 338,
        "hizbQuarter": 156,
        "sajda": false,
        "audioArabic": [
          "https://cdn.jsdelivr.net/gh/Salimbd71/ArabicQuran@main/28/43.mp3"
        ],
        "audioBangla": [
          "https://cdn.jsdelivr.net/gh/Salimbd71/BanglaQuran@main/28/43.mp3"
        ]
      },
      {
        "number": 3296,
        "audio": "https://everyayah.com/data/Maher_AlMuaiqly_64kbps/028044.mp3",
        "audioSecondary": [
          "https://cdn.islamic.network/quran/audio/64/ar.mahermuaiqly/3296.mp3"
        ],
        "text": "وَمَا كُنتَ بِجَانِبِ ٱلْغَرْبِىِّ إِذْ قَضَيْنَآ إِلَىٰ مُوسَى ٱلْأَمْرَ وَمَا كُنتَ مِنَ ٱلشَّٰهِدِينَ",
        "numberInSurah": 44,
        "juz": 20,
        "manzil": 5,
        "page": 391,
        "ruku": 338,
        "hizbQuarter": 156,
        "sajda": false,
        "audioArabic": [
          "https://cdn.jsdelivr.net/gh/Salimbd71/ArabicQuran@main/28/44.mp3"
        ],
        "audioBangla": [
          "https://cdn.jsdelivr.net/gh/Salimbd71/BanglaQuran@main/28/44.mp3"
        ]
      },
      {
        "number": 3297,
        "audio": "https://everyayah.com/data/Maher_AlMuaiqly_64kbps/028045.mp3",
        "audioSecondary": [
          "https://cdn.islamic.network/quran/audio/64/ar.mahermuaiqly/3297.mp3"
        ],
        "text": "وَلَٰكِنَّآ أَنشَأْنَا قُرُونًۭا فَتَطَاوَلَ عَلَيْهِمُ ٱلْعُمُرُ ۚ وَمَا كُنتَ ثَاوِيًۭا فِىٓ أَهْلِ مَدْيَنَ تَتْلُوا۟ عَلَيْهِمْ ءَايَٰتِنَا وَلَٰكِنَّا كُنَّا مُرْسِلِينَ",
        "numberInSurah": 45,
        "juz": 20,
        "manzil": 5,
        "page": 391,
        "ruku": 338,
        "hizbQuarter": 156,
        "sajda": false,
        "audioArabic": [
          "https://cdn.jsdelivr.net/gh/Salimbd71/ArabicQuran@main/28/45.mp3"
        ],
        "audioBangla": [
          "https://cdn.jsdelivr.net/gh/Salimbd71/BanglaQuran@main/28/45.mp3"
        ]
      },
      {
        "number": 3298,
        "audio": "https://everyayah.com/data/Maher_AlMuaiqly_64kbps/028046.mp3",
        "audioSecondary": [
          "https://cdn.islamic.network/quran/audio/64/ar.mahermuaiqly/3298.mp3"
        ],
        "text": "وَمَا كُنتَ بِجَانِبِ ٱلطُّورِ إِذْ نَادَيْنَا وَلَٰكِن رَّحْمَةًۭ مِّن رَّبِّكَ لِتُنذِرَ قَوْمًۭا مَّآ أَتَىٰهُم مِّن نَّذِيرٍۢ مِّن قَبْلِكَ لَعَلَّهُمْ يَتَذَكَّرُونَ",
        "numberInSurah": 46,
        "juz": 20,
        "manzil": 5,
        "page": 391,
        "ruku": 338,
        "hizbQuarter": 156,
        "sajda": false,
        "audioArabic": [
          "https://cdn.jsdelivr.net/gh/Salimbd71/ArabicQuran@main/28/46.mp3"
        ],
        "audioBangla": [
          "https://cdn.jsdelivr.net/gh/Salimbd71/BanglaQuran@main/28/46.mp3"
        ]
      },
      {
        "number": 3299,
        "audio": "https://everyayah.com/data/Maher_AlMuaiqly_64kbps/028047.mp3",
        "audioSecondary": [
          "https://cdn.islamic.network/quran/audio/64/ar.mahermuaiqly/3299.mp3"
        ],
        "text": "وَلَوْلَآ أَن تُصِيبَهُم مُّصِيبَةٌۢ بِمَا قَدَّمَتْ أَيْدِيهِمْ فَيَقُولُوا۟ رَبَّنَا لَوْلَآ أَرْسَلْتَ إِلَيْنَا رَسُولًۭا فَنَتَّبِعَ ءَايَٰتِكَ وَنَكُونَ مِنَ ٱلْمُؤْمِنِينَ",
        "numberInSurah": 47,
        "juz": 20,
        "manzil": 5,
        "page": 391,
        "ruku": 338,
        "hizbQuarter": 156,
        "sajda": false,
        "audioArabic": [
          "https://cdn.jsdelivr.net/gh/Salimbd71/ArabicQuran@main/28/47.mp3"
        ],
        "audioBangla": [
          "https://cdn.jsdelivr.net/gh/Salimbd71/BanglaQuran@main/28/47.mp3"
        ]
      },
      {
        "number": 3300,
        "audio": "https://everyayah.com/data/Maher_AlMuaiqly_64kbps/028048.mp3",
        "audioSecondary": [
          "https://cdn.islamic.network/quran/audio/64/ar.mahermuaiqly/3300.mp3"
        ],
        "text": "فَلَمَّا جَآءَهُمُ ٱلْحَقُّ مِنْ عِندِنَا قَالُوا۟ لَوْلَآ أُوتِىَ مِثْلَ مَآ أُوتِىَ مُوسَىٰٓ ۚ أَوَلَمْ يَكْفُرُوا۟ بِمَآ أُوتِىَ مُوسَىٰ مِن قَبْلُ ۖ قَالُوا۟ سِحْرَانِ تَظَٰهَرَا وَقَالُوٓا۟ إِنَّا بِكُلٍّۢ كَٰفِرُونَ",
        "numberInSurah": 48,
        "juz": 20,
        "manzil": 5,
        "page": 391,
        "ruku": 338,
        "hizbQuarter": 156,
        "sajda": false,
        "audioArabic": [
          "https://cdn.jsdelivr.net/gh/Salimbd71/ArabicQuran@main/28/48.mp3"
        ],
        "audioBangla": [
          "https://cdn.jsdelivr.net/gh/Salimbd71/BanglaQuran@main/28/48.mp3"
        ]
      },
      {
        "number": 3301,
        "audio": "https://everyayah.com/data/Maher_AlMuaiqly_64kbps/028049.mp3",
        "audioSecondary": [
          "https://cdn.islamic.network/quran/audio/64/ar.mahermuaiqly/3301.mp3"
        ],
        "text": "قُلْ فَأْتُوا۟ بِكِتَٰبٍۢ مِّنْ عِندِ ٱللَّهِ هُوَ أَهْدَىٰ مِنْهُمَآ أَتَّبِعْهُ إِن كُنتُمْ صَٰدِقِينَ",
        "numberInSurah": 49,
        "juz": 20,
        "manzil": 5,
        "page": 391,
        "ruku": 338,
        "hizbQuarter": 156,
        "sajda": false,
        "audioArabic": [
          "https://cdn.jsdelivr.net/gh/Salimbd71/ArabicQuran@main/28/49.mp3"
        ],
        "audioBangla": [
          "https://cdn.jsdelivr.net/gh/Salimbd71/BanglaQuran@main/28/49.mp3"
        ]
      },
      {
        "number": 3302,
        "audio": "https://everyayah.com/data/Maher_AlMuaiqly_64kbps/028050.mp3",
        "audioSecondary": [
          "https://cdn.islamic.network/quran/audio/64/ar.mahermuaiqly/3302.mp3"
        ],
        "text": "فَإِن لَّمْ يَسْتَجِيبُوا۟ لَكَ فَٱعْلَمْ أَنَّمَا يَتَّبِعُونَ أَهْوَآءَهُمْ ۚ وَمَنْ أَضَلُّ مِمَّنِ ٱتَّبَعَ هَوَىٰهُ بِغَيْرِ هُدًۭى مِّنَ ٱللَّهِ ۚ إِنَّ ٱللَّهَ لَا يَهْدِى ٱلْقَوْمَ ٱلظَّٰلِمِينَ",
        "numberInSurah": 50,
        "juz": 20,
        "manzil": 5,
        "page": 391,
        "ruku": 338,
        "hizbQuarter": 156,
        "sajda": false,
        "audioArabic": [
          "https://cdn.jsdelivr.net/gh/Salimbd71/ArabicQuran@main/28/50.mp3"
        ],
        "audioBangla": [
          "https://cdn.jsdelivr.net/gh/Salimbd71/BanglaQuran@main/28/50.mp3"
        ]
      },
      {
        "number": 3303,
        "audio": "https://everyayah.com/data/Maher_AlMuaiqly_64kbps/028051.mp3",
        "audioSecondary": [
          "https://cdn.islamic.network/quran/audio/64/ar.mahermuaiqly/3303.mp3"
        ],
        "text": "۞ وَلَقَدْ وَصَّلْنَا لَهُمُ ٱلْقَوْلَ لَعَلَّهُمْ يَتَذَكَّرُونَ",
        "numberInSurah": 51,
        "juz": 20,
        "manzil": 5,
        "page": 392,
        "ruku": 339,
        "hizbQuarter": 157,
        "sajda": false,
        "audioArabic": [
          "https://cdn.jsdelivr.net/gh/Salimbd71/ArabicQuran@main/28/51.mp3"
        ],
        "audioBangla": [
          "https://cdn.jsdelivr.net/gh/Salimbd71/BanglaQuran@main/28/51.mp3"
        ]
      },
      {
        "number": 3304,
        "audio": "https://everyayah.com/data/Maher_AlMuaiqly_64kbps/028052.mp3",
        "audioSecondary": [
          "https://cdn.islamic.network/quran/audio/64/ar.mahermuaiqly/3304.mp3"
        ],
        "text": "ٱلَّذِينَ ءَاتَيْنَٰهُمُ ٱلْكِتَٰبَ مِن قَبْلِهِۦ هُم بِهِۦ يُؤْمِنُونَ",
        "numberInSurah": 52,
        "juz": 20,
        "manzil": 5,
        "page": 392,
        "ruku": 339,
        "hizbQuarter": 157,
        "sajda": false,
        "audioArabic": [
          "https://cdn.jsdelivr.net/gh/Salimbd71/ArabicQuran@main/28/52.mp3"
        ],
        "audioBangla": [
          "https://cdn.jsdelivr.net/gh/Salimbd71/BanglaQuran@main/28/52.mp3"
        ]
      },
      {
        "number": 3305,
        "audio": "https://everyayah.com/data/Maher_AlMuaiqly_64kbps/028053.mp3",
        "audioSecondary": [
          "https://cdn.islamic.network/quran/audio/64/ar.mahermuaiqly/3305.mp3"
        ],
        "text": "وَإِذَا يُتْلَىٰ عَلَيْهِمْ قَالُوٓا۟ ءَامَنَّا بِهِۦٓ إِنَّهُ ٱلْحَقُّ مِن رَّبِّنَآ إِنَّا كُنَّا مِن قَبْلِهِۦ مُسْلِمِينَ",
        "numberInSurah": 53,
        "juz": 20,
        "manzil": 5,
        "page": 392,
        "ruku": 339,
        "hizbQuarter": 157,
        "sajda": false,
        "audioArabic": [
          "https://cdn.jsdelivr.net/gh/Salimbd71/ArabicQuran@main/28/53.mp3"
        ],
        "audioBangla": [
          "https://cdn.jsdelivr.net/gh/Salimbd71/BanglaQuran@main/28/53.mp3"
        ]
      },
      {
        "number": 3306,
        "audio": "https://everyayah.com/data/Maher_AlMuaiqly_64kbps/028054.mp3",
        "audioSecondary": [
          "https://cdn.islamic.network/quran/audio/64/ar.mahermuaiqly/3306.mp3"
        ],
        "text": "أُو۟لَٰٓئِكَ يُؤْتَوْنَ أَجْرَهُم مَّرَّتَيْنِ بِمَا صَبَرُوا۟ وَيَدْرَءُونَ بِٱلْحَسَنَةِ ٱلسَّيِّئَةَ وَمِمَّا رَزَقْنَٰهُمْ يُنفِقُونَ",
        "numberInSurah": 54,
        "juz": 20,
        "manzil": 5,
        "page": 392,
        "ruku": 339,
        "hizbQuarter": 157,
        "sajda": false,
        "audioArabic": [
          "https://cdn.jsdelivr.net/gh/Salimbd71/ArabicQuran@main/28/54.mp3"
        ],
        "audioBangla": [
          "https://cdn.jsdelivr.net/gh/Salimbd71/BanglaQuran@main/28/54.mp3"
        ]
      },
      {
        "number": 3307,
        "audio": "https://everyayah.com/data/Maher_AlMuaiqly_64kbps/028055.mp3",
        "audioSecondary": [
          "https://cdn.islamic.network/quran/audio/64/ar.mahermuaiqly/3307.mp3"
        ],
        "text": "وَإِذَا سَمِعُوا۟ ٱللَّغْوَ أَعْرَضُوا۟ عَنْهُ وَقَالُوا۟ لَنَآ أَعْمَٰلُنَا وَلَكُمْ أَعْمَٰلُكُمْ سَلَٰمٌ عَلَيْكُمْ لَا نَبْتَغِى ٱلْجَٰهِلِينَ",
        "numberInSurah": 55,
        "juz": 20,
        "manzil": 5,
        "page": 392,
        "ruku": 339,
        "hizbQuarter": 157,
        "sajda": false,
        "audioArabic": [
          "https://cdn.jsdelivr.net/gh/Salimbd71/ArabicQuran@main/28/55.mp3"
        ],
        "audioBangla": [
          "https://cdn.jsdelivr.net/gh/Salimbd71/BanglaQuran@main/28/55.mp3"
        ]
      },
      {
        "number": 3308,
        "audio": "https://everyayah.com/data/Maher_AlMuaiqly_64kbps/028056.mp3",
        "audioSecondary": [
          "https://cdn.islamic.network/quran/audio/64/ar.mahermuaiqly/3308.mp3"
        ],
        "text": "إِنَّكَ لَا تَهْدِى مَنْ أَحْبَبْتَ وَلَٰكِنَّ ٱللَّهَ يَهْدِى مَن يَشَآءُ ۚ وَهُوَ أَعْلَمُ بِٱلْمُهْتَدِينَ",
        "numberInSurah": 56,
        "juz": 20,
        "manzil": 5,
        "page": 392,
        "ruku": 339,
        "hizbQuarter": 157,
        "sajda": false,
        "audioArabic": [
          "https://cdn.jsdelivr.net/gh/Salimbd71/ArabicQuran@main/28/56.mp3"
        ],
        "audioBangla": [
          "https://cdn.jsdelivr.net/gh/Salimbd71/BanglaQuran@main/28/56.mp3"
        ]
      },
      {
        "number": 3309,
        "audio": "https://everyayah.com/data/Maher_AlMuaiqly_64kbps/028057.mp3",
        "audioSecondary": [
          "https://cdn.islamic.network/quran/audio/64/ar.mahermuaiqly/3309.mp3"
        ],
        "text": "وَقَالُوٓا۟ إِن نَّتَّبِعِ ٱلْهُدَىٰ مَعَكَ نُتَخَطَّفْ مِنْ أَرْضِنَآ ۚ أَوَلَمْ نُمَكِّن لَّهُمْ حَرَمًا ءَامِنًۭا يُجْبَىٰٓ إِلَيْهِ ثَمَرَٰتُ كُلِّ شَىْءٍۢ رِّزْقًۭا مِّن لَّدُنَّا وَلَٰكِنَّ أَكْثَرَهُمْ لَا يَعْلَمُونَ",
        "numberInSurah": 57,
        "juz": 20,
        "manzil": 5,
        "page": 392,
        "ruku": 339,
        "hizbQuarter": 157,
        "sajda": false,
        "audioArabic": [
          "https://cdn.jsdelivr.net/gh/Salimbd71/ArabicQuran@main/28/57.mp3"
        ],
        "audioBangla": [
          "https://cdn.jsdelivr.net/gh/Salimbd71/BanglaQuran@main/28/57.mp3"
        ]
      },
      {
        "number": 3310,
        "audio": "https://everyayah.com/data/Maher_AlMuaiqly_64kbps/028058.mp3",
        "audioSecondary": [
          "https://cdn.islamic.network/quran/audio/64/ar.mahermuaiqly/3310.mp3"
        ],
        "text": "وَكَمْ أَهْلَكْنَا مِن قَرْيَةٍۭ بَطِرَتْ مَعِيشَتَهَا ۖ فَتِلْكَ مَسَٰكِنُهُمْ لَمْ تُسْكَن مِّنۢ بَعْدِهِمْ إِلَّا قَلِيلًۭا ۖ وَكُنَّا نَحْنُ ٱلْوَٰرِثِينَ",
        "numberInSurah": 58,
        "juz": 20,
        "manzil": 5,
        "page": 392,
        "ruku": 339,
        "hizbQuarter": 157,
        "sajda": false,
        "audioArabic": [
          "https://cdn.jsdelivr.net/gh/Salimbd71/ArabicQuran@main/28/58.mp3"
        ],
        "audioBangla": [
          "https://cdn.jsdelivr.net/gh/Salimbd71/BanglaQuran@main/28/58.mp3"
        ]
      },
      {
        "number": 3311,
        "audio": "https://everyayah.com/data/Maher_AlMuaiqly_64kbps/028059.mp3",
        "audioSecondary": [
          "https://cdn.islamic.network/quran/audio/64/ar.mahermuaiqly/3311.mp3"
        ],
        "text": "وَمَا كَانَ رَبُّكَ مُهْلِكَ ٱلْقُرَىٰ حَتَّىٰ يَبْعَثَ فِىٓ أُمِّهَا رَسُولًۭا يَتْلُوا۟ عَلَيْهِمْ ءَايَٰتِنَا ۚ وَمَا كُنَّا مُهْلِكِى ٱلْقُرَىٰٓ إِلَّا وَأَهْلُهَا ظَٰلِمُونَ",
        "numberInSurah": 59,
        "juz": 20,
        "manzil": 5,
        "page": 392,
        "ruku": 339,
        "hizbQuarter": 157,
        "sajda": false,
        "audioArabic": [
          "https://cdn.jsdelivr.net/gh/Salimbd71/ArabicQuran@main/28/59.mp3"
        ],
        "audioBangla": [
          "https://cdn.jsdelivr.net/gh/Salimbd71/BanglaQuran@main/28/59.mp3"
        ]
      },
      {
        "number": 3312,
        "audio": "https://everyayah.com/data/Maher_AlMuaiqly_64kbps/028060.mp3",
        "audioSecondary": [
          "https://cdn.islamic.network/quran/audio/64/ar.mahermuaiqly/3312.mp3"
        ],
        "text": "وَمَآ أُوتِيتُم مِّن شَىْءٍۢ فَمَتَٰعُ ٱلْحَيَوٰةِ ٱلدُّنْيَا وَزِينَتُهَا ۚ وَمَا عِندَ ٱللَّهِ خَيْرٌۭ وَأَبْقَىٰٓ ۚ أَفَلَا تَعْقِلُونَ",
        "numberInSurah": 60,
        "juz": 20,
        "manzil": 5,
        "page": 393,
        "ruku": 339,
        "hizbQuarter": 157,
        "sajda": false,
        "audioArabic": [
          "https://cdn.jsdelivr.net/gh/Salimbd71/ArabicQuran@main/28/60.mp3"
        ],
        "audioBangla": [
          "https://cdn.jsdelivr.net/gh/Salimbd71/BanglaQuran@main/28/60.mp3"
        ]
      },
      {
        "number": 3313,
        "audio": "https://everyayah.com/data/Maher_AlMuaiqly_64kbps/028061.mp3",
        "audioSecondary": [
          "https://cdn.islamic.network/quran/audio/64/ar.mahermuaiqly/3313.mp3"
        ],
        "text": "أَفَمَن وَعَدْنَٰهُ وَعْدًا حَسَنًۭا فَهُوَ لَٰقِيهِ كَمَن مَّتَّعْنَٰهُ مَتَٰعَ ٱلْحَيَوٰةِ ٱلدُّنْيَا ثُمَّ هُوَ يَوْمَ ٱلْقِيَٰمَةِ مِنَ ٱلْمُحْضَرِينَ",
        "numberInSurah": 61,
        "juz": 20,
        "manzil": 5,
        "page": 393,
        "ruku": 340,
        "hizbQuarter": 157,
        "sajda": false,
        "audioArabic": [
          "https://cdn.jsdelivr.net/gh/Salimbd71/ArabicQuran@main/28/61.mp3"
        ],
        "audioBangla": [
          "https://cdn.jsdelivr.net/gh/Salimbd71/BanglaQuran@main/28/61.mp3"
        ]
      },
      {
        "number": 3314,
        "audio": "https://everyayah.com/data/Maher_AlMuaiqly_64kbps/028062.mp3",
        "audioSecondary": [
          "https://cdn.islamic.network/quran/audio/64/ar.mahermuaiqly/3314.mp3"
        ],
        "text": "وَيَوْمَ يُنَادِيهِمْ فَيَقُولُ أَيْنَ شُرَكَآءِىَ ٱلَّذِينَ كُنتُمْ تَزْعُمُونَ",
        "numberInSurah": 62,
        "juz": 20,
        "manzil": 5,
        "page": 393,
        "ruku": 340,
        "hizbQuarter": 157,
        "sajda": false,
        "audioArabic": [
          "https://cdn.jsdelivr.net/gh/Salimbd71/ArabicQuran@main/28/62.mp3"
        ],
        "audioBangla": [
          "https://cdn.jsdelivr.net/gh/Salimbd71/BanglaQuran@main/28/62.mp3"
        ]
      },
      {
        "number": 3315,
        "audio": "https://everyayah.com/data/Maher_AlMuaiqly_64kbps/028063.mp3",
        "audioSecondary": [
          "https://cdn.islamic.network/quran/audio/64/ar.mahermuaiqly/3315.mp3"
        ],
        "text": "قَالَ ٱلَّذِينَ حَقَّ عَلَيْهِمُ ٱلْقَوْلُ رَبَّنَا هَٰٓؤُلَآءِ ٱلَّذِينَ أَغْوَيْنَآ أَغْوَيْنَٰهُمْ كَمَا غَوَيْنَا ۖ تَبَرَّأْنَآ إِلَيْكَ ۖ مَا كَانُوٓا۟ إِيَّانَا يَعْبُدُونَ",
        "numberInSurah": 63,
        "juz": 20,
        "manzil": 5,
        "page": 393,
        "ruku": 340,
        "hizbQuarter": 157,
        "sajda": false,
        "audioArabic": [
          "https://cdn.jsdelivr.net/gh/Salimbd71/ArabicQuran@main/28/63.mp3"
        ],
        "audioBangla": [
          "https://cdn.jsdelivr.net/gh/Salimbd71/BanglaQuran@main/28/63.mp3"
        ]
      },
      {
        "number": 3316,
        "audio": "https://everyayah.com/data/Maher_AlMuaiqly_64kbps/028064.mp3",
        "audioSecondary": [
          "https://cdn.islamic.network/quran/audio/64/ar.mahermuaiqly/3316.mp3"
        ],
        "text": "وَقِيلَ ٱدْعُوا۟ شُرَكَآءَكُمْ فَدَعَوْهُمْ فَلَمْ يَسْتَجِيبُوا۟ لَهُمْ وَرَأَوُا۟ ٱلْعَذَابَ ۚ لَوْ أَنَّهُمْ كَانُوا۟ يَهْتَدُونَ",
        "numberInSurah": 64,
        "juz": 20,
        "manzil": 5,
        "page": 393,
        "ruku": 340,
        "hizbQuarter": 157,
        "sajda": false,
        "audioArabic": [
          "https://cdn.jsdelivr.net/gh/Salimbd71/ArabicQuran@main/28/64.mp3"
        ],
        "audioBangla": [
          "https://cdn.jsdelivr.net/gh/Salimbd71/BanglaQuran@main/28/64.mp3"
        ]
      },
      {
        "number": 3317,
        "audio": "https://everyayah.com/data/Maher_AlMuaiqly_64kbps/028065.mp3",
        "audioSecondary": [
          "https://cdn.islamic.network/quran/audio/64/ar.mahermuaiqly/3317.mp3"
        ],
        "text": "وَيَوْمَ يُنَادِيهِمْ فَيَقُولُ مَاذَآ أَجَبْتُمُ ٱلْمُرْسَلِينَ",
        "numberInSurah": 65,
        "juz": 20,
        "manzil": 5,
        "page": 393,
        "ruku": 340,
        "hizbQuarter": 157,
        "sajda": false,
        "audioArabic": [
          "https://cdn.jsdelivr.net/gh/Salimbd71/ArabicQuran@main/28/65.mp3"
        ],
        "audioBangla": [
          "https://cdn.jsdelivr.net/gh/Salimbd71/BanglaQuran@main/28/65.mp3"
        ]
      },
      {
        "number": 3318,
        "audio": "https://everyayah.com/data/Maher_AlMuaiqly_64kbps/028066.mp3",
        "audioSecondary": [
          "https://cdn.islamic.network/quran/audio/64/ar.mahermuaiqly/3318.mp3"
        ],
        "text": "فَعَمِيَتْ عَلَيْهِمُ ٱلْأَنۢبَآءُ يَوْمَئِذٍۢ فَهُمْ لَا يَتَسَآءَلُونَ",
        "numberInSurah": 66,
        "juz": 20,
        "manzil": 5,
        "page": 393,
        "ruku": 340,
        "hizbQuarter": 157,
        "sajda": false,
        "audioArabic": [
          "https://cdn.jsdelivr.net/gh/Salimbd71/ArabicQuran@main/28/66.mp3"
        ],
        "audioBangla": [
          "https://cdn.jsdelivr.net/gh/Salimbd71/BanglaQuran@main/28/66.mp3"
        ]
      },
      {
        "number": 3319,
        "audio": "https://everyayah.com/data/Maher_AlMuaiqly_64kbps/028067.mp3",
        "audioSecondary": [
          "https://cdn.islamic.network/quran/audio/64/ar.mahermuaiqly/3319.mp3"
        ],
        "text": "فَأَمَّا مَن تَابَ وَءَامَنَ وَعَمِلَ صَٰلِحًۭا فَعَسَىٰٓ أَن يَكُونَ مِنَ ٱلْمُفْلِحِينَ",
        "numberInSurah": 67,
        "juz": 20,
        "manzil": 5,
        "page": 393,
        "ruku": 340,
        "hizbQuarter": 157,
        "sajda": false,
        "audioArabic": [
          "https://cdn.jsdelivr.net/gh/Salimbd71/ArabicQuran@main/28/67.mp3"
        ],
        "audioBangla": [
          "https://cdn.jsdelivr.net/gh/Salimbd71/BanglaQuran@main/28/67.mp3"
        ]
      },
      {
        "number": 3320,
        "audio": "https://everyayah.com/data/Maher_AlMuaiqly_64kbps/028068.mp3",
        "audioSecondary": [
          "https://cdn.islamic.network/quran/audio/64/ar.mahermuaiqly/3320.mp3"
        ],
        "text": "وَرَبُّكَ يَخْلُقُ مَا يَشَآءُ وَيَخْتَارُ ۗ مَا كَانَ لَهُمُ ٱلْخِيَرَةُ ۚ سُبْحَٰنَ ٱللَّهِ وَتَعَٰلَىٰ عَمَّا يُشْرِكُونَ",
        "numberInSurah": 68,
        "juz": 20,
        "manzil": 5,
        "page": 393,
        "ruku": 340,
        "hizbQuarter": 157,
        "sajda": false,
        "audioArabic": [
          "https://cdn.jsdelivr.net/gh/Salimbd71/ArabicQuran@main/28/68.mp3"
        ],
        "audioBangla": [
          "https://cdn.jsdelivr.net/gh/Salimbd71/BanglaQuran@main/28/68.mp3"
        ]
      },
      {
        "number": 3321,
        "audio": "https://everyayah.com/data/Maher_AlMuaiqly_64kbps/028069.mp3",
        "audioSecondary": [
          "https://cdn.islamic.network/quran/audio/64/ar.mahermuaiqly/3321.mp3"
        ],
        "text": "وَرَبُّكَ يَعْلَمُ مَا تُكِنُّ صُدُورُهُمْ وَمَا يُعْلِنُونَ",
        "numberInSurah": 69,
        "juz": 20,
        "manzil": 5,
        "page": 393,
        "ruku": 340,
        "hizbQuarter": 157,
        "sajda": false,
        "audioArabic": [
          "https://cdn.jsdelivr.net/gh/Salimbd71/ArabicQuran@main/28/69.mp3"
        ],
        "audioBangla": [
          "https://cdn.jsdelivr.net/gh/Salimbd71/BanglaQuran@main/28/69.mp3"
        ]
      },
      {
        "number": 3322,
        "audio": "https://everyayah.com/data/Maher_AlMuaiqly_64kbps/028070.mp3",
        "audioSecondary": [
          "https://cdn.islamic.network/quran/audio/64/ar.mahermuaiqly/3322.mp3"
        ],
        "text": "وَهُوَ ٱللَّهُ لَآ إِلَٰهَ إِلَّا هُوَ ۖ لَهُ ٱلْحَمْدُ فِى ٱلْأُولَىٰ وَٱلْءَاخِرَةِ ۖ وَلَهُ ٱلْحُكْمُ وَإِلَيْهِ تُرْجَعُونَ",
        "numberInSurah": 70,
        "juz": 20,
        "manzil": 5,
        "page": 393,
        "ruku": 340,
        "hizbQuarter": 157,
        "sajda": false,
        "audioArabic": [
          "https://cdn.jsdelivr.net/gh/Salimbd71/ArabicQuran@main/28/70.mp3"
        ],
        "audioBangla": [
          "https://cdn.jsdelivr.net/gh/Salimbd71/BanglaQuran@main/28/70.mp3"
        ]
      },
      {
        "number": 3323,
        "audio": "https://everyayah.com/data/Maher_AlMuaiqly_64kbps/028071.mp3",
        "audioSecondary": [
          "https://cdn.islamic.network/quran/audio/64/ar.mahermuaiqly/3323.mp3"
        ],
        "text": "قُلْ أَرَءَيْتُمْ إِن جَعَلَ ٱللَّهُ عَلَيْكُمُ ٱلَّيْلَ سَرْمَدًا إِلَىٰ يَوْمِ ٱلْقِيَٰمَةِ مَنْ إِلَٰهٌ غَيْرُ ٱللَّهِ يَأْتِيكُم بِضِيَآءٍ ۖ أَفَلَا تَسْمَعُونَ",
        "numberInSurah": 71,
        "juz": 20,
        "manzil": 5,
        "page": 394,
        "ruku": 340,
        "hizbQuarter": 157,
        "sajda": false,
        "audioArabic": [
          "https://cdn.jsdelivr.net/gh/Salimbd71/ArabicQuran@main/28/71.mp3"
        ],
        "audioBangla": [
          "https://cdn.jsdelivr.net/gh/Salimbd71/BanglaQuran@main/28/71.mp3"
        ]
      },
      {
        "number": 3324,
        "audio": "https://everyayah.com/data/Maher_AlMuaiqly_64kbps/028072.mp3",
        "audioSecondary": [
          "https://cdn.islamic.network/quran/audio/64/ar.mahermuaiqly/3324.mp3"
        ],
        "text": "قُلْ أَرَءَيْتُمْ إِن جَعَلَ ٱللَّهُ عَلَيْكُمُ ٱلنَّهَارَ سَرْمَدًا إِلَىٰ يَوْمِ ٱلْقِيَٰمَةِ مَنْ إِلَٰهٌ غَيْرُ ٱللَّهِ يَأْتِيكُم بِلَيْلٍۢ تَسْكُنُونَ فِيهِ ۖ أَفَلَا تُبْصِرُونَ",
        "numberInSurah": 72,
        "juz": 20,
        "manzil": 5,
        "page": 394,
        "ruku": 340,
        "hizbQuarter": 157,
        "sajda": false,
        "audioArabic": [
          "https://cdn.jsdelivr.net/gh/Salimbd71/ArabicQuran@main/28/72.mp3"
        ],
        "audioBangla": [
          "https://cdn.jsdelivr.net/gh/Salimbd71/BanglaQuran@main/28/72.mp3"
        ]
      },
      {
        "number": 3325,
        "audio": "https://everyayah.com/data/Maher_AlMuaiqly_64kbps/028073.mp3",
        "audioSecondary": [
          "https://cdn.islamic.network/quran/audio/64/ar.mahermuaiqly/3325.mp3"
        ],
        "text": "وَمِن رَّحْمَتِهِۦ جَعَلَ لَكُمُ ٱلَّيْلَ وَٱلنَّهَارَ لِتَسْكُنُوا۟ فِيهِ وَلِتَبْتَغُوا۟ مِن فَضْلِهِۦ وَلَعَلَّكُمْ تَشْكُرُونَ",
        "numberInSurah": 73,
        "juz": 20,
        "manzil": 5,
        "page": 394,
        "ruku": 340,
        "hizbQuarter": 157,
        "sajda": false,
        "audioArabic": [
          "https://cdn.jsdelivr.net/gh/Salimbd71/ArabicQuran@main/28/73.mp3"
        ],
        "audioBangla": [
          "https://cdn.jsdelivr.net/gh/Salimbd71/BanglaQuran@main/28/73.mp3"
        ]
      },
      {
        "number": 3326,
        "audio": "https://everyayah.com/data/Maher_AlMuaiqly_64kbps/028074.mp3",
        "audioSecondary": [
          "https://cdn.islamic.network/quran/audio/64/ar.mahermuaiqly/3326.mp3"
        ],
        "text": "وَيَوْمَ يُنَادِيهِمْ فَيَقُولُ أَيْنَ شُرَكَآءِىَ ٱلَّذِينَ كُنتُمْ تَزْعُمُونَ",
        "numberInSurah": 74,
        "juz": 20,
        "manzil": 5,
        "page": 394,
        "ruku": 340,
        "hizbQuarter": 157,
        "sajda": false,
        "audioArabic": [
          "https://cdn.jsdelivr.net/gh/Salimbd71/ArabicQuran@main/28/74.mp3"
        ],
        "audioBangla": [
          "https://cdn.jsdelivr.net/gh/Salimbd71/BanglaQuran@main/28/74.mp3"
        ]
      },
      {
        "number": 3327,
        "audio": "https://everyayah.com/data/Maher_AlMuaiqly_64kbps/028075.mp3",
        "audioSecondary": [
          "https://cdn.islamic.network/quran/audio/64/ar.mahermuaiqly/3327.mp3"
        ],
        "text": "وَنَزَعْنَا مِن كُلِّ أُمَّةٍۢ شَهِيدًۭا فَقُلْنَا هَاتُوا۟ بُرْهَٰنَكُمْ فَعَلِمُوٓا۟ أَنَّ ٱلْحَقَّ لِلَّهِ وَضَلَّ عَنْهُم مَّا كَانُوا۟ يَفْتَرُونَ",
        "numberInSurah": 75,
        "juz": 20,
        "manzil": 5,
        "page": 394,
        "ruku": 340,
        "hizbQuarter": 157,
        "sajda": false,
        "audioArabic": [
          "https://cdn.jsdelivr.net/gh/Salimbd71/ArabicQuran@main/28/75.mp3"
        ],
        "audioBangla": [
          "https://cdn.jsdelivr.net/gh/Salimbd71/BanglaQuran@main/28/75.mp3"
        ]
      },
      {
        "number": 3328,
        "audio": "https://everyayah.com/data/Maher_AlMuaiqly_64kbps/028076.mp3",
        "audioSecondary": [
          "https://cdn.islamic.network/quran/audio/64/ar.mahermuaiqly/3328.mp3"
        ],
        "text": "۞ إِنَّ قَٰرُونَ كَانَ مِن قَوْمِ مُوسَىٰ فَبَغَىٰ عَلَيْهِمْ ۖ وَءَاتَيْنَٰهُ مِنَ ٱلْكُنُوزِ مَآ إِنَّ مَفَاتِحَهُۥ لَتَنُوٓأُ بِٱلْعُصْبَةِ أُو۟لِى ٱلْقُوَّةِ إِذْ قَالَ لَهُۥ قَوْمُهُۥ لَا تَفْرَحْ ۖ إِنَّ ٱللَّهَ لَا يُحِبُّ ٱلْفَرِحِينَ",
        "numberInSurah": 76,
        "juz": 20,
        "manzil": 5,
        "page": 394,
        "ruku": 341,
        "hizbQuarter": 158,
        "sajda": false,
        "audioArabic": [
          "https://cdn.jsdelivr.net/gh/Salimbd71/ArabicQuran@main/28/76.mp3"
        ],
        "audioBangla": [
          "https://cdn.jsdelivr.net/gh/Salimbd71/BanglaQuran@main/28/76.mp3"
        ]
      },
      {
        "number": 3329,
        "audio": "https://everyayah.com/data/Maher_AlMuaiqly_64kbps/028077.mp3",
        "audioSecondary": [
          "https://cdn.islamic.network/quran/audio/64/ar.mahermuaiqly/3329.mp3"
        ],
        "text": "وَٱبْتَغِ فِيمَآ ءَاتَىٰكَ ٱللَّهُ ٱلدَّارَ ٱلْءَاخِرَةَ ۖ وَلَا تَنسَ نَصِيبَكَ مِنَ ٱلدُّنْيَا ۖ وَأَحْسِن كَمَآ أَحْسَنَ ٱللَّهُ إِلَيْكَ ۖ وَلَا تَبْغِ ٱلْفَسَادَ فِى ٱلْأَرْضِ ۖ إِنَّ ٱللَّهَ لَا يُحِبُّ ٱلْمُفْسِدِينَ",
        "numberInSurah": 77,
        "juz": 20,
        "manzil": 5,
        "page": 394,
        "ruku": 341,
        "hizbQuarter": 158,
        "sajda": false,
        "audioArabic": [
          "https://cdn.jsdelivr.net/gh/Salimbd71/ArabicQuran@main/28/77.mp3"
        ],
        "audioBangla": [
          "https://cdn.jsdelivr.net/gh/Salimbd71/BanglaQuran@main/28/77.mp3"
        ]
      },
      {
        "number": 3330,
        "audio": "https://everyayah.com/data/Maher_AlMuaiqly_64kbps/028078.mp3",
        "audioSecondary": [
          "https://cdn.islamic.network/quran/audio/64/ar.mahermuaiqly/3330.mp3"
        ],
        "text": "قَالَ إِنَّمَآ أُوتِيتُهُۥ عَلَىٰ عِلْمٍ عِندِىٓ ۚ أَوَلَمْ يَعْلَمْ أَنَّ ٱللَّهَ قَدْ أَهْلَكَ مِن قَبْلِهِۦ مِنَ ٱلْقُرُونِ مَنْ هُوَ أَشَدُّ مِنْهُ قُوَّةًۭ وَأَكْثَرُ جَمْعًۭا ۚ وَلَا يُسْـَٔلُ عَن ذُنُوبِهِمُ ٱلْمُجْرِمُونَ",
        "numberInSurah": 78,
        "juz": 20,
        "manzil": 5,
        "page": 395,
        "ruku": 341,
        "hizbQuarter": 158,
        "sajda": false,
        "audioArabic": [
          "https://cdn.jsdelivr.net/gh/Salimbd71/ArabicQuran@main/28/78.mp3"
        ],
        "audioBangla": [
          "https://cdn.jsdelivr.net/gh/Salimbd71/BanglaQuran@main/28/78.mp3"
        ]
      },
      {
        "number": 3331,
        "audio": "https://everyayah.com/data/Maher_AlMuaiqly_64kbps/028079.mp3",
        "audioSecondary": [
          "https://cdn.islamic.network/quran/audio/64/ar.mahermuaiqly/3331.mp3"
        ],
        "text": "فَخَرَجَ عَلَىٰ قَوْمِهِۦ فِى زِينَتِهِۦ ۖ قَالَ ٱلَّذِينَ يُرِيدُونَ ٱلْحَيَوٰةَ ٱلدُّنْيَا يَٰلَيْتَ لَنَا مِثْلَ مَآ أُوتِىَ قَٰرُونُ إِنَّهُۥ لَذُو حَظٍّ عَظِيمٍۢ",
        "numberInSurah": 79,
        "juz": 20,
        "manzil": 5,
        "page": 395,
        "ruku": 341,
        "hizbQuarter": 158,
        "sajda": false,
        "audioArabic": [
          "https://cdn.jsdelivr.net/gh/Salimbd71/ArabicQuran@main/28/79.mp3"
        ],
        "audioBangla": [
          "https://cdn.jsdelivr.net/gh/Salimbd71/BanglaQuran@main/28/79.mp3"
        ]
      },
      {
        "number": 3332,
        "audio": "https://everyayah.com/data/Maher_AlMuaiqly_64kbps/028080.mp3",
        "audioSecondary": [
          "https://cdn.islamic.network/quran/audio/64/ar.mahermuaiqly/3332.mp3"
        ],
        "text": "وَقَالَ ٱلَّذِينَ أُوتُوا۟ ٱلْعِلْمَ وَيْلَكُمْ ثَوَابُ ٱللَّهِ خَيْرٌۭ لِّمَنْ ءَامَنَ وَعَمِلَ صَٰلِحًۭا وَلَا يُلَقَّىٰهَآ إِلَّا ٱلصَّٰبِرُونَ",
        "numberInSurah": 80,
        "juz": 20,
        "manzil": 5,
        "page": 395,
        "ruku": 341,
        "hizbQuarter": 158,
        "sajda": false,
        "audioArabic": [
          "https://cdn.jsdelivr.net/gh/Salimbd71/ArabicQuran@main/28/80.mp3"
        ],
        "audioBangla": [
          "https://cdn.jsdelivr.net/gh/Salimbd71/BanglaQuran@main/28/80.mp3"
        ]
      },
      {
        "number": 3333,
        "audio": "https://everyayah.com/data/Maher_AlMuaiqly_64kbps/028081.mp3",
        "audioSecondary": [
          "https://cdn.islamic.network/quran/audio/64/ar.mahermuaiqly/3333.mp3"
        ],
        "text": "فَخَسَفْنَا بِهِۦ وَبِدَارِهِ ٱلْأَرْضَ فَمَا كَانَ لَهُۥ مِن فِئَةٍۢ يَنصُرُونَهُۥ مِن دُونِ ٱللَّهِ وَمَا كَانَ مِنَ ٱلْمُنتَصِرِينَ",
        "numberInSurah": 81,
        "juz": 20,
        "manzil": 5,
        "page": 395,
        "ruku": 341,
        "hizbQuarter": 158,
        "sajda": false,
        "audioArabic": [
          "https://cdn.jsdelivr.net/gh/Salimbd71/ArabicQuran@main/28/81.mp3"
        ],
        "audioBangla": [
          "https://cdn.jsdelivr.net/gh/Salimbd71/BanglaQuran@main/28/81.mp3"
        ]
      },
      {
        "number": 3334,
        "audio": "https://everyayah.com/data/Maher_AlMuaiqly_64kbps/028082.mp3",
        "audioSecondary": [
          "https://cdn.islamic.network/quran/audio/64/ar.mahermuaiqly/3334.mp3"
        ],
        "text": "وَأَصْبَحَ ٱلَّذِينَ تَمَنَّوْا۟ مَكَانَهُۥ بِٱلْأَمْسِ يَقُولُونَ وَيْكَأَنَّ ٱللَّهَ يَبْسُطُ ٱلرِّزْقَ لِمَن يَشَآءُ مِنْ عِبَادِهِۦ وَيَقْدِرُ ۖ لَوْلَآ أَن مَّنَّ ٱللَّهُ عَلَيْنَا لَخَسَفَ بِنَا ۖ وَيْكَأَنَّهُۥ لَا يُفْلِحُ ٱلْكَٰفِرُونَ",
        "numberInSurah": 82,
        "juz": 20,
        "manzil": 5,
        "page": 395,
        "ruku": 341,
        "hizbQuarter": 158,
        "sajda": false,
        "audioArabic": [
          "https://cdn.jsdelivr.net/gh/Salimbd71/ArabicQuran@main/28/82.mp3"
        ],
        "audioBangla": [
          "https://cdn.jsdelivr.net/gh/Salimbd71/BanglaQuran@main/28/82.mp3"
        ]
      },
      {
        "number": 3335,
        "audio": "https://everyayah.com/data/Maher_AlMuaiqly_64kbps/028083.mp3",
        "audioSecondary": [
          "https://cdn.islamic.network/quran/audio/64/ar.mahermuaiqly/3335.mp3"
        ],
        "text": "تِلْكَ ٱلدَّارُ ٱلْءَاخِرَةُ نَجْعَلُهَا لِلَّذِينَ لَا يُرِيدُونَ عُلُوًّۭا فِى ٱلْأَرْضِ وَلَا فَسَادًۭا ۚ وَٱلْعَٰقِبَةُ لِلْمُتَّقِينَ",
        "numberInSurah": 83,
        "juz": 20,
        "manzil": 5,
        "page": 395,
        "ruku": 341,
        "hizbQuarter": 158,
        "sajda": false,
        "audioArabic": [
          "https://cdn.jsdelivr.net/gh/Salimbd71/ArabicQuran@main/28/83.mp3"
        ],
        "audioBangla": [
          "https://cdn.jsdelivr.net/gh/Salimbd71/BanglaQuran@main/28/83.mp3"
        ]
      },
      {
        "number": 3336,
        "audio": "https://everyayah.com/data/Maher_AlMuaiqly_64kbps/028084.mp3",
        "audioSecondary": [
          "https://cdn.islamic.network/quran/audio/64/ar.mahermuaiqly/3336.mp3"
        ],
        "text": "مَن جَآءَ بِٱلْحَسَنَةِ فَلَهُۥ خَيْرٌۭ مِّنْهَا ۖ وَمَن جَآءَ بِٱلسَّيِّئَةِ فَلَا يُجْزَى ٱلَّذِينَ عَمِلُوا۟ ٱلسَّيِّـَٔاتِ إِلَّا مَا كَانُوا۟ يَعْمَلُونَ",
        "numberInSurah": 84,
        "juz": 20,
        "manzil": 5,
        "page": 395,
        "ruku": 341,
        "hizbQuarter": 158,
        "sajda": false,
        "audioArabic": [
          "https://cdn.jsdelivr.net/gh/Salimbd71/ArabicQuran@main/28/84.mp3"
        ],
        "audioBangla": [
          "https://cdn.jsdelivr.net/gh/Salimbd71/BanglaQuran@main/28/84.mp3"
        ]
      },
      {
        "number": 3337,
        "audio": "https://everyayah.com/data/Maher_AlMuaiqly_64kbps/028085.mp3",
        "audioSecondary": [
          "https://cdn.islamic.network/quran/audio/64/ar.mahermuaiqly/3337.mp3"
        ],
        "text": "إِنَّ ٱلَّذِى فَرَضَ عَلَيْكَ ٱلْقُرْءَانَ لَرَآدُّكَ إِلَىٰ مَعَادٍۢ ۚ قُل رَّبِّىٓ أَعْلَمُ مَن جَآءَ بِٱلْهُدَىٰ وَمَنْ هُوَ فِى ضَلَٰلٍۢ مُّبِينٍۢ",
        "numberInSurah": 85,
        "juz": 20,
        "manzil": 5,
        "page": 396,
        "ruku": 341,
        "hizbQuarter": 158,
        "sajda": false,
        "audioArabic": [
          "https://cdn.jsdelivr.net/gh/Salimbd71/ArabicQuran@main/28/85.mp3"
        ],
        "audioBangla": [
          "https://cdn.jsdelivr.net/gh/Salimbd71/BanglaQuran@main/28/85.mp3"
        ]
      },
      {
        "number": 3338,
        "audio": "https://everyayah.com/data/Maher_AlMuaiqly_64kbps/028086.mp3",
        "audioSecondary": [
          "https://cdn.islamic.network/quran/audio/64/ar.mahermuaiqly/3338.mp3"
        ],
        "text": "وَمَا كُنتَ تَرْجُوٓا۟ أَن يُلْقَىٰٓ إِلَيْكَ ٱلْكِتَٰبُ إِلَّا رَحْمَةًۭ مِّن رَّبِّكَ ۖ فَلَا تَكُونَنَّ ظَهِيرًۭا لِّلْكَٰفِرِينَ",
        "numberInSurah": 86,
        "juz": 20,
        "manzil": 5,
        "page": 396,
        "ruku": 341,
        "hizbQuarter": 158,
        "sajda": false,
        "audioArabic": [
          "https://cdn.jsdelivr.net/gh/Salimbd71/ArabicQuran@main/28/86.mp3"
        ],
        "audioBangla": [
          "https://cdn.jsdelivr.net/gh/Salimbd71/BanglaQuran@main/28/86.mp3"
        ]
      },
      {
        "number": 3339,
        "audio": "https://everyayah.com/data/Maher_AlMuaiqly_64kbps/028087.mp3",
        "audioSecondary": [
          "https://cdn.islamic.network/quran/audio/64/ar.mahermuaiqly/3339.mp3"
        ],
        "text": "وَلَا يَصُدُّنَّكَ عَنْ ءَايَٰتِ ٱللَّهِ بَعْدَ إِذْ أُنزِلَتْ إِلَيْكَ ۖ وَٱدْعُ إِلَىٰ رَبِّكَ ۖ وَلَا تَكُونَنَّ مِنَ ٱلْمُشْرِكِينَ",
        "numberInSurah": 87,
        "juz": 20,
        "manzil": 5,
        "page": 396,
        "ruku": 341,
        "hizbQuarter": 158,
        "sajda": false,
        "audioArabic": [
          "https://cdn.jsdelivr.net/gh/Salimbd71/ArabicQuran@main/28/87.mp3"
        ],
        "audioBangla": [
          "https://cdn.jsdelivr.net/gh/Salimbd71/BanglaQuran@main/28/87.mp3"
        ]
      },
      {
        "number": 3340,
        "audio": "https://everyayah.com/data/Maher_AlMuaiqly_64kbps/028088.mp3",
        "audioSecondary": [
          "https://cdn.islamic.network/quran/audio/64/ar.mahermuaiqly/3340.mp3"
        ],
        "text": "وَلَا تَدْعُ مَعَ ٱللَّهِ إِلَٰهًا ءَاخَرَ ۘ لَآ إِلَٰهَ إِلَّا هُوَ ۚ كُلُّ شَىْءٍ هَالِكٌ إِلَّا وَجْهَهُۥ ۚ لَهُ ٱلْحُكْمُ وَإِلَيْهِ تُرْجَعُونَ",
        "numberInSurah": 88,
        "juz": 20,
        "manzil": 5,
        "page": 396,
        "ruku": 341,
        "hizbQuarter": 158,
        "sajda": false,
        "audioArabic": [
          "https://cdn.jsdelivr.net/gh/Salimbd71/ArabicQuran@main/28/88.mp3"
        ],
        "audioBangla": [
          "https://cdn.jsdelivr.net/gh/Salimbd71/BanglaQuran@main/28/88.mp3"
        ]
      }
    ],
    "edition": {
      "identifier": "ar.mahermuaiqly",
      "language": "ar",
      "name": "ماهر المعيقلي",
      "englishName": "Maher Al Muaiqly",
      "format": "audio",
      "type": "versebyverse",
      "direction": null
    }
  }
}