{
  "code": 200,
  "status": "OK",
  "data": {
    "number": 31,
    "name": "سُورَةُ لُقۡمَانَ",
    "englishName": "Luqman",
    "englishNameTranslation": "Luqman",
    "revelationType": "Meccan",
    "numberOfAyahs": 34,
    "ayahs": [
      {
        "number": 3470,
        "audio": "https://cdn.islamic.network/quran/audio/128/ar.husary/3470.mp3",
        "audioSecondary": [
          "https://cdn.islamic.network/quran/audio/64/ar.husary/3470.mp3"
        ],
        "text": "بِسْمِ ٱللَّهِ ٱلرَّحْمَٰنِ ٱلرَّحِيمِ الٓمٓ",
        "numberInSurah": 1,
        "juz": 21,
        "manzil": 5,
        "page": 411,
        "ruku": 355,
        "hizbQuarter": 164,
        "sajda": false,
        "audioArabic": [
          "https://cdn.jsdelivr.net/gh/Salimbd71/ArabicQuran@main/31/1.mp3"
        ],
        "audioBangla": [
          "https://cdn.jsdelivr.net/gh/Salimbd71/BanglaQuran@main/31/1.mp3"
        ]
      },
      {
        "number": 3471,
        "audio": "https://cdn.islamic.network/quran/audio/128/ar.husary/3471.mp3",
        "audioSecondary": [
          "https://cdn.islamic.network/quran/audio/64/ar.husary/3471.mp3"
        ],
        "text": "تِلْكَ ءَايَٰتُ ٱلْكِتَٰبِ ٱلْحَكِيمِ",
        "numberInSurah": 2,
        "juz": 21,
        "manzil": 5,
        "page": 411,
        "ruku": 355,
        "hizbQuarter": 164,
        "sajda": false,
        "audioArabic": [
          "https://cdn.jsdelivr.net/gh/Salimbd71/ArabicQuran@main/31/2.mp3"
        ],
        "audioBangla": [
          "https://cdn.jsdelivr.net/gh/Salimbd71/BanglaQuran@main/31/2.mp3"
        ]
      },
      {
        "number": 3472,
        "audio": "https://cdn.islamic.network/quran/audio/128/ar.husary/3472.mp3",
        "audioSecondary": [
          "https://cdn.islamic.network/quran/audio/64/ar.husary/3472.mp3"
        ],
        "text": "هُدًۭى وَرَحْمَةًۭ لِّلْمُحْسِنِينَ",
        "numberInSurah": 3,
        "juz": 21,
        "manzil": 5,
        "page": 411,
        "ruku": 355,
        "hizbQuarter": 164,
        "sajda": false,
        "audioArabic": [
          "https://cdn.jsdelivr.net/gh/Salimbd71/ArabicQuran@main/31/3.mp3"
        ],
        "audioBangla": [
          "https://cdn.jsdelivr.net/gh/Salimbd71/BanglaQuran@main/31/3.mp3"
        ]
      },
      {
        "number": 3473,
        "audio": "https://cdn.islamic.network/quran/audio/128/ar.husary/3473.mp3",
        "audioSecondary": [
          "https://cdn.islamic.network/quran/audio/64/ar.husary/3473.mp3"
        ],
        "text": "ٱلَّذِينَ يُقِيمُونَ ٱلصَّلَوٰةَ وَيُؤْتُونَ ٱلزَّكَوٰةَ وَهُم بِٱلْءَاخِرَةِ هُمْ يُوقِنُونَ",
        "numberInSurah": 4,
        "juz": 21,
        "manzil": 5,
        "page": 411,
        "ruku": 355,
        "hizbQuarter": 164,
        "sajda": false,
        "audioArabic": [
          "https://cdn.jsdelivr.net/gh/Salimbd71/ArabicQuran@main/31/4.mp3"
        ],
        "audioBangla": [
          "https://cdn.jsdelivr.net/gh/Salimbd71/BanglaQuran@main/31/4.mp3"
        ]
      },
      {
        "number": 3474,
        "audio": "https://cdn.islamic.network/quran/audio/128/ar.husary/3474.mp3",
        "audioSecondary": [
          "https://cdn.islamic.network/quran/audio/64/ar.husary/3474.mp3"
        ],
        "text": "أُو۟لَٰٓئِكَ عَلَىٰ هُدًۭى مِّن رَّبِّهِمْ ۖ وَأُو۟لَٰٓئِكَ هُمُ ٱلْمُفْلِحُونَ",
        "numberInSurah": 5,
        "juz": 21,
        "manzil": 5,
        "page": 411,
        "ruku": 355,
        "hizbQuarter": 164,
        "sajda": false,
        "audioArabic": [
          "https://cdn.jsdelivr.net/gh/Salimbd71/ArabicQuran@main/31/5.mp3"
        ],
        "audioBangla": [
          "https://cdn.jsdelivr.net/gh/Salimbd71/BanglaQuran@main/31/5.mp3"
        ]
      },
      {
        "number": 3475,
        "audio": "https://cdn.islamic.network/quran/audio/128/ar.husary/3475.mp3",
        "audioSecondary": [
          "https://cdn.islamic.network/quran/audio/64/ar.husary/3475.mp3"
        ],
        "text": "وَمِنَ ٱلنَّاسِ مَن يَشْتَرِى لَهْوَ ٱلْحَدِيثِ لِيُضِلَّ عَن سَبِيلِ ٱللَّهِ بِغَيْرِ عِلْمٍۢ وَيَتَّخِذَهَا هُزُوًا ۚ أُو۟لَٰٓئِكَ لَهُمْ عَذَابٌۭ مُّهِينٌۭ",
        "numberInSurah": 6,
        "juz": 21,
        "manzil": 5,
        "page": 411,
        "ruku": 355,
        "hizbQuarter": 164,
        "sajda": false,
        "audioArabic": [
          "https://cdn.jsdelivr.net/gh/Salimbd71/ArabicQuran@main/31/6.mp3"
        ],
        "audioBangla": [
          "https://cdn.jsdelivr.net/gh/Salimbd71/BanglaQuran@main/31/6.mp3"
        ]
      },
      {
        "number": 3476,
        "audio": "https://cdn.islamic.network/quran/audio/128/ar.husary/3476.mp3",
        "audioSecondary": [
          "https://cdn.islamic.network/quran/audio/64/ar.husary/3476.mp3"
        ],
        "text": "وَإِذَا تُتْلَىٰ عَلَيْهِ ءَايَٰتُنَا وَلَّىٰ مُسْتَكْبِرًۭا كَأَن لَّمْ يَسْمَعْهَا كَأَنَّ فِىٓ أُذُنَيْهِ وَقْرًۭا ۖ فَبَشِّرْهُ بِعَذَابٍ أَلِيمٍ",
        "numberInSurah": 7,
        "juz": 21,
        "manzil": 5,
        "page": 411,
        "ruku": 355,
        "hizbQuarter": 164,
        "sajda": false,
        "audioArabic": [
          "https://cdn.jsdelivr.net/gh/Salimbd71/ArabicQuran@main/31/7.mp3"
        ],
        "audioBangla": [
          "https://cdn.jsdelivr.net/gh/Salimbd71/BanglaQuran@main/31/7.mp3"
        ]
      },
      {
        "number": 3477,
        "audio": "https://cdn.islamic.network/quran/audio/128/ar.husary/3477.mp3",
        "audioSecondary": [
          "https://cdn.islamic.network/quran/audio/64/ar.husary/3477.mp3"
        ],
        "text": "إِنَّ ٱلَّذِينَ ءَامَنُوا۟ وَعَمِلُوا۟ ٱلصَّٰلِحَٰتِ لَهُمْ جَنَّٰتُ ٱلنَّعِيمِ",
        "numberInSurah": 8,
        "juz": 21,
        "manzil": 5,
        "page": 411,
        "ruku": 355,
        "hizbQuarter": 164,
        "sajda": false,
        "audioArabic": [
          "https://cdn.jsdelivr.net/gh/Salimbd71/ArabicQuran@main/31/8.mp3"
        ],
        "audioBangla": [
          "https://cdn.jsdelivr.net/gh/Salimbd71/BanglaQuran@main/31/8.mp3"
        ]
      },
      {
        "number": 3478,
        "audio": "https://cdn.islamic.network/quran/audio/128/ar.husary/3478.mp3",
        "audioSecondary": [
          "https://cdn.islamic.network/quran/audio/64/ar.husary/3478.mp3"
        ],
        "text": "خَٰلِدِينَ فِيهَا ۖ وَعْدَ ٱللَّهِ حَقًّۭا ۚ وَهُوَ ٱلْعَزِيزُ ٱلْحَكِيمُ",
        "numberInSurah": 9,
        "juz": 21,
        "manzil": 5,
        "page": 411,
        "ruku": 355,
        "hizbQuarter": 164,
        "sajda": false,
        "audioArabic": [
          "https://cdn.jsdelivr.net/gh/Salimbd71/ArabicQuran@main/31/9.mp3"
        ],
        "audioBangla": [
          "https://cdn.jsdelivr.net/gh/Salimbd71/BanglaQuran@main/31/9.mp3"
        ]
      },
      {
        "number": 3479,
        "audio": "https://cdn.islamic.network/quran/audio/128/ar.husary/3479.mp3",
        "audioSecondary": [
          "https://cdn.islamic.network/quran/audio/64/ar.husary/3479.mp3"
        ],
        "text": "خَلَقَ ٱلسَّمَٰوَٰتِ بِغَيْرِ عَمَدٍۢ تَرَوْنَهَا ۖ وَأَلْقَىٰ فِى ٱلْأَرْضِ رَوَٰسِىَ أَن تَمِيدَ بِكُمْ وَبَثَّ فِيهَا مِن كُلِّ دَآبَّةٍۢ ۚ وَأَنزَلْنَا مِنَ ٱلسَّمَآءِ مَآءًۭ فَأَنۢبَتْنَا فِيهَا مِن كُلِّ زَوْجٍۢ كَرِيمٍ",
        "numberInSurah": 10,
        "juz": 21,
        "manzil": 5,
        "page": 411,
        "ruku": 355,
        "hizbQuarter": 164,
        "sajda": false,
        "audioArabic": [
          "https://cdn.jsdelivr.net/gh/Salimbd71/ArabicQuran@main/31/10.mp3"
        ],
        "audioBangla": [
          "https://cdn.jsdelivr.net/gh/Salimbd71/BanglaQuran@main/31/10.mp3"
        ]
      },
      {
        "number": 3480,
        "audio": "https://cdn.islamic.network/quran/audio/128/ar.husary/3480.mp3",
        "audioSecondary": [
          "https://cdn.islamic.network/quran/audio/64/ar.husary/3480.mp3"
        ],
        "text": "هَٰذَا خَلْقُ ٱللَّهِ فَأَرُونِى مَاذَا خَلَقَ ٱلَّذِينَ مِن دُونِهِۦ ۚ بَلِ ٱلظَّٰلِمُونَ فِى ضَلَٰلٍۢ مُّبِينٍۢ",
        "numberInSurah": 11,
        "juz": 21,
        "manzil": 5,
        "page": 411,
        "ruku": 355,
        "hizbQuarter": 164,
        "sajda": false,
        "audioArabic": [
          "https://cdn.jsdelivr.net/gh/Salimbd71/ArabicQuran@main/31/11.mp3"
        ],
        "audioBangla": [
          "https://cdn.jsdelivr.net/gh/Salimbd71/BanglaQuran@main/31/11.mp3"
        ]
      },
      {
        "number": 3481,
        "audio": "https://cdn.islamic.network/quran/audio/128/ar.husary/3481.mp3",
        "audioSecondary": [
          "https://cdn.islamic.network/quran/audio/64/ar.husary/3481.mp3"
        ],
        "text": "وَلَقَدْ ءَاتَيْنَا لُقْمَٰنَ ٱلْحِكْمَةَ أَنِ ٱشْكُرْ لِلَّهِ ۚ وَمَن يَشْكُرْ فَإِنَّمَا يَشْكُرُ لِنَفْسِهِۦ ۖ وَمَن كَفَرَ فَإِنَّ ٱللَّهَ غَنِىٌّ حَمِيدٌۭ",
        "numberInSurah": 12,
        "juz": 21,
        "manzil": 5,
        "page": 412,
        "ruku": 356,
        "hizbQuarter": 164,
        "sajda": false,
        "audioArabic": [
          "https://cdn.jsdelivr.net/gh/Salimbd71/ArabicQuran@main/31/12.mp3"
        ],
        "audioBangla": [
          "https://cdn.jsdelivr.net/gh/Salimbd71/BanglaQuran@main/31/12.mp3"
        ]
      },
      {
        "number": 3482,
        "audio": "https://cdn.islamic.network/quran/audio/128/ar.husary/3482.mp3",
        "audioSecondary": [
          "https://cdn.islamic.network/quran/audio/64/ar.husary/3482.mp3"
        ],
        "text": "وَإِذْ قَالَ لُقْمَٰنُ لِٱبْنِهِۦ وَهُوَ يَعِظُهُۥ يَٰبُنَىَّ لَا تُشْرِكْ بِٱللَّهِ ۖ إِنَّ ٱلشِّرْكَ لَظُلْمٌ عَظِيمٌۭ",
        "numberInSurah": 13,
        "juz": 21,
        "manzil": 5,
        "page": 412,
        "ruku": 356,
        "hizbQuarter": 164,
        "sajda": false,
        "audioArabic": [
          "https://cdn.jsdelivr.net/gh/Salimbd71/ArabicQuran@main/31/13.mp3"
        ],
        "audioBangla": [
          "https://cdn.jsdelivr.net/gh/Salimbd71/BanglaQuran@main/31/13.mp3"
        ]
      },
      {
        "number": 3483,
        "audio": "https://cdn.islamic.network/quran/audio/128/ar.husary/3483.mp3",
        "audioSecondary": [
          "https://cdn.islamic.network/quran/audio/64/ar.husary/3483.mp3"
        ],
        "text": "وَوَصَّيْنَا ٱلْإِنسَٰنَ بِوَٰلِدَيْهِ حَمَلَتْهُ أُمُّهُۥ وَهْنًا عَلَىٰ وَهْنٍۢ وَفِصَٰلُهُۥ فِى عَامَيْنِ أَنِ ٱشْكُرْ لِى وَلِوَٰلِدَيْكَ إِلَىَّ ٱلْمَصِيرُ",
        "numberInSurah": 14,
        "juz": 21,
        "manzil": 5,
        "page": 412,
        "ruku": 356,
        "hizbQuarter": 164,
        "sajda": false,
        "audioArabic": [
          "https://cdn.jsdelivr.net/gh/Salimbd71/ArabicQuran@main/31/14.mp3"
        ],
        "audioBangla": [
          "https://cdn.jsdelivr.net/gh/Salimbd71/BanglaQuran@main/31/14.mp3"
        ]
      },
      {
        "number": 3484,
        "audio": "https://cdn.islamic.network/quran/audio/128/ar.husary/3484.mp3",
        "audioSecondary": [
          "https://cdn.islamic.network/quran/audio/64/ar.husary/3484.mp3"
        ],
        "text": "وَإِن جَٰهَدَاكَ عَلَىٰٓ أَن تُشْرِكَ بِى مَا لَيْسَ لَكَ بِهِۦ عِلْمٌۭ فَلَا تُطِعْهُمَا ۖ وَصَاحِبْهُمَا فِى ٱلدُّنْيَا مَعْرُوفًۭا ۖ وَٱتَّبِعْ سَبِيلَ مَنْ أَنَابَ إِلَىَّ ۚ ثُمَّ إِلَىَّ مَرْجِعُكُمْ فَأُنَبِّئُكُم بِمَا كُنتُمْ تَعْمَلُونَ",
        "numberInSurah": 15,
        "juz": 21,
        "manzil": 5,
        "page": 412,
        "ruku": 356,
        "hizbQuarter": 164,
        "sajda": false,
        "audioArabic": [
          "https://cdn.jsdelivr.net/gh/Salimbd71/ArabicQuran@main/31/15.mp3"
        ],
        "audioBangla": [
          "https://cdn.jsdelivr.net/gh/Salimbd71/BanglaQuran@main/31/15.mp3"
        ]
      },
      {
        "number": 3485,
        "audio": "https://cdn.islamic.network/quran/audio/128/ar.husary/3485.mp3",
        "audioSecondary": [
          "https://cdn.islamic.network/quran/audio/64/ar.husary/3485.mp3"
        ],
        "text": "يَٰبُنَىَّ إِنَّهَآ إِن تَكُ مِثْقَالَ حَبَّةٍۢ مِّنْ خَرْدَلٍۢ فَتَكُن فِى صَخْرَةٍ أَوْ فِى ٱلسَّمَٰوَٰتِ أَوْ فِى ٱلْأَرْضِ يَأْتِ بِهَا ٱللَّهُ ۚ إِنَّ ٱللَّهَ لَطِيفٌ خَبِيرٌۭ",
        "numberInSurah": 16,
        "juz": 21,
        "manzil": 5,
        "page": 412,
        "ruku": 356,
        "hizbQuarter": 164,
        "sajda": false,
        "audioArabic": [
          "https://cdn.jsdelivr.net/gh/Salimbd71/ArabicQuran@main/31/16.mp3"
        ],
        "audioBangla": [
          "https://cdn.jsdelivr.net/gh/Salimbd71/BanglaQuran@main/31/16.mp3"
        ]
      },
      {
        "number": 3486,
        "audio": "https://cdn.islamic.network/quran/audio/128/ar.husary/3486.mp3",
        "audioSecondary": [
          "https://cdn.islamic.network/quran/audio/64/ar.husary/3486.mp3"
        ],
        "text": "يَٰبُنَىَّ أَقِمِ ٱلصَّلَوٰةَ وَأْمُرْ بِٱلْمَعْرُوفِ وَٱنْهَ عَنِ ٱلْمُنكَرِ وَٱصْبِرْ عَلَىٰ مَآ أَصَابَكَ ۖ إِنَّ ذَٰلِكَ مِنْ عَزْمِ ٱلْأُمُورِ",
        "numberInSurah": 17,
        "juz": 21,
        "manzil": 5,
        "page": 412,
        "ruku": 356,
        "hizbQuarter": 164,
        "sajda": false,
        "audioArabic": [
          "https://cdn.jsdelivr.net/gh/Salimbd71/ArabicQuran@main/31/17.mp3"
        ],
        "audioBangla": [
          "https://cdn.jsdelivr.net/gh/Salimbd71/BanglaQuran@main/31/17.mp3"
        ]
      },
      {
        "number": 3487,
        "audio": "https://cdn.islamic.network/quran/audio/128/ar.husary/3487.mp3",
        "audioSecondary": [
          "https://cdn.islamic.network/quran/audio/64/ar.husary/3487.mp3"
        ],
        "text": "وَلَا تُصَعِّرْ خَدَّكَ لِلنَّاسِ وَلَا تَمْشِ فِى ٱلْأَرْضِ مَرَحًا ۖ إِنَّ ٱللَّهَ لَا يُحِبُّ كُلَّ مُخْتَالٍۢ فَخُورٍۢ",
        "numberInSurah": 18,
        "juz": 21,
        "manzil": 5,
        "page": 412,
        "ruku": 356,
        "hizbQuarter": 164,
        "sajda": false,
        "audioArabic": [
          "https://cdn.jsdelivr.net/gh/Salimbd71/ArabicQuran@main/31/18.mp3"
        ],
        "audioBangla": [
          "https://cdn.jsdelivr.net/gh/Salimbd71/BanglaQuran@main/31/18.mp3"
        ]
      },
      {
        "number": 3488,
        "audio": "https://cdn.islamic.network/quran/audio/128/ar.husary/3488.mp3",
        "audioSecondary": [
          "https://cdn.islamic.network/quran/audio/64/ar.husary/3488.mp3"
        ],
        "text": "وَٱقْصِدْ فِى مَشْيِكَ وَٱغْضُضْ مِن صَوْتِكَ ۚ إِنَّ أَنكَرَ ٱلْأَصْوَٰتِ لَصَوْتُ ٱلْحَمِيرِ",
        "numberInSurah": 19,
        "juz": 21,
        "manzil": 5,
        "page": 412,
        "ruku": 356,
        "hizbQuarter": 164,
        "sajda": false,
        "audioArabic": [
          "https://cdn.jsdelivr.net/gh/Salimbd71/ArabicQuran@main/31/19.mp3"
        ],
        "audioBangla": [
          "https://cdn.jsdelivr.net/gh/Salimbd71/BanglaQuran@main/31/19.mp3"
        ]
      },
      {
        "number": 3489,
        "audio": "https://cdn.islamic.network/quran/audio/128/ar.husary/3489.mp3",
        "audioSecondary": [
          "https://cdn.islamic.network/quran/audio/64/ar.husary/3489.mp3"
        ],
        "text": "أَلَمْ تَرَوْا۟ أَنَّ ٱللَّهَ سَخَّرَ لَكُم مَّا فِى ٱلسَّمَٰوَٰتِ وَمَا فِى ٱلْأَرْضِ وَأَسْبَغَ عَلَيْكُمْ نِعَمَهُۥ ظَٰهِرَةًۭ وَبَاطِنَةًۭ ۗ وَمِنَ ٱلنَّاسِ مَن يُجَٰدِلُ فِى ٱللَّهِ بِغَيْرِ عِلْمٍۢ وَلَا هُدًۭى وَلَا كِتَٰبٍۢ مُّنِيرٍۢ",
        "numberInSurah": 20,
        "juz": 21,
        "manzil": 5,
        "page": 413,
        "ruku": 357,
        "hizbQuarter": 164,
        "sajda": false,
        "audioArabic": [
          "https://cdn.jsdelivr.net/gh/Salimbd71/ArabicQuran@main/31/20.mp3"
        ],
        "audioBangla": [
          "https://cdn.jsdelivr.net/gh/Salimbd71/BanglaQuran@main/31/20.mp3"
        ]
      },
      {
        "number": 3490,
        "audio": "https://cdn.islamic.network/quran/audio/128/ar.husary/3490.mp3",
        "audioSecondary": [
          "https://cdn.islamic.network/quran/audio/64/ar.husary/3490.mp3"
        ],
        "text": "وَإِذَا قِيلَ لَهُمُ ٱتَّبِعُوا۟ مَآ أَنزَلَ ٱللَّهُ قَالُوا۟ بَلْ نَتَّبِعُ مَا وَجَدْنَا عَلَيْهِ ءَابَآءَنَآ ۚ أَوَلَوْ كَانَ ٱلشَّيْطَٰنُ يَدْعُوهُمْ إِلَىٰ عَذَابِ ٱلسَّعِيرِ",
        "numberInSurah": 21,
        "juz": 21,
        "manzil": 5,
        "page": 413,
        "ruku": 357,
        "hizbQuarter": 164,
        "sajda": false,
        "audioArabic": [
          "https://cdn.jsdelivr.net/gh/Salimbd71/ArabicQuran@main/31/21.mp3"
        ],
        "audioBangla": [
          "https://cdn.jsdelivr.net/gh/Salimbd71/BanglaQuran@main/31/21.mp3"
        ]
      },
      {
        "number": 3491,
        "audio": "https://cdn.islamic.network/quran/audio/128/ar.husary/3491.mp3",
        "audioSecondary": [
          "https://cdn.islamic.network/quran/audio/64/ar.husary/3491.mp3"
        ],
        "text": "۞ وَمَن يُسْلِمْ وَجْهَهُۥٓ إِلَى ٱللَّهِ وَهُوَ مُحْسِنٌۭ فَقَدِ ٱسْتَمْسَكَ بِٱلْعُرْوَةِ ٱلْوُثْقَىٰ ۗ وَإِلَى ٱللَّهِ عَٰقِبَةُ ٱلْأُمُورِ",
        "numberInSurah": 22,
        "juz": 21,
        "manzil": 5,
        "page": 413,
        "ruku": 357,
        "hizbQuarter": 165,
        "sajda": false,
        "audioArabic": [
          "https://cdn.jsdelivr.net/gh/Salimbd71/ArabicQuran@main/31/22.mp3"
        ],
        "audioBangla": [
          "https://cdn.jsdelivr.net/gh/Salimbd71/BanglaQuran@main/31/22.mp3"
        ]
      },
      {
        "number": 3492,
        "audio": "https://cdn.islamic.network/quran/audio/128/ar.husary/3492.mp3",
        "audioSecondary": [
          "https://cdn.islamic.network/quran/audio/64/ar.husary/3492.mp3"
        ],
        "text": "وَمَن كَفَرَ فَلَا يَحْزُنكَ كُفْرُهُۥٓ ۚ إِلَيْنَا مَرْجِعُهُمْ فَنُنَبِّئُهُم بِمَا عَمِلُوٓا۟ ۚ إِنَّ ٱللَّهَ عَلِيمٌۢ بِذَاتِ ٱلصُّدُورِ",
        "numberInSurah": 23,
        "juz": 21,
        "manzil": 5,
        "page": 413,
        "ruku": 357,
        "hizbQuarter": 165,
        "sajda": false,
        "audioArabic": [
          "https://cdn.jsdelivr.net/gh/Salimbd71/ArabicQuran@main/31/23.mp3"
        ],
        "audioBangla": [
          "https://cdn.jsdelivr.net/gh/Salimbd71/BanglaQuran@main/31/23.mp3"
        ]
      },
      {
        "number": 3493,
        "audio": "https://cdn.islamic.network/quran/audio/128/ar.husary/3493.mp3",
        "audioSecondary": [
          "https://cdn.islamic.network/quran/audio/64/ar.husary/3493.mp3"
        ],
        "text": "نُمَتِّعُهُمْ قَلِيلًۭا ثُمَّ نَضْطَرُّهُمْ إِلَىٰ عَذَابٍ غَلِيظٍۢ",
        "numberInSurah": 24,
        "juz": 21,
        "manzil": 5,
        "page": 413,
        "ruku": 357,
        "hizbQuarter": 165,
        "sajda": false,
        "audioArabic": [
          "https://cdn.jsdelivr.net/gh/Salimbd71/ArabicQuran@main/31/24.mp3"
        ],
        "audioBangla": [
          "https://cdn.jsdelivr.net/gh/Salimbd71/BanglaQuran@main/31/24.mp3"
        ]
      },
      {
        "number": 3494,
        "audio": "https://cdn.islamic.network/quran/audio/128/ar.husary/3494.mp3",
        "audioSecondary": [
          "https://cdn.islamic.network/quran/audio/64/ar.husary/3494.mp3"
        ],
        "text": "وَلَئِن سَأَلْتَهُم مَّنْ خَلَقَ ٱلسَّمَٰوَٰتِ وَٱلْأَرْضَ لَيَقُولُنَّ ٱللَّهُ ۚ قُلِ ٱلْحَمْدُ لِلَّهِ ۚ بَلْ أَكْثَرُهُمْ لَا يَعْلَمُونَ",
        "numberInSurah": 25,
        "juz": 21,
        "manzil": 5,
        "page": 413,
        "ruku": 357,
        "hizbQuarter": 165,
        "sajda": false,
        "audioArabic": [
          "https://cdn.jsdelivr.net/gh/Salimbd71/ArabicQuran@main/31/25.mp3"
        ],
        "audioBangla": [
          "https://cdn.jsdelivr.net/gh/Salimbd71/BanglaQuran@main/31/25.mp3"
        ]
      },
      {
        "number": 3495,
        "audio": "https://cdn.islamic.network/quran/audio/128/ar.husary/3495.mp3",
        "audioSecondary": [
          "https://cdn.islamic.network/quran/audio/64/ar.husary/3495.mp3"
        ],
        "text": "لِلَّهِ مَا فِى ٱلسَّمَٰوَٰتِ وَٱلْأَرْضِ ۚ إِنَّ ٱللَّهَ هُوَ ٱلْغَنِىُّ ٱلْحَمِيدُ",
        "numberInSurah": 26,
        "juz": 21,
        "manzil": 5,
        "page": 413,
        "ruku": 357,
        "hizbQuarter": 165,
        "sajda": false,
        "audioArabic": [
          "https://cdn.jsdelivr.net/gh/Salimbd71/ArabicQuran@main/31/26.mp3"
        ],
        "audioBangla": [
          "https://cdn.jsdelivr.net/gh/Salimbd71/BanglaQuran@main/31/26.mp3"
        ]
      },
      {
        "number": 3496,
        "audio": "https://cdn.islamic.network/quran/audio/128/ar.husary/3496.mp3",
        "audioSecondary": [
          "https://cdn.islamic.network/quran/audio/64/ar.husary/3496.mp3"
        ],
        "text": "وَلَوْ أَنَّمَا فِى ٱلْأَرْضِ مِن شَجَرَةٍ أَقْلَٰمٌۭ وَٱلْبَحْرُ يَمُدُّهُۥ مِنۢ بَعْدِهِۦ سَبْعَةُ أَبْحُرٍۢ مَّا نَفِدَتْ كَلِمَٰتُ ٱللَّهِ ۗ إِنَّ ٱللَّهَ عَزِيزٌ حَكِيمٌۭ",
        "numberInSurah": 27,
        "juz": 21,
        "manzil": 5,
        "page": 413,
        "ruku": 357,
        "hizbQuarter": 165,
        "sajda": false,
        "audioArabic": [
          "https://cdn.jsdelivr.net/gh/Salimbd71/ArabicQuran@main/31/27.mp3"
        ],
        "audioBangla": [
          "https://cdn.jsdelivr.net/gh/Salimbd71/BanglaQuran@main/31/27.mp3"
        ]
      },
      {
        "number": 3497,
        "audio": "https://cdn.islamic.network/quran/audio/128/ar.husary/3497.mp3",
        "audioSecondary": [
          "https://cdn.islamic.network/quran/audio/64/ar.husary/3497.mp3"
        ],
        "text": "مَّا خَلْقُكُمْ وَلَا بَعْثُكُمْ إِلَّا كَنَفْسٍۢ وَٰحِدَةٍ ۗ إِنَّ ٱللَّهَ سَمِيعٌۢ بَصِيرٌ",
        "numberInSurah": 28,
        "juz": 21,
        "manzil": 5,
        "page": 413,
        "ruku": 357,
        "hizbQuarter": 165,
        "sajda": false,
        "audioArabic": [
          "https://cdn.jsdelivr.net/gh/Salimbd71/ArabicQuran@main/31/28.mp3"
        ],
        "audioBangla": [
          "https://cdn.jsdelivr.net/gh/Salimbd71/BanglaQuran@main/31/28.mp3"
        ]
      },
      {
        "number": 3498,
        "audio": "https://cdn.islamic.network/quran/audio/128/ar.husary/3498.mp3",
        "audioSecondary": [
          "https://cdn.islamic.network/quran/audio/64/ar.husary/3498.mp3"
        ],
        "text": "أَلَمْ تَرَ أَنَّ ٱللَّهَ يُولِجُ ٱلَّيْلَ فِى ٱلنَّهَارِ وَيُولِجُ ٱلنَّهَارَ فِى ٱلَّيْلِ وَسَخَّرَ ٱلشَّمْسَ وَٱلْقَمَرَ كُلٌّۭ يَجْرِىٓ إِلَىٰٓ أَجَلٍۢ مُّسَمًّۭى وَأَنَّ ٱللَّهَ بِمَا تَعْمَلُونَ خَبِيرٌۭ",
        "numberInSurah": 29,
        "juz": 21,
        "manzil": 5,
        "page": 414,
        "ruku": 357,
        "hizbQuarter": 165,
        "sajda": false,
        "audioArabic": [
          "https://cdn.jsdelivr.net/gh/Salimbd71/ArabicQuran@main/31/29.mp3"
        ],
        "audioBangla": [
          "https://cdn.jsdelivr.net/gh/Salimbd71/BanglaQuran@main/31/29.mp3"
        ]
      },
      {
        "number": 3499,
        "audio": "https://cdn.islamic.network/quran/audio/128/ar.husary/3499.mp3",
        "audioSecondary": [
          "https://cdn.islamic.network/quran/audio/64/ar.husary/3499.mp3"
        ],
        "text": "ذَٰلِكَ بِأَنَّ ٱللَّهَ هُوَ ٱلْحَقُّ وَأَنَّ مَا يَدْعُونَ مِن دُونِهِ ٱلْبَٰطِلُ وَأَنَّ ٱللَّهَ هُوَ ٱلْعَلِىُّ ٱلْكَبِيرُ",
        "numberInSurah": 30,
        "juz": 21,
        "manzil": 5,
        "page": 414,
        "ruku": 357,
        "hizbQuarter": 165,
        "sajda": false,
        "audioArabic": [
          "https://cdn.jsdelivr.net/gh/Salimbd71/ArabicQuran@main/31/30.mp3"
        ],
        "audioBangla": [
          "https://cdn.jsdelivr.net/gh/Salimbd71/BanglaQuran@main/31/30.mp3"
        ]
      },
      {
        "number": 3500,
        "audio": "https://cdn.islamic.network/quran/audio/128/ar.husary/3500.mp3",
        "audioSecondary": [
          "https://cdn.islamic.network/quran/audio/64/ar.husary/3500.mp3"
        ],
        "text": "أَلَمْ تَرَ أَنَّ ٱلْفُلْكَ تَجْرِى فِى ٱلْبَحْرِ بِنِعْمَتِ ٱللَّهِ لِيُرِيَكُم مِّنْ ءَايَٰتِهِۦٓ ۚ إِنَّ فِى ذَٰلِكَ لَءَايَٰتٍۢ لِّكُلِّ صَبَّارٍۢ شَكُورٍۢ",
        "numberInSurah": 31,
        "juz": 21,
        "manzil": 5,
        "page": 414,
        "ruku": 357,
        "hizbQuarter": 165,
        "sajda": false,
        "audioArabic": [
          "https://cdn.jsdelivr.net/gh/Salimbd71/ArabicQuran@main/31/31.mp3"
        ],
        "audioBangla": [
          "https://cdn.jsdelivr.net/gh/Salimbd71/BanglaQuran@main/31/31.mp3"
        ]
      },
      {
        "number": 3501,
        "audio": "https://cdn.islamic.network/quran/audio/128/ar.husary/3501.mp3",
        "audioSecondary": [
          "https://cdn.islamic.network/quran/audio/64/ar.husary/3501.mp3"
        ],
        "text": "وَإِذَا غَشِيَهُم مَّوْجٌۭ كَٱلظُّلَلِ دَعَوُا۟ ٱللَّهَ مُخْلِصِينَ لَهُ ٱلدِّينَ فَلَمَّا نَجَّىٰهُمْ إِلَى ٱلْبَرِّ فَمِنْهُم مُّقْتَصِدٌۭ ۚ وَمَا يَجْحَدُ بِـَٔايَٰتِنَآ إِلَّا كُلُّ خَتَّارٍۢ كَفُورٍۢ",
        "numberInSurah": 32,
        "juz": 21,
        "manzil": 5,
        "page": 414,
        "ruku": 357,
        "hizbQuarter": 165,
        "sajda": false,
        "audioArabic": [
          "https://cdn.jsdelivr.net/gh/Salimbd71/ArabicQuran@main/31/32.mp3"
        ],
        "audioBangla": [
          "https://cdn.jsdelivr.net/gh/Salimbd71/BanglaQuran@main/31/32.mp3"
        ]
      },
      {
        "number": 3502,
        "audio": "https://cdn.islamic.network/quran/audio/128/ar.husary/3502.mp3",
        "audioSecondary": [
          "https://cdn.islamic.network/quran/audio/64/ar.husary/3502.mp3"
        ],
        "text": "يَٰٓأَيُّهَا ٱلنَّاسُ ٱتَّقُوا۟ رَبَّكُمْ وَٱخْشَوْا۟ يَوْمًۭا لَّا يَجْزِى وَالِدٌ عَن وَلَدِهِۦ وَلَا مَوْلُودٌ هُوَ جَازٍ عَن وَالِدِهِۦ شَيْـًٔا ۚ إِنَّ وَعْدَ ٱللَّهِ حَقٌّۭ ۖ فَلَا تَغُرَّنَّكُمُ ٱلْحَيَوٰةُ ٱلدُّنْيَا وَلَا يَغُرَّنَّكُم بِٱللَّهِ ٱلْغَرُورُ",
        "numberInSurah": 33,
        "juz": 21,
        "manzil": 5,
        "page": 414,
        "ruku": 357,
        "hizbQuarter": 165,
        "sajda": false,
        "audioArabic": [
          "https://cdn.jsdelivr.net/gh/Salimbd71/ArabicQuran@main/31/33.mp3"
        ],
        "audioBangla": [
          "https://cdn.jsdelivr.net/gh/Salimbd71/BanglaQuran@main/31/33.mp3"
        ]
      },
      {
        "number": 3503,
        "audio": "https://cdn.islamic.network/quran/audio/128/ar.husary/3503.mp3",
        "audioSecondary": [
          "https://cdn.islamic.network/quran/audio/64/ar.husary/3503.mp3"
        ],
        "text": "إِنَّ ٱللَّهَ عِندَهُۥ عِلْمُ ٱلسَّاعَةِ وَيُنَزِّلُ ٱلْغَيْثَ وَيَعْلَمُ مَا فِى ٱلْأَرْحَامِ ۖ وَمَا تَدْرِى نَفْسٌۭ مَّاذَا تَكْسِبُ غَدًۭا ۖ وَمَا تَدْرِى نَفْسٌۢ بِأَىِّ أَرْضٍۢ تَمُوتُ ۚ إِنَّ ٱللَّهَ عَلِيمٌ خَبِيرٌۢ",
        "numberInSurah": 34,
        "juz": 21,
        "manzil": 5,
        "page": 414,
        "ruku": 357,
        "hizbQuarter": 165,
        "sajda": false,
        "audioArabic": [
          "https://cdn.jsdelivr.net/gh/Salimbd71/ArabicQuran@main/31/34.mp3"
        ],
        "audioBangla": [
          "https://cdn.jsdelivr.net/gh/Salimbd71/BanglaQuran@main/31/34.mp3"
        ]
      }
    ],
    "edition": {
      "identifier": "ar.husary",
      "language": "ar",
      "name": "محمود خليل الحصري",
      "englishName": "Husary",
      "format": "audio",
      "type": "versebyverse",
      "direction": null
    }
  }
}