{
  "code": 200,
  "status": "OK",
  "data": {
    "number": 42,
    "name": "سُورَةُ الشُّورَىٰ",
    "englishName": "Ash-Shura",
    "englishNameTranslation": "Consultation",
    "revelationType": "Meccan",
    "numberOfAyahs": 53,
    "ayahs": [
      {
        "number": 4273,
        "audio": "https://everyayah.com/data/Husary_64kbps/042001.mp3",
        "audioSecondary": [
          "https://cdn.islamic.network/quran/audio/64/ar.husary/4273.mp3"
        ],
        "text": "بِسْمِ ٱللَّهِ ٱلرَّحْمَٰنِ ٱلرَّحِيمِ حمٓ",
        "numberInSurah": 1,
        "juz": 25,
        "manzil": 6,
        "page": 483,
        "ruku": 419,
        "hizbQuarter": 193,
        "sajda": false,
        "audioArabic": [
          "https://cdn.jsdelivr.net/gh/Salimbd71/ArabicQuran@main/42/1.mp3"
        ],
        "audioBangla": [
          "https://cdn.jsdelivr.net/gh/Salimbd71/BanglaQuran@main/42/1.mp3"
        ]
      },
      {
        "number": 4274,
        "audio": "https://everyayah.com/data/Husary_64kbps/042002.mp3",
        "audioSecondary": [
          "https://cdn.islamic.network/quran/audio/64/ar.husary/4274.mp3"
        ],
        "text": "عٓسٓقٓ",
        "numberInSurah": 2,
        "juz": 25,
        "manzil": 6,
        "page": 483,
        "ruku": 419,
        "hizbQuarter": 193,
        "sajda": false,
        "audioArabic": [
          "https://cdn.jsdelivr.net/gh/Salimbd71/ArabicQuran@main/42/2.mp3"
        ],
        "audioBangla": [
          "https://cdn.jsdelivr.net/gh/Salimbd71/BanglaQuran@main/42/2.mp3"
        ]
      },
      {
        "number": 4275,
        "audio": "https://everyayah.com/data/Husary_64kbps/042003.mp3",
        "audioSecondary": [
          "https://cdn.islamic.network/quran/audio/64/ar.husary/4275.mp3"
        ],
        "text": "كَذَٰلِكَ يُوحِىٓ إِلَيْكَ وَإِلَى ٱلَّذِينَ مِن قَبْلِكَ ٱللَّهُ ٱلْعَزِيزُ ٱلْحَكِيمُ",
        "numberInSurah": 3,
        "juz": 25,
        "manzil": 6,
        "page": 483,
        "ruku": 419,
        "hizbQuarter": 193,
        "sajda": false,
        "audioArabic": [
          "https://cdn.jsdelivr.net/gh/Salimbd71/ArabicQuran@main/42/3.mp3"
        ],
        "audioBangla": [
          "https://cdn.jsdelivr.net/gh/Salimbd71/BanglaQuran@main/42/3.mp3"
        ]
      },
      {
        "number": 4276,
        "audio": "https://everyayah.com/data/Husary_64kbps/042004.mp3",
        "audioSecondary": [
          "https://cdn.islamic.network/quran/audio/64/ar.husary/4276.mp3"
        ],
        "text": "لَهُۥ مَا فِى ٱلسَّمَٰوَٰتِ وَمَا فِى ٱلْأَرْضِ ۖ وَهُوَ ٱلْعَلِىُّ ٱلْعَظِيمُ",
        "numberInSurah": 4,
        "juz": 25,
        "manzil": 6,
        "page": 483,
        "ruku": 419,
        "hizbQuarter": 193,
        "sajda": false,
        "audioArabic": [
          "https://cdn.jsdelivr.net/gh/Salimbd71/ArabicQuran@main/42/4.mp3"
        ],
        "audioBangla": [
          "https://cdn.jsdelivr.net/gh/Salimbd71/BanglaQuran@main/42/4.mp3"
        ]
      },
      {
        "number": 4277,
        "audio": "https://everyayah.com/data/Husary_64kbps/042005.mp3",
        "audioSecondary": [
          "https://cdn.islamic.network/quran/audio/64/ar.husary/4277.mp3"
        ],
        "text": "تَكَادُ ٱلسَّمَٰوَٰتُ يَتَفَطَّرْنَ مِن فَوْقِهِنَّ ۚ وَٱلْمَلَٰٓئِكَةُ يُسَبِّحُونَ بِحَمْدِ رَبِّهِمْ وَيَسْتَغْفِرُونَ لِمَن فِى ٱلْأَرْضِ ۗ أَلَآ إِنَّ ٱللَّهَ هُوَ ٱلْغَفُورُ ٱلرَّحِيمُ",
        "numberInSurah": 5,
        "juz": 25,
        "manzil": 6,
        "page": 483,
        "ruku": 419,
        "hizbQuarter": 193,
        "sajda": false,
        "audioArabic": [
          "https://cdn.jsdelivr.net/gh/Salimbd71/ArabicQuran@main/42/5.mp3"
        ],
        "audioBangla": [
          "https://cdn.jsdelivr.net/gh/Salimbd71/BanglaQuran@main/42/5.mp3"
        ]
      },
      {
        "number": 4278,
        "audio": "https://everyayah.com/data/Husary_64kbps/042006.mp3",
        "audioSecondary": [
          "https://cdn.islamic.network/quran/audio/64/ar.husary/4278.mp3"
        ],
        "text": "وَٱلَّذِينَ ٱتَّخَذُوا۟ مِن دُونِهِۦٓ أَوْلِيَآءَ ٱللَّهُ حَفِيظٌ عَلَيْهِمْ وَمَآ أَنتَ عَلَيْهِم بِوَكِيلٍۢ",
        "numberInSurah": 6,
        "juz": 25,
        "manzil": 6,
        "page": 483,
        "ruku": 419,
        "hizbQuarter": 193,
        "sajda": false,
        "audioArabic": [
          "https://cdn.jsdelivr.net/gh/Salimbd71/ArabicQuran@main/42/6.mp3"
        ],
        "audioBangla": [
          "https://cdn.jsdelivr.net/gh/Salimbd71/BanglaQuran@main/42/6.mp3"
        ]
      },
      {
        "number": 4279,
        "audio": "https://everyayah.com/data/Husary_64kbps/042007.mp3",
        "audioSecondary": [
          "https://cdn.islamic.network/quran/audio/64/ar.husary/4279.mp3"
        ],
        "text": "وَكَذَٰلِكَ أَوْحَيْنَآ إِلَيْكَ قُرْءَانًا عَرَبِيًّۭا لِّتُنذِرَ أُمَّ ٱلْقُرَىٰ وَمَنْ حَوْلَهَا وَتُنذِرَ يَوْمَ ٱلْجَمْعِ لَا رَيْبَ فِيهِ ۚ فَرِيقٌۭ فِى ٱلْجَنَّةِ وَفَرِيقٌۭ فِى ٱلسَّعِيرِ",
        "numberInSurah": 7,
        "juz": 25,
        "manzil": 6,
        "page": 483,
        "ruku": 419,
        "hizbQuarter": 193,
        "sajda": false,
        "audioArabic": [
          "https://cdn.jsdelivr.net/gh/Salimbd71/ArabicQuran@main/42/7.mp3"
        ],
        "audioBangla": [
          "https://cdn.jsdelivr.net/gh/Salimbd71/BanglaQuran@main/42/7.mp3"
        ]
      },
      {
        "number": 4280,
        "audio": "https://everyayah.com/data/Husary_64kbps/042008.mp3",
        "audioSecondary": [
          "https://cdn.islamic.network/quran/audio/64/ar.husary/4280.mp3"
        ],
        "text": "وَلَوْ شَآءَ ٱللَّهُ لَجَعَلَهُمْ أُمَّةًۭ وَٰحِدَةًۭ وَلَٰكِن يُدْخِلُ مَن يَشَآءُ فِى رَحْمَتِهِۦ ۚ وَٱلظَّٰلِمُونَ مَا لَهُم مِّن وَلِىٍّۢ وَلَا نَصِيرٍ",
        "numberInSurah": 8,
        "juz": 25,
        "manzil": 6,
        "page": 483,
        "ruku": 419,
        "hizbQuarter": 193,
        "sajda": false,
        "audioArabic": [
          "https://cdn.jsdelivr.net/gh/Salimbd71/ArabicQuran@main/42/8.mp3"
        ],
        "audioBangla": [
          "https://cdn.jsdelivr.net/gh/Salimbd71/BanglaQuran@main/42/8.mp3"
        ]
      },
      {
        "number": 4281,
        "audio": "https://everyayah.com/data/Husary_64kbps/042009.mp3",
        "audioSecondary": [
          "https://cdn.islamic.network/quran/audio/64/ar.husary/4281.mp3"
        ],
        "text": "أَمِ ٱتَّخَذُوا۟ مِن دُونِهِۦٓ أَوْلِيَآءَ ۖ فَٱللَّهُ هُوَ ٱلْوَلِىُّ وَهُوَ يُحْىِ ٱلْمَوْتَىٰ وَهُوَ عَلَىٰ كُلِّ شَىْءٍۢ قَدِيرٌۭ",
        "numberInSurah": 9,
        "juz": 25,
        "manzil": 6,
        "page": 483,
        "ruku": 419,
        "hizbQuarter": 193,
        "sajda": false,
        "audioArabic": [
          "https://cdn.jsdelivr.net/gh/Salimbd71/ArabicQuran@main/42/9.mp3"
        ],
        "audioBangla": [
          "https://cdn.jsdelivr.net/gh/Salimbd71/BanglaQuran@main/42/9.mp3"
        ]
      },
      {
        "number": 4282,
        "audio": "https://everyayah.com/data/Husary_64kbps/042010.mp3",
        "audioSecondary": [
          "https://cdn.islamic.network/quran/audio/64/ar.husary/4282.mp3"
        ],
        "text": "وَمَا ٱخْتَلَفْتُمْ فِيهِ مِن شَىْءٍۢ فَحُكْمُهُۥٓ إِلَى ٱللَّهِ ۚ ذَٰلِكُمُ ٱللَّهُ رَبِّى عَلَيْهِ تَوَكَّلْتُ وَإِلَيْهِ أُنِيبُ",
        "numberInSurah": 10,
        "juz": 25,
        "manzil": 6,
        "page": 483,
        "ruku": 420,
        "hizbQuarter": 193,
        "sajda": false,
        "audioArabic": [
          "https://cdn.jsdelivr.net/gh/Salimbd71/ArabicQuran@main/42/10.mp3"
        ],
        "audioBangla": [
          "https://cdn.jsdelivr.net/gh/Salimbd71/BanglaQuran@main/42/10.mp3"
        ]
      },
      {
        "number": 4283,
        "audio": "https://everyayah.com/data/Husary_64kbps/042011.mp3",
        "audioSecondary": [
          "https://cdn.islamic.network/quran/audio/64/ar.husary/4283.mp3"
        ],
        "text": "فَاطِرُ ٱلسَّمَٰوَٰتِ وَٱلْأَرْضِ ۚ جَعَلَ لَكُم مِّنْ أَنفُسِكُمْ أَزْوَٰجًۭا وَمِنَ ٱلْأَنْعَٰمِ أَزْوَٰجًۭا ۖ يَذْرَؤُكُمْ فِيهِ ۚ لَيْسَ كَمِثْلِهِۦ شَىْءٌۭ ۖ وَهُوَ ٱلسَّمِيعُ ٱلْبَصِيرُ",
        "numberInSurah": 11,
        "juz": 25,
        "manzil": 6,
        "page": 484,
        "ruku": 420,
        "hizbQuarter": 193,
        "sajda": false,
        "audioArabic": [
          "https://cdn.jsdelivr.net/gh/Salimbd71/ArabicQuran@main/42/11.mp3"
        ],
        "audioBangla": [
          "https://cdn.jsdelivr.net/gh/Salimbd71/BanglaQuran@main/42/11.mp3"
        ]
      },
      {
        "number": 4284,
        "audio": "https://everyayah.com/data/Husary_64kbps/042012.mp3",
        "audioSecondary": [
          "https://cdn.islamic.network/quran/audio/64/ar.husary/4284.mp3"
        ],
        "text": "لَهُۥ مَقَالِيدُ ٱلسَّمَٰوَٰتِ وَٱلْأَرْضِ ۖ يَبْسُطُ ٱلرِّزْقَ لِمَن يَشَآءُ وَيَقْدِرُ ۚ إِنَّهُۥ بِكُلِّ شَىْءٍ عَلِيمٌۭ",
        "numberInSurah": 12,
        "juz": 25,
        "manzil": 6,
        "page": 484,
        "ruku": 420,
        "hizbQuarter": 193,
        "sajda": false,
        "audioArabic": [
          "https://cdn.jsdelivr.net/gh/Salimbd71/ArabicQuran@main/42/12.mp3"
        ],
        "audioBangla": [
          "https://cdn.jsdelivr.net/gh/Salimbd71/BanglaQuran@main/42/12.mp3"
        ]
      },
      {
        "number": 4285,
        "audio": "https://everyayah.com/data/Husary_64kbps/042013.mp3",
        "audioSecondary": [
          "https://cdn.islamic.network/quran/audio/64/ar.husary/4285.mp3"
        ],
        "text": "۞ شَرَعَ لَكُم مِّنَ ٱلدِّينِ مَا وَصَّىٰ بِهِۦ نُوحًۭا وَٱلَّذِىٓ أَوْحَيْنَآ إِلَيْكَ وَمَا وَصَّيْنَا بِهِۦٓ إِبْرَٰهِيمَ وَمُوسَىٰ وَعِيسَىٰٓ ۖ أَنْ أَقِيمُوا۟ ٱلدِّينَ وَلَا تَتَفَرَّقُوا۟ فِيهِ ۚ كَبُرَ عَلَى ٱلْمُشْرِكِينَ مَا تَدْعُوهُمْ إِلَيْهِ ۚ ٱللَّهُ يَجْتَبِىٓ إِلَيْهِ مَن يَشَآءُ وَيَهْدِىٓ إِلَيْهِ مَن يُنِيبُ",
        "numberInSurah": 13,
        "juz": 25,
        "manzil": 6,
        "page": 484,
        "ruku": 420,
        "hizbQuarter": 194,
        "sajda": false,
        "audioArabic": [
          "https://cdn.jsdelivr.net/gh/Salimbd71/ArabicQuran@main/42/13.mp3"
        ],
        "audioBangla": [
          "https://cdn.jsdelivr.net/gh/Salimbd71/BanglaQuran@main/42/13.mp3"
        ]
      },
      {
        "number": 4286,
        "audio": "https://everyayah.com/data/Husary_64kbps/042014.mp3",
        "audioSecondary": [
          "https://cdn.islamic.network/quran/audio/64/ar.husary/4286.mp3"
        ],
        "text": "وَمَا تَفَرَّقُوٓا۟ إِلَّا مِنۢ بَعْدِ مَا جَآءَهُمُ ٱلْعِلْمُ بَغْيًۢا بَيْنَهُمْ ۚ وَلَوْلَا كَلِمَةٌۭ سَبَقَتْ مِن رَّبِّكَ إِلَىٰٓ أَجَلٍۢ مُّسَمًّۭى لَّقُضِىَ بَيْنَهُمْ ۚ وَإِنَّ ٱلَّذِينَ أُورِثُوا۟ ٱلْكِتَٰبَ مِنۢ بَعْدِهِمْ لَفِى شَكٍّۢ مِّنْهُ مُرِيبٍۢ",
        "numberInSurah": 14,
        "juz": 25,
        "manzil": 6,
        "page": 484,
        "ruku": 420,
        "hizbQuarter": 194,
        "sajda": false,
        "audioArabic": [
          "https://cdn.jsdelivr.net/gh/Salimbd71/ArabicQuran@main/42/14.mp3"
        ],
        "audioBangla": [
          "https://cdn.jsdelivr.net/gh/Salimbd71/BanglaQuran@main/42/14.mp3"
        ]
      },
      {
        "number": 4287,
        "audio": "https://everyayah.com/data/Husary_64kbps/042015.mp3",
        "audioSecondary": [
          "https://cdn.islamic.network/quran/audio/64/ar.husary/4287.mp3"
        ],
        "text": "فَلِذَٰلِكَ فَٱدْعُ ۖ وَٱسْتَقِمْ كَمَآ أُمِرْتَ ۖ وَلَا تَتَّبِعْ أَهْوَآءَهُمْ ۖ وَقُلْ ءَامَنتُ بِمَآ أَنزَلَ ٱللَّهُ مِن كِتَٰبٍۢ ۖ وَأُمِرْتُ لِأَعْدِلَ بَيْنَكُمُ ۖ ٱللَّهُ رَبُّنَا وَرَبُّكُمْ ۖ لَنَآ أَعْمَٰلُنَا وَلَكُمْ أَعْمَٰلُكُمْ ۖ لَا حُجَّةَ بَيْنَنَا وَبَيْنَكُمُ ۖ ٱللَّهُ يَجْمَعُ بَيْنَنَا ۖ وَإِلَيْهِ ٱلْمَصِيرُ",
        "numberInSurah": 15,
        "juz": 25,
        "manzil": 6,
        "page": 484,
        "ruku": 420,
        "hizbQuarter": 194,
        "sajda": false,
        "audioArabic": [
          "https://cdn.jsdelivr.net/gh/Salimbd71/ArabicQuran@main/42/15.mp3"
        ],
        "audioBangla": [
          "https://cdn.jsdelivr.net/gh/Salimbd71/BanglaQuran@main/42/15.mp3"
        ]
      },
      {
        "number": 4288,
        "audio": "https://everyayah.com/data/Husary_64kbps/042016.mp3",
        "audioSecondary": [
          "https://cdn.islamic.network/quran/audio/64/ar.husary/4288.mp3"
        ],
        "text": "وَٱلَّذِينَ يُحَآجُّونَ فِى ٱللَّهِ مِنۢ بَعْدِ مَا ٱسْتُجِيبَ لَهُۥ حُجَّتُهُمْ دَاحِضَةٌ عِندَ رَبِّهِمْ وَعَلَيْهِمْ غَضَبٌۭ وَلَهُمْ عَذَابٌۭ شَدِيدٌ",
        "numberInSurah": 16,
        "juz": 25,
        "manzil": 6,
        "page": 485,
        "ruku": 420,
        "hizbQuarter": 194,
        "sajda": false,
        "audioArabic": [
          "https://cdn.jsdelivr.net/gh/Salimbd71/ArabicQuran@main/42/16.mp3"
        ],
        "audioBangla": [
          "https://cdn.jsdelivr.net/gh/Salimbd71/BanglaQuran@main/42/16.mp3"
        ]
      },
      {
        "number": 4289,
        "audio": "https://everyayah.com/data/Husary_64kbps/042017.mp3",
        "audioSecondary": [
          "https://cdn.islamic.network/quran/audio/64/ar.husary/4289.mp3"
        ],
        "text": "ٱللَّهُ ٱلَّذِىٓ أَنزَلَ ٱلْكِتَٰبَ بِٱلْحَقِّ وَٱلْمِيزَانَ ۗ وَمَا يُدْرِيكَ لَعَلَّ ٱلسَّاعَةَ قَرِيبٌۭ",
        "numberInSurah": 17,
        "juz": 25,
        "manzil": 6,
        "page": 485,
        "ruku": 420,
        "hizbQuarter": 194,
        "sajda": false,
        "audioArabic": [
          "https://cdn.jsdelivr.net/gh/Salimbd71/ArabicQuran@main/42/17.mp3"
        ],
        "audioBangla": [
          "https://cdn.jsdelivr.net/gh/Salimbd71/BanglaQuran@main/42/17.mp3"
        ]
      },
      {
        "number": 4290,
        "audio": "https://everyayah.com/data/Husary_64kbps/042018.mp3",
        "audioSecondary": [
          "https://cdn.islamic.network/quran/audio/64/ar.husary/4290.mp3"
        ],
        "text": "يَسْتَعْجِلُ بِهَا ٱلَّذِينَ لَا يُؤْمِنُونَ بِهَا ۖ وَٱلَّذِينَ ءَامَنُوا۟ مُشْفِقُونَ مِنْهَا وَيَعْلَمُونَ أَنَّهَا ٱلْحَقُّ ۗ أَلَآ إِنَّ ٱلَّذِينَ يُمَارُونَ فِى ٱلسَّاعَةِ لَفِى ضَلَٰلٍۭ بَعِيدٍ",
        "numberInSurah": 18,
        "juz": 25,
        "manzil": 6,
        "page": 485,
        "ruku": 420,
        "hizbQuarter": 194,
        "sajda": false,
        "audioArabic": [
          "https://cdn.jsdelivr.net/gh/Salimbd71/ArabicQuran@main/42/18.mp3"
        ],
        "audioBangla": [
          "https://cdn.jsdelivr.net/gh/Salimbd71/BanglaQuran@main/42/18.mp3"
        ]
      },
      {
        "number": 4291,
        "audio": "https://everyayah.com/data/Husary_64kbps/042019.mp3",
        "audioSecondary": [
          "https://cdn.islamic.network/quran/audio/64/ar.husary/4291.mp3"
        ],
        "text": "ٱللَّهُ لَطِيفٌۢ بِعِبَادِهِۦ يَرْزُقُ مَن يَشَآءُ ۖ وَهُوَ ٱلْقَوِىُّ ٱلْعَزِيزُ",
        "numberInSurah": 19,
        "juz": 25,
        "manzil": 6,
        "page": 485,
        "ruku": 420,
        "hizbQuarter": 194,
        "sajda": false,
        "audioArabic": [
          "https://cdn.jsdelivr.net/gh/Salimbd71/ArabicQuran@main/42/19.mp3"
        ],
        "audioBangla": [
          "https://cdn.jsdelivr.net/gh/Salimbd71/BanglaQuran@main/42/19.mp3"
        ]
      },
      {
        "number": 4292,
        "audio": "https://everyayah.com/data/Husary_64kbps/042020.mp3",
        "audioSecondary": [
          "https://cdn.islamic.network/quran/audio/64/ar.husary/4292.mp3"
        ],
        "text": "مَن كَانَ يُرِيدُ حَرْثَ ٱلْءَاخِرَةِ نَزِدْ لَهُۥ فِى حَرْثِهِۦ ۖ وَمَن كَانَ يُرِيدُ حَرْثَ ٱلدُّنْيَا نُؤْتِهِۦ مِنْهَا وَمَا لَهُۥ فِى ٱلْءَاخِرَةِ مِن نَّصِيبٍ",
        "numberInSurah": 20,
        "juz": 25,
        "manzil": 6,
        "page": 485,
        "ruku": 421,
        "hizbQuarter": 194,
        "sajda": false,
        "audioArabic": [
          "https://cdn.jsdelivr.net/gh/Salimbd71/ArabicQuran@main/42/20.mp3"
        ],
        "audioBangla": [
          "https://cdn.jsdelivr.net/gh/Salimbd71/BanglaQuran@main/42/20.mp3"
        ]
      },
      {
        "number": 4293,
        "audio": "https://everyayah.com/data/Husary_64kbps/042021.mp3",
        "audioSecondary": [
          "https://cdn.islamic.network/quran/audio/64/ar.husary/4293.mp3"
        ],
        "text": "أَمْ لَهُمْ شُرَكَٰٓؤُا۟ شَرَعُوا۟ لَهُم مِّنَ ٱلدِّينِ مَا لَمْ يَأْذَنۢ بِهِ ٱللَّهُ ۚ وَلَوْلَا كَلِمَةُ ٱلْفَصْلِ لَقُضِىَ بَيْنَهُمْ ۗ وَإِنَّ ٱلظَّٰلِمِينَ لَهُمْ عَذَابٌ أَلِيمٌۭ",
        "numberInSurah": 21,
        "juz": 25,
        "manzil": 6,
        "page": 485,
        "ruku": 421,
        "hizbQuarter": 194,
        "sajda": false,
        "audioArabic": [
          "https://cdn.jsdelivr.net/gh/Salimbd71/ArabicQuran@main/42/21.mp3"
        ],
        "audioBangla": [
          "https://cdn.jsdelivr.net/gh/Salimbd71/BanglaQuran@main/42/21.mp3"
        ]
      },
      {
        "number": 4294,
        "audio": "https://everyayah.com/data/Husary_64kbps/042022.mp3",
        "audioSecondary": [
          "https://cdn.islamic.network/quran/audio/64/ar.husary/4294.mp3"
        ],
        "text": "تَرَى ٱلظَّٰلِمِينَ مُشْفِقِينَ مِمَّا كَسَبُوا۟ وَهُوَ وَاقِعٌۢ بِهِمْ ۗ وَٱلَّذِينَ ءَامَنُوا۟ وَعَمِلُوا۟ ٱلصَّٰلِحَٰتِ فِى رَوْضَاتِ ٱلْجَنَّاتِ ۖ لَهُم مَّا يَشَآءُونَ عِندَ رَبِّهِمْ ۚ ذَٰلِكَ هُوَ ٱلْفَضْلُ ٱلْكَبِيرُ",
        "numberInSurah": 22,
        "juz": 25,
        "manzil": 6,
        "page": 485,
        "ruku": 421,
        "hizbQuarter": 194,
        "sajda": false,
        "audioArabic": [
          "https://cdn.jsdelivr.net/gh/Salimbd71/ArabicQuran@main/42/22.mp3"
        ],
        "audioBangla": [
          "https://cdn.jsdelivr.net/gh/Salimbd71/BanglaQuran@main/42/22.mp3"
        ]
      },
      {
        "number": 4295,
        "audio": "https://everyayah.com/data/Husary_64kbps/042023.mp3",
        "audioSecondary": [
          "https://cdn.islamic.network/quran/audio/64/ar.husary/4295.mp3"
        ],
        "text": "ذَٰلِكَ ٱلَّذِى يُبَشِّرُ ٱللَّهُ عِبَادَهُ ٱلَّذِينَ ءَامَنُوا۟ وَعَمِلُوا۟ ٱلصَّٰلِحَٰتِ ۗ قُل لَّآ أَسْـَٔلُكُمْ عَلَيْهِ أَجْرًا إِلَّا ٱلْمَوَدَّةَ فِى ٱلْقُرْبَىٰ ۗ وَمَن يَقْتَرِفْ حَسَنَةًۭ نَّزِدْ لَهُۥ فِيهَا حُسْنًا ۚ إِنَّ ٱللَّهَ غَفُورٌۭ شَكُورٌ",
        "numberInSurah": 23,
        "juz": 25,
        "manzil": 6,
        "page": 486,
        "ruku": 421,
        "hizbQuarter": 194,
        "sajda": false,
        "audioArabic": [
          "https://cdn.jsdelivr.net/gh/Salimbd71/ArabicQuran@main/42/23.mp3"
        ],
        "audioBangla": [
          "https://cdn.jsdelivr.net/gh/Salimbd71/BanglaQuran@main/42/23.mp3"
        ]
      },
      {
        "number": 4296,
        "audio": "https://everyayah.com/data/Husary_64kbps/042024.mp3",
        "audioSecondary": [
          "https://cdn.islamic.network/quran/audio/64/ar.husary/4296.mp3"
        ],
        "text": "أَمْ يَقُولُونَ ٱفْتَرَىٰ عَلَى ٱللَّهِ كَذِبًۭا ۖ فَإِن يَشَإِ ٱللَّهُ يَخْتِمْ عَلَىٰ قَلْبِكَ ۗ وَيَمْحُ ٱللَّهُ ٱلْبَٰطِلَ وَيُحِقُّ ٱلْحَقَّ بِكَلِمَٰتِهِۦٓ ۚ إِنَّهُۥ عَلِيمٌۢ بِذَاتِ ٱلصُّدُورِ",
        "numberInSurah": 24,
        "juz": 25,
        "manzil": 6,
        "page": 486,
        "ruku": 421,
        "hizbQuarter": 194,
        "sajda": false,
        "audioArabic": [
          "https://cdn.jsdelivr.net/gh/Salimbd71/ArabicQuran@main/42/24.mp3"
        ],
        "audioBangla": [
          "https://cdn.jsdelivr.net/gh/Salimbd71/BanglaQuran@main/42/24.mp3"
        ]
      },
      {
        "number": 4297,
        "audio": "https://everyayah.com/data/Husary_64kbps/042025.mp3",
        "audioSecondary": [
          "https://cdn.islamic.network/quran/audio/64/ar.husary/4297.mp3"
        ],
        "text": "وَهُوَ ٱلَّذِى يَقْبَلُ ٱلتَّوْبَةَ عَنْ عِبَادِهِۦ وَيَعْفُوا۟ عَنِ ٱلسَّيِّـَٔاتِ وَيَعْلَمُ مَا تَفْعَلُونَ",
        "numberInSurah": 25,
        "juz": 25,
        "manzil": 6,
        "page": 486,
        "ruku": 421,
        "hizbQuarter": 194,
        "sajda": false,
        "audioArabic": [
          "https://cdn.jsdelivr.net/gh/Salimbd71/ArabicQuran@main/42/25.mp3"
        ],
        "audioBangla": [
          "https://cdn.jsdelivr.net/gh/Salimbd71/BanglaQuran@main/42/25.mp3"
        ]
      },
      {
        "number": 4298,
        "audio": "https://everyayah.com/data/Husary_64kbps/042026.mp3",
        "audioSecondary": [
          "https://cdn.islamic.network/quran/audio/64/ar.husary/4298.mp3"
        ],
        "text": "وَيَسْتَجِيبُ ٱلَّذِينَ ءَامَنُوا۟ وَعَمِلُوا۟ ٱلصَّٰلِحَٰتِ وَيَزِيدُهُم مِّن فَضْلِهِۦ ۚ وَٱلْكَٰفِرُونَ لَهُمْ عَذَابٌۭ شَدِيدٌۭ",
        "numberInSurah": 26,
        "juz": 25,
        "manzil": 6,
        "page": 486,
        "ruku": 421,
        "hizbQuarter": 194,
        "sajda": false,
        "audioArabic": [
          "https://cdn.jsdelivr.net/gh/Salimbd71/ArabicQuran@main/42/26.mp3"
        ],
        "audioBangla": [
          "https://cdn.jsdelivr.net/gh/Salimbd71/BanglaQuran@main/42/26.mp3"
        ]
      },
      {
        "number": 4299,
        "audio": "https://everyayah.com/data/Husary_64kbps/042027.mp3",
        "audioSecondary": [
          "https://cdn.islamic.network/quran/audio/64/ar.husary/4299.mp3"
        ],
        "text": "۞ وَلَوْ بَسَطَ ٱللَّهُ ٱلرِّزْقَ لِعِبَادِهِۦ لَبَغَوْا۟ فِى ٱلْأَرْضِ وَلَٰكِن يُنَزِّلُ بِقَدَرٍۢ مَّا يَشَآءُ ۚ إِنَّهُۥ بِعِبَادِهِۦ خَبِيرٌۢ بَصِيرٌۭ",
        "numberInSurah": 27,
        "juz": 25,
        "manzil": 6,
        "page": 486,
        "ruku": 421,
        "hizbQuarter": 195,
        "sajda": false,
        "audioArabic": [
          "https://cdn.jsdelivr.net/gh/Salimbd71/ArabicQuran@main/42/27.mp3"
        ],
        "audioBangla": [
          "https://cdn.jsdelivr.net/gh/Salimbd71/BanglaQuran@main/42/27.mp3"
        ]
      },
      {
        "number": 4300,
        "audio": "https://everyayah.com/data/Husary_64kbps/042028.mp3",
        "audioSecondary": [
          "https://cdn.islamic.network/quran/audio/64/ar.husary/4300.mp3"
        ],
        "text": "وَهُوَ ٱلَّذِى يُنَزِّلُ ٱلْغَيْثَ مِنۢ بَعْدِ مَا قَنَطُوا۟ وَيَنشُرُ رَحْمَتَهُۥ ۚ وَهُوَ ٱلْوَلِىُّ ٱلْحَمِيدُ",
        "numberInSurah": 28,
        "juz": 25,
        "manzil": 6,
        "page": 486,
        "ruku": 421,
        "hizbQuarter": 195,
        "sajda": false,
        "audioArabic": [
          "https://cdn.jsdelivr.net/gh/Salimbd71/ArabicQuran@main/42/28.mp3"
        ],
        "audioBangla": [
          "https://cdn.jsdelivr.net/gh/Salimbd71/BanglaQuran@main/42/28.mp3"
        ]
      },
      {
        "number": 4301,
        "audio": "https://everyayah.com/data/Husary_64kbps/042029.mp3",
        "audioSecondary": [
          "https://cdn.islamic.network/quran/audio/64/ar.husary/4301.mp3"
        ],
        "text": "وَمِنْ ءَايَٰتِهِۦ خَلْقُ ٱلسَّمَٰوَٰتِ وَٱلْأَرْضِ وَمَا بَثَّ فِيهِمَا مِن دَآبَّةٍۢ ۚ وَهُوَ عَلَىٰ جَمْعِهِمْ إِذَا يَشَآءُ قَدِيرٌۭ",
        "numberInSurah": 29,
        "juz": 25,
        "manzil": 6,
        "page": 486,
        "ruku": 421,
        "hizbQuarter": 195,
        "sajda": false,
        "audioArabic": [
          "https://cdn.jsdelivr.net/gh/Salimbd71/ArabicQuran@main/42/29.mp3"
        ],
        "audioBangla": [
          "https://cdn.jsdelivr.net/gh/Salimbd71/BanglaQuran@main/42/29.mp3"
        ]
      },
      {
        "number": 4302,
        "audio": "https://everyayah.com/data/Husary_64kbps/042030.mp3",
        "audioSecondary": [
          "https://cdn.islamic.network/quran/audio/64/ar.husary/4302.mp3"
        ],
        "text": "وَمَآ أَصَٰبَكُم مِّن مُّصِيبَةٍۢ فَبِمَا كَسَبَتْ أَيْدِيكُمْ وَيَعْفُوا۟ عَن كَثِيرٍۢ",
        "numberInSurah": 30,
        "juz": 25,
        "manzil": 6,
        "page": 486,
        "ruku": 422,
        "hizbQuarter": 195,
        "sajda": false,
        "audioArabic": [
          "https://cdn.jsdelivr.net/gh/Salimbd71/ArabicQuran@main/42/30.mp3"
        ],
        "audioBangla": [
          "https://cdn.jsdelivr.net/gh/Salimbd71/BanglaQuran@main/42/30.mp3"
        ]
      },
      {
        "number": 4303,
        "audio": "https://everyayah.com/data/Husary_64kbps/042031.mp3",
        "audioSecondary": [
          "https://cdn.islamic.network/quran/audio/64/ar.husary/4303.mp3"
        ],
        "text": "وَمَآ أَنتُم بِمُعْجِزِينَ فِى ٱلْأَرْضِ ۖ وَمَا لَكُم مِّن دُونِ ٱللَّهِ مِن وَلِىٍّۢ وَلَا نَصِيرٍۢ",
        "numberInSurah": 31,
        "juz": 25,
        "manzil": 6,
        "page": 486,
        "ruku": 422,
        "hizbQuarter": 195,
        "sajda": false,
        "audioArabic": [
          "https://cdn.jsdelivr.net/gh/Salimbd71/ArabicQuran@main/42/31.mp3"
        ],
        "audioBangla": [
          "https://cdn.jsdelivr.net/gh/Salimbd71/BanglaQuran@main/42/31.mp3"
        ]
      },
      {
        "number": 4304,
        "audio": "https://everyayah.com/data/Husary_64kbps/042032.mp3",
        "audioSecondary": [
          "https://cdn.islamic.network/quran/audio/64/ar.husary/4304.mp3"
        ],
        "text": "وَمِنْ ءَايَٰتِهِ ٱلْجَوَارِ فِى ٱلْبَحْرِ كَٱلْأَعْلَٰمِ",
        "numberInSurah": 32,
        "juz": 25,
        "manzil": 6,
        "page": 487,
        "ruku": 422,
        "hizbQuarter": 195,
        "sajda": false,
        "audioArabic": [
          "https://cdn.jsdelivr.net/gh/Salimbd71/ArabicQuran@main/42/32.mp3"
        ],
        "audioBangla": [
          "https://cdn.jsdelivr.net/gh/Salimbd71/BanglaQuran@main/42/32.mp3"
        ]
      },
      {
        "number": 4305,
        "audio": "https://everyayah.com/data/Husary_64kbps/042033.mp3",
        "audioSecondary": [
          "https://cdn.islamic.network/quran/audio/64/ar.husary/4305.mp3"
        ],
        "text": "إِن يَشَأْ يُسْكِنِ ٱلرِّيحَ فَيَظْلَلْنَ رَوَاكِدَ عَلَىٰ ظَهْرِهِۦٓ ۚ إِنَّ فِى ذَٰلِكَ لَءَايَٰتٍۢ لِّكُلِّ صَبَّارٍۢ شَكُورٍ",
        "numberInSurah": 33,
        "juz": 25,
        "manzil": 6,
        "page": 487,
        "ruku": 422,
        "hizbQuarter": 195,
        "sajda": false,
        "audioArabic": [
          "https://cdn.jsdelivr.net/gh/Salimbd71/ArabicQuran@main/42/33.mp3"
        ],
        "audioBangla": [
          "https://cdn.jsdelivr.net/gh/Salimbd71/BanglaQuran@main/42/33.mp3"
        ]
      },
      {
        "number": 4306,
        "audio": "https://everyayah.com/data/Husary_64kbps/042034.mp3",
        "audioSecondary": [
          "https://cdn.islamic.network/quran/audio/64/ar.husary/4306.mp3"
        ],
        "text": "أَوْ يُوبِقْهُنَّ بِمَا كَسَبُوا۟ وَيَعْفُ عَن كَثِيرٍۢ",
        "numberInSurah": 34,
        "juz": 25,
        "manzil": 6,
        "page": 487,
        "ruku": 422,
        "hizbQuarter": 195,
        "sajda": false,
        "audioArabic": [
          "https://cdn.jsdelivr.net/gh/Salimbd71/ArabicQuran@main/42/34.mp3"
        ],
        "audioBangla": [
          "https://cdn.jsdelivr.net/gh/Salimbd71/BanglaQuran@main/42/34.mp3"
        ]
      },
      {
        "number": 4307,
        "audio": "https://everyayah.com/data/Husary_64kbps/042035.mp3",
        "audioSecondary": [
          "https://cdn.islamic.network/quran/audio/64/ar.husary/4307.mp3"
        ],
        "text": "وَيَعْلَمَ ٱلَّذِينَ يُجَٰدِلُونَ فِىٓ ءَايَٰتِنَا مَا لَهُم مِّن مَّحِيصٍۢ",
        "numberInSurah": 35,
        "juz": 25,
        "manzil": 6,
        "page": 487,
        "ruku": 422,
        "hizbQuarter": 195,
        "sajda": false,
        "audioArabic": [
          "https://cdn.jsdelivr.net/gh/Salimbd71/ArabicQuran@main/42/35.mp3"
        ],
        "audioBangla": [
          "https://cdn.jsdelivr.net/gh/Salimbd71/BanglaQuran@main/42/35.mp3"
        ]
      },
      {
        "number": 4308,
        "audio": "https://everyayah.com/data/Husary_64kbps/042036.mp3",
        "audioSecondary": [
          "https://cdn.islamic.network/quran/audio/64/ar.husary/4308.mp3"
        ],
        "text": "فَمَآ أُوتِيتُم مِّن شَىْءٍۢ فَمَتَٰعُ ٱلْحَيَوٰةِ ٱلدُّنْيَا ۖ وَمَا عِندَ ٱللَّهِ خَيْرٌۭ وَأَبْقَىٰ لِلَّذِينَ ءَامَنُوا۟ وَعَلَىٰ رَبِّهِمْ يَتَوَكَّلُونَ",
        "numberInSurah": 36,
        "juz": 25,
        "manzil": 6,
        "page": 487,
        "ruku": 422,
        "hizbQuarter": 195,
        "sajda": false,
        "audioArabic": [
          "https://cdn.jsdelivr.net/gh/Salimbd71/ArabicQuran@main/42/36.mp3"
        ],
        "audioBangla": [
          "https://cdn.jsdelivr.net/gh/Salimbd71/BanglaQuran@main/42/36.mp3"
        ]
      },
      {
        "number": 4309,
        "audio": "https://everyayah.com/data/Husary_64kbps/042037.mp3",
        "audioSecondary": [
          "https://cdn.islamic.network/quran/audio/64/ar.husary/4309.mp3"
        ],
        "text": "وَٱلَّذِينَ يَجْتَنِبُونَ كَبَٰٓئِرَ ٱلْإِثْمِ وَٱلْفَوَٰحِشَ وَإِذَا مَا غَضِبُوا۟ هُمْ يَغْفِرُونَ",
        "numberInSurah": 37,
        "juz": 25,
        "manzil": 6,
        "page": 487,
        "ruku": 422,
        "hizbQuarter": 195,
        "sajda": false,
        "audioArabic": [
          "https://cdn.jsdelivr.net/gh/Salimbd71/ArabicQuran@main/42/37.mp3"
        ],
        "audioBangla": [
          "https://cdn.jsdelivr.net/gh/Salimbd71/BanglaQuran@main/42/37.mp3"
        ]
      },
      {
        "number": 4310,
        "audio": "https://everyayah.com/data/Husary_64kbps/042038.mp3",
        "audioSecondary": [
          "https://cdn.islamic.network/quran/audio/64/ar.husary/4310.mp3"
        ],
        "text": "وَٱلَّذِينَ ٱسْتَجَابُوا۟ لِرَبِّهِمْ وَأَقَامُوا۟ ٱلصَّلَوٰةَ وَأَمْرُهُمْ شُورَىٰ بَيْنَهُمْ وَمِمَّا رَزَقْنَٰهُمْ يُنفِقُونَ",
        "numberInSurah": 38,
        "juz": 25,
        "manzil": 6,
        "page": 487,
        "ruku": 422,
        "hizbQuarter": 195,
        "sajda": false,
        "audioArabic": [
          "https://cdn.jsdelivr.net/gh/Salimbd71/ArabicQuran@main/42/38.mp3"
        ],
        "audioBangla": [
          "https://cdn.jsdelivr.net/gh/Salimbd71/BanglaQuran@main/42/38.mp3"
        ]
      },
      {
        "number": 4311,
        "audio": "https://everyayah.com/data/Husary_64kbps/042039.mp3",
        "audioSecondary": [
          "https://cdn.islamic.network/quran/audio/64/ar.husary/4311.mp3"
        ],
        "text": "وَٱلَّذِينَ إِذَآ أَصَابَهُمُ ٱلْبَغْىُ هُمْ يَنتَصِرُونَ",
        "numberInSurah": 39,
        "juz": 25,
        "manzil": 6,
        "page": 487,
        "ruku": 422,
        "hizbQuarter": 195,
        "sajda": false,
        "audioArabic": [
          "https://cdn.jsdelivr.net/gh/Salimbd71/ArabicQuran@main/42/39.mp3"
        ],
        "audioBangla": [
          "https://cdn.jsdelivr.net/gh/Salimbd71/BanglaQuran@main/42/39.mp3"
        ]
      },
      {
        "number": 4312,
        "audio": "https://everyayah.com/data/Husary_64kbps/042040.mp3",
        "audioSecondary": [
          "https://cdn.islamic.network/quran/audio/64/ar.husary/4312.mp3"
        ],
        "text": "وَجَزَٰٓؤُا۟ سَيِّئَةٍۢ سَيِّئَةٌۭ مِّثْلُهَا ۖ فَمَنْ عَفَا وَأَصْلَحَ فَأَجْرُهُۥ عَلَى ٱللَّهِ ۚ إِنَّهُۥ لَا يُحِبُّ ٱلظَّٰلِمِينَ",
        "numberInSurah": 40,
        "juz": 25,
        "manzil": 6,
        "page": 487,
        "ruku": 422,
        "hizbQuarter": 195,
        "sajda": false,
        "audioArabic": [
          "https://cdn.jsdelivr.net/gh/Salimbd71/ArabicQuran@main/42/40.mp3"
        ],
        "audioBangla": [
          "https://cdn.jsdelivr.net/gh/Salimbd71/BanglaQuran@main/42/40.mp3"
        ]
      },
      {
        "number": 4313,
        "audio": "https://everyayah.com/data/Husary_64kbps/042041.mp3",
        "audioSecondary": [
          "https://cdn.islamic.network/quran/audio/64/ar.husary/4313.mp3"
        ],
        "text": "وَلَمَنِ ٱنتَصَرَ بَعْدَ ظُلْمِهِۦ فَأُو۟لَٰٓئِكَ مَا عَلَيْهِم مِّن سَبِيلٍ",
        "numberInSurah": 41,
        "juz": 25,
        "manzil": 6,
        "page": 487,
        "ruku": 422,
        "hizbQuarter": 195,
        "sajda": false,
        "audioArabic": [
          "https://cdn.jsdelivr.net/gh/Salimbd71/ArabicQuran@main/42/41.mp3"
        ],
        "audioBangla": [
          "https://cdn.jsdelivr.net/gh/Salimbd71/BanglaQuran@main/42/41.mp3"
        ]
      },
      {
        "number": 4314,
        "audio": "https://everyayah.com/data/Husary_64kbps/042042.mp3",
        "audioSecondary": [
          "https://cdn.islamic.network/quran/audio/64/ar.husary/4314.mp3"
        ],
        "text": "إِنَّمَا ٱلسَّبِيلُ عَلَى ٱلَّذِينَ يَظْلِمُونَ ٱلنَّاسَ وَيَبْغُونَ فِى ٱلْأَرْضِ بِغَيْرِ ٱلْحَقِّ ۚ أُو۟لَٰٓئِكَ لَهُمْ عَذَابٌ أَلِيمٌۭ",
        "numberInSurah": 42,
        "juz": 25,
        "manzil": 6,
        "page": 487,
        "ruku": 422,
        "hizbQuarter": 195,
        "sajda": false,
        "audioArabic": [
          "https://cdn.jsdelivr.net/gh/Salimbd71/ArabicQuran@main/42/42.mp3"
        ],
        "audioBangla": [
          "https://cdn.jsdelivr.net/gh/Salimbd71/BanglaQuran@main/42/42.mp3"
        ]
      },
      {
        "number": 4315,
        "audio": "https://everyayah.com/data/Husary_64kbps/042043.mp3",
        "audioSecondary": [
          "https://cdn.islamic.network/quran/audio/64/ar.husary/4315.mp3"
        ],
        "text": "وَلَمَن صَبَرَ وَغَفَرَ إِنَّ ذَٰلِكَ لَمِنْ عَزْمِ ٱلْأُمُورِ",
        "numberInSurah": 43,
        "juz": 25,
        "manzil": 6,
        "page": 487,
        "ruku": 422,
        "hizbQuarter": 195,
        "sajda": false,
        "audioArabic": [
          "https://cdn.jsdelivr.net/gh/Salimbd71/ArabicQuran@main/42/43.mp3"
        ],
        "audioBangla": [
          "https://cdn.jsdelivr.net/gh/Salimbd71/BanglaQuran@main/42/43.mp3"
        ]
      },
      {
        "number": 4316,
        "audio": "https://everyayah.com/data/Husary_64kbps/042044.mp3",
        "audioSecondary": [
          "https://cdn.islamic.network/quran/audio/64/ar.husary/4316.mp3"
        ],
        "text": "وَمَن يُضْلِلِ ٱللَّهُ فَمَا لَهُۥ مِن وَلِىٍّۢ مِّنۢ بَعْدِهِۦ ۗ وَتَرَى ٱلظَّٰلِمِينَ لَمَّا رَأَوُا۟ ٱلْعَذَابَ يَقُولُونَ هَلْ إِلَىٰ مَرَدٍّۢ مِّن سَبِيلٍۢ",
        "numberInSurah": 44,
        "juz": 25,
        "manzil": 6,
        "page": 487,
        "ruku": 423,
        "hizbQuarter": 195,
        "sajda": false,
        "audioArabic": [
          "https://cdn.jsdelivr.net/gh/Salimbd71/ArabicQuran@main/42/44.mp3"
        ],
        "audioBangla": [
          "https://cdn.jsdelivr.net/gh/Salimbd71/BanglaQuran@main/42/44.mp3"
        ]
      },
      {
        "number": 4317,
        "audio": "https://everyayah.com/data/Husary_64kbps/042045.mp3",
        "audioSecondary": [
          "https://cdn.islamic.network/quran/audio/64/ar.husary/4317.mp3"
        ],
        "text": "وَتَرَىٰهُمْ يُعْرَضُونَ عَلَيْهَا خَٰشِعِينَ مِنَ ٱلذُّلِّ يَنظُرُونَ مِن طَرْفٍ خَفِىٍّۢ ۗ وَقَالَ ٱلَّذِينَ ءَامَنُوٓا۟ إِنَّ ٱلْخَٰسِرِينَ ٱلَّذِينَ خَسِرُوٓا۟ أَنفُسَهُمْ وَأَهْلِيهِمْ يَوْمَ ٱلْقِيَٰمَةِ ۗ أَلَآ إِنَّ ٱلظَّٰلِمِينَ فِى عَذَابٍۢ مُّقِيمٍۢ",
        "numberInSurah": 45,
        "juz": 25,
        "manzil": 6,
        "page": 488,
        "ruku": 423,
        "hizbQuarter": 195,
        "sajda": false,
        "audioArabic": [
          "https://cdn.jsdelivr.net/gh/Salimbd71/ArabicQuran@main/42/45.mp3"
        ],
        "audioBangla": [
          "https://cdn.jsdelivr.net/gh/Salimbd71/BanglaQuran@main/42/45.mp3"
        ]
      },
      {
        "number": 4318,
        "audio": "https://everyayah.com/data/Husary_64kbps/042046.mp3",
        "audioSecondary": [
          "https://cdn.islamic.network/quran/audio/64/ar.husary/4318.mp3"
        ],
        "text": "وَمَا كَانَ لَهُم مِّنْ أَوْلِيَآءَ يَنصُرُونَهُم مِّن دُونِ ٱللَّهِ ۗ وَمَن يُضْلِلِ ٱللَّهُ فَمَا لَهُۥ مِن سَبِيلٍ",
        "numberInSurah": 46,
        "juz": 25,
        "manzil": 6,
        "page": 488,
        "ruku": 423,
        "hizbQuarter": 195,
        "sajda": false,
        "audioArabic": [
          "https://cdn.jsdelivr.net/gh/Salimbd71/ArabicQuran@main/42/46.mp3"
        ],
        "audioBangla": [
          "https://cdn.jsdelivr.net/gh/Salimbd71/BanglaQuran@main/42/46.mp3"
        ]
      },
      {
        "number": 4319,
        "audio": "https://everyayah.com/data/Husary_64kbps/042047.mp3",
        "audioSecondary": [
          "https://cdn.islamic.network/quran/audio/64/ar.husary/4319.mp3"
        ],
        "text": "ٱسْتَجِيبُوا۟ لِرَبِّكُم مِّن قَبْلِ أَن يَأْتِىَ يَوْمٌۭ لَّا مَرَدَّ لَهُۥ مِنَ ٱللَّهِ ۚ مَا لَكُم مِّن مَّلْجَإٍۢ يَوْمَئِذٍۢ وَمَا لَكُم مِّن نَّكِيرٍۢ",
        "numberInSurah": 47,
        "juz": 25,
        "manzil": 6,
        "page": 488,
        "ruku": 423,
        "hizbQuarter": 195,
        "sajda": false,
        "audioArabic": [
          "https://cdn.jsdelivr.net/gh/Salimbd71/ArabicQuran@main/42/47.mp3"
        ],
        "audioBangla": [
          "https://cdn.jsdelivr.net/gh/Salimbd71/BanglaQuran@main/42/47.mp3"
        ]
      },
      {
        "number": 4320,
        "audio": "https://everyayah.com/data/Husary_64kbps/042048.mp3",
        "audioSecondary": [
          "https://cdn.islamic.network/quran/audio/64/ar.husary/4320.mp3"
        ],
        "text": "فَإِنْ أَعْرَضُوا۟ فَمَآ أَرْسَلْنَٰكَ عَلَيْهِمْ حَفِيظًا ۖ إِنْ عَلَيْكَ إِلَّا ٱلْبَلَٰغُ ۗ وَإِنَّآ إِذَآ أَذَقْنَا ٱلْإِنسَٰنَ مِنَّا رَحْمَةًۭ فَرِحَ بِهَا ۖ وَإِن تُصِبْهُمْ سَيِّئَةٌۢ بِمَا قَدَّمَتْ أَيْدِيهِمْ فَإِنَّ ٱلْإِنسَٰنَ كَفُورٌۭ",
        "numberInSurah": 48,
        "juz": 25,
        "manzil": 6,
        "page": 488,
        "ruku": 423,
        "hizbQuarter": 195,
        "sajda": false,
        "audioArabic": [
          "https://cdn.jsdelivr.net/gh/Salimbd71/ArabicQuran@main/42/48.mp3"
        ],
        "audioBangla": [
          "https://cdn.jsdelivr.net/gh/Salimbd71/BanglaQuran@main/42/48.mp3"
        ]
      },
      {
        "number": 4321,
        "audio": "https://everyayah.com/data/Husary_64kbps/042049.mp3",
        "audioSecondary": [
          "https://cdn.islamic.network/quran/audio/64/ar.husary/4321.mp3"
        ],
        "text": "لِّلَّهِ مُلْكُ ٱلسَّمَٰوَٰتِ وَٱلْأَرْضِ ۚ يَخْلُقُ مَا يَشَآءُ ۚ يَهَبُ لِمَن يَشَآءُ إِنَٰثًۭا وَيَهَبُ لِمَن يَشَآءُ ٱلذُّكُورَ",
        "numberInSurah": 49,
        "juz": 25,
        "manzil": 6,
        "page": 488,
        "ruku": 423,
        "hizbQuarter": 195,
        "sajda": false,
        "audioArabic": [
          "https://cdn.jsdelivr.net/gh/Salimbd71/ArabicQuran@main/42/49.mp3"
        ],
        "audioBangla": [
          "https://cdn.jsdelivr.net/gh/Salimbd71/BanglaQuran@main/42/49.mp3"
        ]
      },
      {
        "number": 4322,
        "audio": "https://everyayah.com/data/Husary_64kbps/042050.mp3",
        "audioSecondary": [
          "https://cdn.islamic.network/quran/audio/64/ar.husary/4322.mp3"
        ],
        "text": "أَوْ يُزَوِّجُهُمْ ذُكْرَانًۭا وَإِنَٰثًۭا ۖ وَيَجْعَلُ مَن يَشَآءُ عَقِيمًا ۚ إِنَّهُۥ عَلِيمٌۭ قَدِيرٌۭ",
        "numberInSurah": 50,
        "juz": 25,
        "manzil": 6,
        "page": 488,
        "ruku": 423,
        "hizbQuarter": 195,
        "sajda": false,
        "audioArabic": [
          "https://cdn.jsdelivr.net/gh/Salimbd71/ArabicQuran@main/42/50.mp3"
        ],
        "audioBangla": [
          "https://cdn.jsdelivr.net/gh/Salimbd71/BanglaQuran@main/42/50.mp3"
        ]
      },
      {
        "number": 4323,
        "audio": "https://everyayah.com/data/Husary_64kbps/042051.mp3",
        "audioSecondary": [
          "https://cdn.islamic.network/quran/audio/64/ar.husary/4323.mp3"
        ],
        "text": "۞ وَمَا كَانَ لِبَشَرٍ أَن يُكَلِّمَهُ ٱللَّهُ إِلَّا وَحْيًا أَوْ مِن وَرَآئِ حِجَابٍ أَوْ يُرْسِلَ رَسُولًۭا فَيُوحِىَ بِإِذْنِهِۦ مَا يَشَآءُ ۚ إِنَّهُۥ عَلِىٌّ حَكِيمٌۭ",
        "numberInSurah": 51,
        "juz": 25,
        "manzil": 6,
        "page": 488,
        "ruku": 423,
        "hizbQuarter": 196,
        "sajda": false,
        "audioArabic": [
          "https://cdn.jsdelivr.net/gh/Salimbd71/ArabicQuran@main/42/51.mp3"
        ],
        "audioBangla": [
          "https://cdn.jsdelivr.net/gh/Salimbd71/BanglaQuran@main/42/51.mp3"
        ]
      },
      {
        "number": 4324,
        "audio": "https://everyayah.com/data/Husary_64kbps/042052.mp3",
        "audioSecondary": [
          "https://cdn.islamic.network/quran/audio/64/ar.husary/4324.mp3"
        ],
        "text": "وَكَذَٰلِكَ أَوْحَيْنَآ إِلَيْكَ رُوحًۭا مِّنْ أَمْرِنَا ۚ مَا كُنتَ تَدْرِى مَا ٱلْكِتَٰبُ وَلَا ٱلْإِيمَٰنُ وَلَٰكِن جَعَلْنَٰهُ نُورًۭا نَّهْدِى بِهِۦ مَن نَّشَآءُ مِنْ عِبَادِنَا ۚ وَإِنَّكَ لَتَهْدِىٓ إِلَىٰ صِرَٰطٍۢ مُّسْتَقِيمٍۢ",
        "numberInSurah": 52,
        "juz": 25,
        "manzil": 6,
        "page": 489,
        "ruku": 423,
        "hizbQuarter": 196,
        "sajda": false,
        "audioArabic": [
          "https://cdn.jsdelivr.net/gh/Salimbd71/ArabicQuran@main/42/52.mp3"
        ],
        "audioBangla": [
          "https://cdn.jsdelivr.net/gh/Salimbd71/BanglaQuran@main/42/52.mp3"
        ]
      },
      {
        "number": 4325,
        "audio": "https://everyayah.com/data/Husary_64kbps/042053.mp3",
        "audioSecondary": [
          "https://cdn.islamic.network/quran/audio/64/ar.husary/4325.mp3"
        ],
        "text": "صِرَٰطِ ٱللَّهِ ٱلَّذِى لَهُۥ مَا فِى ٱلسَّمَٰوَٰتِ وَمَا فِى ٱلْأَرْضِ ۗ أَلَآ إِلَى ٱللَّهِ تَصِيرُ ٱلْأُمُورُ",
        "numberInSurah": 53,
        "juz": 25,
        "manzil": 6,
        "page": 489,
        "ruku": 423,
        "hizbQuarter": 196,
        "sajda": false,
        "audioArabic": [
          "https://cdn.jsdelivr.net/gh/Salimbd71/ArabicQuran@main/42/53.mp3"
        ],
        "audioBangla": [
          "https://cdn.jsdelivr.net/gh/Salimbd71/BanglaQuran@main/42/53.mp3"
        ]
      }
    ],
    "edition": {
      "identifier": "ar.husary",
      "language": "ar",
      "name": "محمود خليل الحصري",
      "englishName": "Husary",
      "format": "audio",
      "type": "versebyverse",
      "direction": null
    }
  }
}