{
  "code": 200,
  "status": "OK",
  "data": {
    "number": 36,
    "name": "سُورَةُ يسٓ",
    "englishName": "Yaseen",
    "englishNameTranslation": "Yaseen",
    "revelationType": "Meccan",
    "numberOfAyahs": 83,
    "ayahs": [
      {
        "number": 3706,
        "audio": "https://everyayah.com/data/Abdul_Basit_Murattal_64kbps/036001.mp3",
        "audioSecondary": [
          "https://cdn.islamic.network/quran/audio/64/ar.abdulbasitmurattal/3706.mp3"
        ],
        "text": "بِسْمِ ٱللَّهِ ٱلرَّحْمَٰنِ ٱلرَّحِيمِ يسٓ",
        "numberInSurah": 1,
        "juz": 22,
        "manzil": 5,
        "page": 440,
        "ruku": 381,
        "hizbQuarter": 176,
        "sajda": false,
        "audioArabic": [
          "https://cdn.jsdelivr.net/gh/Salimbd71/ArabicQuran@main/36/1.mp3"
        ],
        "audioBangla": [
          "https://cdn.jsdelivr.net/gh/Salimbd71/BanglaQuran@main/36/1.mp3"
        ]
      },
      {
        "number": 3707,
        "audio": "https://everyayah.com/data/Abdul_Basit_Murattal_64kbps/036002.mp3",
        "audioSecondary": [
          "https://cdn.islamic.network/quran/audio/64/ar.abdulbasitmurattal/3707.mp3"
        ],
        "text": "وَٱلْقُرْءَانِ ٱلْحَكِيمِ",
        "numberInSurah": 2,
        "juz": 22,
        "manzil": 5,
        "page": 440,
        "ruku": 381,
        "hizbQuarter": 176,
        "sajda": false,
        "audioArabic": [
          "https://cdn.jsdelivr.net/gh/Salimbd71/ArabicQuran@main/36/2.mp3"
        ],
        "audioBangla": [
          "https://cdn.jsdelivr.net/gh/Salimbd71/BanglaQuran@main/36/2.mp3"
        ]
      },
      {
        "number": 3708,
        "audio": "https://everyayah.com/data/Abdul_Basit_Murattal_64kbps/036003.mp3",
        "audioSecondary": [
          "https://cdn.islamic.network/quran/audio/64/ar.abdulbasitmurattal/3708.mp3"
        ],
        "text": "إِنَّكَ لَمِنَ ٱلْمُرْسَلِينَ",
        "numberInSurah": 3,
        "juz": 22,
        "manzil": 5,
        "page": 440,
        "ruku": 381,
        "hizbQuarter": 176,
        "sajda": false,
        "audioArabic": [
          "https://cdn.jsdelivr.net/gh/Salimbd71/ArabicQuran@main/36/3.mp3"
        ],
        "audioBangla": [
          "https://cdn.jsdelivr.net/gh/Salimbd71/BanglaQuran@main/36/3.mp3"
        ]
      },
      {
        "number": 3709,
        "audio": "https://everyayah.com/data/Abdul_Basit_Murattal_64kbps/036004.mp3",
        "audioSecondary": [
          "https://cdn.islamic.network/quran/audio/64/ar.abdulbasitmurattal/3709.mp3"
        ],
        "text": "عَلَىٰ صِرَٰطٍۢ مُّسْتَقِيمٍۢ",
        "numberInSurah": 4,
        "juz": 22,
        "manzil": 5,
        "page": 440,
        "ruku": 381,
        "hizbQuarter": 176,
        "sajda": false,
        "audioArabic": [
          "https://cdn.jsdelivr.net/gh/Salimbd71/ArabicQuran@main/36/4.mp3"
        ],
        "audioBangla": [
          "https://cdn.jsdelivr.net/gh/Salimbd71/BanglaQuran@main/36/4.mp3"
        ]
      },
      {
        "number": 3710,
        "audio": "https://everyayah.com/data/Abdul_Basit_Murattal_64kbps/036005.mp3",
        "audioSecondary": [
          "https://cdn.islamic.network/quran/audio/64/ar.abdulbasitmurattal/3710.mp3"
        ],
        "text": "تَنزِيلَ ٱلْعَزِيزِ ٱلرَّحِيمِ",
        "numberInSurah": 5,
        "juz": 22,
        "manzil": 5,
        "page": 440,
        "ruku": 381,
        "hizbQuarter": 176,
        "sajda": false,
        "audioArabic": [
          "https://cdn.jsdelivr.net/gh/Salimbd71/ArabicQuran@main/36/5.mp3"
        ],
        "audioBangla": [
          "https://cdn.jsdelivr.net/gh/Salimbd71/BanglaQuran@main/36/5.mp3"
        ]
      },
      {
        "number": 3711,
        "audio": "https://everyayah.com/data/Abdul_Basit_Murattal_64kbps/036006.mp3",
        "audioSecondary": [
          "https://cdn.islamic.network/quran/audio/64/ar.abdulbasitmurattal/3711.mp3"
        ],
        "text": "لِتُنذِرَ قَوْمًۭا مَّآ أُنذِرَ ءَابَآؤُهُمْ فَهُمْ غَٰفِلُونَ",
        "numberInSurah": 6,
        "juz": 22,
        "manzil": 5,
        "page": 440,
        "ruku": 381,
        "hizbQuarter": 176,
        "sajda": false,
        "audioArabic": [
          "https://cdn.jsdelivr.net/gh/Salimbd71/ArabicQuran@main/36/6.mp3"
        ],
        "audioBangla": [
          "https://cdn.jsdelivr.net/gh/Salimbd71/BanglaQuran@main/36/6.mp3"
        ]
      },
      {
        "number": 3712,
        "audio": "https://everyayah.com/data/Abdul_Basit_Murattal_64kbps/036007.mp3",
        "audioSecondary": [
          "https://cdn.islamic.network/quran/audio/64/ar.abdulbasitmurattal/3712.mp3"
        ],
        "text": "لَقَدْ حَقَّ ٱلْقَوْلُ عَلَىٰٓ أَكْثَرِهِمْ فَهُمْ لَا يُؤْمِنُونَ",
        "numberInSurah": 7,
        "juz": 22,
        "manzil": 5,
        "page": 440,
        "ruku": 381,
        "hizbQuarter": 176,
        "sajda": false,
        "audioArabic": [
          "https://cdn.jsdelivr.net/gh/Salimbd71/ArabicQuran@main/36/7.mp3"
        ],
        "audioBangla": [
          "https://cdn.jsdelivr.net/gh/Salimbd71/BanglaQuran@main/36/7.mp3"
        ]
      },
      {
        "number": 3713,
        "audio": "https://everyayah.com/data/Abdul_Basit_Murattal_64kbps/036008.mp3",
        "audioSecondary": [
          "https://cdn.islamic.network/quran/audio/64/ar.abdulbasitmurattal/3713.mp3"
        ],
        "text": "إِنَّا جَعَلْنَا فِىٓ أَعْنَٰقِهِمْ أَغْلَٰلًۭا فَهِىَ إِلَى ٱلْأَذْقَانِ فَهُم مُّقْمَحُونَ",
        "numberInSurah": 8,
        "juz": 22,
        "manzil": 5,
        "page": 440,
        "ruku": 381,
        "hizbQuarter": 176,
        "sajda": false,
        "audioArabic": [
          "https://cdn.jsdelivr.net/gh/Salimbd71/ArabicQuran@main/36/8.mp3"
        ],
        "audioBangla": [
          "https://cdn.jsdelivr.net/gh/Salimbd71/BanglaQuran@main/36/8.mp3"
        ]
      },
      {
        "number": 3714,
        "audio": "https://everyayah.com/data/Abdul_Basit_Murattal_64kbps/036009.mp3",
        "audioSecondary": [
          "https://cdn.islamic.network/quran/audio/64/ar.abdulbasitmurattal/3714.mp3"
        ],
        "text": "وَجَعَلْنَا مِنۢ بَيْنِ أَيْدِيهِمْ سَدًّۭا وَمِنْ خَلْفِهِمْ سَدًّۭا فَأَغْشَيْنَٰهُمْ فَهُمْ لَا يُبْصِرُونَ",
        "numberInSurah": 9,
        "juz": 22,
        "manzil": 5,
        "page": 440,
        "ruku": 381,
        "hizbQuarter": 176,
        "sajda": false,
        "audioArabic": [
          "https://cdn.jsdelivr.net/gh/Salimbd71/ArabicQuran@main/36/9.mp3"
        ],
        "audioBangla": [
          "https://cdn.jsdelivr.net/gh/Salimbd71/BanglaQuran@main/36/9.mp3"
        ]
      },
      {
        "number": 3715,
        "audio": "https://everyayah.com/data/Abdul_Basit_Murattal_64kbps/036010.mp3",
        "audioSecondary": [
          "https://cdn.islamic.network/quran/audio/64/ar.abdulbasitmurattal/3715.mp3"
        ],
        "text": "وَسَوَآءٌ عَلَيْهِمْ ءَأَنذَرْتَهُمْ أَمْ لَمْ تُنذِرْهُمْ لَا يُؤْمِنُونَ",
        "numberInSurah": 10,
        "juz": 22,
        "manzil": 5,
        "page": 440,
        "ruku": 381,
        "hizbQuarter": 176,
        "sajda": false,
        "audioArabic": [
          "https://cdn.jsdelivr.net/gh/Salimbd71/ArabicQuran@main/36/10.mp3"
        ],
        "audioBangla": [
          "https://cdn.jsdelivr.net/gh/Salimbd71/BanglaQuran@main/36/10.mp3"
        ]
      },
      {
        "number": 3716,
        "audio": "https://everyayah.com/data/Abdul_Basit_Murattal_64kbps/036011.mp3",
        "audioSecondary": [
          "https://cdn.islamic.network/quran/audio/64/ar.abdulbasitmurattal/3716.mp3"
        ],
        "text": "إِنَّمَا تُنذِرُ مَنِ ٱتَّبَعَ ٱلذِّكْرَ وَخَشِىَ ٱلرَّحْمَٰنَ بِٱلْغَيْبِ ۖ فَبَشِّرْهُ بِمَغْفِرَةٍۢ وَأَجْرٍۢ كَرِيمٍ",
        "numberInSurah": 11,
        "juz": 22,
        "manzil": 5,
        "page": 440,
        "ruku": 381,
        "hizbQuarter": 176,
        "sajda": false,
        "audioArabic": [
          "https://cdn.jsdelivr.net/gh/Salimbd71/ArabicQuran@main/36/11.mp3"
        ],
        "audioBangla": [
          "https://cdn.jsdelivr.net/gh/Salimbd71/BanglaQuran@main/36/11.mp3"
        ]
      },
      {
        "number": 3717,
        "audio": "https://everyayah.com/data/Abdul_Basit_Murattal_64kbps/036012.mp3",
        "audioSecondary": [
          "https://cdn.islamic.network/quran/audio/64/ar.abdulbasitmurattal/3717.mp3"
        ],
        "text": "إِنَّا نَحْنُ نُحْىِ ٱلْمَوْتَىٰ وَنَكْتُبُ مَا قَدَّمُوا۟ وَءَاثَٰرَهُمْ ۚ وَكُلَّ شَىْءٍ أَحْصَيْنَٰهُ فِىٓ إِمَامٍۢ مُّبِينٍۢ",
        "numberInSurah": 12,
        "juz": 22,
        "manzil": 5,
        "page": 440,
        "ruku": 381,
        "hizbQuarter": 176,
        "sajda": false,
        "audioArabic": [
          "https://cdn.jsdelivr.net/gh/Salimbd71/ArabicQuran@main/36/12.mp3"
        ],
        "audioBangla": [
          "https://cdn.jsdelivr.net/gh/Salimbd71/BanglaQuran@main/36/12.mp3"
        ]
      },
      {
        "number": 3718,
        "audio": "https://everyayah.com/data/Abdul_Basit_Murattal_64kbps/036013.mp3",
        "audioSecondary": [
          "https://cdn.islamic.network/quran/audio/64/ar.abdulbasitmurattal/3718.mp3"
        ],
        "text": "وَٱضْرِبْ لَهُم مَّثَلًا أَصْحَٰبَ ٱلْقَرْيَةِ إِذْ جَآءَهَا ٱلْمُرْسَلُونَ",
        "numberInSurah": 13,
        "juz": 22,
        "manzil": 5,
        "page": 441,
        "ruku": 382,
        "hizbQuarter": 176,
        "sajda": false,
        "audioArabic": [
          "https://cdn.jsdelivr.net/gh/Salimbd71/ArabicQuran@main/36/13.mp3"
        ],
        "audioBangla": [
          "https://cdn.jsdelivr.net/gh/Salimbd71/BanglaQuran@main/36/13.mp3"
        ]
      },
      {
        "number": 3719,
        "audio": "https://everyayah.com/data/Abdul_Basit_Murattal_64kbps/036014.mp3",
        "audioSecondary": [
          "https://cdn.islamic.network/quran/audio/64/ar.abdulbasitmurattal/3719.mp3"
        ],
        "text": "إِذْ أَرْسَلْنَآ إِلَيْهِمُ ٱثْنَيْنِ فَكَذَّبُوهُمَا فَعَزَّزْنَا بِثَالِثٍۢ فَقَالُوٓا۟ إِنَّآ إِلَيْكُم مُّرْسَلُونَ",
        "numberInSurah": 14,
        "juz": 22,
        "manzil": 5,
        "page": 441,
        "ruku": 382,
        "hizbQuarter": 176,
        "sajda": false,
        "audioArabic": [
          "https://cdn.jsdelivr.net/gh/Salimbd71/ArabicQuran@main/36/14.mp3"
        ],
        "audioBangla": [
          "https://cdn.jsdelivr.net/gh/Salimbd71/BanglaQuran@main/36/14.mp3"
        ]
      },
      {
        "number": 3720,
        "audio": "https://everyayah.com/data/Abdul_Basit_Murattal_64kbps/036015.mp3",
        "audioSecondary": [
          "https://cdn.islamic.network/quran/audio/64/ar.abdulbasitmurattal/3720.mp3"
        ],
        "text": "قَالُوا۟ مَآ أَنتُمْ إِلَّا بَشَرٌۭ مِّثْلُنَا وَمَآ أَنزَلَ ٱلرَّحْمَٰنُ مِن شَىْءٍ إِنْ أَنتُمْ إِلَّا تَكْذِبُونَ",
        "numberInSurah": 15,
        "juz": 22,
        "manzil": 5,
        "page": 441,
        "ruku": 382,
        "hizbQuarter": 176,
        "sajda": false,
        "audioArabic": [
          "https://cdn.jsdelivr.net/gh/Salimbd71/ArabicQuran@main/36/15.mp3"
        ],
        "audioBangla": [
          "https://cdn.jsdelivr.net/gh/Salimbd71/BanglaQuran@main/36/15.mp3"
        ]
      },
      {
        "number": 3721,
        "audio": "https://everyayah.com/data/Abdul_Basit_Murattal_64kbps/036016.mp3",
        "audioSecondary": [
          "https://cdn.islamic.network/quran/audio/64/ar.abdulbasitmurattal/3721.mp3"
        ],
        "text": "قَالُوا۟ رَبُّنَا يَعْلَمُ إِنَّآ إِلَيْكُمْ لَمُرْسَلُونَ",
        "numberInSurah": 16,
        "juz": 22,
        "manzil": 5,
        "page": 441,
        "ruku": 382,
        "hizbQuarter": 176,
        "sajda": false,
        "audioArabic": [
          "https://cdn.jsdelivr.net/gh/Salimbd71/ArabicQuran@main/36/16.mp3"
        ],
        "audioBangla": [
          "https://cdn.jsdelivr.net/gh/Salimbd71/BanglaQuran@main/36/16.mp3"
        ]
      },
      {
        "number": 3722,
        "audio": "https://everyayah.com/data/Abdul_Basit_Murattal_64kbps/036017.mp3",
        "audioSecondary": [
          "https://cdn.islamic.network/quran/audio/64/ar.abdulbasitmurattal/3722.mp3"
        ],
        "text": "وَمَا عَلَيْنَآ إِلَّا ٱلْبَلَٰغُ ٱلْمُبِينُ",
        "numberInSurah": 17,
        "juz": 22,
        "manzil": 5,
        "page": 441,
        "ruku": 382,
        "hizbQuarter": 176,
        "sajda": false,
        "audioArabic": [
          "https://cdn.jsdelivr.net/gh/Salimbd71/ArabicQuran@main/36/17.mp3"
        ],
        "audioBangla": [
          "https://cdn.jsdelivr.net/gh/Salimbd71/BanglaQuran@main/36/17.mp3"
        ]
      },
      {
        "number": 3723,
        "audio": "https://everyayah.com/data/Abdul_Basit_Murattal_64kbps/036018.mp3",
        "audioSecondary": [
          "https://cdn.islamic.network/quran/audio/64/ar.abdulbasitmurattal/3723.mp3"
        ],
        "text": "قَالُوٓا۟ إِنَّا تَطَيَّرْنَا بِكُمْ ۖ لَئِن لَّمْ تَنتَهُوا۟ لَنَرْجُمَنَّكُمْ وَلَيَمَسَّنَّكُم مِّنَّا عَذَابٌ أَلِيمٌۭ",
        "numberInSurah": 18,
        "juz": 22,
        "manzil": 5,
        "page": 441,
        "ruku": 382,
        "hizbQuarter": 176,
        "sajda": false,
        "audioArabic": [
          "https://cdn.jsdelivr.net/gh/Salimbd71/ArabicQuran@main/36/18.mp3"
        ],
        "audioBangla": [
          "https://cdn.jsdelivr.net/gh/Salimbd71/BanglaQuran@main/36/18.mp3"
        ]
      },
      {
        "number": 3724,
        "audio": "https://everyayah.com/data/Abdul_Basit_Murattal_64kbps/036019.mp3",
        "audioSecondary": [
          "https://cdn.islamic.network/quran/audio/64/ar.abdulbasitmurattal/3724.mp3"
        ],
        "text": "قَالُوا۟ طَٰٓئِرُكُم مَّعَكُمْ ۚ أَئِن ذُكِّرْتُم ۚ بَلْ أَنتُمْ قَوْمٌۭ مُّسْرِفُونَ",
        "numberInSurah": 19,
        "juz": 22,
        "manzil": 5,
        "page": 441,
        "ruku": 382,
        "hizbQuarter": 176,
        "sajda": false,
        "audioArabic": [
          "https://cdn.jsdelivr.net/gh/Salimbd71/ArabicQuran@main/36/19.mp3"
        ],
        "audioBangla": [
          "https://cdn.jsdelivr.net/gh/Salimbd71/BanglaQuran@main/36/19.mp3"
        ]
      },
      {
        "number": 3725,
        "audio": "https://everyayah.com/data/Abdul_Basit_Murattal_64kbps/036020.mp3",
        "audioSecondary": [
          "https://cdn.islamic.network/quran/audio/64/ar.abdulbasitmurattal/3725.mp3"
        ],
        "text": "وَجَآءَ مِنْ أَقْصَا ٱلْمَدِينَةِ رَجُلٌۭ يَسْعَىٰ قَالَ يَٰقَوْمِ ٱتَّبِعُوا۟ ٱلْمُرْسَلِينَ",
        "numberInSurah": 20,
        "juz": 22,
        "manzil": 5,
        "page": 441,
        "ruku": 382,
        "hizbQuarter": 176,
        "sajda": false,
        "audioArabic": [
          "https://cdn.jsdelivr.net/gh/Salimbd71/ArabicQuran@main/36/20.mp3"
        ],
        "audioBangla": [
          "https://cdn.jsdelivr.net/gh/Salimbd71/BanglaQuran@main/36/20.mp3"
        ]
      },
      {
        "number": 3726,
        "audio": "https://everyayah.com/data/Abdul_Basit_Murattal_64kbps/036021.mp3",
        "audioSecondary": [
          "https://cdn.islamic.network/quran/audio/64/ar.abdulbasitmurattal/3726.mp3"
        ],
        "text": "ٱتَّبِعُوا۟ مَن لَّا يَسْـَٔلُكُمْ أَجْرًۭا وَهُم مُّهْتَدُونَ",
        "numberInSurah": 21,
        "juz": 22,
        "manzil": 5,
        "page": 441,
        "ruku": 382,
        "hizbQuarter": 176,
        "sajda": false,
        "audioArabic": [
          "https://cdn.jsdelivr.net/gh/Salimbd71/ArabicQuran@main/36/21.mp3"
        ],
        "audioBangla": [
          "https://cdn.jsdelivr.net/gh/Salimbd71/BanglaQuran@main/36/21.mp3"
        ]
      },
      {
        "number": 3727,
        "audio": "https://everyayah.com/data/Abdul_Basit_Murattal_64kbps/036022.mp3",
        "audioSecondary": [
          "https://cdn.islamic.network/quran/audio/64/ar.abdulbasitmurattal/3727.mp3"
        ],
        "text": "وَمَا لِىَ لَآ أَعْبُدُ ٱلَّذِى فَطَرَنِى وَإِلَيْهِ تُرْجَعُونَ",
        "numberInSurah": 22,
        "juz": 22,
        "manzil": 5,
        "page": 441,
        "ruku": 382,
        "hizbQuarter": 176,
        "sajda": false,
        "audioArabic": [
          "https://cdn.jsdelivr.net/gh/Salimbd71/ArabicQuran@main/36/22.mp3"
        ],
        "audioBangla": [
          "https://cdn.jsdelivr.net/gh/Salimbd71/BanglaQuran@main/36/22.mp3"
        ]
      },
      {
        "number": 3728,
        "audio": "https://everyayah.com/data/Abdul_Basit_Murattal_64kbps/036023.mp3",
        "audioSecondary": [
          "https://cdn.islamic.network/quran/audio/64/ar.abdulbasitmurattal/3728.mp3"
        ],
        "text": "ءَأَتَّخِذُ مِن دُونِهِۦٓ ءَالِهَةً إِن يُرِدْنِ ٱلرَّحْمَٰنُ بِضُرٍّۢ لَّا تُغْنِ عَنِّى شَفَٰعَتُهُمْ شَيْـًۭٔا وَلَا يُنقِذُونِ",
        "numberInSurah": 23,
        "juz": 22,
        "manzil": 5,
        "page": 441,
        "ruku": 382,
        "hizbQuarter": 176,
        "sajda": false,
        "audioArabic": [
          "https://cdn.jsdelivr.net/gh/Salimbd71/ArabicQuran@main/36/23.mp3"
        ],
        "audioBangla": [
          "https://cdn.jsdelivr.net/gh/Salimbd71/BanglaQuran@main/36/23.mp3"
        ]
      },
      {
        "number": 3729,
        "audio": "https://everyayah.com/data/Abdul_Basit_Murattal_64kbps/036024.mp3",
        "audioSecondary": [
          "https://cdn.islamic.network/quran/audio/64/ar.abdulbasitmurattal/3729.mp3"
        ],
        "text": "إِنِّىٓ إِذًۭا لَّفِى ضَلَٰلٍۢ مُّبِينٍ",
        "numberInSurah": 24,
        "juz": 22,
        "manzil": 5,
        "page": 441,
        "ruku": 382,
        "hizbQuarter": 176,
        "sajda": false,
        "audioArabic": [
          "https://cdn.jsdelivr.net/gh/Salimbd71/ArabicQuran@main/36/24.mp3"
        ],
        "audioBangla": [
          "https://cdn.jsdelivr.net/gh/Salimbd71/BanglaQuran@main/36/24.mp3"
        ]
      },
      {
        "number": 3730,
        "audio": "https://everyayah.com/data/Abdul_Basit_Murattal_64kbps/036025.mp3",
        "audioSecondary": [
          "https://cdn.islamic.network/quran/audio/64/ar.abdulbasitmurattal/3730.mp3"
        ],
        "text": "إِنِّىٓ ءَامَنتُ بِرَبِّكُمْ فَٱسْمَعُونِ",
        "numberInSurah": 25,
        "juz": 22,
        "manzil": 5,
        "page": 441,
        "ruku": 382,
        "hizbQuarter": 176,
        "sajda": false,
        "audioArabic": [
          "https://cdn.jsdelivr.net/gh/Salimbd71/ArabicQuran@main/36/25.mp3"
        ],
        "audioBangla": [
          "https://cdn.jsdelivr.net/gh/Salimbd71/BanglaQuran@main/36/25.mp3"
        ]
      },
      {
        "number": 3731,
        "audio": "https://everyayah.com/data/Abdul_Basit_Murattal_64kbps/036026.mp3",
        "audioSecondary": [
          "https://cdn.islamic.network/quran/audio/64/ar.abdulbasitmurattal/3731.mp3"
        ],
        "text": "قِيلَ ٱدْخُلِ ٱلْجَنَّةَ ۖ قَالَ يَٰلَيْتَ قَوْمِى يَعْلَمُونَ",
        "numberInSurah": 26,
        "juz": 22,
        "manzil": 5,
        "page": 441,
        "ruku": 382,
        "hizbQuarter": 176,
        "sajda": false,
        "audioArabic": [
          "https://cdn.jsdelivr.net/gh/Salimbd71/ArabicQuran@main/36/26.mp3"
        ],
        "audioBangla": [
          "https://cdn.jsdelivr.net/gh/Salimbd71/BanglaQuran@main/36/26.mp3"
        ]
      },
      {
        "number": 3732,
        "audio": "https://everyayah.com/data/Abdul_Basit_Murattal_64kbps/036027.mp3",
        "audioSecondary": [
          "https://cdn.islamic.network/quran/audio/64/ar.abdulbasitmurattal/3732.mp3"
        ],
        "text": "بِمَا غَفَرَ لِى رَبِّى وَجَعَلَنِى مِنَ ٱلْمُكْرَمِينَ",
        "numberInSurah": 27,
        "juz": 22,
        "manzil": 5,
        "page": 441,
        "ruku": 382,
        "hizbQuarter": 176,
        "sajda": false,
        "audioArabic": [
          "https://cdn.jsdelivr.net/gh/Salimbd71/ArabicQuran@main/36/27.mp3"
        ],
        "audioBangla": [
          "https://cdn.jsdelivr.net/gh/Salimbd71/BanglaQuran@main/36/27.mp3"
        ]
      },
      {
        "number": 3733,
        "audio": "https://everyayah.com/data/Abdul_Basit_Murattal_64kbps/036028.mp3",
        "audioSecondary": [
          "https://cdn.islamic.network/quran/audio/64/ar.abdulbasitmurattal/3733.mp3"
        ],
        "text": "۞ وَمَآ أَنزَلْنَا عَلَىٰ قَوْمِهِۦ مِنۢ بَعْدِهِۦ مِن جُندٍۢ مِّنَ ٱلسَّمَآءِ وَمَا كُنَّا مُنزِلِينَ",
        "numberInSurah": 28,
        "juz": 23,
        "manzil": 5,
        "page": 442,
        "ruku": 382,
        "hizbQuarter": 177,
        "sajda": false,
        "audioArabic": [
          "https://cdn.jsdelivr.net/gh/Salimbd71/ArabicQuran@main/36/28.mp3"
        ],
        "audioBangla": [
          "https://cdn.jsdelivr.net/gh/Salimbd71/BanglaQuran@main/36/28.mp3"
        ]
      },
      {
        "number": 3734,
        "audio": "https://everyayah.com/data/Abdul_Basit_Murattal_64kbps/036029.mp3",
        "audioSecondary": [
          "https://cdn.islamic.network/quran/audio/64/ar.abdulbasitmurattal/3734.mp3"
        ],
        "text": "إِن كَانَتْ إِلَّا صَيْحَةًۭ وَٰحِدَةًۭ فَإِذَا هُمْ خَٰمِدُونَ",
        "numberInSurah": 29,
        "juz": 23,
        "manzil": 5,
        "page": 442,
        "ruku": 382,
        "hizbQuarter": 177,
        "sajda": false,
        "audioArabic": [
          "https://cdn.jsdelivr.net/gh/Salimbd71/ArabicQuran@main/36/29.mp3"
        ],
        "audioBangla": [
          "https://cdn.jsdelivr.net/gh/Salimbd71/BanglaQuran@main/36/29.mp3"
        ]
      },
      {
        "number": 3735,
        "audio": "https://everyayah.com/data/Abdul_Basit_Murattal_64kbps/036030.mp3",
        "audioSecondary": [
          "https://cdn.islamic.network/quran/audio/64/ar.abdulbasitmurattal/3735.mp3"
        ],
        "text": "يَٰحَسْرَةً عَلَى ٱلْعِبَادِ ۚ مَا يَأْتِيهِم مِّن رَّسُولٍ إِلَّا كَانُوا۟ بِهِۦ يَسْتَهْزِءُونَ",
        "numberInSurah": 30,
        "juz": 23,
        "manzil": 5,
        "page": 442,
        "ruku": 382,
        "hizbQuarter": 177,
        "sajda": false,
        "audioArabic": [
          "https://cdn.jsdelivr.net/gh/Salimbd71/ArabicQuran@main/36/30.mp3"
        ],
        "audioBangla": [
          "https://cdn.jsdelivr.net/gh/Salimbd71/BanglaQuran@main/36/30.mp3"
        ]
      },
      {
        "number": 3736,
        "audio": "https://everyayah.com/data/Abdul_Basit_Murattal_64kbps/036031.mp3",
        "audioSecondary": [
          "https://cdn.islamic.network/quran/audio/64/ar.abdulbasitmurattal/3736.mp3"
        ],
        "text": "أَلَمْ يَرَوْا۟ كَمْ أَهْلَكْنَا قَبْلَهُم مِّنَ ٱلْقُرُونِ أَنَّهُمْ إِلَيْهِمْ لَا يَرْجِعُونَ",
        "numberInSurah": 31,
        "juz": 23,
        "manzil": 5,
        "page": 442,
        "ruku": 382,
        "hizbQuarter": 177,
        "sajda": false,
        "audioArabic": [
          "https://cdn.jsdelivr.net/gh/Salimbd71/ArabicQuran@main/36/31.mp3"
        ],
        "audioBangla": [
          "https://cdn.jsdelivr.net/gh/Salimbd71/BanglaQuran@main/36/31.mp3"
        ]
      },
      {
        "number": 3737,
        "audio": "https://everyayah.com/data/Abdul_Basit_Murattal_64kbps/036032.mp3",
        "audioSecondary": [
          "https://cdn.islamic.network/quran/audio/64/ar.abdulbasitmurattal/3737.mp3"
        ],
        "text": "وَإِن كُلٌّۭ لَّمَّا جَمِيعٌۭ لَّدَيْنَا مُحْضَرُونَ",
        "numberInSurah": 32,
        "juz": 23,
        "manzil": 5,
        "page": 442,
        "ruku": 382,
        "hizbQuarter": 177,
        "sajda": false,
        "audioArabic": [
          "https://cdn.jsdelivr.net/gh/Salimbd71/ArabicQuran@main/36/32.mp3"
        ],
        "audioBangla": [
          "https://cdn.jsdelivr.net/gh/Salimbd71/BanglaQuran@main/36/32.mp3"
        ]
      },
      {
        "number": 3738,
        "audio": "https://everyayah.com/data/Abdul_Basit_Murattal_64kbps/036033.mp3",
        "audioSecondary": [
          "https://cdn.islamic.network/quran/audio/64/ar.abdulbasitmurattal/3738.mp3"
        ],
        "text": "وَءَايَةٌۭ لَّهُمُ ٱلْأَرْضُ ٱلْمَيْتَةُ أَحْيَيْنَٰهَا وَأَخْرَجْنَا مِنْهَا حَبًّۭا فَمِنْهُ يَأْكُلُونَ",
        "numberInSurah": 33,
        "juz": 23,
        "manzil": 5,
        "page": 442,
        "ruku": 383,
        "hizbQuarter": 177,
        "sajda": false,
        "audioArabic": [
          "https://cdn.jsdelivr.net/gh/Salimbd71/ArabicQuran@main/36/33.mp3"
        ],
        "audioBangla": [
          "https://cdn.jsdelivr.net/gh/Salimbd71/BanglaQuran@main/36/33.mp3"
        ]
      },
      {
        "number": 3739,
        "audio": "https://everyayah.com/data/Abdul_Basit_Murattal_64kbps/036034.mp3",
        "audioSecondary": [
          "https://cdn.islamic.network/quran/audio/64/ar.abdulbasitmurattal/3739.mp3"
        ],
        "text": "وَجَعَلْنَا فِيهَا جَنَّٰتٍۢ مِّن نَّخِيلٍۢ وَأَعْنَٰبٍۢ وَفَجَّرْنَا فِيهَا مِنَ ٱلْعُيُونِ",
        "numberInSurah": 34,
        "juz": 23,
        "manzil": 5,
        "page": 442,
        "ruku": 383,
        "hizbQuarter": 177,
        "sajda": false,
        "audioArabic": [
          "https://cdn.jsdelivr.net/gh/Salimbd71/ArabicQuran@main/36/34.mp3"
        ],
        "audioBangla": [
          "https://cdn.jsdelivr.net/gh/Salimbd71/BanglaQuran@main/36/34.mp3"
        ]
      },
      {
        "number": 3740,
        "audio": "https://everyayah.com/data/Abdul_Basit_Murattal_64kbps/036035.mp3",
        "audioSecondary": [
          "https://cdn.islamic.network/quran/audio/64/ar.abdulbasitmurattal/3740.mp3"
        ],
        "text": "لِيَأْكُلُوا۟ مِن ثَمَرِهِۦ وَمَا عَمِلَتْهُ أَيْدِيهِمْ ۖ أَفَلَا يَشْكُرُونَ",
        "numberInSurah": 35,
        "juz": 23,
        "manzil": 5,
        "page": 442,
        "ruku": 383,
        "hizbQuarter": 177,
        "sajda": false,
        "audioArabic": [
          "https://cdn.jsdelivr.net/gh/Salimbd71/ArabicQuran@main/36/35.mp3"
        ],
        "audioBangla": [
          "https://cdn.jsdelivr.net/gh/Salimbd71/BanglaQuran@main/36/35.mp3"
        ]
      },
      {
        "number": 3741,
        "audio": "https://everyayah.com/data/Abdul_Basit_Murattal_64kbps/036036.mp3",
        "audioSecondary": [
          "https://cdn.islamic.network/quran/audio/64/ar.abdulbasitmurattal/3741.mp3"
        ],
        "text": "سُبْحَٰنَ ٱلَّذِى خَلَقَ ٱلْأَزْوَٰجَ كُلَّهَا مِمَّا تُنۢبِتُ ٱلْأَرْضُ وَمِنْ أَنفُسِهِمْ وَمِمَّا لَا يَعْلَمُونَ",
        "numberInSurah": 36,
        "juz": 23,
        "manzil": 5,
        "page": 442,
        "ruku": 383,
        "hizbQuarter": 177,
        "sajda": false,
        "audioArabic": [
          "https://cdn.jsdelivr.net/gh/Salimbd71/ArabicQuran@main/36/36.mp3"
        ],
        "audioBangla": [
          "https://cdn.jsdelivr.net/gh/Salimbd71/BanglaQuran@main/36/36.mp3"
        ]
      },
      {
        "number": 3742,
        "audio": "https://everyayah.com/data/Abdul_Basit_Murattal_64kbps/036037.mp3",
        "audioSecondary": [
          "https://cdn.islamic.network/quran/audio/64/ar.abdulbasitmurattal/3742.mp3"
        ],
        "text": "وَءَايَةٌۭ لَّهُمُ ٱلَّيْلُ نَسْلَخُ مِنْهُ ٱلنَّهَارَ فَإِذَا هُم مُّظْلِمُونَ",
        "numberInSurah": 37,
        "juz": 23,
        "manzil": 5,
        "page": 442,
        "ruku": 383,
        "hizbQuarter": 177,
        "sajda": false,
        "audioArabic": [
          "https://cdn.jsdelivr.net/gh/Salimbd71/ArabicQuran@main/36/37.mp3"
        ],
        "audioBangla": [
          "https://cdn.jsdelivr.net/gh/Salimbd71/BanglaQuran@main/36/37.mp3"
        ]
      },
      {
        "number": 3743,
        "audio": "https://everyayah.com/data/Abdul_Basit_Murattal_64kbps/036038.mp3",
        "audioSecondary": [
          "https://cdn.islamic.network/quran/audio/64/ar.abdulbasitmurattal/3743.mp3"
        ],
        "text": "وَٱلشَّمْسُ تَجْرِى لِمُسْتَقَرٍّۢ لَّهَا ۚ ذَٰلِكَ تَقْدِيرُ ٱلْعَزِيزِ ٱلْعَلِيمِ",
        "numberInSurah": 38,
        "juz": 23,
        "manzil": 5,
        "page": 442,
        "ruku": 383,
        "hizbQuarter": 177,
        "sajda": false,
        "audioArabic": [
          "https://cdn.jsdelivr.net/gh/Salimbd71/ArabicQuran@main/36/38.mp3"
        ],
        "audioBangla": [
          "https://cdn.jsdelivr.net/gh/Salimbd71/BanglaQuran@main/36/38.mp3"
        ]
      },
      {
        "number": 3744,
        "audio": "https://everyayah.com/data/Abdul_Basit_Murattal_64kbps/036039.mp3",
        "audioSecondary": [
          "https://cdn.islamic.network/quran/audio/64/ar.abdulbasitmurattal/3744.mp3"
        ],
        "text": "وَٱلْقَمَرَ قَدَّرْنَٰهُ مَنَازِلَ حَتَّىٰ عَادَ كَٱلْعُرْجُونِ ٱلْقَدِيمِ",
        "numberInSurah": 39,
        "juz": 23,
        "manzil": 5,
        "page": 442,
        "ruku": 383,
        "hizbQuarter": 177,
        "sajda": false,
        "audioArabic": [
          "https://cdn.jsdelivr.net/gh/Salimbd71/ArabicQuran@main/36/39.mp3"
        ],
        "audioBangla": [
          "https://cdn.jsdelivr.net/gh/Salimbd71/BanglaQuran@main/36/39.mp3"
        ]
      },
      {
        "number": 3745,
        "audio": "https://everyayah.com/data/Abdul_Basit_Murattal_64kbps/036040.mp3",
        "audioSecondary": [
          "https://cdn.islamic.network/quran/audio/64/ar.abdulbasitmurattal/3745.mp3"
        ],
        "text": "لَا ٱلشَّمْسُ يَنۢبَغِى لَهَآ أَن تُدْرِكَ ٱلْقَمَرَ وَلَا ٱلَّيْلُ سَابِقُ ٱلنَّهَارِ ۚ وَكُلٌّۭ فِى فَلَكٍۢ يَسْبَحُونَ",
        "numberInSurah": 40,
        "juz": 23,
        "manzil": 5,
        "page": 442,
        "ruku": 383,
        "hizbQuarter": 177,
        "sajda": false,
        "audioArabic": [
          "https://cdn.jsdelivr.net/gh/Salimbd71/ArabicQuran@main/36/40.mp3"
        ],
        "audioBangla": [
          "https://cdn.jsdelivr.net/gh/Salimbd71/BanglaQuran@main/36/40.mp3"
        ]
      },
      {
        "number": 3746,
        "audio": "https://everyayah.com/data/Abdul_Basit_Murattal_64kbps/036041.mp3",
        "audioSecondary": [
          "https://cdn.islamic.network/quran/audio/64/ar.abdulbasitmurattal/3746.mp3"
        ],
        "text": "وَءَايَةٌۭ لَّهُمْ أَنَّا حَمَلْنَا ذُرِّيَّتَهُمْ فِى ٱلْفُلْكِ ٱلْمَشْحُونِ",
        "numberInSurah": 41,
        "juz": 23,
        "manzil": 5,
        "page": 443,
        "ruku": 383,
        "hizbQuarter": 177,
        "sajda": false,
        "audioArabic": [
          "https://cdn.jsdelivr.net/gh/Salimbd71/ArabicQuran@main/36/41.mp3"
        ],
        "audioBangla": [
          "https://cdn.jsdelivr.net/gh/Salimbd71/BanglaQuran@main/36/41.mp3"
        ]
      },
      {
        "number": 3747,
        "audio": "https://everyayah.com/data/Abdul_Basit_Murattal_64kbps/036042.mp3",
        "audioSecondary": [
          "https://cdn.islamic.network/quran/audio/64/ar.abdulbasitmurattal/3747.mp3"
        ],
        "text": "وَخَلَقْنَا لَهُم مِّن مِّثْلِهِۦ مَا يَرْكَبُونَ",
        "numberInSurah": 42,
        "juz": 23,
        "manzil": 5,
        "page": 443,
        "ruku": 383,
        "hizbQuarter": 177,
        "sajda": false,
        "audioArabic": [
          "https://cdn.jsdelivr.net/gh/Salimbd71/ArabicQuran@main/36/42.mp3"
        ],
        "audioBangla": [
          "https://cdn.jsdelivr.net/gh/Salimbd71/BanglaQuran@main/36/42.mp3"
        ]
      },
      {
        "number": 3748,
        "audio": "https://everyayah.com/data/Abdul_Basit_Murattal_64kbps/036043.mp3",
        "audioSecondary": [
          "https://cdn.islamic.network/quran/audio/64/ar.abdulbasitmurattal/3748.mp3"
        ],
        "text": "وَإِن نَّشَأْ نُغْرِقْهُمْ فَلَا صَرِيخَ لَهُمْ وَلَا هُمْ يُنقَذُونَ",
        "numberInSurah": 43,
        "juz": 23,
        "manzil": 5,
        "page": 443,
        "ruku": 383,
        "hizbQuarter": 177,
        "sajda": false,
        "audioArabic": [
          "https://cdn.jsdelivr.net/gh/Salimbd71/ArabicQuran@main/36/43.mp3"
        ],
        "audioBangla": [
          "https://cdn.jsdelivr.net/gh/Salimbd71/BanglaQuran@main/36/43.mp3"
        ]
      },
      {
        "number": 3749,
        "audio": "https://everyayah.com/data/Abdul_Basit_Murattal_64kbps/036044.mp3",
        "audioSecondary": [
          "https://cdn.islamic.network/quran/audio/64/ar.abdulbasitmurattal/3749.mp3"
        ],
        "text": "إِلَّا رَحْمَةًۭ مِّنَّا وَمَتَٰعًا إِلَىٰ حِينٍۢ",
        "numberInSurah": 44,
        "juz": 23,
        "manzil": 5,
        "page": 443,
        "ruku": 383,
        "hizbQuarter": 177,
        "sajda": false,
        "audioArabic": [
          "https://cdn.jsdelivr.net/gh/Salimbd71/ArabicQuran@main/36/44.mp3"
        ],
        "audioBangla": [
          "https://cdn.jsdelivr.net/gh/Salimbd71/BanglaQuran@main/36/44.mp3"
        ]
      },
      {
        "number": 3750,
        "audio": "https://everyayah.com/data/Abdul_Basit_Murattal_64kbps/036045.mp3",
        "audioSecondary": [
          "https://cdn.islamic.network/quran/audio/64/ar.abdulbasitmurattal/3750.mp3"
        ],
        "text": "وَإِذَا قِيلَ لَهُمُ ٱتَّقُوا۟ مَا بَيْنَ أَيْدِيكُمْ وَمَا خَلْفَكُمْ لَعَلَّكُمْ تُرْحَمُونَ",
        "numberInSurah": 45,
        "juz": 23,
        "manzil": 5,
        "page": 443,
        "ruku": 383,
        "hizbQuarter": 177,
        "sajda": false,
        "audioArabic": [
          "https://cdn.jsdelivr.net/gh/Salimbd71/ArabicQuran@main/36/45.mp3"
        ],
        "audioBangla": [
          "https://cdn.jsdelivr.net/gh/Salimbd71/BanglaQuran@main/36/45.mp3"
        ]
      },
      {
        "number": 3751,
        "audio": "https://everyayah.com/data/Abdul_Basit_Murattal_64kbps/036046.mp3",
        "audioSecondary": [
          "https://cdn.islamic.network/quran/audio/64/ar.abdulbasitmurattal/3751.mp3"
        ],
        "text": "وَمَا تَأْتِيهِم مِّنْ ءَايَةٍۢ مِّنْ ءَايَٰتِ رَبِّهِمْ إِلَّا كَانُوا۟ عَنْهَا مُعْرِضِينَ",
        "numberInSurah": 46,
        "juz": 23,
        "manzil": 5,
        "page": 443,
        "ruku": 383,
        "hizbQuarter": 177,
        "sajda": false,
        "audioArabic": [
          "https://cdn.jsdelivr.net/gh/Salimbd71/ArabicQuran@main/36/46.mp3"
        ],
        "audioBangla": [
          "https://cdn.jsdelivr.net/gh/Salimbd71/BanglaQuran@main/36/46.mp3"
        ]
      },
      {
        "number": 3752,
        "audio": "https://everyayah.com/data/Abdul_Basit_Murattal_64kbps/036047.mp3",
        "audioSecondary": [
          "https://cdn.islamic.network/quran/audio/64/ar.abdulbasitmurattal/3752.mp3"
        ],
        "text": "وَإِذَا قِيلَ لَهُمْ أَنفِقُوا۟ مِمَّا رَزَقَكُمُ ٱللَّهُ قَالَ ٱلَّذِينَ كَفَرُوا۟ لِلَّذِينَ ءَامَنُوٓا۟ أَنُطْعِمُ مَن لَّوْ يَشَآءُ ٱللَّهُ أَطْعَمَهُۥٓ إِنْ أَنتُمْ إِلَّا فِى ضَلَٰلٍۢ مُّبِينٍۢ",
        "numberInSurah": 47,
        "juz": 23,
        "manzil": 5,
        "page": 443,
        "ruku": 383,
        "hizbQuarter": 177,
        "sajda": false,
        "audioArabic": [
          "https://cdn.jsdelivr.net/gh/Salimbd71/ArabicQuran@main/36/47.mp3"
        ],
        "audioBangla": [
          "https://cdn.jsdelivr.net/gh/Salimbd71/BanglaQuran@main/36/47.mp3"
        ]
      },
      {
        "number": 3753,
        "audio": "https://everyayah.com/data/Abdul_Basit_Murattal_64kbps/036048.mp3",
        "audioSecondary": [
          "https://cdn.islamic.network/quran/audio/64/ar.abdulbasitmurattal/3753.mp3"
        ],
        "text": "وَيَقُولُونَ مَتَىٰ هَٰذَا ٱلْوَعْدُ إِن كُنتُمْ صَٰدِقِينَ",
        "numberInSurah": 48,
        "juz": 23,
        "manzil": 5,
        "page": 443,
        "ruku": 383,
        "hizbQuarter": 177,
        "sajda": false,
        "audioArabic": [
          "https://cdn.jsdelivr.net/gh/Salimbd71/ArabicQuran@main/36/48.mp3"
        ],
        "audioBangla": [
          "https://cdn.jsdelivr.net/gh/Salimbd71/BanglaQuran@main/36/48.mp3"
        ]
      },
      {
        "number": 3754,
        "audio": "https://everyayah.com/data/Abdul_Basit_Murattal_64kbps/036049.mp3",
        "audioSecondary": [
          "https://cdn.islamic.network/quran/audio/64/ar.abdulbasitmurattal/3754.mp3"
        ],
        "text": "مَا يَنظُرُونَ إِلَّا صَيْحَةًۭ وَٰحِدَةًۭ تَأْخُذُهُمْ وَهُمْ يَخِصِّمُونَ",
        "numberInSurah": 49,
        "juz": 23,
        "manzil": 5,
        "page": 443,
        "ruku": 383,
        "hizbQuarter": 177,
        "sajda": false,
        "audioArabic": [
          "https://cdn.jsdelivr.net/gh/Salimbd71/ArabicQuran@main/36/49.mp3"
        ],
        "audioBangla": [
          "https://cdn.jsdelivr.net/gh/Salimbd71/BanglaQuran@main/36/49.mp3"
        ]
      },
      {
        "number": 3755,
        "audio": "https://everyayah.com/data/Abdul_Basit_Murattal_64kbps/036050.mp3",
        "audioSecondary": [
          "https://cdn.islamic.network/quran/audio/64/ar.abdulbasitmurattal/3755.mp3"
        ],
        "text": "فَلَا يَسْتَطِيعُونَ تَوْصِيَةًۭ وَلَآ إِلَىٰٓ أَهْلِهِمْ يَرْجِعُونَ",
        "numberInSurah": 50,
        "juz": 23,
        "manzil": 5,
        "page": 443,
        "ruku": 383,
        "hizbQuarter": 177,
        "sajda": false,
        "audioArabic": [
          "https://cdn.jsdelivr.net/gh/Salimbd71/ArabicQuran@main/36/50.mp3"
        ],
        "audioBangla": [
          "https://cdn.jsdelivr.net/gh/Salimbd71/BanglaQuran@main/36/50.mp3"
        ]
      },
      {
        "number": 3756,
        "audio": "https://everyayah.com/data/Abdul_Basit_Murattal_64kbps/036051.mp3",
        "audioSecondary": [
          "https://cdn.islamic.network/quran/audio/64/ar.abdulbasitmurattal/3756.mp3"
        ],
        "text": "وَنُفِخَ فِى ٱلصُّورِ فَإِذَا هُم مِّنَ ٱلْأَجْدَاثِ إِلَىٰ رَبِّهِمْ يَنسِلُونَ",
        "numberInSurah": 51,
        "juz": 23,
        "manzil": 5,
        "page": 443,
        "ruku": 384,
        "hizbQuarter": 177,
        "sajda": false,
        "audioArabic": [
          "https://cdn.jsdelivr.net/gh/Salimbd71/ArabicQuran@main/36/51.mp3"
        ],
        "audioBangla": [
          "https://cdn.jsdelivr.net/gh/Salimbd71/BanglaQuran@main/36/51.mp3"
        ]
      },
      {
        "number": 3757,
        "audio": "https://everyayah.com/data/Abdul_Basit_Murattal_64kbps/036052.mp3",
        "audioSecondary": [
          "https://cdn.islamic.network/quran/audio/64/ar.abdulbasitmurattal/3757.mp3"
        ],
        "text": "قَالُوا۟ يَٰوَيْلَنَا مَنۢ بَعَثَنَا مِن مَّرْقَدِنَا ۜ ۗ هَٰذَا مَا وَعَدَ ٱلرَّحْمَٰنُ وَصَدَقَ ٱلْمُرْسَلُونَ",
        "numberInSurah": 52,
        "juz": 23,
        "manzil": 5,
        "page": 443,
        "ruku": 384,
        "hizbQuarter": 177,
        "sajda": false,
        "audioArabic": [
          "https://cdn.jsdelivr.net/gh/Salimbd71/ArabicQuran@main/36/52.mp3"
        ],
        "audioBangla": [
          "https://cdn.jsdelivr.net/gh/Salimbd71/BanglaQuran@main/36/52.mp3"
        ]
      },
      {
        "number": 3758,
        "audio": "https://everyayah.com/data/Abdul_Basit_Murattal_64kbps/036053.mp3",
        "audioSecondary": [
          "https://cdn.islamic.network/quran/audio/64/ar.abdulbasitmurattal/3758.mp3"
        ],
        "text": "إِن كَانَتْ إِلَّا صَيْحَةًۭ وَٰحِدَةًۭ فَإِذَا هُمْ جَمِيعٌۭ لَّدَيْنَا مُحْضَرُونَ",
        "numberInSurah": 53,
        "juz": 23,
        "manzil": 5,
        "page": 443,
        "ruku": 384,
        "hizbQuarter": 177,
        "sajda": false,
        "audioArabic": [
          "https://cdn.jsdelivr.net/gh/Salimbd71/ArabicQuran@main/36/53.mp3"
        ],
        "audioBangla": [
          "https://cdn.jsdelivr.net/gh/Salimbd71/BanglaQuran@main/36/53.mp3"
        ]
      },
      {
        "number": 3759,
        "audio": "https://everyayah.com/data/Abdul_Basit_Murattal_64kbps/036054.mp3",
        "audioSecondary": [
          "https://cdn.islamic.network/quran/audio/64/ar.abdulbasitmurattal/3759.mp3"
        ],
        "text": "فَٱلْيَوْمَ لَا تُظْلَمُ نَفْسٌۭ شَيْـًۭٔا وَلَا تُجْزَوْنَ إِلَّا مَا كُنتُمْ تَعْمَلُونَ",
        "numberInSurah": 54,
        "juz": 23,
        "manzil": 5,
        "page": 443,
        "ruku": 384,
        "hizbQuarter": 177,
        "sajda": false,
        "audioArabic": [
          "https://cdn.jsdelivr.net/gh/Salimbd71/ArabicQuran@main/36/54.mp3"
        ],
        "audioBangla": [
          "https://cdn.jsdelivr.net/gh/Salimbd71/BanglaQuran@main/36/54.mp3"
        ]
      },
      {
        "number": 3760,
        "audio": "https://everyayah.com/data/Abdul_Basit_Murattal_64kbps/036055.mp3",
        "audioSecondary": [
          "https://cdn.islamic.network/quran/audio/64/ar.abdulbasitmurattal/3760.mp3"
        ],
        "text": "إِنَّ أَصْحَٰبَ ٱلْجَنَّةِ ٱلْيَوْمَ فِى شُغُلٍۢ فَٰكِهُونَ",
        "numberInSurah": 55,
        "juz": 23,
        "manzil": 5,
        "page": 444,
        "ruku": 384,
        "hizbQuarter": 177,
        "sajda": false,
        "audioArabic": [
          "https://cdn.jsdelivr.net/gh/Salimbd71/ArabicQuran@main/36/55.mp3"
        ],
        "audioBangla": [
          "https://cdn.jsdelivr.net/gh/Salimbd71/BanglaQuran@main/36/55.mp3"
        ]
      },
      {
        "number": 3761,
        "audio": "https://everyayah.com/data/Abdul_Basit_Murattal_64kbps/036056.mp3",
        "audioSecondary": [
          "https://cdn.islamic.network/quran/audio/64/ar.abdulbasitmurattal/3761.mp3"
        ],
        "text": "هُمْ وَأَزْوَٰجُهُمْ فِى ظِلَٰلٍ عَلَى ٱلْأَرَآئِكِ مُتَّكِـُٔونَ",
        "numberInSurah": 56,
        "juz": 23,
        "manzil": 5,
        "page": 444,
        "ruku": 384,
        "hizbQuarter": 177,
        "sajda": false,
        "audioArabic": [
          "https://cdn.jsdelivr.net/gh/Salimbd71/ArabicQuran@main/36/56.mp3"
        ],
        "audioBangla": [
          "https://cdn.jsdelivr.net/gh/Salimbd71/BanglaQuran@main/36/56.mp3"
        ]
      },
      {
        "number": 3762,
        "audio": "https://everyayah.com/data/Abdul_Basit_Murattal_64kbps/036057.mp3",
        "audioSecondary": [
          "https://cdn.islamic.network/quran/audio/64/ar.abdulbasitmurattal/3762.mp3"
        ],
        "text": "لَهُمْ فِيهَا فَٰكِهَةٌۭ وَلَهُم مَّا يَدَّعُونَ",
        "numberInSurah": 57,
        "juz": 23,
        "manzil": 5,
        "page": 444,
        "ruku": 384,
        "hizbQuarter": 177,
        "sajda": false,
        "audioArabic": [
          "https://cdn.jsdelivr.net/gh/Salimbd71/ArabicQuran@main/36/57.mp3"
        ],
        "audioBangla": [
          "https://cdn.jsdelivr.net/gh/Salimbd71/BanglaQuran@main/36/57.mp3"
        ]
      },
      {
        "number": 3763,
        "audio": "https://everyayah.com/data/Abdul_Basit_Murattal_64kbps/036058.mp3",
        "audioSecondary": [
          "https://cdn.islamic.network/quran/audio/64/ar.abdulbasitmurattal/3763.mp3"
        ],
        "text": "سَلَٰمٌۭ قَوْلًۭا مِّن رَّبٍّۢ رَّحِيمٍۢ",
        "numberInSurah": 58,
        "juz": 23,
        "manzil": 5,
        "page": 444,
        "ruku": 384,
        "hizbQuarter": 177,
        "sajda": false,
        "audioArabic": [
          "https://cdn.jsdelivr.net/gh/Salimbd71/ArabicQuran@main/36/58.mp3"
        ],
        "audioBangla": [
          "https://cdn.jsdelivr.net/gh/Salimbd71/BanglaQuran@main/36/58.mp3"
        ]
      },
      {
        "number": 3764,
        "audio": "https://everyayah.com/data/Abdul_Basit_Murattal_64kbps/036059.mp3",
        "audioSecondary": [
          "https://cdn.islamic.network/quran/audio/64/ar.abdulbasitmurattal/3764.mp3"
        ],
        "text": "وَٱمْتَٰزُوا۟ ٱلْيَوْمَ أَيُّهَا ٱلْمُجْرِمُونَ",
        "numberInSurah": 59,
        "juz": 23,
        "manzil": 5,
        "page": 444,
        "ruku": 384,
        "hizbQuarter": 177,
        "sajda": false,
        "audioArabic": [
          "https://cdn.jsdelivr.net/gh/Salimbd71/ArabicQuran@main/36/59.mp3"
        ],
        "audioBangla": [
          "https://cdn.jsdelivr.net/gh/Salimbd71/BanglaQuran@main/36/59.mp3"
        ]
      },
      {
        "number": 3765,
        "audio": "https://everyayah.com/data/Abdul_Basit_Murattal_64kbps/036060.mp3",
        "audioSecondary": [
          "https://cdn.islamic.network/quran/audio/64/ar.abdulbasitmurattal/3765.mp3"
        ],
        "text": "۞ أَلَمْ أَعْهَدْ إِلَيْكُمْ يَٰبَنِىٓ ءَادَمَ أَن لَّا تَعْبُدُوا۟ ٱلشَّيْطَٰنَ ۖ إِنَّهُۥ لَكُمْ عَدُوٌّۭ مُّبِينٌۭ",
        "numberInSurah": 60,
        "juz": 23,
        "manzil": 5,
        "page": 444,
        "ruku": 384,
        "hizbQuarter": 178,
        "sajda": false,
        "audioArabic": [
          "https://cdn.jsdelivr.net/gh/Salimbd71/ArabicQuran@main/36/60.mp3"
        ],
        "audioBangla": [
          "https://cdn.jsdelivr.net/gh/Salimbd71/BanglaQuran@main/36/60.mp3"
        ]
      },
      {
        "number": 3766,
        "audio": "https://everyayah.com/data/Abdul_Basit_Murattal_64kbps/036061.mp3",
        "audioSecondary": [
          "https://cdn.islamic.network/quran/audio/64/ar.abdulbasitmurattal/3766.mp3"
        ],
        "text": "وَأَنِ ٱعْبُدُونِى ۚ هَٰذَا صِرَٰطٌۭ مُّسْتَقِيمٌۭ",
        "numberInSurah": 61,
        "juz": 23,
        "manzil": 5,
        "page": 444,
        "ruku": 384,
        "hizbQuarter": 178,
        "sajda": false,
        "audioArabic": [
          "https://cdn.jsdelivr.net/gh/Salimbd71/ArabicQuran@main/36/61.mp3"
        ],
        "audioBangla": [
          "https://cdn.jsdelivr.net/gh/Salimbd71/BanglaQuran@main/36/61.mp3"
        ]
      },
      {
        "number": 3767,
        "audio": "https://everyayah.com/data/Abdul_Basit_Murattal_64kbps/036062.mp3",
        "audioSecondary": [
          "https://cdn.islamic.network/quran/audio/64/ar.abdulbasitmurattal/3767.mp3"
        ],
        "text": "وَلَقَدْ أَضَلَّ مِنكُمْ جِبِلًّۭا كَثِيرًا ۖ أَفَلَمْ تَكُونُوا۟ تَعْقِلُونَ",
        "numberInSurah": 62,
        "juz": 23,
        "manzil": 5,
        "page": 444,
        "ruku": 384,
        "hizbQuarter": 178,
        "sajda": false,
        "audioArabic": [
          "https://cdn.jsdelivr.net/gh/Salimbd71/ArabicQuran@main/36/62.mp3"
        ],
        "audioBangla": [
          "https://cdn.jsdelivr.net/gh/Salimbd71/BanglaQuran@main/36/62.mp3"
        ]
      },
      {
        "number": 3768,
        "audio": "https://everyayah.com/data/Abdul_Basit_Murattal_64kbps/036063.mp3",
        "audioSecondary": [
          "https://cdn.islamic.network/quran/audio/64/ar.abdulbasitmurattal/3768.mp3"
        ],
        "text": "هَٰذِهِۦ جَهَنَّمُ ٱلَّتِى كُنتُمْ تُوعَدُونَ",
        "numberInSurah": 63,
        "juz": 23,
        "manzil": 5,
        "page": 444,
        "ruku": 384,
        "hizbQuarter": 178,
        "sajda": false,
        "audioArabic": [
          "https://cdn.jsdelivr.net/gh/Salimbd71/ArabicQuran@main/36/63.mp3"
        ],
        "audioBangla": [
          "https://cdn.jsdelivr.net/gh/Salimbd71/BanglaQuran@main/36/63.mp3"
        ]
      },
      {
        "number": 3769,
        "audio": "https://everyayah.com/data/Abdul_Basit_Murattal_64kbps/036064.mp3",
        "audioSecondary": [
          "https://cdn.islamic.network/quran/audio/64/ar.abdulbasitmurattal/3769.mp3"
        ],
        "text": "ٱصْلَوْهَا ٱلْيَوْمَ بِمَا كُنتُمْ تَكْفُرُونَ",
        "numberInSurah": 64,
        "juz": 23,
        "manzil": 5,
        "page": 444,
        "ruku": 384,
        "hizbQuarter": 178,
        "sajda": false,
        "audioArabic": [
          "https://cdn.jsdelivr.net/gh/Salimbd71/ArabicQuran@main/36/64.mp3"
        ],
        "audioBangla": [
          "https://cdn.jsdelivr.net/gh/Salimbd71/BanglaQuran@main/36/64.mp3"
        ]
      },
      {
        "number": 3770,
        "audio": "https://everyayah.com/data/Abdul_Basit_Murattal_64kbps/036065.mp3",
        "audioSecondary": [
          "https://cdn.islamic.network/quran/audio/64/ar.abdulbasitmurattal/3770.mp3"
        ],
        "text": "ٱلْيَوْمَ نَخْتِمُ عَلَىٰٓ أَفْوَٰهِهِمْ وَتُكَلِّمُنَآ أَيْدِيهِمْ وَتَشْهَدُ أَرْجُلُهُم بِمَا كَانُوا۟ يَكْسِبُونَ",
        "numberInSurah": 65,
        "juz": 23,
        "manzil": 5,
        "page": 444,
        "ruku": 384,
        "hizbQuarter": 178,
        "sajda": false,
        "audioArabic": [
          "https://cdn.jsdelivr.net/gh/Salimbd71/ArabicQuran@main/36/65.mp3"
        ],
        "audioBangla": [
          "https://cdn.jsdelivr.net/gh/Salimbd71/BanglaQuran@main/36/65.mp3"
        ]
      },
      {
        "number": 3771,
        "audio": "https://everyayah.com/data/Abdul_Basit_Murattal_64kbps/036066.mp3",
        "audioSecondary": [
          "https://cdn.islamic.network/quran/audio/64/ar.abdulbasitmurattal/3771.mp3"
        ],
        "text": "وَلَوْ نَشَآءُ لَطَمَسْنَا عَلَىٰٓ أَعْيُنِهِمْ فَٱسْتَبَقُوا۟ ٱلصِّرَٰطَ فَأَنَّىٰ يُبْصِرُونَ",
        "numberInSurah": 66,
        "juz": 23,
        "manzil": 5,
        "page": 444,
        "ruku": 384,
        "hizbQuarter": 178,
        "sajda": false,
        "audioArabic": [
          "https://cdn.jsdelivr.net/gh/Salimbd71/ArabicQuran@main/36/66.mp3"
        ],
        "audioBangla": [
          "https://cdn.jsdelivr.net/gh/Salimbd71/BanglaQuran@main/36/66.mp3"
        ]
      },
      {
        "number": 3772,
        "audio": "https://everyayah.com/data/Abdul_Basit_Murattal_64kbps/036067.mp3",
        "audioSecondary": [
          "https://cdn.islamic.network/quran/audio/64/ar.abdulbasitmurattal/3772.mp3"
        ],
        "text": "وَلَوْ نَشَآءُ لَمَسَخْنَٰهُمْ عَلَىٰ مَكَانَتِهِمْ فَمَا ٱسْتَطَٰعُوا۟ مُضِيًّۭا وَلَا يَرْجِعُونَ",
        "numberInSurah": 67,
        "juz": 23,
        "manzil": 5,
        "page": 444,
        "ruku": 384,
        "hizbQuarter": 178,
        "sajda": false,
        "audioArabic": [
          "https://cdn.jsdelivr.net/gh/Salimbd71/ArabicQuran@main/36/67.mp3"
        ],
        "audioBangla": [
          "https://cdn.jsdelivr.net/gh/Salimbd71/BanglaQuran@main/36/67.mp3"
        ]
      },
      {
        "number": 3773,
        "audio": "https://everyayah.com/data/Abdul_Basit_Murattal_64kbps/036068.mp3",
        "audioSecondary": [
          "https://cdn.islamic.network/quran/audio/64/ar.abdulbasitmurattal/3773.mp3"
        ],
        "text": "وَمَن نُّعَمِّرْهُ نُنَكِّسْهُ فِى ٱلْخَلْقِ ۖ أَفَلَا يَعْقِلُونَ",
        "numberInSurah": 68,
        "juz": 23,
        "manzil": 5,
        "page": 444,
        "ruku": 385,
        "hizbQuarter": 178,
        "sajda": false,
        "audioArabic": [
          "https://cdn.jsdelivr.net/gh/Salimbd71/ArabicQuran@main/36/68.mp3"
        ],
        "audioBangla": [
          "https://cdn.jsdelivr.net/gh/Salimbd71/BanglaQuran@main/36/68.mp3"
        ]
      },
      {
        "number": 3774,
        "audio": "https://everyayah.com/data/Abdul_Basit_Murattal_64kbps/036069.mp3",
        "audioSecondary": [
          "https://cdn.islamic.network/quran/audio/64/ar.abdulbasitmurattal/3774.mp3"
        ],
        "text": "وَمَا عَلَّمْنَٰهُ ٱلشِّعْرَ وَمَا يَنۢبَغِى لَهُۥٓ ۚ إِنْ هُوَ إِلَّا ذِكْرٌۭ وَقُرْءَانٌۭ مُّبِينٌۭ",
        "numberInSurah": 69,
        "juz": 23,
        "manzil": 5,
        "page": 444,
        "ruku": 385,
        "hizbQuarter": 178,
        "sajda": false,
        "audioArabic": [
          "https://cdn.jsdelivr.net/gh/Salimbd71/ArabicQuran@main/36/69.mp3"
        ],
        "audioBangla": [
          "https://cdn.jsdelivr.net/gh/Salimbd71/BanglaQuran@main/36/69.mp3"
        ]
      },
      {
        "number": 3775,
        "audio": "https://everyayah.com/data/Abdul_Basit_Murattal_64kbps/036070.mp3",
        "audioSecondary": [
          "https://cdn.islamic.network/quran/audio/64/ar.abdulbasitmurattal/3775.mp3"
        ],
        "text": "لِّيُنذِرَ مَن كَانَ حَيًّۭا وَيَحِقَّ ٱلْقَوْلُ عَلَى ٱلْكَٰفِرِينَ",
        "numberInSurah": 70,
        "juz": 23,
        "manzil": 5,
        "page": 444,
        "ruku": 385,
        "hizbQuarter": 178,
        "sajda": false,
        "audioArabic": [
          "https://cdn.jsdelivr.net/gh/Salimbd71/ArabicQuran@main/36/70.mp3"
        ],
        "audioBangla": [
          "https://cdn.jsdelivr.net/gh/Salimbd71/BanglaQuran@main/36/70.mp3"
        ]
      },
      {
        "number": 3776,
        "audio": "https://everyayah.com/data/Abdul_Basit_Murattal_64kbps/036071.mp3",
        "audioSecondary": [
          "https://cdn.islamic.network/quran/audio/64/ar.abdulbasitmurattal/3776.mp3"
        ],
        "text": "أَوَلَمْ يَرَوْا۟ أَنَّا خَلَقْنَا لَهُم مِّمَّا عَمِلَتْ أَيْدِينَآ أَنْعَٰمًۭا فَهُمْ لَهَا مَٰلِكُونَ",
        "numberInSurah": 71,
        "juz": 23,
        "manzil": 5,
        "page": 445,
        "ruku": 385,
        "hizbQuarter": 178,
        "sajda": false,
        "audioArabic": [
          "https://cdn.jsdelivr.net/gh/Salimbd71/ArabicQuran@main/36/71.mp3"
        ],
        "audioBangla": [
          "https://cdn.jsdelivr.net/gh/Salimbd71/BanglaQuran@main/36/71.mp3"
        ]
      },
      {
        "number": 3777,
        "audio": "https://everyayah.com/data/Abdul_Basit_Murattal_64kbps/036072.mp3",
        "audioSecondary": [
          "https://cdn.islamic.network/quran/audio/64/ar.abdulbasitmurattal/3777.mp3"
        ],
        "text": "وَذَلَّلْنَٰهَا لَهُمْ فَمِنْهَا رَكُوبُهُمْ وَمِنْهَا يَأْكُلُونَ",
        "numberInSurah": 72,
        "juz": 23,
        "manzil": 5,
        "page": 445,
        "ruku": 385,
        "hizbQuarter": 178,
        "sajda": false,
        "audioArabic": [
          "https://cdn.jsdelivr.net/gh/Salimbd71/ArabicQuran@main/36/72.mp3"
        ],
        "audioBangla": [
          "https://cdn.jsdelivr.net/gh/Salimbd71/BanglaQuran@main/36/72.mp3"
        ]
      },
      {
        "number": 3778,
        "audio": "https://everyayah.com/data/Abdul_Basit_Murattal_64kbps/036073.mp3",
        "audioSecondary": [
          "https://cdn.islamic.network/quran/audio/64/ar.abdulbasitmurattal/3778.mp3"
        ],
        "text": "وَلَهُمْ فِيهَا مَنَٰفِعُ وَمَشَارِبُ ۖ أَفَلَا يَشْكُرُونَ",
        "numberInSurah": 73,
        "juz": 23,
        "manzil": 5,
        "page": 445,
        "ruku": 385,
        "hizbQuarter": 178,
        "sajda": false,
        "audioArabic": [
          "https://cdn.jsdelivr.net/gh/Salimbd71/ArabicQuran@main/36/73.mp3"
        ],
        "audioBangla": [
          "https://cdn.jsdelivr.net/gh/Salimbd71/BanglaQuran@main/36/73.mp3"
        ]
      },
      {
        "number": 3779,
        "audio": "https://everyayah.com/data/Abdul_Basit_Murattal_64kbps/036074.mp3",
        "audioSecondary": [
          "https://cdn.islamic.network/quran/audio/64/ar.abdulbasitmurattal/3779.mp3"
        ],
        "text": "وَٱتَّخَذُوا۟ مِن دُونِ ٱللَّهِ ءَالِهَةًۭ لَّعَلَّهُمْ يُنصَرُونَ",
        "numberInSurah": 74,
        "juz": 23,
        "manzil": 5,
        "page": 445,
        "ruku": 385,
        "hizbQuarter": 178,
        "sajda": false,
        "audioArabic": [
          "https://cdn.jsdelivr.net/gh/Salimbd71/ArabicQuran@main/36/74.mp3"
        ],
        "audioBangla": [
          "https://cdn.jsdelivr.net/gh/Salimbd71/BanglaQuran@main/36/74.mp3"
        ]
      },
      {
        "number": 3780,
        "audio": "https://everyayah.com/data/Abdul_Basit_Murattal_64kbps/036075.mp3",
        "audioSecondary": [
          "https://cdn.islamic.network/quran/audio/64/ar.abdulbasitmurattal/3780.mp3"
        ],
        "text": "لَا يَسْتَطِيعُونَ نَصْرَهُمْ وَهُمْ لَهُمْ جُندٌۭ مُّحْضَرُونَ",
        "numberInSurah": 75,
        "juz": 23,
        "manzil": 5,
        "page": 445,
        "ruku": 385,
        "hizbQuarter": 178,
        "sajda": false,
        "audioArabic": [
          "https://cdn.jsdelivr.net/gh/Salimbd71/ArabicQuran@main/36/75.mp3"
        ],
        "audioBangla": [
          "https://cdn.jsdelivr.net/gh/Salimbd71/BanglaQuran@main/36/75.mp3"
        ]
      },
      {
        "number": 3781,
        "audio": "https://everyayah.com/data/Abdul_Basit_Murattal_64kbps/036076.mp3",
        "audioSecondary": [
          "https://cdn.islamic.network/quran/audio/64/ar.abdulbasitmurattal/3781.mp3"
        ],
        "text": "فَلَا يَحْزُنكَ قَوْلُهُمْ ۘ إِنَّا نَعْلَمُ مَا يُسِرُّونَ وَمَا يُعْلِنُونَ",
        "numberInSurah": 76,
        "juz": 23,
        "manzil": 5,
        "page": 445,
        "ruku": 385,
        "hizbQuarter": 178,
        "sajda": false,
        "audioArabic": [
          "https://cdn.jsdelivr.net/gh/Salimbd71/ArabicQuran@main/36/76.mp3"
        ],
        "audioBangla": [
          "https://cdn.jsdelivr.net/gh/Salimbd71/BanglaQuran@main/36/76.mp3"
        ]
      },
      {
        "number": 3782,
        "audio": "https://everyayah.com/data/Abdul_Basit_Murattal_64kbps/036077.mp3",
        "audioSecondary": [
          "https://cdn.islamic.network/quran/audio/64/ar.abdulbasitmurattal/3782.mp3"
        ],
        "text": "أَوَلَمْ يَرَ ٱلْإِنسَٰنُ أَنَّا خَلَقْنَٰهُ مِن نُّطْفَةٍۢ فَإِذَا هُوَ خَصِيمٌۭ مُّبِينٌۭ",
        "numberInSurah": 77,
        "juz": 23,
        "manzil": 5,
        "page": 445,
        "ruku": 385,
        "hizbQuarter": 178,
        "sajda": false,
        "audioArabic": [
          "https://cdn.jsdelivr.net/gh/Salimbd71/ArabicQuran@main/36/77.mp3"
        ],
        "audioBangla": [
          "https://cdn.jsdelivr.net/gh/Salimbd71/BanglaQuran@main/36/77.mp3"
        ]
      },
      {
        "number": 3783,
        "audio": "https://everyayah.com/data/Abdul_Basit_Murattal_64kbps/036078.mp3",
        "audioSecondary": [
          "https://cdn.islamic.network/quran/audio/64/ar.abdulbasitmurattal/3783.mp3"
        ],
        "text": "وَضَرَبَ لَنَا مَثَلًۭا وَنَسِىَ خَلْقَهُۥ ۖ قَالَ مَن يُحْىِ ٱلْعِظَٰمَ وَهِىَ رَمِيمٌۭ",
        "numberInSurah": 78,
        "juz": 23,
        "manzil": 5,
        "page": 445,
        "ruku": 385,
        "hizbQuarter": 178,
        "sajda": false,
        "audioArabic": [
          "https://cdn.jsdelivr.net/gh/Salimbd71/ArabicQuran@main/36/78.mp3"
        ],
        "audioBangla": [
          "https://cdn.jsdelivr.net/gh/Salimbd71/BanglaQuran@main/36/78.mp3"
        ]
      },
      {
        "number": 3784,
        "audio": "https://everyayah.com/data/Abdul_Basit_Murattal_64kbps/036079.mp3",
        "audioSecondary": [
          "https://cdn.islamic.network/quran/audio/64/ar.abdulbasitmurattal/3784.mp3"
        ],
        "text": "قُلْ يُحْيِيهَا ٱلَّذِىٓ أَنشَأَهَآ أَوَّلَ مَرَّةٍۢ ۖ وَهُوَ بِكُلِّ خَلْقٍ عَلِيمٌ",
        "numberInSurah": 79,
        "juz": 23,
        "manzil": 5,
        "page": 445,
        "ruku": 385,
        "hizbQuarter": 178,
        "sajda": false,
        "audioArabic": [
          "https://cdn.jsdelivr.net/gh/Salimbd71/ArabicQuran@main/36/79.mp3"
        ],
        "audioBangla": [
          "https://cdn.jsdelivr.net/gh/Salimbd71/BanglaQuran@main/36/79.mp3"
        ]
      },
      {
        "number": 3785,
        "audio": "https://everyayah.com/data/Abdul_Basit_Murattal_64kbps/036080.mp3",
        "audioSecondary": [
          "https://cdn.islamic.network/quran/audio/64/ar.abdulbasitmurattal/3785.mp3"
        ],
        "text": "ٱلَّذِى جَعَلَ لَكُم مِّنَ ٱلشَّجَرِ ٱلْأَخْضَرِ نَارًۭا فَإِذَآ أَنتُم مِّنْهُ تُوقِدُونَ",
        "numberInSurah": 80,
        "juz": 23,
        "manzil": 5,
        "page": 445,
        "ruku": 385,
        "hizbQuarter": 178,
        "sajda": false,
        "audioArabic": [
          "https://cdn.jsdelivr.net/gh/Salimbd71/ArabicQuran@main/36/80.mp3"
        ],
        "audioBangla": [
          "https://cdn.jsdelivr.net/gh/Salimbd71/BanglaQuran@main/36/80.mp3"
        ]
      },
      {
        "number": 3786,
        "audio": "https://everyayah.com/data/Abdul_Basit_Murattal_64kbps/036081.mp3",
        "audioSecondary": [
          "https://cdn.islamic.network/quran/audio/64/ar.abdulbasitmurattal/3786.mp3"
        ],
        "text": "أَوَلَيْسَ ٱلَّذِى خَلَقَ ٱلسَّمَٰوَٰتِ وَٱلْأَرْضَ بِقَٰدِرٍ عَلَىٰٓ أَن يَخْلُقَ مِثْلَهُم ۚ بَلَىٰ وَهُوَ ٱلْخَلَّٰقُ ٱلْعَلِيمُ",
        "numberInSurah": 81,
        "juz": 23,
        "manzil": 5,
        "page": 445,
        "ruku": 385,
        "hizbQuarter": 178,
        "sajda": false,
        "audioArabic": [
          "https://cdn.jsdelivr.net/gh/Salimbd71/ArabicQuran@main/36/81.mp3"
        ],
        "audioBangla": [
          "https://cdn.jsdelivr.net/gh/Salimbd71/BanglaQuran@main/36/81.mp3"
        ]
      },
      {
        "number": 3787,
        "audio": "https://everyayah.com/data/Abdul_Basit_Murattal_64kbps/036082.mp3",
        "audioSecondary": [
          "https://cdn.islamic.network/quran/audio/64/ar.abdulbasitmurattal/3787.mp3"
        ],
        "text": "إِنَّمَآ أَمْرُهُۥٓ إِذَآ أَرَادَ شَيْـًٔا أَن يَقُولَ لَهُۥ كُن فَيَكُونُ",
        "numberInSurah": 82,
        "juz": 23,
        "manzil": 5,
        "page": 445,
        "ruku": 385,
        "hizbQuarter": 178,
        "sajda": false,
        "audioArabic": [
          "https://cdn.jsdelivr.net/gh/Salimbd71/ArabicQuran@main/36/82.mp3"
        ],
        "audioBangla": [
          "https://cdn.jsdelivr.net/gh/Salimbd71/BanglaQuran@main/36/82.mp3"
        ]
      },
      {
        "number": 3788,
        "audio": "https://everyayah.com/data/Abdul_Basit_Murattal_64kbps/036083.mp3",
        "audioSecondary": [
          "https://cdn.islamic.network/quran/audio/64/ar.abdulbasitmurattal/3788.mp3"
        ],
        "text": "فَسُبْحَٰنَ ٱلَّذِى بِيَدِهِۦ مَلَكُوتُ كُلِّ شَىْءٍۢ وَإِلَيْهِ تُرْجَعُونَ",
        "numberInSurah": 83,
        "juz": 23,
        "manzil": 5,
        "page": 445,
        "ruku": 385,
        "hizbQuarter": 178,
        "sajda": false,
        "audioArabic": [
          "https://cdn.jsdelivr.net/gh/Salimbd71/ArabicQuran@main/36/83.mp3"
        ],
        "audioBangla": [
          "https://cdn.jsdelivr.net/gh/Salimbd71/BanglaQuran@main/36/83.mp3"
        ]
      }
    ],
    "edition": {
      "identifier": "ar.abdulbasitmurattal",
      "language": "ar",
      "name": "عبد الباسط عبد الصمد المرتل",
      "englishName": "Abdul Basit",
      "format": "audio",
      "type": "translation",
      "direction": null
    }
  }
}