{
  "code": 200,
  "status": "OK",
  "data": {
    "number": 19,
    "name": "سُورَةُ مَرۡيَمَ",
    "englishName": "Maryam",
    "englishNameTranslation": "Mary",
    "revelationType": "Meccan",
    "numberOfAyahs": 98,
    "ayahs": [
      {
        "number": 2251,
        "audio": "https://cdn.islamic.network/quran/audio/128/ar.muhammadjibreel/2251.mp3",
        "audioSecondary": [
          "https://cdn.islamic.network/quran/audio/64/ar.muhammadjibreel/2251.mp3"
        ],
        "text": "بِسْمِ ٱللَّهِ ٱلرَّحْمَٰنِ ٱلرَّحِيمِ كٓهيعٓصٓ",
        "numberInSurah": 1,
        "juz": 16,
        "manzil": 4,
        "page": 305,
        "ruku": 264,
        "hizbQuarter": 122,
        "sajda": false,
        "audioArabic": [
          "https://cdn.jsdelivr.net/gh/Salimbd71/ArabicQuran@main/19/1.mp3"
        ],
        "audioBangla": [
          "https://cdn.jsdelivr.net/gh/Salimbd71/BanglaQuran@main/19/1.mp3"
        ]
      },
      {
        "number": 2252,
        "audio": "https://cdn.islamic.network/quran/audio/128/ar.muhammadjibreel/2252.mp3",
        "audioSecondary": [
          "https://cdn.islamic.network/quran/audio/64/ar.muhammadjibreel/2252.mp3"
        ],
        "text": "ذِكْرُ رَحْمَتِ رَبِّكَ عَبْدَهُۥ زَكَرِيَّآ",
        "numberInSurah": 2,
        "juz": 16,
        "manzil": 4,
        "page": 305,
        "ruku": 264,
        "hizbQuarter": 122,
        "sajda": false,
        "audioArabic": [
          "https://cdn.jsdelivr.net/gh/Salimbd71/ArabicQuran@main/19/2.mp3"
        ],
        "audioBangla": [
          "https://cdn.jsdelivr.net/gh/Salimbd71/BanglaQuran@main/19/2.mp3"
        ]
      },
      {
        "number": 2253,
        "audio": "https://cdn.islamic.network/quran/audio/128/ar.muhammadjibreel/2253.mp3",
        "audioSecondary": [
          "https://cdn.islamic.network/quran/audio/64/ar.muhammadjibreel/2253.mp3"
        ],
        "text": "إِذْ نَادَىٰ رَبَّهُۥ نِدَآءً خَفِيًّۭا",
        "numberInSurah": 3,
        "juz": 16,
        "manzil": 4,
        "page": 305,
        "ruku": 264,
        "hizbQuarter": 122,
        "sajda": false,
        "audioArabic": [
          "https://cdn.jsdelivr.net/gh/Salimbd71/ArabicQuran@main/19/3.mp3"
        ],
        "audioBangla": [
          "https://cdn.jsdelivr.net/gh/Salimbd71/BanglaQuran@main/19/3.mp3"
        ]
      },
      {
        "number": 2254,
        "audio": "https://cdn.islamic.network/quran/audio/128/ar.muhammadjibreel/2254.mp3",
        "audioSecondary": [
          "https://cdn.islamic.network/quran/audio/64/ar.muhammadjibreel/2254.mp3"
        ],
        "text": "قَالَ رَبِّ إِنِّى وَهَنَ ٱلْعَظْمُ مِنِّى وَٱشْتَعَلَ ٱلرَّأْسُ شَيْبًۭا وَلَمْ أَكُنۢ بِدُعَآئِكَ رَبِّ شَقِيًّۭا",
        "numberInSurah": 4,
        "juz": 16,
        "manzil": 4,
        "page": 305,
        "ruku": 264,
        "hizbQuarter": 122,
        "sajda": false,
        "audioArabic": [
          "https://cdn.jsdelivr.net/gh/Salimbd71/ArabicQuran@main/19/4.mp3"
        ],
        "audioBangla": [
          "https://cdn.jsdelivr.net/gh/Salimbd71/BanglaQuran@main/19/4.mp3"
        ]
      },
      {
        "number": 2255,
        "audio": "https://cdn.islamic.network/quran/audio/128/ar.muhammadjibreel/2255.mp3",
        "audioSecondary": [
          "https://cdn.islamic.network/quran/audio/64/ar.muhammadjibreel/2255.mp3"
        ],
        "text": "وَإِنِّى خِفْتُ ٱلْمَوَٰلِىَ مِن وَرَآءِى وَكَانَتِ ٱمْرَأَتِى عَاقِرًۭا فَهَبْ لِى مِن لَّدُنكَ وَلِيًّۭا",
        "numberInSurah": 5,
        "juz": 16,
        "manzil": 4,
        "page": 305,
        "ruku": 264,
        "hizbQuarter": 122,
        "sajda": false,
        "audioArabic": [
          "https://cdn.jsdelivr.net/gh/Salimbd71/ArabicQuran@main/19/5.mp3"
        ],
        "audioBangla": [
          "https://cdn.jsdelivr.net/gh/Salimbd71/BanglaQuran@main/19/5.mp3"
        ]
      },
      {
        "number": 2256,
        "audio": "https://cdn.islamic.network/quran/audio/128/ar.muhammadjibreel/2256.mp3",
        "audioSecondary": [
          "https://cdn.islamic.network/quran/audio/64/ar.muhammadjibreel/2256.mp3"
        ],
        "text": "يَرِثُنِى وَيَرِثُ مِنْ ءَالِ يَعْقُوبَ ۖ وَٱجْعَلْهُ رَبِّ رَضِيًّۭا",
        "numberInSurah": 6,
        "juz": 16,
        "manzil": 4,
        "page": 305,
        "ruku": 264,
        "hizbQuarter": 122,
        "sajda": false,
        "audioArabic": [
          "https://cdn.jsdelivr.net/gh/Salimbd71/ArabicQuran@main/19/6.mp3"
        ],
        "audioBangla": [
          "https://cdn.jsdelivr.net/gh/Salimbd71/BanglaQuran@main/19/6.mp3"
        ]
      },
      {
        "number": 2257,
        "audio": "https://cdn.islamic.network/quran/audio/128/ar.muhammadjibreel/2257.mp3",
        "audioSecondary": [
          "https://cdn.islamic.network/quran/audio/64/ar.muhammadjibreel/2257.mp3"
        ],
        "text": "يَٰزَكَرِيَّآ إِنَّا نُبَشِّرُكَ بِغُلَٰمٍ ٱسْمُهُۥ يَحْيَىٰ لَمْ نَجْعَل لَّهُۥ مِن قَبْلُ سَمِيًّۭا",
        "numberInSurah": 7,
        "juz": 16,
        "manzil": 4,
        "page": 305,
        "ruku": 264,
        "hizbQuarter": 122,
        "sajda": false,
        "audioArabic": [
          "https://cdn.jsdelivr.net/gh/Salimbd71/ArabicQuran@main/19/7.mp3"
        ],
        "audioBangla": [
          "https://cdn.jsdelivr.net/gh/Salimbd71/BanglaQuran@main/19/7.mp3"
        ]
      },
      {
        "number": 2258,
        "audio": "https://cdn.islamic.network/quran/audio/128/ar.muhammadjibreel/2258.mp3",
        "audioSecondary": [
          "https://cdn.islamic.network/quran/audio/64/ar.muhammadjibreel/2258.mp3"
        ],
        "text": "قَالَ رَبِّ أَنَّىٰ يَكُونُ لِى غُلَٰمٌۭ وَكَانَتِ ٱمْرَأَتِى عَاقِرًۭا وَقَدْ بَلَغْتُ مِنَ ٱلْكِبَرِ عِتِيًّۭا",
        "numberInSurah": 8,
        "juz": 16,
        "manzil": 4,
        "page": 305,
        "ruku": 264,
        "hizbQuarter": 122,
        "sajda": false,
        "audioArabic": [
          "https://cdn.jsdelivr.net/gh/Salimbd71/ArabicQuran@main/19/8.mp3"
        ],
        "audioBangla": [
          "https://cdn.jsdelivr.net/gh/Salimbd71/BanglaQuran@main/19/8.mp3"
        ]
      },
      {
        "number": 2259,
        "audio": "https://cdn.islamic.network/quran/audio/128/ar.muhammadjibreel/2259.mp3",
        "audioSecondary": [
          "https://cdn.islamic.network/quran/audio/64/ar.muhammadjibreel/2259.mp3"
        ],
        "text": "قَالَ كَذَٰلِكَ قَالَ رَبُّكَ هُوَ عَلَىَّ هَيِّنٌۭ وَقَدْ خَلَقْتُكَ مِن قَبْلُ وَلَمْ تَكُ شَيْـًۭٔا",
        "numberInSurah": 9,
        "juz": 16,
        "manzil": 4,
        "page": 305,
        "ruku": 264,
        "hizbQuarter": 122,
        "sajda": false,
        "audioArabic": [
          "https://cdn.jsdelivr.net/gh/Salimbd71/ArabicQuran@main/19/9.mp3"
        ],
        "audioBangla": [
          "https://cdn.jsdelivr.net/gh/Salimbd71/BanglaQuran@main/19/9.mp3"
        ]
      },
      {
        "number": 2260,
        "audio": "https://cdn.islamic.network/quran/audio/128/ar.muhammadjibreel/2260.mp3",
        "audioSecondary": [
          "https://cdn.islamic.network/quran/audio/64/ar.muhammadjibreel/2260.mp3"
        ],
        "text": "قَالَ رَبِّ ٱجْعَل لِّىٓ ءَايَةًۭ ۚ قَالَ ءَايَتُكَ أَلَّا تُكَلِّمَ ٱلنَّاسَ ثَلَٰثَ لَيَالٍۢ سَوِيًّۭا",
        "numberInSurah": 10,
        "juz": 16,
        "manzil": 4,
        "page": 305,
        "ruku": 264,
        "hizbQuarter": 122,
        "sajda": false,
        "audioArabic": [
          "https://cdn.jsdelivr.net/gh/Salimbd71/ArabicQuran@main/19/10.mp3"
        ],
        "audioBangla": [
          "https://cdn.jsdelivr.net/gh/Salimbd71/BanglaQuran@main/19/10.mp3"
        ]
      },
      {
        "number": 2261,
        "audio": "https://cdn.islamic.network/quran/audio/128/ar.muhammadjibreel/2261.mp3",
        "audioSecondary": [
          "https://cdn.islamic.network/quran/audio/64/ar.muhammadjibreel/2261.mp3"
        ],
        "text": "فَخَرَجَ عَلَىٰ قَوْمِهِۦ مِنَ ٱلْمِحْرَابِ فَأَوْحَىٰٓ إِلَيْهِمْ أَن سَبِّحُوا۟ بُكْرَةًۭ وَعَشِيًّۭا",
        "numberInSurah": 11,
        "juz": 16,
        "manzil": 4,
        "page": 305,
        "ruku": 264,
        "hizbQuarter": 122,
        "sajda": false,
        "audioArabic": [
          "https://cdn.jsdelivr.net/gh/Salimbd71/ArabicQuran@main/19/11.mp3"
        ],
        "audioBangla": [
          "https://cdn.jsdelivr.net/gh/Salimbd71/BanglaQuran@main/19/11.mp3"
        ]
      },
      {
        "number": 2262,
        "audio": "https://cdn.islamic.network/quran/audio/128/ar.muhammadjibreel/2262.mp3",
        "audioSecondary": [
          "https://cdn.islamic.network/quran/audio/64/ar.muhammadjibreel/2262.mp3"
        ],
        "text": "يَٰيَحْيَىٰ خُذِ ٱلْكِتَٰبَ بِقُوَّةٍۢ ۖ وَءَاتَيْنَٰهُ ٱلْحُكْمَ صَبِيًّۭا",
        "numberInSurah": 12,
        "juz": 16,
        "manzil": 4,
        "page": 306,
        "ruku": 264,
        "hizbQuarter": 122,
        "sajda": false,
        "audioArabic": [
          "https://cdn.jsdelivr.net/gh/Salimbd71/ArabicQuran@main/19/12.mp3"
        ],
        "audioBangla": [
          "https://cdn.jsdelivr.net/gh/Salimbd71/BanglaQuran@main/19/12.mp3"
        ]
      },
      {
        "number": 2263,
        "audio": "https://cdn.islamic.network/quran/audio/128/ar.muhammadjibreel/2263.mp3",
        "audioSecondary": [
          "https://cdn.islamic.network/quran/audio/64/ar.muhammadjibreel/2263.mp3"
        ],
        "text": "وَحَنَانًۭا مِّن لَّدُنَّا وَزَكَوٰةًۭ ۖ وَكَانَ تَقِيًّۭا",
        "numberInSurah": 13,
        "juz": 16,
        "manzil": 4,
        "page": 306,
        "ruku": 264,
        "hizbQuarter": 122,
        "sajda": false,
        "audioArabic": [
          "https://cdn.jsdelivr.net/gh/Salimbd71/ArabicQuran@main/19/13.mp3"
        ],
        "audioBangla": [
          "https://cdn.jsdelivr.net/gh/Salimbd71/BanglaQuran@main/19/13.mp3"
        ]
      },
      {
        "number": 2264,
        "audio": "https://cdn.islamic.network/quran/audio/128/ar.muhammadjibreel/2264.mp3",
        "audioSecondary": [
          "https://cdn.islamic.network/quran/audio/64/ar.muhammadjibreel/2264.mp3"
        ],
        "text": "وَبَرًّۢا بِوَٰلِدَيْهِ وَلَمْ يَكُن جَبَّارًا عَصِيًّۭا",
        "numberInSurah": 14,
        "juz": 16,
        "manzil": 4,
        "page": 306,
        "ruku": 264,
        "hizbQuarter": 122,
        "sajda": false,
        "audioArabic": [
          "https://cdn.jsdelivr.net/gh/Salimbd71/ArabicQuran@main/19/14.mp3"
        ],
        "audioBangla": [
          "https://cdn.jsdelivr.net/gh/Salimbd71/BanglaQuran@main/19/14.mp3"
        ]
      },
      {
        "number": 2265,
        "audio": "https://cdn.islamic.network/quran/audio/128/ar.muhammadjibreel/2265.mp3",
        "audioSecondary": [
          "https://cdn.islamic.network/quran/audio/64/ar.muhammadjibreel/2265.mp3"
        ],
        "text": "وَسَلَٰمٌ عَلَيْهِ يَوْمَ وُلِدَ وَيَوْمَ يَمُوتُ وَيَوْمَ يُبْعَثُ حَيًّۭا",
        "numberInSurah": 15,
        "juz": 16,
        "manzil": 4,
        "page": 306,
        "ruku": 264,
        "hizbQuarter": 122,
        "sajda": false,
        "audioArabic": [
          "https://cdn.jsdelivr.net/gh/Salimbd71/ArabicQuran@main/19/15.mp3"
        ],
        "audioBangla": [
          "https://cdn.jsdelivr.net/gh/Salimbd71/BanglaQuran@main/19/15.mp3"
        ]
      },
      {
        "number": 2266,
        "audio": "https://cdn.islamic.network/quran/audio/128/ar.muhammadjibreel/2266.mp3",
        "audioSecondary": [
          "https://cdn.islamic.network/quran/audio/64/ar.muhammadjibreel/2266.mp3"
        ],
        "text": "وَٱذْكُرْ فِى ٱلْكِتَٰبِ مَرْيَمَ إِذِ ٱنتَبَذَتْ مِنْ أَهْلِهَا مَكَانًۭا شَرْقِيًّۭا",
        "numberInSurah": 16,
        "juz": 16,
        "manzil": 4,
        "page": 306,
        "ruku": 265,
        "hizbQuarter": 122,
        "sajda": false,
        "audioArabic": [
          "https://cdn.jsdelivr.net/gh/Salimbd71/ArabicQuran@main/19/16.mp3"
        ],
        "audioBangla": [
          "https://cdn.jsdelivr.net/gh/Salimbd71/BanglaQuran@main/19/16.mp3"
        ]
      },
      {
        "number": 2267,
        "audio": "https://cdn.islamic.network/quran/audio/128/ar.muhammadjibreel/2267.mp3",
        "audioSecondary": [
          "https://cdn.islamic.network/quran/audio/64/ar.muhammadjibreel/2267.mp3"
        ],
        "text": "فَٱتَّخَذَتْ مِن دُونِهِمْ حِجَابًۭا فَأَرْسَلْنَآ إِلَيْهَا رُوحَنَا فَتَمَثَّلَ لَهَا بَشَرًۭا سَوِيًّۭا",
        "numberInSurah": 17,
        "juz": 16,
        "manzil": 4,
        "page": 306,
        "ruku": 265,
        "hizbQuarter": 122,
        "sajda": false,
        "audioArabic": [
          "https://cdn.jsdelivr.net/gh/Salimbd71/ArabicQuran@main/19/17.mp3"
        ],
        "audioBangla": [
          "https://cdn.jsdelivr.net/gh/Salimbd71/BanglaQuran@main/19/17.mp3"
        ]
      },
      {
        "number": 2268,
        "audio": "https://cdn.islamic.network/quran/audio/128/ar.muhammadjibreel/2268.mp3",
        "audioSecondary": [
          "https://cdn.islamic.network/quran/audio/64/ar.muhammadjibreel/2268.mp3"
        ],
        "text": "قَالَتْ إِنِّىٓ أَعُوذُ بِٱلرَّحْمَٰنِ مِنكَ إِن كُنتَ تَقِيًّۭا",
        "numberInSurah": 18,
        "juz": 16,
        "manzil": 4,
        "page": 306,
        "ruku": 265,
        "hizbQuarter": 122,
        "sajda": false,
        "audioArabic": [
          "https://cdn.jsdelivr.net/gh/Salimbd71/ArabicQuran@main/19/18.mp3"
        ],
        "audioBangla": [
          "https://cdn.jsdelivr.net/gh/Salimbd71/BanglaQuran@main/19/18.mp3"
        ]
      },
      {
        "number": 2269,
        "audio": "https://cdn.islamic.network/quran/audio/128/ar.muhammadjibreel/2269.mp3",
        "audioSecondary": [
          "https://cdn.islamic.network/quran/audio/64/ar.muhammadjibreel/2269.mp3"
        ],
        "text": "قَالَ إِنَّمَآ أَنَا۠ رَسُولُ رَبِّكِ لِأَهَبَ لَكِ غُلَٰمًۭا زَكِيًّۭا",
        "numberInSurah": 19,
        "juz": 16,
        "manzil": 4,
        "page": 306,
        "ruku": 265,
        "hizbQuarter": 122,
        "sajda": false,
        "audioArabic": [
          "https://cdn.jsdelivr.net/gh/Salimbd71/ArabicQuran@main/19/19.mp3"
        ],
        "audioBangla": [
          "https://cdn.jsdelivr.net/gh/Salimbd71/BanglaQuran@main/19/19.mp3"
        ]
      },
      {
        "number": 2270,
        "audio": "https://cdn.islamic.network/quran/audio/128/ar.muhammadjibreel/2270.mp3",
        "audioSecondary": [
          "https://cdn.islamic.network/quran/audio/64/ar.muhammadjibreel/2270.mp3"
        ],
        "text": "قَالَتْ أَنَّىٰ يَكُونُ لِى غُلَٰمٌۭ وَلَمْ يَمْسَسْنِى بَشَرٌۭ وَلَمْ أَكُ بَغِيًّۭا",
        "numberInSurah": 20,
        "juz": 16,
        "manzil": 4,
        "page": 306,
        "ruku": 265,
        "hizbQuarter": 122,
        "sajda": false,
        "audioArabic": [
          "https://cdn.jsdelivr.net/gh/Salimbd71/ArabicQuran@main/19/20.mp3"
        ],
        "audioBangla": [
          "https://cdn.jsdelivr.net/gh/Salimbd71/BanglaQuran@main/19/20.mp3"
        ]
      },
      {
        "number": 2271,
        "audio": "https://cdn.islamic.network/quran/audio/128/ar.muhammadjibreel/2271.mp3",
        "audioSecondary": [
          "https://cdn.islamic.network/quran/audio/64/ar.muhammadjibreel/2271.mp3"
        ],
        "text": "قَالَ كَذَٰلِكِ قَالَ رَبُّكِ هُوَ عَلَىَّ هَيِّنٌۭ ۖ وَلِنَجْعَلَهُۥٓ ءَايَةًۭ لِّلنَّاسِ وَرَحْمَةًۭ مِّنَّا ۚ وَكَانَ أَمْرًۭا مَّقْضِيًّۭا",
        "numberInSurah": 21,
        "juz": 16,
        "manzil": 4,
        "page": 306,
        "ruku": 265,
        "hizbQuarter": 122,
        "sajda": false,
        "audioArabic": [
          "https://cdn.jsdelivr.net/gh/Salimbd71/ArabicQuran@main/19/21.mp3"
        ],
        "audioBangla": [
          "https://cdn.jsdelivr.net/gh/Salimbd71/BanglaQuran@main/19/21.mp3"
        ]
      },
      {
        "number": 2272,
        "audio": "https://cdn.islamic.network/quran/audio/128/ar.muhammadjibreel/2272.mp3",
        "audioSecondary": [
          "https://cdn.islamic.network/quran/audio/64/ar.muhammadjibreel/2272.mp3"
        ],
        "text": "۞ فَحَمَلَتْهُ فَٱنتَبَذَتْ بِهِۦ مَكَانًۭا قَصِيًّۭا",
        "numberInSurah": 22,
        "juz": 16,
        "manzil": 4,
        "page": 306,
        "ruku": 265,
        "hizbQuarter": 123,
        "sajda": false,
        "audioArabic": [
          "https://cdn.jsdelivr.net/gh/Salimbd71/ArabicQuran@main/19/22.mp3"
        ],
        "audioBangla": [
          "https://cdn.jsdelivr.net/gh/Salimbd71/BanglaQuran@main/19/22.mp3"
        ]
      },
      {
        "number": 2273,
        "audio": "https://cdn.islamic.network/quran/audio/128/ar.muhammadjibreel/2273.mp3",
        "audioSecondary": [
          "https://cdn.islamic.network/quran/audio/64/ar.muhammadjibreel/2273.mp3"
        ],
        "text": "فَأَجَآءَهَا ٱلْمَخَاضُ إِلَىٰ جِذْعِ ٱلنَّخْلَةِ قَالَتْ يَٰلَيْتَنِى مِتُّ قَبْلَ هَٰذَا وَكُنتُ نَسْيًۭا مَّنسِيًّۭا",
        "numberInSurah": 23,
        "juz": 16,
        "manzil": 4,
        "page": 306,
        "ruku": 265,
        "hizbQuarter": 123,
        "sajda": false,
        "audioArabic": [
          "https://cdn.jsdelivr.net/gh/Salimbd71/ArabicQuran@main/19/23.mp3"
        ],
        "audioBangla": [
          "https://cdn.jsdelivr.net/gh/Salimbd71/BanglaQuran@main/19/23.mp3"
        ]
      },
      {
        "number": 2274,
        "audio": "https://cdn.islamic.network/quran/audio/128/ar.muhammadjibreel/2274.mp3",
        "audioSecondary": [
          "https://cdn.islamic.network/quran/audio/64/ar.muhammadjibreel/2274.mp3"
        ],
        "text": "فَنَادَىٰهَا مِن تَحْتِهَآ أَلَّا تَحْزَنِى قَدْ جَعَلَ رَبُّكِ تَحْتَكِ سَرِيًّۭا",
        "numberInSurah": 24,
        "juz": 16,
        "manzil": 4,
        "page": 306,
        "ruku": 265,
        "hizbQuarter": 123,
        "sajda": false,
        "audioArabic": [
          "https://cdn.jsdelivr.net/gh/Salimbd71/ArabicQuran@main/19/24.mp3"
        ],
        "audioBangla": [
          "https://cdn.jsdelivr.net/gh/Salimbd71/BanglaQuran@main/19/24.mp3"
        ]
      },
      {
        "number": 2275,
        "audio": "https://cdn.islamic.network/quran/audio/128/ar.muhammadjibreel/2275.mp3",
        "audioSecondary": [
          "https://cdn.islamic.network/quran/audio/64/ar.muhammadjibreel/2275.mp3"
        ],
        "text": "وَهُزِّىٓ إِلَيْكِ بِجِذْعِ ٱلنَّخْلَةِ تُسَٰقِطْ عَلَيْكِ رُطَبًۭا جَنِيًّۭا",
        "numberInSurah": 25,
        "juz": 16,
        "manzil": 4,
        "page": 306,
        "ruku": 265,
        "hizbQuarter": 123,
        "sajda": false,
        "audioArabic": [
          "https://cdn.jsdelivr.net/gh/Salimbd71/ArabicQuran@main/19/25.mp3"
        ],
        "audioBangla": [
          "https://cdn.jsdelivr.net/gh/Salimbd71/BanglaQuran@main/19/25.mp3"
        ]
      },
      {
        "number": 2276,
        "audio": "https://cdn.islamic.network/quran/audio/128/ar.muhammadjibreel/2276.mp3",
        "audioSecondary": [
          "https://cdn.islamic.network/quran/audio/64/ar.muhammadjibreel/2276.mp3"
        ],
        "text": "فَكُلِى وَٱشْرَبِى وَقَرِّى عَيْنًۭا ۖ فَإِمَّا تَرَيِنَّ مِنَ ٱلْبَشَرِ أَحَدًۭا فَقُولِىٓ إِنِّى نَذَرْتُ لِلرَّحْمَٰنِ صَوْمًۭا فَلَنْ أُكَلِّمَ ٱلْيَوْمَ إِنسِيًّۭا",
        "numberInSurah": 26,
        "juz": 16,
        "manzil": 4,
        "page": 307,
        "ruku": 265,
        "hizbQuarter": 123,
        "sajda": false,
        "audioArabic": [
          "https://cdn.jsdelivr.net/gh/Salimbd71/ArabicQuran@main/19/26.mp3"
        ],
        "audioBangla": [
          "https://cdn.jsdelivr.net/gh/Salimbd71/BanglaQuran@main/19/26.mp3"
        ]
      },
      {
        "number": 2277,
        "audio": "https://cdn.islamic.network/quran/audio/128/ar.muhammadjibreel/2277.mp3",
        "audioSecondary": [
          "https://cdn.islamic.network/quran/audio/64/ar.muhammadjibreel/2277.mp3"
        ],
        "text": "فَأَتَتْ بِهِۦ قَوْمَهَا تَحْمِلُهُۥ ۖ قَالُوا۟ يَٰمَرْيَمُ لَقَدْ جِئْتِ شَيْـًۭٔا فَرِيًّۭا",
        "numberInSurah": 27,
        "juz": 16,
        "manzil": 4,
        "page": 307,
        "ruku": 265,
        "hizbQuarter": 123,
        "sajda": false,
        "audioArabic": [
          "https://cdn.jsdelivr.net/gh/Salimbd71/ArabicQuran@main/19/27.mp3"
        ],
        "audioBangla": [
          "https://cdn.jsdelivr.net/gh/Salimbd71/BanglaQuran@main/19/27.mp3"
        ]
      },
      {
        "number": 2278,
        "audio": "https://cdn.islamic.network/quran/audio/128/ar.muhammadjibreel/2278.mp3",
        "audioSecondary": [
          "https://cdn.islamic.network/quran/audio/64/ar.muhammadjibreel/2278.mp3"
        ],
        "text": "يَٰٓأُخْتَ هَٰرُونَ مَا كَانَ أَبُوكِ ٱمْرَأَ سَوْءٍۢ وَمَا كَانَتْ أُمُّكِ بَغِيًّۭا",
        "numberInSurah": 28,
        "juz": 16,
        "manzil": 4,
        "page": 307,
        "ruku": 265,
        "hizbQuarter": 123,
        "sajda": false,
        "audioArabic": [
          "https://cdn.jsdelivr.net/gh/Salimbd71/ArabicQuran@main/19/28.mp3"
        ],
        "audioBangla": [
          "https://cdn.jsdelivr.net/gh/Salimbd71/BanglaQuran@main/19/28.mp3"
        ]
      },
      {
        "number": 2279,
        "audio": "https://cdn.islamic.network/quran/audio/128/ar.muhammadjibreel/2279.mp3",
        "audioSecondary": [
          "https://cdn.islamic.network/quran/audio/64/ar.muhammadjibreel/2279.mp3"
        ],
        "text": "فَأَشَارَتْ إِلَيْهِ ۖ قَالُوا۟ كَيْفَ نُكَلِّمُ مَن كَانَ فِى ٱلْمَهْدِ صَبِيًّۭا",
        "numberInSurah": 29,
        "juz": 16,
        "manzil": 4,
        "page": 307,
        "ruku": 265,
        "hizbQuarter": 123,
        "sajda": false,
        "audioArabic": [
          "https://cdn.jsdelivr.net/gh/Salimbd71/ArabicQuran@main/19/29.mp3"
        ],
        "audioBangla": [
          "https://cdn.jsdelivr.net/gh/Salimbd71/BanglaQuran@main/19/29.mp3"
        ]
      },
      {
        "number": 2280,
        "audio": "https://cdn.islamic.network/quran/audio/128/ar.muhammadjibreel/2280.mp3",
        "audioSecondary": [
          "https://cdn.islamic.network/quran/audio/64/ar.muhammadjibreel/2280.mp3"
        ],
        "text": "قَالَ إِنِّى عَبْدُ ٱللَّهِ ءَاتَىٰنِىَ ٱلْكِتَٰبَ وَجَعَلَنِى نَبِيًّۭا",
        "numberInSurah": 30,
        "juz": 16,
        "manzil": 4,
        "page": 307,
        "ruku": 265,
        "hizbQuarter": 123,
        "sajda": false,
        "audioArabic": [
          "https://cdn.jsdelivr.net/gh/Salimbd71/ArabicQuran@main/19/30.mp3"
        ],
        "audioBangla": [
          "https://cdn.jsdelivr.net/gh/Salimbd71/BanglaQuran@main/19/30.mp3"
        ]
      },
      {
        "number": 2281,
        "audio": "https://cdn.islamic.network/quran/audio/128/ar.muhammadjibreel/2281.mp3",
        "audioSecondary": [
          "https://cdn.islamic.network/quran/audio/64/ar.muhammadjibreel/2281.mp3"
        ],
        "text": "وَجَعَلَنِى مُبَارَكًا أَيْنَ مَا كُنتُ وَأَوْصَٰنِى بِٱلصَّلَوٰةِ وَٱلزَّكَوٰةِ مَا دُمْتُ حَيًّۭا",
        "numberInSurah": 31,
        "juz": 16,
        "manzil": 4,
        "page": 307,
        "ruku": 265,
        "hizbQuarter": 123,
        "sajda": false,
        "audioArabic": [
          "https://cdn.jsdelivr.net/gh/Salimbd71/ArabicQuran@main/19/31.mp3"
        ],
        "audioBangla": [
          "https://cdn.jsdelivr.net/gh/Salimbd71/BanglaQuran@main/19/31.mp3"
        ]
      },
      {
        "number": 2282,
        "audio": "https://cdn.islamic.network/quran/audio/128/ar.muhammadjibreel/2282.mp3",
        "audioSecondary": [
          "https://cdn.islamic.network/quran/audio/64/ar.muhammadjibreel/2282.mp3"
        ],
        "text": "وَبَرًّۢا بِوَٰلِدَتِى وَلَمْ يَجْعَلْنِى جَبَّارًۭا شَقِيًّۭا",
        "numberInSurah": 32,
        "juz": 16,
        "manzil": 4,
        "page": 307,
        "ruku": 265,
        "hizbQuarter": 123,
        "sajda": false,
        "audioArabic": [
          "https://cdn.jsdelivr.net/gh/Salimbd71/ArabicQuran@main/19/32.mp3"
        ],
        "audioBangla": [
          "https://cdn.jsdelivr.net/gh/Salimbd71/BanglaQuran@main/19/32.mp3"
        ]
      },
      {
        "number": 2283,
        "audio": "https://cdn.islamic.network/quran/audio/128/ar.muhammadjibreel/2283.mp3",
        "audioSecondary": [
          "https://cdn.islamic.network/quran/audio/64/ar.muhammadjibreel/2283.mp3"
        ],
        "text": "وَٱلسَّلَٰمُ عَلَىَّ يَوْمَ وُلِدتُّ وَيَوْمَ أَمُوتُ وَيَوْمَ أُبْعَثُ حَيًّۭا",
        "numberInSurah": 33,
        "juz": 16,
        "manzil": 4,
        "page": 307,
        "ruku": 265,
        "hizbQuarter": 123,
        "sajda": false,
        "audioArabic": [
          "https://cdn.jsdelivr.net/gh/Salimbd71/ArabicQuran@main/19/33.mp3"
        ],
        "audioBangla": [
          "https://cdn.jsdelivr.net/gh/Salimbd71/BanglaQuran@main/19/33.mp3"
        ]
      },
      {
        "number": 2284,
        "audio": "https://cdn.islamic.network/quran/audio/128/ar.muhammadjibreel/2284.mp3",
        "audioSecondary": [
          "https://cdn.islamic.network/quran/audio/64/ar.muhammadjibreel/2284.mp3"
        ],
        "text": "ذَٰلِكَ عِيسَى ٱبْنُ مَرْيَمَ ۚ قَوْلَ ٱلْحَقِّ ٱلَّذِى فِيهِ يَمْتَرُونَ",
        "numberInSurah": 34,
        "juz": 16,
        "manzil": 4,
        "page": 307,
        "ruku": 265,
        "hizbQuarter": 123,
        "sajda": false,
        "audioArabic": [
          "https://cdn.jsdelivr.net/gh/Salimbd71/ArabicQuran@main/19/34.mp3"
        ],
        "audioBangla": [
          "https://cdn.jsdelivr.net/gh/Salimbd71/BanglaQuran@main/19/34.mp3"
        ]
      },
      {
        "number": 2285,
        "audio": "https://cdn.islamic.network/quran/audio/128/ar.muhammadjibreel/2285.mp3",
        "audioSecondary": [
          "https://cdn.islamic.network/quran/audio/64/ar.muhammadjibreel/2285.mp3"
        ],
        "text": "مَا كَانَ لِلَّهِ أَن يَتَّخِذَ مِن وَلَدٍۢ ۖ سُبْحَٰنَهُۥٓ ۚ إِذَا قَضَىٰٓ أَمْرًۭا فَإِنَّمَا يَقُولُ لَهُۥ كُن فَيَكُونُ",
        "numberInSurah": 35,
        "juz": 16,
        "manzil": 4,
        "page": 307,
        "ruku": 265,
        "hizbQuarter": 123,
        "sajda": false,
        "audioArabic": [
          "https://cdn.jsdelivr.net/gh/Salimbd71/ArabicQuran@main/19/35.mp3"
        ],
        "audioBangla": [
          "https://cdn.jsdelivr.net/gh/Salimbd71/BanglaQuran@main/19/35.mp3"
        ]
      },
      {
        "number": 2286,
        "audio": "https://cdn.islamic.network/quran/audio/128/ar.muhammadjibreel/2286.mp3",
        "audioSecondary": [
          "https://cdn.islamic.network/quran/audio/64/ar.muhammadjibreel/2286.mp3"
        ],
        "text": "وَإِنَّ ٱللَّهَ رَبِّى وَرَبُّكُمْ فَٱعْبُدُوهُ ۚ هَٰذَا صِرَٰطٌۭ مُّسْتَقِيمٌۭ",
        "numberInSurah": 36,
        "juz": 16,
        "manzil": 4,
        "page": 307,
        "ruku": 265,
        "hizbQuarter": 123,
        "sajda": false,
        "audioArabic": [
          "https://cdn.jsdelivr.net/gh/Salimbd71/ArabicQuran@main/19/36.mp3"
        ],
        "audioBangla": [
          "https://cdn.jsdelivr.net/gh/Salimbd71/BanglaQuran@main/19/36.mp3"
        ]
      },
      {
        "number": 2287,
        "audio": "https://cdn.islamic.network/quran/audio/128/ar.muhammadjibreel/2287.mp3",
        "audioSecondary": [
          "https://cdn.islamic.network/quran/audio/64/ar.muhammadjibreel/2287.mp3"
        ],
        "text": "فَٱخْتَلَفَ ٱلْأَحْزَابُ مِنۢ بَيْنِهِمْ ۖ فَوَيْلٌۭ لِّلَّذِينَ كَفَرُوا۟ مِن مَّشْهَدِ يَوْمٍ عَظِيمٍ",
        "numberInSurah": 37,
        "juz": 16,
        "manzil": 4,
        "page": 307,
        "ruku": 265,
        "hizbQuarter": 123,
        "sajda": false,
        "audioArabic": [
          "https://cdn.jsdelivr.net/gh/Salimbd71/ArabicQuran@main/19/37.mp3"
        ],
        "audioBangla": [
          "https://cdn.jsdelivr.net/gh/Salimbd71/BanglaQuran@main/19/37.mp3"
        ]
      },
      {
        "number": 2288,
        "audio": "https://cdn.islamic.network/quran/audio/128/ar.muhammadjibreel/2288.mp3",
        "audioSecondary": [
          "https://cdn.islamic.network/quran/audio/64/ar.muhammadjibreel/2288.mp3"
        ],
        "text": "أَسْمِعْ بِهِمْ وَأَبْصِرْ يَوْمَ يَأْتُونَنَا ۖ لَٰكِنِ ٱلظَّٰلِمُونَ ٱلْيَوْمَ فِى ضَلَٰلٍۢ مُّبِينٍۢ",
        "numberInSurah": 38,
        "juz": 16,
        "manzil": 4,
        "page": 307,
        "ruku": 265,
        "hizbQuarter": 123,
        "sajda": false,
        "audioArabic": [
          "https://cdn.jsdelivr.net/gh/Salimbd71/ArabicQuran@main/19/38.mp3"
        ],
        "audioBangla": [
          "https://cdn.jsdelivr.net/gh/Salimbd71/BanglaQuran@main/19/38.mp3"
        ]
      },
      {
        "number": 2289,
        "audio": "https://cdn.islamic.network/quran/audio/128/ar.muhammadjibreel/2289.mp3",
        "audioSecondary": [
          "https://cdn.islamic.network/quran/audio/64/ar.muhammadjibreel/2289.mp3"
        ],
        "text": "وَأَنذِرْهُمْ يَوْمَ ٱلْحَسْرَةِ إِذْ قُضِىَ ٱلْأَمْرُ وَهُمْ فِى غَفْلَةٍۢ وَهُمْ لَا يُؤْمِنُونَ",
        "numberInSurah": 39,
        "juz": 16,
        "manzil": 4,
        "page": 308,
        "ruku": 265,
        "hizbQuarter": 123,
        "sajda": false,
        "audioArabic": [
          "https://cdn.jsdelivr.net/gh/Salimbd71/ArabicQuran@main/19/39.mp3"
        ],
        "audioBangla": [
          "https://cdn.jsdelivr.net/gh/Salimbd71/BanglaQuran@main/19/39.mp3"
        ]
      },
      {
        "number": 2290,
        "audio": "https://cdn.islamic.network/quran/audio/128/ar.muhammadjibreel/2290.mp3",
        "audioSecondary": [
          "https://cdn.islamic.network/quran/audio/64/ar.muhammadjibreel/2290.mp3"
        ],
        "text": "إِنَّا نَحْنُ نَرِثُ ٱلْأَرْضَ وَمَنْ عَلَيْهَا وَإِلَيْنَا يُرْجَعُونَ",
        "numberInSurah": 40,
        "juz": 16,
        "manzil": 4,
        "page": 308,
        "ruku": 265,
        "hizbQuarter": 123,
        "sajda": false,
        "audioArabic": [
          "https://cdn.jsdelivr.net/gh/Salimbd71/ArabicQuran@main/19/40.mp3"
        ],
        "audioBangla": [
          "https://cdn.jsdelivr.net/gh/Salimbd71/BanglaQuran@main/19/40.mp3"
        ]
      },
      {
        "number": 2291,
        "audio": "https://cdn.islamic.network/quran/audio/128/ar.muhammadjibreel/2291.mp3",
        "audioSecondary": [
          "https://cdn.islamic.network/quran/audio/64/ar.muhammadjibreel/2291.mp3"
        ],
        "text": "وَٱذْكُرْ فِى ٱلْكِتَٰبِ إِبْرَٰهِيمَ ۚ إِنَّهُۥ كَانَ صِدِّيقًۭا نَّبِيًّا",
        "numberInSurah": 41,
        "juz": 16,
        "manzil": 4,
        "page": 308,
        "ruku": 266,
        "hizbQuarter": 123,
        "sajda": false,
        "audioArabic": [
          "https://cdn.jsdelivr.net/gh/Salimbd71/ArabicQuran@main/19/41.mp3"
        ],
        "audioBangla": [
          "https://cdn.jsdelivr.net/gh/Salimbd71/BanglaQuran@main/19/41.mp3"
        ]
      },
      {
        "number": 2292,
        "audio": "https://cdn.islamic.network/quran/audio/128/ar.muhammadjibreel/2292.mp3",
        "audioSecondary": [
          "https://cdn.islamic.network/quran/audio/64/ar.muhammadjibreel/2292.mp3"
        ],
        "text": "إِذْ قَالَ لِأَبِيهِ يَٰٓأَبَتِ لِمَ تَعْبُدُ مَا لَا يَسْمَعُ وَلَا يُبْصِرُ وَلَا يُغْنِى عَنكَ شَيْـًۭٔا",
        "numberInSurah": 42,
        "juz": 16,
        "manzil": 4,
        "page": 308,
        "ruku": 266,
        "hizbQuarter": 123,
        "sajda": false,
        "audioArabic": [
          "https://cdn.jsdelivr.net/gh/Salimbd71/ArabicQuran@main/19/42.mp3"
        ],
        "audioBangla": [
          "https://cdn.jsdelivr.net/gh/Salimbd71/BanglaQuran@main/19/42.mp3"
        ]
      },
      {
        "number": 2293,
        "audio": "https://cdn.islamic.network/quran/audio/128/ar.muhammadjibreel/2293.mp3",
        "audioSecondary": [
          "https://cdn.islamic.network/quran/audio/64/ar.muhammadjibreel/2293.mp3"
        ],
        "text": "يَٰٓأَبَتِ إِنِّى قَدْ جَآءَنِى مِنَ ٱلْعِلْمِ مَا لَمْ يَأْتِكَ فَٱتَّبِعْنِىٓ أَهْدِكَ صِرَٰطًۭا سَوِيًّۭا",
        "numberInSurah": 43,
        "juz": 16,
        "manzil": 4,
        "page": 308,
        "ruku": 266,
        "hizbQuarter": 123,
        "sajda": false,
        "audioArabic": [
          "https://cdn.jsdelivr.net/gh/Salimbd71/ArabicQuran@main/19/43.mp3"
        ],
        "audioBangla": [
          "https://cdn.jsdelivr.net/gh/Salimbd71/BanglaQuran@main/19/43.mp3"
        ]
      },
      {
        "number": 2294,
        "audio": "https://cdn.islamic.network/quran/audio/128/ar.muhammadjibreel/2294.mp3",
        "audioSecondary": [
          "https://cdn.islamic.network/quran/audio/64/ar.muhammadjibreel/2294.mp3"
        ],
        "text": "يَٰٓأَبَتِ لَا تَعْبُدِ ٱلشَّيْطَٰنَ ۖ إِنَّ ٱلشَّيْطَٰنَ كَانَ لِلرَّحْمَٰنِ عَصِيًّۭا",
        "numberInSurah": 44,
        "juz": 16,
        "manzil": 4,
        "page": 308,
        "ruku": 266,
        "hizbQuarter": 123,
        "sajda": false,
        "audioArabic": [
          "https://cdn.jsdelivr.net/gh/Salimbd71/ArabicQuran@main/19/44.mp3"
        ],
        "audioBangla": [
          "https://cdn.jsdelivr.net/gh/Salimbd71/BanglaQuran@main/19/44.mp3"
        ]
      },
      {
        "number": 2295,
        "audio": "https://cdn.islamic.network/quran/audio/128/ar.muhammadjibreel/2295.mp3",
        "audioSecondary": [
          "https://cdn.islamic.network/quran/audio/64/ar.muhammadjibreel/2295.mp3"
        ],
        "text": "يَٰٓأَبَتِ إِنِّىٓ أَخَافُ أَن يَمَسَّكَ عَذَابٌۭ مِّنَ ٱلرَّحْمَٰنِ فَتَكُونَ لِلشَّيْطَٰنِ وَلِيًّۭا",
        "numberInSurah": 45,
        "juz": 16,
        "manzil": 4,
        "page": 308,
        "ruku": 266,
        "hizbQuarter": 123,
        "sajda": false,
        "audioArabic": [
          "https://cdn.jsdelivr.net/gh/Salimbd71/ArabicQuran@main/19/45.mp3"
        ],
        "audioBangla": [
          "https://cdn.jsdelivr.net/gh/Salimbd71/BanglaQuran@main/19/45.mp3"
        ]
      },
      {
        "number": 2296,
        "audio": "https://cdn.islamic.network/quran/audio/128/ar.muhammadjibreel/2296.mp3",
        "audioSecondary": [
          "https://cdn.islamic.network/quran/audio/64/ar.muhammadjibreel/2296.mp3"
        ],
        "text": "قَالَ أَرَاغِبٌ أَنتَ عَنْ ءَالِهَتِى يَٰٓإِبْرَٰهِيمُ ۖ لَئِن لَّمْ تَنتَهِ لَأَرْجُمَنَّكَ ۖ وَٱهْجُرْنِى مَلِيًّۭا",
        "numberInSurah": 46,
        "juz": 16,
        "manzil": 4,
        "page": 308,
        "ruku": 266,
        "hizbQuarter": 123,
        "sajda": false,
        "audioArabic": [
          "https://cdn.jsdelivr.net/gh/Salimbd71/ArabicQuran@main/19/46.mp3"
        ],
        "audioBangla": [
          "https://cdn.jsdelivr.net/gh/Salimbd71/BanglaQuran@main/19/46.mp3"
        ]
      },
      {
        "number": 2297,
        "audio": "https://cdn.islamic.network/quran/audio/128/ar.muhammadjibreel/2297.mp3",
        "audioSecondary": [
          "https://cdn.islamic.network/quran/audio/64/ar.muhammadjibreel/2297.mp3"
        ],
        "text": "قَالَ سَلَٰمٌ عَلَيْكَ ۖ سَأَسْتَغْفِرُ لَكَ رَبِّىٓ ۖ إِنَّهُۥ كَانَ بِى حَفِيًّۭا",
        "numberInSurah": 47,
        "juz": 16,
        "manzil": 4,
        "page": 308,
        "ruku": 266,
        "hizbQuarter": 123,
        "sajda": false,
        "audioArabic": [
          "https://cdn.jsdelivr.net/gh/Salimbd71/ArabicQuran@main/19/47.mp3"
        ],
        "audioBangla": [
          "https://cdn.jsdelivr.net/gh/Salimbd71/BanglaQuran@main/19/47.mp3"
        ]
      },
      {
        "number": 2298,
        "audio": "https://cdn.islamic.network/quran/audio/128/ar.muhammadjibreel/2298.mp3",
        "audioSecondary": [
          "https://cdn.islamic.network/quran/audio/64/ar.muhammadjibreel/2298.mp3"
        ],
        "text": "وَأَعْتَزِلُكُمْ وَمَا تَدْعُونَ مِن دُونِ ٱللَّهِ وَأَدْعُوا۟ رَبِّى عَسَىٰٓ أَلَّآ أَكُونَ بِدُعَآءِ رَبِّى شَقِيًّۭا",
        "numberInSurah": 48,
        "juz": 16,
        "manzil": 4,
        "page": 308,
        "ruku": 266,
        "hizbQuarter": 123,
        "sajda": false,
        "audioArabic": [
          "https://cdn.jsdelivr.net/gh/Salimbd71/ArabicQuran@main/19/48.mp3"
        ],
        "audioBangla": [
          "https://cdn.jsdelivr.net/gh/Salimbd71/BanglaQuran@main/19/48.mp3"
        ]
      },
      {
        "number": 2299,
        "audio": "https://cdn.islamic.network/quran/audio/128/ar.muhammadjibreel/2299.mp3",
        "audioSecondary": [
          "https://cdn.islamic.network/quran/audio/64/ar.muhammadjibreel/2299.mp3"
        ],
        "text": "فَلَمَّا ٱعْتَزَلَهُمْ وَمَا يَعْبُدُونَ مِن دُونِ ٱللَّهِ وَهَبْنَا لَهُۥٓ إِسْحَٰقَ وَيَعْقُوبَ ۖ وَكُلًّۭا جَعَلْنَا نَبِيًّۭا",
        "numberInSurah": 49,
        "juz": 16,
        "manzil": 4,
        "page": 308,
        "ruku": 266,
        "hizbQuarter": 123,
        "sajda": false,
        "audioArabic": [
          "https://cdn.jsdelivr.net/gh/Salimbd71/ArabicQuran@main/19/49.mp3"
        ],
        "audioBangla": [
          "https://cdn.jsdelivr.net/gh/Salimbd71/BanglaQuran@main/19/49.mp3"
        ]
      },
      {
        "number": 2300,
        "audio": "https://cdn.islamic.network/quran/audio/128/ar.muhammadjibreel/2300.mp3",
        "audioSecondary": [
          "https://cdn.islamic.network/quran/audio/64/ar.muhammadjibreel/2300.mp3"
        ],
        "text": "وَوَهَبْنَا لَهُم مِّن رَّحْمَتِنَا وَجَعَلْنَا لَهُمْ لِسَانَ صِدْقٍ عَلِيًّۭا",
        "numberInSurah": 50,
        "juz": 16,
        "manzil": 4,
        "page": 308,
        "ruku": 266,
        "hizbQuarter": 123,
        "sajda": false,
        "audioArabic": [
          "https://cdn.jsdelivr.net/gh/Salimbd71/ArabicQuran@main/19/50.mp3"
        ],
        "audioBangla": [
          "https://cdn.jsdelivr.net/gh/Salimbd71/BanglaQuran@main/19/50.mp3"
        ]
      },
      {
        "number": 2301,
        "audio": "https://cdn.islamic.network/quran/audio/128/ar.muhammadjibreel/2301.mp3",
        "audioSecondary": [
          "https://cdn.islamic.network/quran/audio/64/ar.muhammadjibreel/2301.mp3"
        ],
        "text": "وَٱذْكُرْ فِى ٱلْكِتَٰبِ مُوسَىٰٓ ۚ إِنَّهُۥ كَانَ مُخْلَصًۭا وَكَانَ رَسُولًۭا نَّبِيًّۭا",
        "numberInSurah": 51,
        "juz": 16,
        "manzil": 4,
        "page": 308,
        "ruku": 267,
        "hizbQuarter": 123,
        "sajda": false,
        "audioArabic": [
          "https://cdn.jsdelivr.net/gh/Salimbd71/ArabicQuran@main/19/51.mp3"
        ],
        "audioBangla": [
          "https://cdn.jsdelivr.net/gh/Salimbd71/BanglaQuran@main/19/51.mp3"
        ]
      },
      {
        "number": 2302,
        "audio": "https://cdn.islamic.network/quran/audio/128/ar.muhammadjibreel/2302.mp3",
        "audioSecondary": [
          "https://cdn.islamic.network/quran/audio/64/ar.muhammadjibreel/2302.mp3"
        ],
        "text": "وَنَٰدَيْنَٰهُ مِن جَانِبِ ٱلطُّورِ ٱلْأَيْمَنِ وَقَرَّبْنَٰهُ نَجِيًّۭا",
        "numberInSurah": 52,
        "juz": 16,
        "manzil": 4,
        "page": 309,
        "ruku": 267,
        "hizbQuarter": 123,
        "sajda": false,
        "audioArabic": [
          "https://cdn.jsdelivr.net/gh/Salimbd71/ArabicQuran@main/19/52.mp3"
        ],
        "audioBangla": [
          "https://cdn.jsdelivr.net/gh/Salimbd71/BanglaQuran@main/19/52.mp3"
        ]
      },
      {
        "number": 2303,
        "audio": "https://cdn.islamic.network/quran/audio/128/ar.muhammadjibreel/2303.mp3",
        "audioSecondary": [
          "https://cdn.islamic.network/quran/audio/64/ar.muhammadjibreel/2303.mp3"
        ],
        "text": "وَوَهَبْنَا لَهُۥ مِن رَّحْمَتِنَآ أَخَاهُ هَٰرُونَ نَبِيًّۭا",
        "numberInSurah": 53,
        "juz": 16,
        "manzil": 4,
        "page": 309,
        "ruku": 267,
        "hizbQuarter": 123,
        "sajda": false,
        "audioArabic": [
          "https://cdn.jsdelivr.net/gh/Salimbd71/ArabicQuran@main/19/53.mp3"
        ],
        "audioBangla": [
          "https://cdn.jsdelivr.net/gh/Salimbd71/BanglaQuran@main/19/53.mp3"
        ]
      },
      {
        "number": 2304,
        "audio": "https://cdn.islamic.network/quran/audio/128/ar.muhammadjibreel/2304.mp3",
        "audioSecondary": [
          "https://cdn.islamic.network/quran/audio/64/ar.muhammadjibreel/2304.mp3"
        ],
        "text": "وَٱذْكُرْ فِى ٱلْكِتَٰبِ إِسْمَٰعِيلَ ۚ إِنَّهُۥ كَانَ صَادِقَ ٱلْوَعْدِ وَكَانَ رَسُولًۭا نَّبِيًّۭا",
        "numberInSurah": 54,
        "juz": 16,
        "manzil": 4,
        "page": 309,
        "ruku": 267,
        "hizbQuarter": 123,
        "sajda": false,
        "audioArabic": [
          "https://cdn.jsdelivr.net/gh/Salimbd71/ArabicQuran@main/19/54.mp3"
        ],
        "audioBangla": [
          "https://cdn.jsdelivr.net/gh/Salimbd71/BanglaQuran@main/19/54.mp3"
        ]
      },
      {
        "number": 2305,
        "audio": "https://cdn.islamic.network/quran/audio/128/ar.muhammadjibreel/2305.mp3",
        "audioSecondary": [
          "https://cdn.islamic.network/quran/audio/64/ar.muhammadjibreel/2305.mp3"
        ],
        "text": "وَكَانَ يَأْمُرُ أَهْلَهُۥ بِٱلصَّلَوٰةِ وَٱلزَّكَوٰةِ وَكَانَ عِندَ رَبِّهِۦ مَرْضِيًّۭا",
        "numberInSurah": 55,
        "juz": 16,
        "manzil": 4,
        "page": 309,
        "ruku": 267,
        "hizbQuarter": 123,
        "sajda": false,
        "audioArabic": [
          "https://cdn.jsdelivr.net/gh/Salimbd71/ArabicQuran@main/19/55.mp3"
        ],
        "audioBangla": [
          "https://cdn.jsdelivr.net/gh/Salimbd71/BanglaQuran@main/19/55.mp3"
        ]
      },
      {
        "number": 2306,
        "audio": "https://cdn.islamic.network/quran/audio/128/ar.muhammadjibreel/2306.mp3",
        "audioSecondary": [
          "https://cdn.islamic.network/quran/audio/64/ar.muhammadjibreel/2306.mp3"
        ],
        "text": "وَٱذْكُرْ فِى ٱلْكِتَٰبِ إِدْرِيسَ ۚ إِنَّهُۥ كَانَ صِدِّيقًۭا نَّبِيًّۭا",
        "numberInSurah": 56,
        "juz": 16,
        "manzil": 4,
        "page": 309,
        "ruku": 267,
        "hizbQuarter": 123,
        "sajda": false,
        "audioArabic": [
          "https://cdn.jsdelivr.net/gh/Salimbd71/ArabicQuran@main/19/56.mp3"
        ],
        "audioBangla": [
          "https://cdn.jsdelivr.net/gh/Salimbd71/BanglaQuran@main/19/56.mp3"
        ]
      },
      {
        "number": 2307,
        "audio": "https://cdn.islamic.network/quran/audio/128/ar.muhammadjibreel/2307.mp3",
        "audioSecondary": [
          "https://cdn.islamic.network/quran/audio/64/ar.muhammadjibreel/2307.mp3"
        ],
        "text": "وَرَفَعْنَٰهُ مَكَانًا عَلِيًّا",
        "numberInSurah": 57,
        "juz": 16,
        "manzil": 4,
        "page": 309,
        "ruku": 267,
        "hizbQuarter": 123,
        "sajda": false,
        "audioArabic": [
          "https://cdn.jsdelivr.net/gh/Salimbd71/ArabicQuran@main/19/57.mp3"
        ],
        "audioBangla": [
          "https://cdn.jsdelivr.net/gh/Salimbd71/BanglaQuran@main/19/57.mp3"
        ]
      },
      {
        "number": 2308,
        "audio": "https://cdn.islamic.network/quran/audio/128/ar.muhammadjibreel/2308.mp3",
        "audioSecondary": [
          "https://cdn.islamic.network/quran/audio/64/ar.muhammadjibreel/2308.mp3"
        ],
        "text": "أُو۟لَٰٓئِكَ ٱلَّذِينَ أَنْعَمَ ٱللَّهُ عَلَيْهِم مِّنَ ٱلنَّبِيِّۦنَ مِن ذُرِّيَّةِ ءَادَمَ وَمِمَّنْ حَمَلْنَا مَعَ نُوحٍۢ وَمِن ذُرِّيَّةِ إِبْرَٰهِيمَ وَإِسْرَٰٓءِيلَ وَمِمَّنْ هَدَيْنَا وَٱجْتَبَيْنَآ ۚ إِذَا تُتْلَىٰ عَلَيْهِمْ ءَايَٰتُ ٱلرَّحْمَٰنِ خَرُّوا۟ سُجَّدًۭا وَبُكِيًّۭا ۩",
        "numberInSurah": 58,
        "juz": 16,
        "manzil": 4,
        "page": 309,
        "ruku": 267,
        "hizbQuarter": 123,
        "sajda": {
          "id": 5,
          "recommended": true,
          "obligatory": false
        },
        "audioArabic": [
          "https://cdn.jsdelivr.net/gh/Salimbd71/ArabicQuran@main/19/58.mp3"
        ],
        "audioBangla": [
          "https://cdn.jsdelivr.net/gh/Salimbd71/BanglaQuran@main/19/58.mp3"
        ]
      },
      {
        "number": 2309,
        "audio": "https://cdn.islamic.network/quran/audio/128/ar.muhammadjibreel/2309.mp3",
        "audioSecondary": [
          "https://cdn.islamic.network/quran/audio/64/ar.muhammadjibreel/2309.mp3"
        ],
        "text": "۞ فَخَلَفَ مِنۢ بَعْدِهِمْ خَلْفٌ أَضَاعُوا۟ ٱلصَّلَوٰةَ وَٱتَّبَعُوا۟ ٱلشَّهَوَٰتِ ۖ فَسَوْفَ يَلْقَوْنَ غَيًّا",
        "numberInSurah": 59,
        "juz": 16,
        "manzil": 4,
        "page": 309,
        "ruku": 267,
        "hizbQuarter": 124,
        "sajda": false,
        "audioArabic": [
          "https://cdn.jsdelivr.net/gh/Salimbd71/ArabicQuran@main/19/59.mp3"
        ],
        "audioBangla": [
          "https://cdn.jsdelivr.net/gh/Salimbd71/BanglaQuran@main/19/59.mp3"
        ]
      },
      {
        "number": 2310,
        "audio": "https://cdn.islamic.network/quran/audio/128/ar.muhammadjibreel/2310.mp3",
        "audioSecondary": [
          "https://cdn.islamic.network/quran/audio/64/ar.muhammadjibreel/2310.mp3"
        ],
        "text": "إِلَّا مَن تَابَ وَءَامَنَ وَعَمِلَ صَٰلِحًۭا فَأُو۟لَٰٓئِكَ يَدْخُلُونَ ٱلْجَنَّةَ وَلَا يُظْلَمُونَ شَيْـًۭٔا",
        "numberInSurah": 60,
        "juz": 16,
        "manzil": 4,
        "page": 309,
        "ruku": 267,
        "hizbQuarter": 124,
        "sajda": false,
        "audioArabic": [
          "https://cdn.jsdelivr.net/gh/Salimbd71/ArabicQuran@main/19/60.mp3"
        ],
        "audioBangla": [
          "https://cdn.jsdelivr.net/gh/Salimbd71/BanglaQuran@main/19/60.mp3"
        ]
      },
      {
        "number": 2311,
        "audio": "https://cdn.islamic.network/quran/audio/128/ar.muhammadjibreel/2311.mp3",
        "audioSecondary": [
          "https://cdn.islamic.network/quran/audio/64/ar.muhammadjibreel/2311.mp3"
        ],
        "text": "جَنَّٰتِ عَدْنٍ ٱلَّتِى وَعَدَ ٱلرَّحْمَٰنُ عِبَادَهُۥ بِٱلْغَيْبِ ۚ إِنَّهُۥ كَانَ وَعْدُهُۥ مَأْتِيًّۭا",
        "numberInSurah": 61,
        "juz": 16,
        "manzil": 4,
        "page": 309,
        "ruku": 267,
        "hizbQuarter": 124,
        "sajda": false,
        "audioArabic": [
          "https://cdn.jsdelivr.net/gh/Salimbd71/ArabicQuran@main/19/61.mp3"
        ],
        "audioBangla": [
          "https://cdn.jsdelivr.net/gh/Salimbd71/BanglaQuran@main/19/61.mp3"
        ]
      },
      {
        "number": 2312,
        "audio": "https://cdn.islamic.network/quran/audio/128/ar.muhammadjibreel/2312.mp3",
        "audioSecondary": [
          "https://cdn.islamic.network/quran/audio/64/ar.muhammadjibreel/2312.mp3"
        ],
        "text": "لَّا يَسْمَعُونَ فِيهَا لَغْوًا إِلَّا سَلَٰمًۭا ۖ وَلَهُمْ رِزْقُهُمْ فِيهَا بُكْرَةًۭ وَعَشِيًّۭا",
        "numberInSurah": 62,
        "juz": 16,
        "manzil": 4,
        "page": 309,
        "ruku": 267,
        "hizbQuarter": 124,
        "sajda": false,
        "audioArabic": [
          "https://cdn.jsdelivr.net/gh/Salimbd71/ArabicQuran@main/19/62.mp3"
        ],
        "audioBangla": [
          "https://cdn.jsdelivr.net/gh/Salimbd71/BanglaQuran@main/19/62.mp3"
        ]
      },
      {
        "number": 2313,
        "audio": "https://cdn.islamic.network/quran/audio/128/ar.muhammadjibreel/2313.mp3",
        "audioSecondary": [
          "https://cdn.islamic.network/quran/audio/64/ar.muhammadjibreel/2313.mp3"
        ],
        "text": "تِلْكَ ٱلْجَنَّةُ ٱلَّتِى نُورِثُ مِنْ عِبَادِنَا مَن كَانَ تَقِيًّۭا",
        "numberInSurah": 63,
        "juz": 16,
        "manzil": 4,
        "page": 309,
        "ruku": 267,
        "hizbQuarter": 124,
        "sajda": false,
        "audioArabic": [
          "https://cdn.jsdelivr.net/gh/Salimbd71/ArabicQuran@main/19/63.mp3"
        ],
        "audioBangla": [
          "https://cdn.jsdelivr.net/gh/Salimbd71/BanglaQuran@main/19/63.mp3"
        ]
      },
      {
        "number": 2314,
        "audio": "https://cdn.islamic.network/quran/audio/128/ar.muhammadjibreel/2314.mp3",
        "audioSecondary": [
          "https://cdn.islamic.network/quran/audio/64/ar.muhammadjibreel/2314.mp3"
        ],
        "text": "وَمَا نَتَنَزَّلُ إِلَّا بِأَمْرِ رَبِّكَ ۖ لَهُۥ مَا بَيْنَ أَيْدِينَا وَمَا خَلْفَنَا وَمَا بَيْنَ ذَٰلِكَ ۚ وَمَا كَانَ رَبُّكَ نَسِيًّۭا",
        "numberInSurah": 64,
        "juz": 16,
        "manzil": 4,
        "page": 309,
        "ruku": 267,
        "hizbQuarter": 124,
        "sajda": false,
        "audioArabic": [
          "https://cdn.jsdelivr.net/gh/Salimbd71/ArabicQuran@main/19/64.mp3"
        ],
        "audioBangla": [
          "https://cdn.jsdelivr.net/gh/Salimbd71/BanglaQuran@main/19/64.mp3"
        ]
      },
      {
        "number": 2315,
        "audio": "https://cdn.islamic.network/quran/audio/128/ar.muhammadjibreel/2315.mp3",
        "audioSecondary": [
          "https://cdn.islamic.network/quran/audio/64/ar.muhammadjibreel/2315.mp3"
        ],
        "text": "رَّبُّ ٱلسَّمَٰوَٰتِ وَٱلْأَرْضِ وَمَا بَيْنَهُمَا فَٱعْبُدْهُ وَٱصْطَبِرْ لِعِبَٰدَتِهِۦ ۚ هَلْ تَعْلَمُ لَهُۥ سَمِيًّۭا",
        "numberInSurah": 65,
        "juz": 16,
        "manzil": 4,
        "page": 310,
        "ruku": 267,
        "hizbQuarter": 124,
        "sajda": false,
        "audioArabic": [
          "https://cdn.jsdelivr.net/gh/Salimbd71/ArabicQuran@main/19/65.mp3"
        ],
        "audioBangla": [
          "https://cdn.jsdelivr.net/gh/Salimbd71/BanglaQuran@main/19/65.mp3"
        ]
      },
      {
        "number": 2316,
        "audio": "https://cdn.islamic.network/quran/audio/128/ar.muhammadjibreel/2316.mp3",
        "audioSecondary": [
          "https://cdn.islamic.network/quran/audio/64/ar.muhammadjibreel/2316.mp3"
        ],
        "text": "وَيَقُولُ ٱلْإِنسَٰنُ أَءِذَا مَا مِتُّ لَسَوْفَ أُخْرَجُ حَيًّا",
        "numberInSurah": 66,
        "juz": 16,
        "manzil": 4,
        "page": 310,
        "ruku": 268,
        "hizbQuarter": 124,
        "sajda": false,
        "audioArabic": [
          "https://cdn.jsdelivr.net/gh/Salimbd71/ArabicQuran@main/19/66.mp3"
        ],
        "audioBangla": [
          "https://cdn.jsdelivr.net/gh/Salimbd71/BanglaQuran@main/19/66.mp3"
        ]
      },
      {
        "number": 2317,
        "audio": "https://cdn.islamic.network/quran/audio/128/ar.muhammadjibreel/2317.mp3",
        "audioSecondary": [
          "https://cdn.islamic.network/quran/audio/64/ar.muhammadjibreel/2317.mp3"
        ],
        "text": "أَوَلَا يَذْكُرُ ٱلْإِنسَٰنُ أَنَّا خَلَقْنَٰهُ مِن قَبْلُ وَلَمْ يَكُ شَيْـًۭٔا",
        "numberInSurah": 67,
        "juz": 16,
        "manzil": 4,
        "page": 310,
        "ruku": 268,
        "hizbQuarter": 124,
        "sajda": false,
        "audioArabic": [
          "https://cdn.jsdelivr.net/gh/Salimbd71/ArabicQuran@main/19/67.mp3"
        ],
        "audioBangla": [
          "https://cdn.jsdelivr.net/gh/Salimbd71/BanglaQuran@main/19/67.mp3"
        ]
      },
      {
        "number": 2318,
        "audio": "https://cdn.islamic.network/quran/audio/128/ar.muhammadjibreel/2318.mp3",
        "audioSecondary": [
          "https://cdn.islamic.network/quran/audio/64/ar.muhammadjibreel/2318.mp3"
        ],
        "text": "فَوَرَبِّكَ لَنَحْشُرَنَّهُمْ وَٱلشَّيَٰطِينَ ثُمَّ لَنُحْضِرَنَّهُمْ حَوْلَ جَهَنَّمَ جِثِيًّۭا",
        "numberInSurah": 68,
        "juz": 16,
        "manzil": 4,
        "page": 310,
        "ruku": 268,
        "hizbQuarter": 124,
        "sajda": false,
        "audioArabic": [
          "https://cdn.jsdelivr.net/gh/Salimbd71/ArabicQuran@main/19/68.mp3"
        ],
        "audioBangla": [
          "https://cdn.jsdelivr.net/gh/Salimbd71/BanglaQuran@main/19/68.mp3"
        ]
      },
      {
        "number": 2319,
        "audio": "https://cdn.islamic.network/quran/audio/128/ar.muhammadjibreel/2319.mp3",
        "audioSecondary": [
          "https://cdn.islamic.network/quran/audio/64/ar.muhammadjibreel/2319.mp3"
        ],
        "text": "ثُمَّ لَنَنزِعَنَّ مِن كُلِّ شِيعَةٍ أَيُّهُمْ أَشَدُّ عَلَى ٱلرَّحْمَٰنِ عِتِيًّۭا",
        "numberInSurah": 69,
        "juz": 16,
        "manzil": 4,
        "page": 310,
        "ruku": 268,
        "hizbQuarter": 124,
        "sajda": false,
        "audioArabic": [
          "https://cdn.jsdelivr.net/gh/Salimbd71/ArabicQuran@main/19/69.mp3"
        ],
        "audioBangla": [
          "https://cdn.jsdelivr.net/gh/Salimbd71/BanglaQuran@main/19/69.mp3"
        ]
      },
      {
        "number": 2320,
        "audio": "https://cdn.islamic.network/quran/audio/128/ar.muhammadjibreel/2320.mp3",
        "audioSecondary": [
          "https://cdn.islamic.network/quran/audio/64/ar.muhammadjibreel/2320.mp3"
        ],
        "text": "ثُمَّ لَنَحْنُ أَعْلَمُ بِٱلَّذِينَ هُمْ أَوْلَىٰ بِهَا صِلِيًّۭا",
        "numberInSurah": 70,
        "juz": 16,
        "manzil": 4,
        "page": 310,
        "ruku": 268,
        "hizbQuarter": 124,
        "sajda": false,
        "audioArabic": [
          "https://cdn.jsdelivr.net/gh/Salimbd71/ArabicQuran@main/19/70.mp3"
        ],
        "audioBangla": [
          "https://cdn.jsdelivr.net/gh/Salimbd71/BanglaQuran@main/19/70.mp3"
        ]
      },
      {
        "number": 2321,
        "audio": "https://cdn.islamic.network/quran/audio/128/ar.muhammadjibreel/2321.mp3",
        "audioSecondary": [
          "https://cdn.islamic.network/quran/audio/64/ar.muhammadjibreel/2321.mp3"
        ],
        "text": "وَإِن مِّنكُمْ إِلَّا وَارِدُهَا ۚ كَانَ عَلَىٰ رَبِّكَ حَتْمًۭا مَّقْضِيًّۭا",
        "numberInSurah": 71,
        "juz": 16,
        "manzil": 4,
        "page": 310,
        "ruku": 268,
        "hizbQuarter": 124,
        "sajda": false,
        "audioArabic": [
          "https://cdn.jsdelivr.net/gh/Salimbd71/ArabicQuran@main/19/71.mp3"
        ],
        "audioBangla": [
          "https://cdn.jsdelivr.net/gh/Salimbd71/BanglaQuran@main/19/71.mp3"
        ]
      },
      {
        "number": 2322,
        "audio": "https://cdn.islamic.network/quran/audio/128/ar.muhammadjibreel/2322.mp3",
        "audioSecondary": [
          "https://cdn.islamic.network/quran/audio/64/ar.muhammadjibreel/2322.mp3"
        ],
        "text": "ثُمَّ نُنَجِّى ٱلَّذِينَ ٱتَّقَوا۟ وَّنَذَرُ ٱلظَّٰلِمِينَ فِيهَا جِثِيًّۭا",
        "numberInSurah": 72,
        "juz": 16,
        "manzil": 4,
        "page": 310,
        "ruku": 268,
        "hizbQuarter": 124,
        "sajda": false,
        "audioArabic": [
          "https://cdn.jsdelivr.net/gh/Salimbd71/ArabicQuran@main/19/72.mp3"
        ],
        "audioBangla": [
          "https://cdn.jsdelivr.net/gh/Salimbd71/BanglaQuran@main/19/72.mp3"
        ]
      },
      {
        "number": 2323,
        "audio": "https://cdn.islamic.network/quran/audio/128/ar.muhammadjibreel/2323.mp3",
        "audioSecondary": [
          "https://cdn.islamic.network/quran/audio/64/ar.muhammadjibreel/2323.mp3"
        ],
        "text": "وَإِذَا تُتْلَىٰ عَلَيْهِمْ ءَايَٰتُنَا بَيِّنَٰتٍۢ قَالَ ٱلَّذِينَ كَفَرُوا۟ لِلَّذِينَ ءَامَنُوٓا۟ أَىُّ ٱلْفَرِيقَيْنِ خَيْرٌۭ مَّقَامًۭا وَأَحْسَنُ نَدِيًّۭا",
        "numberInSurah": 73,
        "juz": 16,
        "manzil": 4,
        "page": 310,
        "ruku": 268,
        "hizbQuarter": 124,
        "sajda": false,
        "audioArabic": [
          "https://cdn.jsdelivr.net/gh/Salimbd71/ArabicQuran@main/19/73.mp3"
        ],
        "audioBangla": [
          "https://cdn.jsdelivr.net/gh/Salimbd71/BanglaQuran@main/19/73.mp3"
        ]
      },
      {
        "number": 2324,
        "audio": "https://cdn.islamic.network/quran/audio/128/ar.muhammadjibreel/2324.mp3",
        "audioSecondary": [
          "https://cdn.islamic.network/quran/audio/64/ar.muhammadjibreel/2324.mp3"
        ],
        "text": "وَكَمْ أَهْلَكْنَا قَبْلَهُم مِّن قَرْنٍ هُمْ أَحْسَنُ أَثَٰثًۭا وَرِءْيًۭا",
        "numberInSurah": 74,
        "juz": 16,
        "manzil": 4,
        "page": 310,
        "ruku": 268,
        "hizbQuarter": 124,
        "sajda": false,
        "audioArabic": [
          "https://cdn.jsdelivr.net/gh/Salimbd71/ArabicQuran@main/19/74.mp3"
        ],
        "audioBangla": [
          "https://cdn.jsdelivr.net/gh/Salimbd71/BanglaQuran@main/19/74.mp3"
        ]
      },
      {
        "number": 2325,
        "audio": "https://cdn.islamic.network/quran/audio/128/ar.muhammadjibreel/2325.mp3",
        "audioSecondary": [
          "https://cdn.islamic.network/quran/audio/64/ar.muhammadjibreel/2325.mp3"
        ],
        "text": "قُلْ مَن كَانَ فِى ٱلضَّلَٰلَةِ فَلْيَمْدُدْ لَهُ ٱلرَّحْمَٰنُ مَدًّا ۚ حَتَّىٰٓ إِذَا رَأَوْا۟ مَا يُوعَدُونَ إِمَّا ٱلْعَذَابَ وَإِمَّا ٱلسَّاعَةَ فَسَيَعْلَمُونَ مَنْ هُوَ شَرٌّۭ مَّكَانًۭا وَأَضْعَفُ جُندًۭا",
        "numberInSurah": 75,
        "juz": 16,
        "manzil": 4,
        "page": 310,
        "ruku": 268,
        "hizbQuarter": 124,
        "sajda": false,
        "audioArabic": [
          "https://cdn.jsdelivr.net/gh/Salimbd71/ArabicQuran@main/19/75.mp3"
        ],
        "audioBangla": [
          "https://cdn.jsdelivr.net/gh/Salimbd71/BanglaQuran@main/19/75.mp3"
        ]
      },
      {
        "number": 2326,
        "audio": "https://cdn.islamic.network/quran/audio/128/ar.muhammadjibreel/2326.mp3",
        "audioSecondary": [
          "https://cdn.islamic.network/quran/audio/64/ar.muhammadjibreel/2326.mp3"
        ],
        "text": "وَيَزِيدُ ٱللَّهُ ٱلَّذِينَ ٱهْتَدَوْا۟ هُدًۭى ۗ وَٱلْبَٰقِيَٰتُ ٱلصَّٰلِحَٰتُ خَيْرٌ عِندَ رَبِّكَ ثَوَابًۭا وَخَيْرٌۭ مَّرَدًّا",
        "numberInSurah": 76,
        "juz": 16,
        "manzil": 4,
        "page": 310,
        "ruku": 268,
        "hizbQuarter": 124,
        "sajda": false,
        "audioArabic": [
          "https://cdn.jsdelivr.net/gh/Salimbd71/ArabicQuran@main/19/76.mp3"
        ],
        "audioBangla": [
          "https://cdn.jsdelivr.net/gh/Salimbd71/BanglaQuran@main/19/76.mp3"
        ]
      },
      {
        "number": 2327,
        "audio": "https://cdn.islamic.network/quran/audio/128/ar.muhammadjibreel/2327.mp3",
        "audioSecondary": [
          "https://cdn.islamic.network/quran/audio/64/ar.muhammadjibreel/2327.mp3"
        ],
        "text": "أَفَرَءَيْتَ ٱلَّذِى كَفَرَ بِـَٔايَٰتِنَا وَقَالَ لَأُوتَيَنَّ مَالًۭا وَوَلَدًا",
        "numberInSurah": 77,
        "juz": 16,
        "manzil": 4,
        "page": 311,
        "ruku": 268,
        "hizbQuarter": 124,
        "sajda": false,
        "audioArabic": [
          "https://cdn.jsdelivr.net/gh/Salimbd71/ArabicQuran@main/19/77.mp3"
        ],
        "audioBangla": [
          "https://cdn.jsdelivr.net/gh/Salimbd71/BanglaQuran@main/19/77.mp3"
        ]
      },
      {
        "number": 2328,
        "audio": "https://cdn.islamic.network/quran/audio/128/ar.muhammadjibreel/2328.mp3",
        "audioSecondary": [
          "https://cdn.islamic.network/quran/audio/64/ar.muhammadjibreel/2328.mp3"
        ],
        "text": "أَطَّلَعَ ٱلْغَيْبَ أَمِ ٱتَّخَذَ عِندَ ٱلرَّحْمَٰنِ عَهْدًۭا",
        "numberInSurah": 78,
        "juz": 16,
        "manzil": 4,
        "page": 311,
        "ruku": 268,
        "hizbQuarter": 124,
        "sajda": false,
        "audioArabic": [
          "https://cdn.jsdelivr.net/gh/Salimbd71/ArabicQuran@main/19/78.mp3"
        ],
        "audioBangla": [
          "https://cdn.jsdelivr.net/gh/Salimbd71/BanglaQuran@main/19/78.mp3"
        ]
      },
      {
        "number": 2329,
        "audio": "https://cdn.islamic.network/quran/audio/128/ar.muhammadjibreel/2329.mp3",
        "audioSecondary": [
          "https://cdn.islamic.network/quran/audio/64/ar.muhammadjibreel/2329.mp3"
        ],
        "text": "كَلَّا ۚ سَنَكْتُبُ مَا يَقُولُ وَنَمُدُّ لَهُۥ مِنَ ٱلْعَذَابِ مَدًّۭا",
        "numberInSurah": 79,
        "juz": 16,
        "manzil": 4,
        "page": 311,
        "ruku": 268,
        "hizbQuarter": 124,
        "sajda": false,
        "audioArabic": [
          "https://cdn.jsdelivr.net/gh/Salimbd71/ArabicQuran@main/19/79.mp3"
        ],
        "audioBangla": [
          "https://cdn.jsdelivr.net/gh/Salimbd71/BanglaQuran@main/19/79.mp3"
        ]
      },
      {
        "number": 2330,
        "audio": "https://cdn.islamic.network/quran/audio/128/ar.muhammadjibreel/2330.mp3",
        "audioSecondary": [
          "https://cdn.islamic.network/quran/audio/64/ar.muhammadjibreel/2330.mp3"
        ],
        "text": "وَنَرِثُهُۥ مَا يَقُولُ وَيَأْتِينَا فَرْدًۭا",
        "numberInSurah": 80,
        "juz": 16,
        "manzil": 4,
        "page": 311,
        "ruku": 268,
        "hizbQuarter": 124,
        "sajda": false,
        "audioArabic": [
          "https://cdn.jsdelivr.net/gh/Salimbd71/ArabicQuran@main/19/80.mp3"
        ],
        "audioBangla": [
          "https://cdn.jsdelivr.net/gh/Salimbd71/BanglaQuran@main/19/80.mp3"
        ]
      },
      {
        "number": 2331,
        "audio": "https://cdn.islamic.network/quran/audio/128/ar.muhammadjibreel/2331.mp3",
        "audioSecondary": [
          "https://cdn.islamic.network/quran/audio/64/ar.muhammadjibreel/2331.mp3"
        ],
        "text": "وَٱتَّخَذُوا۟ مِن دُونِ ٱللَّهِ ءَالِهَةًۭ لِّيَكُونُوا۟ لَهُمْ عِزًّۭا",
        "numberInSurah": 81,
        "juz": 16,
        "manzil": 4,
        "page": 311,
        "ruku": 268,
        "hizbQuarter": 124,
        "sajda": false,
        "audioArabic": [
          "https://cdn.jsdelivr.net/gh/Salimbd71/ArabicQuran@main/19/81.mp3"
        ],
        "audioBangla": [
          "https://cdn.jsdelivr.net/gh/Salimbd71/BanglaQuran@main/19/81.mp3"
        ]
      },
      {
        "number": 2332,
        "audio": "https://cdn.islamic.network/quran/audio/128/ar.muhammadjibreel/2332.mp3",
        "audioSecondary": [
          "https://cdn.islamic.network/quran/audio/64/ar.muhammadjibreel/2332.mp3"
        ],
        "text": "كَلَّا ۚ سَيَكْفُرُونَ بِعِبَادَتِهِمْ وَيَكُونُونَ عَلَيْهِمْ ضِدًّا",
        "numberInSurah": 82,
        "juz": 16,
        "manzil": 4,
        "page": 311,
        "ruku": 268,
        "hizbQuarter": 124,
        "sajda": false,
        "audioArabic": [
          "https://cdn.jsdelivr.net/gh/Salimbd71/ArabicQuran@main/19/82.mp3"
        ],
        "audioBangla": [
          "https://cdn.jsdelivr.net/gh/Salimbd71/BanglaQuran@main/19/82.mp3"
        ]
      },
      {
        "number": 2333,
        "audio": "https://cdn.islamic.network/quran/audio/128/ar.muhammadjibreel/2333.mp3",
        "audioSecondary": [
          "https://cdn.islamic.network/quran/audio/64/ar.muhammadjibreel/2333.mp3"
        ],
        "text": "أَلَمْ تَرَ أَنَّآ أَرْسَلْنَا ٱلشَّيَٰطِينَ عَلَى ٱلْكَٰفِرِينَ تَؤُزُّهُمْ أَزًّۭا",
        "numberInSurah": 83,
        "juz": 16,
        "manzil": 4,
        "page": 311,
        "ruku": 269,
        "hizbQuarter": 124,
        "sajda": false,
        "audioArabic": [
          "https://cdn.jsdelivr.net/gh/Salimbd71/ArabicQuran@main/19/83.mp3"
        ],
        "audioBangla": [
          "https://cdn.jsdelivr.net/gh/Salimbd71/BanglaQuran@main/19/83.mp3"
        ]
      },
      {
        "number": 2334,
        "audio": "https://cdn.islamic.network/quran/audio/128/ar.muhammadjibreel/2334.mp3",
        "audioSecondary": [
          "https://cdn.islamic.network/quran/audio/64/ar.muhammadjibreel/2334.mp3"
        ],
        "text": "فَلَا تَعْجَلْ عَلَيْهِمْ ۖ إِنَّمَا نَعُدُّ لَهُمْ عَدًّۭا",
        "numberInSurah": 84,
        "juz": 16,
        "manzil": 4,
        "page": 311,
        "ruku": 269,
        "hizbQuarter": 124,
        "sajda": false,
        "audioArabic": [
          "https://cdn.jsdelivr.net/gh/Salimbd71/ArabicQuran@main/19/84.mp3"
        ],
        "audioBangla": [
          "https://cdn.jsdelivr.net/gh/Salimbd71/BanglaQuran@main/19/84.mp3"
        ]
      },
      {
        "number": 2335,
        "audio": "https://cdn.islamic.network/quran/audio/128/ar.muhammadjibreel/2335.mp3",
        "audioSecondary": [
          "https://cdn.islamic.network/quran/audio/64/ar.muhammadjibreel/2335.mp3"
        ],
        "text": "يَوْمَ نَحْشُرُ ٱلْمُتَّقِينَ إِلَى ٱلرَّحْمَٰنِ وَفْدًۭا",
        "numberInSurah": 85,
        "juz": 16,
        "manzil": 4,
        "page": 311,
        "ruku": 269,
        "hizbQuarter": 124,
        "sajda": false,
        "audioArabic": [
          "https://cdn.jsdelivr.net/gh/Salimbd71/ArabicQuran@main/19/85.mp3"
        ],
        "audioBangla": [
          "https://cdn.jsdelivr.net/gh/Salimbd71/BanglaQuran@main/19/85.mp3"
        ]
      },
      {
        "number": 2336,
        "audio": "https://cdn.islamic.network/quran/audio/128/ar.muhammadjibreel/2336.mp3",
        "audioSecondary": [
          "https://cdn.islamic.network/quran/audio/64/ar.muhammadjibreel/2336.mp3"
        ],
        "text": "وَنَسُوقُ ٱلْمُجْرِمِينَ إِلَىٰ جَهَنَّمَ وِرْدًۭا",
        "numberInSurah": 86,
        "juz": 16,
        "manzil": 4,
        "page": 311,
        "ruku": 269,
        "hizbQuarter": 124,
        "sajda": false,
        "audioArabic": [
          "https://cdn.jsdelivr.net/gh/Salimbd71/ArabicQuran@main/19/86.mp3"
        ],
        "audioBangla": [
          "https://cdn.jsdelivr.net/gh/Salimbd71/BanglaQuran@main/19/86.mp3"
        ]
      },
      {
        "number": 2337,
        "audio": "https://cdn.islamic.network/quran/audio/128/ar.muhammadjibreel/2337.mp3",
        "audioSecondary": [
          "https://cdn.islamic.network/quran/audio/64/ar.muhammadjibreel/2337.mp3"
        ],
        "text": "لَّا يَمْلِكُونَ ٱلشَّفَٰعَةَ إِلَّا مَنِ ٱتَّخَذَ عِندَ ٱلرَّحْمَٰنِ عَهْدًۭا",
        "numberInSurah": 87,
        "juz": 16,
        "manzil": 4,
        "page": 311,
        "ruku": 269,
        "hizbQuarter": 124,
        "sajda": false,
        "audioArabic": [
          "https://cdn.jsdelivr.net/gh/Salimbd71/ArabicQuran@main/19/87.mp3"
        ],
        "audioBangla": [
          "https://cdn.jsdelivr.net/gh/Salimbd71/BanglaQuran@main/19/87.mp3"
        ]
      },
      {
        "number": 2338,
        "audio": "https://cdn.islamic.network/quran/audio/128/ar.muhammadjibreel/2338.mp3",
        "audioSecondary": [
          "https://cdn.islamic.network/quran/audio/64/ar.muhammadjibreel/2338.mp3"
        ],
        "text": "وَقَالُوا۟ ٱتَّخَذَ ٱلرَّحْمَٰنُ وَلَدًۭا",
        "numberInSurah": 88,
        "juz": 16,
        "manzil": 4,
        "page": 311,
        "ruku": 269,
        "hizbQuarter": 124,
        "sajda": false,
        "audioArabic": [
          "https://cdn.jsdelivr.net/gh/Salimbd71/ArabicQuran@main/19/88.mp3"
        ],
        "audioBangla": [
          "https://cdn.jsdelivr.net/gh/Salimbd71/BanglaQuran@main/19/88.mp3"
        ]
      },
      {
        "number": 2339,
        "audio": "https://cdn.islamic.network/quran/audio/128/ar.muhammadjibreel/2339.mp3",
        "audioSecondary": [
          "https://cdn.islamic.network/quran/audio/64/ar.muhammadjibreel/2339.mp3"
        ],
        "text": "لَّقَدْ جِئْتُمْ شَيْـًٔا إِدًّۭا",
        "numberInSurah": 89,
        "juz": 16,
        "manzil": 4,
        "page": 311,
        "ruku": 269,
        "hizbQuarter": 124,
        "sajda": false,
        "audioArabic": [
          "https://cdn.jsdelivr.net/gh/Salimbd71/ArabicQuran@main/19/89.mp3"
        ],
        "audioBangla": [
          "https://cdn.jsdelivr.net/gh/Salimbd71/BanglaQuran@main/19/89.mp3"
        ]
      },
      {
        "number": 2340,
        "audio": "https://cdn.islamic.network/quran/audio/128/ar.muhammadjibreel/2340.mp3",
        "audioSecondary": [
          "https://cdn.islamic.network/quran/audio/64/ar.muhammadjibreel/2340.mp3"
        ],
        "text": "تَكَادُ ٱلسَّمَٰوَٰتُ يَتَفَطَّرْنَ مِنْهُ وَتَنشَقُّ ٱلْأَرْضُ وَتَخِرُّ ٱلْجِبَالُ هَدًّا",
        "numberInSurah": 90,
        "juz": 16,
        "manzil": 4,
        "page": 311,
        "ruku": 269,
        "hizbQuarter": 124,
        "sajda": false,
        "audioArabic": [
          "https://cdn.jsdelivr.net/gh/Salimbd71/ArabicQuran@main/19/90.mp3"
        ],
        "audioBangla": [
          "https://cdn.jsdelivr.net/gh/Salimbd71/BanglaQuran@main/19/90.mp3"
        ]
      },
      {
        "number": 2341,
        "audio": "https://cdn.islamic.network/quran/audio/128/ar.muhammadjibreel/2341.mp3",
        "audioSecondary": [
          "https://cdn.islamic.network/quran/audio/64/ar.muhammadjibreel/2341.mp3"
        ],
        "text": "أَن دَعَوْا۟ لِلرَّحْمَٰنِ وَلَدًۭا",
        "numberInSurah": 91,
        "juz": 16,
        "manzil": 4,
        "page": 311,
        "ruku": 269,
        "hizbQuarter": 124,
        "sajda": false,
        "audioArabic": [
          "https://cdn.jsdelivr.net/gh/Salimbd71/ArabicQuran@main/19/91.mp3"
        ],
        "audioBangla": [
          "https://cdn.jsdelivr.net/gh/Salimbd71/BanglaQuran@main/19/91.mp3"
        ]
      },
      {
        "number": 2342,
        "audio": "https://cdn.islamic.network/quran/audio/128/ar.muhammadjibreel/2342.mp3",
        "audioSecondary": [
          "https://cdn.islamic.network/quran/audio/64/ar.muhammadjibreel/2342.mp3"
        ],
        "text": "وَمَا يَنۢبَغِى لِلرَّحْمَٰنِ أَن يَتَّخِذَ وَلَدًا",
        "numberInSurah": 92,
        "juz": 16,
        "manzil": 4,
        "page": 311,
        "ruku": 269,
        "hizbQuarter": 124,
        "sajda": false,
        "audioArabic": [
          "https://cdn.jsdelivr.net/gh/Salimbd71/ArabicQuran@main/19/92.mp3"
        ],
        "audioBangla": [
          "https://cdn.jsdelivr.net/gh/Salimbd71/BanglaQuran@main/19/92.mp3"
        ]
      },
      {
        "number": 2343,
        "audio": "https://cdn.islamic.network/quran/audio/128/ar.muhammadjibreel/2343.mp3",
        "audioSecondary": [
          "https://cdn.islamic.network/quran/audio/64/ar.muhammadjibreel/2343.mp3"
        ],
        "text": "إِن كُلُّ مَن فِى ٱلسَّمَٰوَٰتِ وَٱلْأَرْضِ إِلَّآ ءَاتِى ٱلرَّحْمَٰنِ عَبْدًۭا",
        "numberInSurah": 93,
        "juz": 16,
        "manzil": 4,
        "page": 311,
        "ruku": 269,
        "hizbQuarter": 124,
        "sajda": false,
        "audioArabic": [
          "https://cdn.jsdelivr.net/gh/Salimbd71/ArabicQuran@main/19/93.mp3"
        ],
        "audioBangla": [
          "https://cdn.jsdelivr.net/gh/Salimbd71/BanglaQuran@main/19/93.mp3"
        ]
      },
      {
        "number": 2344,
        "audio": "https://cdn.islamic.network/quran/audio/128/ar.muhammadjibreel/2344.mp3",
        "audioSecondary": [
          "https://cdn.islamic.network/quran/audio/64/ar.muhammadjibreel/2344.mp3"
        ],
        "text": "لَّقَدْ أَحْصَىٰهُمْ وَعَدَّهُمْ عَدًّۭا",
        "numberInSurah": 94,
        "juz": 16,
        "manzil": 4,
        "page": 311,
        "ruku": 269,
        "hizbQuarter": 124,
        "sajda": false,
        "audioArabic": [
          "https://cdn.jsdelivr.net/gh/Salimbd71/ArabicQuran@main/19/94.mp3"
        ],
        "audioBangla": [
          "https://cdn.jsdelivr.net/gh/Salimbd71/BanglaQuran@main/19/94.mp3"
        ]
      },
      {
        "number": 2345,
        "audio": "https://cdn.islamic.network/quran/audio/128/ar.muhammadjibreel/2345.mp3",
        "audioSecondary": [
          "https://cdn.islamic.network/quran/audio/64/ar.muhammadjibreel/2345.mp3"
        ],
        "text": "وَكُلُّهُمْ ءَاتِيهِ يَوْمَ ٱلْقِيَٰمَةِ فَرْدًا",
        "numberInSurah": 95,
        "juz": 16,
        "manzil": 4,
        "page": 311,
        "ruku": 269,
        "hizbQuarter": 124,
        "sajda": false,
        "audioArabic": [
          "https://cdn.jsdelivr.net/gh/Salimbd71/ArabicQuran@main/19/95.mp3"
        ],
        "audioBangla": [
          "https://cdn.jsdelivr.net/gh/Salimbd71/BanglaQuran@main/19/95.mp3"
        ]
      },
      {
        "number": 2346,
        "audio": "https://cdn.islamic.network/quran/audio/128/ar.muhammadjibreel/2346.mp3",
        "audioSecondary": [
          "https://cdn.islamic.network/quran/audio/64/ar.muhammadjibreel/2346.mp3"
        ],
        "text": "إِنَّ ٱلَّذِينَ ءَامَنُوا۟ وَعَمِلُوا۟ ٱلصَّٰلِحَٰتِ سَيَجْعَلُ لَهُمُ ٱلرَّحْمَٰنُ وُدًّۭا",
        "numberInSurah": 96,
        "juz": 16,
        "manzil": 4,
        "page": 312,
        "ruku": 269,
        "hizbQuarter": 124,
        "sajda": false,
        "audioArabic": [
          "https://cdn.jsdelivr.net/gh/Salimbd71/ArabicQuran@main/19/96.mp3"
        ],
        "audioBangla": [
          "https://cdn.jsdelivr.net/gh/Salimbd71/BanglaQuran@main/19/96.mp3"
        ]
      },
      {
        "number": 2347,
        "audio": "https://cdn.islamic.network/quran/audio/128/ar.muhammadjibreel/2347.mp3",
        "audioSecondary": [
          "https://cdn.islamic.network/quran/audio/64/ar.muhammadjibreel/2347.mp3"
        ],
        "text": "فَإِنَّمَا يَسَّرْنَٰهُ بِلِسَانِكَ لِتُبَشِّرَ بِهِ ٱلْمُتَّقِينَ وَتُنذِرَ بِهِۦ قَوْمًۭا لُّدًّۭا",
        "numberInSurah": 97,
        "juz": 16,
        "manzil": 4,
        "page": 312,
        "ruku": 269,
        "hizbQuarter": 124,
        "sajda": false,
        "audioArabic": [
          "https://cdn.jsdelivr.net/gh/Salimbd71/ArabicQuran@main/19/97.mp3"
        ],
        "audioBangla": [
          "https://cdn.jsdelivr.net/gh/Salimbd71/BanglaQuran@main/19/97.mp3"
        ]
      },
      {
        "number": 2348,
        "audio": "https://cdn.islamic.network/quran/audio/128/ar.muhammadjibreel/2348.mp3",
        "audioSecondary": [
          "https://cdn.islamic.network/quran/audio/64/ar.muhammadjibreel/2348.mp3"
        ],
        "text": "وَكَمْ أَهْلَكْنَا قَبْلَهُم مِّن قَرْنٍ هَلْ تُحِسُّ مِنْهُم مِّنْ أَحَدٍ أَوْ تَسْمَعُ لَهُمْ رِكْزًۢا",
        "numberInSurah": 98,
        "juz": 16,
        "manzil": 4,
        "page": 312,
        "ruku": 269,
        "hizbQuarter": 124,
        "sajda": false,
        "audioArabic": [
          "https://cdn.jsdelivr.net/gh/Salimbd71/ArabicQuran@main/19/98.mp3"
        ],
        "audioBangla": [
          "https://cdn.jsdelivr.net/gh/Salimbd71/BanglaQuran@main/19/98.mp3"
        ]
      }
    ],
    "edition": {
      "identifier": "ar.muhammadjibreel",
      "language": "ar",
      "name": "محمد جبريل",
      "englishName": "Muhammad Jibreel",
      "format": "audio",
      "type": "versebyverse",
      "direction": null
    }
  }
}