{
  "code": 200,
  "status": "OK",
  "data": {
    "number": 22,
    "name": "سُورَةُ الحَجِّ",
    "englishName": "Al-Hajj",
    "englishNameTranslation": "The Pilgrimage",
    "revelationType": "Medinan",
    "numberOfAyahs": 78,
    "ayahs": [
      {
        "number": 2596,
        "audio": "https://everyayah.com/data/Husary_64kbps/022001.mp3",
        "audioSecondary": [
          "https://cdn.islamic.network/quran/audio/64/ar.husary/2596.mp3"
        ],
        "text": "بِسْمِ ٱللَّهِ ٱلرَّحْمَٰنِ ٱلرَّحِيمِ يَٰٓأَيُّهَا ٱلنَّاسُ ٱتَّقُوا۟ رَبَّكُمْ ۚ إِنَّ زَلْزَلَةَ ٱلسَّاعَةِ شَىْءٌ عَظِيمٌۭ",
        "numberInSurah": 1,
        "juz": 17,
        "manzil": 4,
        "page": 332,
        "ruku": 285,
        "hizbQuarter": 133,
        "sajda": false,
        "audioArabic": [
          "https://cdn.jsdelivr.net/gh/Salimbd71/ArabicQuran@main/22/1.mp3"
        ],
        "audioBangla": [
          "https://cdn.jsdelivr.net/gh/Salimbd71/BanglaQuran@main/22/1.mp3"
        ]
      },
      {
        "number": 2597,
        "audio": "https://everyayah.com/data/Husary_64kbps/022002.mp3",
        "audioSecondary": [
          "https://cdn.islamic.network/quran/audio/64/ar.husary/2597.mp3"
        ],
        "text": "يَوْمَ تَرَوْنَهَا تَذْهَلُ كُلُّ مُرْضِعَةٍ عَمَّآ أَرْضَعَتْ وَتَضَعُ كُلُّ ذَاتِ حَمْلٍ حَمْلَهَا وَتَرَى ٱلنَّاسَ سُكَٰرَىٰ وَمَا هُم بِسُكَٰرَىٰ وَلَٰكِنَّ عَذَابَ ٱللَّهِ شَدِيدٌۭ",
        "numberInSurah": 2,
        "juz": 17,
        "manzil": 4,
        "page": 332,
        "ruku": 285,
        "hizbQuarter": 133,
        "sajda": false,
        "audioArabic": [
          "https://cdn.jsdelivr.net/gh/Salimbd71/ArabicQuran@main/22/2.mp3"
        ],
        "audioBangla": [
          "https://cdn.jsdelivr.net/gh/Salimbd71/BanglaQuran@main/22/2.mp3"
        ]
      },
      {
        "number": 2598,
        "audio": "https://everyayah.com/data/Husary_64kbps/022003.mp3",
        "audioSecondary": [
          "https://cdn.islamic.network/quran/audio/64/ar.husary/2598.mp3"
        ],
        "text": "وَمِنَ ٱلنَّاسِ مَن يُجَٰدِلُ فِى ٱللَّهِ بِغَيْرِ عِلْمٍۢ وَيَتَّبِعُ كُلَّ شَيْطَٰنٍۢ مَّرِيدٍۢ",
        "numberInSurah": 3,
        "juz": 17,
        "manzil": 4,
        "page": 332,
        "ruku": 285,
        "hizbQuarter": 133,
        "sajda": false,
        "audioArabic": [
          "https://cdn.jsdelivr.net/gh/Salimbd71/ArabicQuran@main/22/3.mp3"
        ],
        "audioBangla": [
          "https://cdn.jsdelivr.net/gh/Salimbd71/BanglaQuran@main/22/3.mp3"
        ]
      },
      {
        "number": 2599,
        "audio": "https://everyayah.com/data/Husary_64kbps/022004.mp3",
        "audioSecondary": [
          "https://cdn.islamic.network/quran/audio/64/ar.husary/2599.mp3"
        ],
        "text": "كُتِبَ عَلَيْهِ أَنَّهُۥ مَن تَوَلَّاهُ فَأَنَّهُۥ يُضِلُّهُۥ وَيَهْدِيهِ إِلَىٰ عَذَابِ ٱلسَّعِيرِ",
        "numberInSurah": 4,
        "juz": 17,
        "manzil": 4,
        "page": 332,
        "ruku": 285,
        "hizbQuarter": 133,
        "sajda": false,
        "audioArabic": [
          "https://cdn.jsdelivr.net/gh/Salimbd71/ArabicQuran@main/22/4.mp3"
        ],
        "audioBangla": [
          "https://cdn.jsdelivr.net/gh/Salimbd71/BanglaQuran@main/22/4.mp3"
        ]
      },
      {
        "number": 2600,
        "audio": "https://everyayah.com/data/Husary_64kbps/022005.mp3",
        "audioSecondary": [
          "https://cdn.islamic.network/quran/audio/64/ar.husary/2600.mp3"
        ],
        "text": "يَٰٓأَيُّهَا ٱلنَّاسُ إِن كُنتُمْ فِى رَيْبٍۢ مِّنَ ٱلْبَعْثِ فَإِنَّا خَلَقْنَٰكُم مِّن تُرَابٍۢ ثُمَّ مِن نُّطْفَةٍۢ ثُمَّ مِنْ عَلَقَةٍۢ ثُمَّ مِن مُّضْغَةٍۢ مُّخَلَّقَةٍۢ وَغَيْرِ مُخَلَّقَةٍۢ لِّنُبَيِّنَ لَكُمْ ۚ وَنُقِرُّ فِى ٱلْأَرْحَامِ مَا نَشَآءُ إِلَىٰٓ أَجَلٍۢ مُّسَمًّۭى ثُمَّ نُخْرِجُكُمْ طِفْلًۭا ثُمَّ لِتَبْلُغُوٓا۟ أَشُدَّكُمْ ۖ وَمِنكُم مَّن يُتَوَفَّىٰ وَمِنكُم مَّن يُرَدُّ إِلَىٰٓ أَرْذَلِ ٱلْعُمُرِ لِكَيْلَا يَعْلَمَ مِنۢ بَعْدِ عِلْمٍۢ شَيْـًۭٔا ۚ وَتَرَى ٱلْأَرْضَ هَامِدَةًۭ فَإِذَآ أَنزَلْنَا عَلَيْهَا ٱلْمَآءَ ٱهْتَزَّتْ وَرَبَتْ وَأَنۢبَتَتْ مِن كُلِّ زَوْجٍۭ بَهِيجٍۢ",
        "numberInSurah": 5,
        "juz": 17,
        "manzil": 4,
        "page": 332,
        "ruku": 285,
        "hizbQuarter": 133,
        "sajda": false,
        "audioArabic": [
          "https://cdn.jsdelivr.net/gh/Salimbd71/ArabicQuran@main/22/5.mp3"
        ],
        "audioBangla": [
          "https://cdn.jsdelivr.net/gh/Salimbd71/BanglaQuran@main/22/5.mp3"
        ]
      },
      {
        "number": 2601,
        "audio": "https://everyayah.com/data/Husary_64kbps/022006.mp3",
        "audioSecondary": [
          "https://cdn.islamic.network/quran/audio/64/ar.husary/2601.mp3"
        ],
        "text": "ذَٰلِكَ بِأَنَّ ٱللَّهَ هُوَ ٱلْحَقُّ وَأَنَّهُۥ يُحْىِ ٱلْمَوْتَىٰ وَأَنَّهُۥ عَلَىٰ كُلِّ شَىْءٍۢ قَدِيرٌۭ",
        "numberInSurah": 6,
        "juz": 17,
        "manzil": 4,
        "page": 333,
        "ruku": 285,
        "hizbQuarter": 133,
        "sajda": false,
        "audioArabic": [
          "https://cdn.jsdelivr.net/gh/Salimbd71/ArabicQuran@main/22/6.mp3"
        ],
        "audioBangla": [
          "https://cdn.jsdelivr.net/gh/Salimbd71/BanglaQuran@main/22/6.mp3"
        ]
      },
      {
        "number": 2602,
        "audio": "https://everyayah.com/data/Husary_64kbps/022007.mp3",
        "audioSecondary": [
          "https://cdn.islamic.network/quran/audio/64/ar.husary/2602.mp3"
        ],
        "text": "وَأَنَّ ٱلسَّاعَةَ ءَاتِيَةٌۭ لَّا رَيْبَ فِيهَا وَأَنَّ ٱللَّهَ يَبْعَثُ مَن فِى ٱلْقُبُورِ",
        "numberInSurah": 7,
        "juz": 17,
        "manzil": 4,
        "page": 333,
        "ruku": 285,
        "hizbQuarter": 133,
        "sajda": false,
        "audioArabic": [
          "https://cdn.jsdelivr.net/gh/Salimbd71/ArabicQuran@main/22/7.mp3"
        ],
        "audioBangla": [
          "https://cdn.jsdelivr.net/gh/Salimbd71/BanglaQuran@main/22/7.mp3"
        ]
      },
      {
        "number": 2603,
        "audio": "https://everyayah.com/data/Husary_64kbps/022008.mp3",
        "audioSecondary": [
          "https://cdn.islamic.network/quran/audio/64/ar.husary/2603.mp3"
        ],
        "text": "وَمِنَ ٱلنَّاسِ مَن يُجَٰدِلُ فِى ٱللَّهِ بِغَيْرِ عِلْمٍۢ وَلَا هُدًۭى وَلَا كِتَٰبٍۢ مُّنِيرٍۢ",
        "numberInSurah": 8,
        "juz": 17,
        "manzil": 4,
        "page": 333,
        "ruku": 285,
        "hizbQuarter": 133,
        "sajda": false,
        "audioArabic": [
          "https://cdn.jsdelivr.net/gh/Salimbd71/ArabicQuran@main/22/8.mp3"
        ],
        "audioBangla": [
          "https://cdn.jsdelivr.net/gh/Salimbd71/BanglaQuran@main/22/8.mp3"
        ]
      },
      {
        "number": 2604,
        "audio": "https://everyayah.com/data/Husary_64kbps/022009.mp3",
        "audioSecondary": [
          "https://cdn.islamic.network/quran/audio/64/ar.husary/2604.mp3"
        ],
        "text": "ثَانِىَ عِطْفِهِۦ لِيُضِلَّ عَن سَبِيلِ ٱللَّهِ ۖ لَهُۥ فِى ٱلدُّنْيَا خِزْىٌۭ ۖ وَنُذِيقُهُۥ يَوْمَ ٱلْقِيَٰمَةِ عَذَابَ ٱلْحَرِيقِ",
        "numberInSurah": 9,
        "juz": 17,
        "manzil": 4,
        "page": 333,
        "ruku": 285,
        "hizbQuarter": 133,
        "sajda": false,
        "audioArabic": [
          "https://cdn.jsdelivr.net/gh/Salimbd71/ArabicQuran@main/22/9.mp3"
        ],
        "audioBangla": [
          "https://cdn.jsdelivr.net/gh/Salimbd71/BanglaQuran@main/22/9.mp3"
        ]
      },
      {
        "number": 2605,
        "audio": "https://everyayah.com/data/Husary_64kbps/022010.mp3",
        "audioSecondary": [
          "https://cdn.islamic.network/quran/audio/64/ar.husary/2605.mp3"
        ],
        "text": "ذَٰلِكَ بِمَا قَدَّمَتْ يَدَاكَ وَأَنَّ ٱللَّهَ لَيْسَ بِظَلَّٰمٍۢ لِّلْعَبِيدِ",
        "numberInSurah": 10,
        "juz": 17,
        "manzil": 4,
        "page": 333,
        "ruku": 285,
        "hizbQuarter": 133,
        "sajda": false,
        "audioArabic": [
          "https://cdn.jsdelivr.net/gh/Salimbd71/ArabicQuran@main/22/10.mp3"
        ],
        "audioBangla": [
          "https://cdn.jsdelivr.net/gh/Salimbd71/BanglaQuran@main/22/10.mp3"
        ]
      },
      {
        "number": 2606,
        "audio": "https://everyayah.com/data/Husary_64kbps/022011.mp3",
        "audioSecondary": [
          "https://cdn.islamic.network/quran/audio/64/ar.husary/2606.mp3"
        ],
        "text": "وَمِنَ ٱلنَّاسِ مَن يَعْبُدُ ٱللَّهَ عَلَىٰ حَرْفٍۢ ۖ فَإِنْ أَصَابَهُۥ خَيْرٌ ٱطْمَأَنَّ بِهِۦ ۖ وَإِنْ أَصَابَتْهُ فِتْنَةٌ ٱنقَلَبَ عَلَىٰ وَجْهِهِۦ خَسِرَ ٱلدُّنْيَا وَٱلْءَاخِرَةَ ۚ ذَٰلِكَ هُوَ ٱلْخُسْرَانُ ٱلْمُبِينُ",
        "numberInSurah": 11,
        "juz": 17,
        "manzil": 4,
        "page": 333,
        "ruku": 286,
        "hizbQuarter": 133,
        "sajda": false,
        "audioArabic": [
          "https://cdn.jsdelivr.net/gh/Salimbd71/ArabicQuran@main/22/11.mp3"
        ],
        "audioBangla": [
          "https://cdn.jsdelivr.net/gh/Salimbd71/BanglaQuran@main/22/11.mp3"
        ]
      },
      {
        "number": 2607,
        "audio": "https://everyayah.com/data/Husary_64kbps/022012.mp3",
        "audioSecondary": [
          "https://cdn.islamic.network/quran/audio/64/ar.husary/2607.mp3"
        ],
        "text": "يَدْعُوا۟ مِن دُونِ ٱللَّهِ مَا لَا يَضُرُّهُۥ وَمَا لَا يَنفَعُهُۥ ۚ ذَٰلِكَ هُوَ ٱلضَّلَٰلُ ٱلْبَعِيدُ",
        "numberInSurah": 12,
        "juz": 17,
        "manzil": 4,
        "page": 333,
        "ruku": 286,
        "hizbQuarter": 133,
        "sajda": false,
        "audioArabic": [
          "https://cdn.jsdelivr.net/gh/Salimbd71/ArabicQuran@main/22/12.mp3"
        ],
        "audioBangla": [
          "https://cdn.jsdelivr.net/gh/Salimbd71/BanglaQuran@main/22/12.mp3"
        ]
      },
      {
        "number": 2608,
        "audio": "https://everyayah.com/data/Husary_64kbps/022013.mp3",
        "audioSecondary": [
          "https://cdn.islamic.network/quran/audio/64/ar.husary/2608.mp3"
        ],
        "text": "يَدْعُوا۟ لَمَن ضَرُّهُۥٓ أَقْرَبُ مِن نَّفْعِهِۦ ۚ لَبِئْسَ ٱلْمَوْلَىٰ وَلَبِئْسَ ٱلْعَشِيرُ",
        "numberInSurah": 13,
        "juz": 17,
        "manzil": 4,
        "page": 333,
        "ruku": 286,
        "hizbQuarter": 133,
        "sajda": false,
        "audioArabic": [
          "https://cdn.jsdelivr.net/gh/Salimbd71/ArabicQuran@main/22/13.mp3"
        ],
        "audioBangla": [
          "https://cdn.jsdelivr.net/gh/Salimbd71/BanglaQuran@main/22/13.mp3"
        ]
      },
      {
        "number": 2609,
        "audio": "https://everyayah.com/data/Husary_64kbps/022014.mp3",
        "audioSecondary": [
          "https://cdn.islamic.network/quran/audio/64/ar.husary/2609.mp3"
        ],
        "text": "إِنَّ ٱللَّهَ يُدْخِلُ ٱلَّذِينَ ءَامَنُوا۟ وَعَمِلُوا۟ ٱلصَّٰلِحَٰتِ جَنَّٰتٍۢ تَجْرِى مِن تَحْتِهَا ٱلْأَنْهَٰرُ ۚ إِنَّ ٱللَّهَ يَفْعَلُ مَا يُرِيدُ",
        "numberInSurah": 14,
        "juz": 17,
        "manzil": 4,
        "page": 333,
        "ruku": 286,
        "hizbQuarter": 133,
        "sajda": false,
        "audioArabic": [
          "https://cdn.jsdelivr.net/gh/Salimbd71/ArabicQuran@main/22/14.mp3"
        ],
        "audioBangla": [
          "https://cdn.jsdelivr.net/gh/Salimbd71/BanglaQuran@main/22/14.mp3"
        ]
      },
      {
        "number": 2610,
        "audio": "https://everyayah.com/data/Husary_64kbps/022015.mp3",
        "audioSecondary": [
          "https://cdn.islamic.network/quran/audio/64/ar.husary/2610.mp3"
        ],
        "text": "مَن كَانَ يَظُنُّ أَن لَّن يَنصُرَهُ ٱللَّهُ فِى ٱلدُّنْيَا وَٱلْءَاخِرَةِ فَلْيَمْدُدْ بِسَبَبٍ إِلَى ٱلسَّمَآءِ ثُمَّ لْيَقْطَعْ فَلْيَنظُرْ هَلْ يُذْهِبَنَّ كَيْدُهُۥ مَا يَغِيظُ",
        "numberInSurah": 15,
        "juz": 17,
        "manzil": 4,
        "page": 333,
        "ruku": 286,
        "hizbQuarter": 133,
        "sajda": false,
        "audioArabic": [
          "https://cdn.jsdelivr.net/gh/Salimbd71/ArabicQuran@main/22/15.mp3"
        ],
        "audioBangla": [
          "https://cdn.jsdelivr.net/gh/Salimbd71/BanglaQuran@main/22/15.mp3"
        ]
      },
      {
        "number": 2611,
        "audio": "https://everyayah.com/data/Husary_64kbps/022016.mp3",
        "audioSecondary": [
          "https://cdn.islamic.network/quran/audio/64/ar.husary/2611.mp3"
        ],
        "text": "وَكَذَٰلِكَ أَنزَلْنَٰهُ ءَايَٰتٍۭ بَيِّنَٰتٍۢ وَأَنَّ ٱللَّهَ يَهْدِى مَن يُرِيدُ",
        "numberInSurah": 16,
        "juz": 17,
        "manzil": 4,
        "page": 334,
        "ruku": 286,
        "hizbQuarter": 133,
        "sajda": false,
        "audioArabic": [
          "https://cdn.jsdelivr.net/gh/Salimbd71/ArabicQuran@main/22/16.mp3"
        ],
        "audioBangla": [
          "https://cdn.jsdelivr.net/gh/Salimbd71/BanglaQuran@main/22/16.mp3"
        ]
      },
      {
        "number": 2612,
        "audio": "https://everyayah.com/data/Husary_64kbps/022017.mp3",
        "audioSecondary": [
          "https://cdn.islamic.network/quran/audio/64/ar.husary/2612.mp3"
        ],
        "text": "إِنَّ ٱلَّذِينَ ءَامَنُوا۟ وَٱلَّذِينَ هَادُوا۟ وَٱلصَّٰبِـِٔينَ وَٱلنَّصَٰرَىٰ وَٱلْمَجُوسَ وَٱلَّذِينَ أَشْرَكُوٓا۟ إِنَّ ٱللَّهَ يَفْصِلُ بَيْنَهُمْ يَوْمَ ٱلْقِيَٰمَةِ ۚ إِنَّ ٱللَّهَ عَلَىٰ كُلِّ شَىْءٍۢ شَهِيدٌ",
        "numberInSurah": 17,
        "juz": 17,
        "manzil": 4,
        "page": 334,
        "ruku": 286,
        "hizbQuarter": 133,
        "sajda": false,
        "audioArabic": [
          "https://cdn.jsdelivr.net/gh/Salimbd71/ArabicQuran@main/22/17.mp3"
        ],
        "audioBangla": [
          "https://cdn.jsdelivr.net/gh/Salimbd71/BanglaQuran@main/22/17.mp3"
        ]
      },
      {
        "number": 2613,
        "audio": "https://everyayah.com/data/Husary_64kbps/022018.mp3",
        "audioSecondary": [
          "https://cdn.islamic.network/quran/audio/64/ar.husary/2613.mp3"
        ],
        "text": "أَلَمْ تَرَ أَنَّ ٱللَّهَ يَسْجُدُ لَهُۥ مَن فِى ٱلسَّمَٰوَٰتِ وَمَن فِى ٱلْأَرْضِ وَٱلشَّمْسُ وَٱلْقَمَرُ وَٱلنُّجُومُ وَٱلْجِبَالُ وَٱلشَّجَرُ وَٱلدَّوَآبُّ وَكَثِيرٌۭ مِّنَ ٱلنَّاسِ ۖ وَكَثِيرٌ حَقَّ عَلَيْهِ ٱلْعَذَابُ ۗ وَمَن يُهِنِ ٱللَّهُ فَمَا لَهُۥ مِن مُّكْرِمٍ ۚ إِنَّ ٱللَّهَ يَفْعَلُ مَا يَشَآءُ ۩",
        "numberInSurah": 18,
        "juz": 17,
        "manzil": 4,
        "page": 334,
        "ruku": 286,
        "hizbQuarter": 133,
        "sajda": {
          "id": 6,
          "recommended": true,
          "obligatory": false
        },
        "audioArabic": [
          "https://cdn.jsdelivr.net/gh/Salimbd71/ArabicQuran@main/22/18.mp3"
        ],
        "audioBangla": [
          "https://cdn.jsdelivr.net/gh/Salimbd71/BanglaQuran@main/22/18.mp3"
        ]
      },
      {
        "number": 2614,
        "audio": "https://everyayah.com/data/Husary_64kbps/022019.mp3",
        "audioSecondary": [
          "https://cdn.islamic.network/quran/audio/64/ar.husary/2614.mp3"
        ],
        "text": "۞ هَٰذَانِ خَصْمَانِ ٱخْتَصَمُوا۟ فِى رَبِّهِمْ ۖ فَٱلَّذِينَ كَفَرُوا۟ قُطِّعَتْ لَهُمْ ثِيَابٌۭ مِّن نَّارٍۢ يُصَبُّ مِن فَوْقِ رُءُوسِهِمُ ٱلْحَمِيمُ",
        "numberInSurah": 19,
        "juz": 17,
        "manzil": 4,
        "page": 334,
        "ruku": 286,
        "hizbQuarter": 134,
        "sajda": false,
        "audioArabic": [
          "https://cdn.jsdelivr.net/gh/Salimbd71/ArabicQuran@main/22/19.mp3"
        ],
        "audioBangla": [
          "https://cdn.jsdelivr.net/gh/Salimbd71/BanglaQuran@main/22/19.mp3"
        ]
      },
      {
        "number": 2615,
        "audio": "https://everyayah.com/data/Husary_64kbps/022020.mp3",
        "audioSecondary": [
          "https://cdn.islamic.network/quran/audio/64/ar.husary/2615.mp3"
        ],
        "text": "يُصْهَرُ بِهِۦ مَا فِى بُطُونِهِمْ وَٱلْجُلُودُ",
        "numberInSurah": 20,
        "juz": 17,
        "manzil": 4,
        "page": 334,
        "ruku": 286,
        "hizbQuarter": 134,
        "sajda": false,
        "audioArabic": [
          "https://cdn.jsdelivr.net/gh/Salimbd71/ArabicQuran@main/22/20.mp3"
        ],
        "audioBangla": [
          "https://cdn.jsdelivr.net/gh/Salimbd71/BanglaQuran@main/22/20.mp3"
        ]
      },
      {
        "number": 2616,
        "audio": "https://everyayah.com/data/Husary_64kbps/022021.mp3",
        "audioSecondary": [
          "https://cdn.islamic.network/quran/audio/64/ar.husary/2616.mp3"
        ],
        "text": "وَلَهُم مَّقَٰمِعُ مِنْ حَدِيدٍۢ",
        "numberInSurah": 21,
        "juz": 17,
        "manzil": 4,
        "page": 334,
        "ruku": 286,
        "hizbQuarter": 134,
        "sajda": false,
        "audioArabic": [
          "https://cdn.jsdelivr.net/gh/Salimbd71/ArabicQuran@main/22/21.mp3"
        ],
        "audioBangla": [
          "https://cdn.jsdelivr.net/gh/Salimbd71/BanglaQuran@main/22/21.mp3"
        ]
      },
      {
        "number": 2617,
        "audio": "https://everyayah.com/data/Husary_64kbps/022022.mp3",
        "audioSecondary": [
          "https://cdn.islamic.network/quran/audio/64/ar.husary/2617.mp3"
        ],
        "text": "كُلَّمَآ أَرَادُوٓا۟ أَن يَخْرُجُوا۟ مِنْهَا مِنْ غَمٍّ أُعِيدُوا۟ فِيهَا وَذُوقُوا۟ عَذَابَ ٱلْحَرِيقِ",
        "numberInSurah": 22,
        "juz": 17,
        "manzil": 4,
        "page": 334,
        "ruku": 286,
        "hizbQuarter": 134,
        "sajda": false,
        "audioArabic": [
          "https://cdn.jsdelivr.net/gh/Salimbd71/ArabicQuran@main/22/22.mp3"
        ],
        "audioBangla": [
          "https://cdn.jsdelivr.net/gh/Salimbd71/BanglaQuran@main/22/22.mp3"
        ]
      },
      {
        "number": 2618,
        "audio": "https://everyayah.com/data/Husary_64kbps/022023.mp3",
        "audioSecondary": [
          "https://cdn.islamic.network/quran/audio/64/ar.husary/2618.mp3"
        ],
        "text": "إِنَّ ٱللَّهَ يُدْخِلُ ٱلَّذِينَ ءَامَنُوا۟ وَعَمِلُوا۟ ٱلصَّٰلِحَٰتِ جَنَّٰتٍۢ تَجْرِى مِن تَحْتِهَا ٱلْأَنْهَٰرُ يُحَلَّوْنَ فِيهَا مِنْ أَسَاوِرَ مِن ذَهَبٍۢ وَلُؤْلُؤًۭا ۖ وَلِبَاسُهُمْ فِيهَا حَرِيرٌۭ",
        "numberInSurah": 23,
        "juz": 17,
        "manzil": 4,
        "page": 334,
        "ruku": 287,
        "hizbQuarter": 134,
        "sajda": false,
        "audioArabic": [
          "https://cdn.jsdelivr.net/gh/Salimbd71/ArabicQuran@main/22/23.mp3"
        ],
        "audioBangla": [
          "https://cdn.jsdelivr.net/gh/Salimbd71/BanglaQuran@main/22/23.mp3"
        ]
      },
      {
        "number": 2619,
        "audio": "https://everyayah.com/data/Husary_64kbps/022024.mp3",
        "audioSecondary": [
          "https://cdn.islamic.network/quran/audio/64/ar.husary/2619.mp3"
        ],
        "text": "وَهُدُوٓا۟ إِلَى ٱلطَّيِّبِ مِنَ ٱلْقَوْلِ وَهُدُوٓا۟ إِلَىٰ صِرَٰطِ ٱلْحَمِيدِ",
        "numberInSurah": 24,
        "juz": 17,
        "manzil": 4,
        "page": 335,
        "ruku": 287,
        "hizbQuarter": 134,
        "sajda": false,
        "audioArabic": [
          "https://cdn.jsdelivr.net/gh/Salimbd71/ArabicQuran@main/22/24.mp3"
        ],
        "audioBangla": [
          "https://cdn.jsdelivr.net/gh/Salimbd71/BanglaQuran@main/22/24.mp3"
        ]
      },
      {
        "number": 2620,
        "audio": "https://everyayah.com/data/Husary_64kbps/022025.mp3",
        "audioSecondary": [
          "https://cdn.islamic.network/quran/audio/64/ar.husary/2620.mp3"
        ],
        "text": "إِنَّ ٱلَّذِينَ كَفَرُوا۟ وَيَصُدُّونَ عَن سَبِيلِ ٱللَّهِ وَٱلْمَسْجِدِ ٱلْحَرَامِ ٱلَّذِى جَعَلْنَٰهُ لِلنَّاسِ سَوَآءً ٱلْعَٰكِفُ فِيهِ وَٱلْبَادِ ۚ وَمَن يُرِدْ فِيهِ بِإِلْحَادٍۭ بِظُلْمٍۢ نُّذِقْهُ مِنْ عَذَابٍ أَلِيمٍۢ",
        "numberInSurah": 25,
        "juz": 17,
        "manzil": 4,
        "page": 335,
        "ruku": 287,
        "hizbQuarter": 134,
        "sajda": false,
        "audioArabic": [
          "https://cdn.jsdelivr.net/gh/Salimbd71/ArabicQuran@main/22/25.mp3"
        ],
        "audioBangla": [
          "https://cdn.jsdelivr.net/gh/Salimbd71/BanglaQuran@main/22/25.mp3"
        ]
      },
      {
        "number": 2621,
        "audio": "https://everyayah.com/data/Husary_64kbps/022026.mp3",
        "audioSecondary": [
          "https://cdn.islamic.network/quran/audio/64/ar.husary/2621.mp3"
        ],
        "text": "وَإِذْ بَوَّأْنَا لِإِبْرَٰهِيمَ مَكَانَ ٱلْبَيْتِ أَن لَّا تُشْرِكْ بِى شَيْـًۭٔا وَطَهِّرْ بَيْتِىَ لِلطَّآئِفِينَ وَٱلْقَآئِمِينَ وَٱلرُّكَّعِ ٱلسُّجُودِ",
        "numberInSurah": 26,
        "juz": 17,
        "manzil": 4,
        "page": 335,
        "ruku": 288,
        "hizbQuarter": 134,
        "sajda": false,
        "audioArabic": [
          "https://cdn.jsdelivr.net/gh/Salimbd71/ArabicQuran@main/22/26.mp3"
        ],
        "audioBangla": [
          "https://cdn.jsdelivr.net/gh/Salimbd71/BanglaQuran@main/22/26.mp3"
        ]
      },
      {
        "number": 2622,
        "audio": "https://everyayah.com/data/Husary_64kbps/022027.mp3",
        "audioSecondary": [
          "https://cdn.islamic.network/quran/audio/64/ar.husary/2622.mp3"
        ],
        "text": "وَأَذِّن فِى ٱلنَّاسِ بِٱلْحَجِّ يَأْتُوكَ رِجَالًۭا وَعَلَىٰ كُلِّ ضَامِرٍۢ يَأْتِينَ مِن كُلِّ فَجٍّ عَمِيقٍۢ",
        "numberInSurah": 27,
        "juz": 17,
        "manzil": 4,
        "page": 335,
        "ruku": 288,
        "hizbQuarter": 134,
        "sajda": false,
        "audioArabic": [
          "https://cdn.jsdelivr.net/gh/Salimbd71/ArabicQuran@main/22/27.mp3"
        ],
        "audioBangla": [
          "https://cdn.jsdelivr.net/gh/Salimbd71/BanglaQuran@main/22/27.mp3"
        ]
      },
      {
        "number": 2623,
        "audio": "https://everyayah.com/data/Husary_64kbps/022028.mp3",
        "audioSecondary": [
          "https://cdn.islamic.network/quran/audio/64/ar.husary/2623.mp3"
        ],
        "text": "لِّيَشْهَدُوا۟ مَنَٰفِعَ لَهُمْ وَيَذْكُرُوا۟ ٱسْمَ ٱللَّهِ فِىٓ أَيَّامٍۢ مَّعْلُومَٰتٍ عَلَىٰ مَا رَزَقَهُم مِّنۢ بَهِيمَةِ ٱلْأَنْعَٰمِ ۖ فَكُلُوا۟ مِنْهَا وَأَطْعِمُوا۟ ٱلْبَآئِسَ ٱلْفَقِيرَ",
        "numberInSurah": 28,
        "juz": 17,
        "manzil": 4,
        "page": 335,
        "ruku": 288,
        "hizbQuarter": 134,
        "sajda": false,
        "audioArabic": [
          "https://cdn.jsdelivr.net/gh/Salimbd71/ArabicQuran@main/22/28.mp3"
        ],
        "audioBangla": [
          "https://cdn.jsdelivr.net/gh/Salimbd71/BanglaQuran@main/22/28.mp3"
        ]
      },
      {
        "number": 2624,
        "audio": "https://everyayah.com/data/Husary_64kbps/022029.mp3",
        "audioSecondary": [
          "https://cdn.islamic.network/quran/audio/64/ar.husary/2624.mp3"
        ],
        "text": "ثُمَّ لْيَقْضُوا۟ تَفَثَهُمْ وَلْيُوفُوا۟ نُذُورَهُمْ وَلْيَطَّوَّفُوا۟ بِٱلْبَيْتِ ٱلْعَتِيقِ",
        "numberInSurah": 29,
        "juz": 17,
        "manzil": 4,
        "page": 335,
        "ruku": 288,
        "hizbQuarter": 134,
        "sajda": false,
        "audioArabic": [
          "https://cdn.jsdelivr.net/gh/Salimbd71/ArabicQuran@main/22/29.mp3"
        ],
        "audioBangla": [
          "https://cdn.jsdelivr.net/gh/Salimbd71/BanglaQuran@main/22/29.mp3"
        ]
      },
      {
        "number": 2625,
        "audio": "https://everyayah.com/data/Husary_64kbps/022030.mp3",
        "audioSecondary": [
          "https://cdn.islamic.network/quran/audio/64/ar.husary/2625.mp3"
        ],
        "text": "ذَٰلِكَ وَمَن يُعَظِّمْ حُرُمَٰتِ ٱللَّهِ فَهُوَ خَيْرٌۭ لَّهُۥ عِندَ رَبِّهِۦ ۗ وَأُحِلَّتْ لَكُمُ ٱلْأَنْعَٰمُ إِلَّا مَا يُتْلَىٰ عَلَيْكُمْ ۖ فَٱجْتَنِبُوا۟ ٱلرِّجْسَ مِنَ ٱلْأَوْثَٰنِ وَٱجْتَنِبُوا۟ قَوْلَ ٱلزُّورِ",
        "numberInSurah": 30,
        "juz": 17,
        "manzil": 4,
        "page": 335,
        "ruku": 288,
        "hizbQuarter": 134,
        "sajda": false,
        "audioArabic": [
          "https://cdn.jsdelivr.net/gh/Salimbd71/ArabicQuran@main/22/30.mp3"
        ],
        "audioBangla": [
          "https://cdn.jsdelivr.net/gh/Salimbd71/BanglaQuran@main/22/30.mp3"
        ]
      },
      {
        "number": 2626,
        "audio": "https://everyayah.com/data/Husary_64kbps/022031.mp3",
        "audioSecondary": [
          "https://cdn.islamic.network/quran/audio/64/ar.husary/2626.mp3"
        ],
        "text": "حُنَفَآءَ لِلَّهِ غَيْرَ مُشْرِكِينَ بِهِۦ ۚ وَمَن يُشْرِكْ بِٱللَّهِ فَكَأَنَّمَا خَرَّ مِنَ ٱلسَّمَآءِ فَتَخْطَفُهُ ٱلطَّيْرُ أَوْ تَهْوِى بِهِ ٱلرِّيحُ فِى مَكَانٍۢ سَحِيقٍۢ",
        "numberInSurah": 31,
        "juz": 17,
        "manzil": 4,
        "page": 336,
        "ruku": 288,
        "hizbQuarter": 134,
        "sajda": false,
        "audioArabic": [
          "https://cdn.jsdelivr.net/gh/Salimbd71/ArabicQuran@main/22/31.mp3"
        ],
        "audioBangla": [
          "https://cdn.jsdelivr.net/gh/Salimbd71/BanglaQuran@main/22/31.mp3"
        ]
      },
      {
        "number": 2627,
        "audio": "https://everyayah.com/data/Husary_64kbps/022032.mp3",
        "audioSecondary": [
          "https://cdn.islamic.network/quran/audio/64/ar.husary/2627.mp3"
        ],
        "text": "ذَٰلِكَ وَمَن يُعَظِّمْ شَعَٰٓئِرَ ٱللَّهِ فَإِنَّهَا مِن تَقْوَى ٱلْقُلُوبِ",
        "numberInSurah": 32,
        "juz": 17,
        "manzil": 4,
        "page": 336,
        "ruku": 288,
        "hizbQuarter": 134,
        "sajda": false,
        "audioArabic": [
          "https://cdn.jsdelivr.net/gh/Salimbd71/ArabicQuran@main/22/32.mp3"
        ],
        "audioBangla": [
          "https://cdn.jsdelivr.net/gh/Salimbd71/BanglaQuran@main/22/32.mp3"
        ]
      },
      {
        "number": 2628,
        "audio": "https://everyayah.com/data/Husary_64kbps/022033.mp3",
        "audioSecondary": [
          "https://cdn.islamic.network/quran/audio/64/ar.husary/2628.mp3"
        ],
        "text": "لَكُمْ فِيهَا مَنَٰفِعُ إِلَىٰٓ أَجَلٍۢ مُّسَمًّۭى ثُمَّ مَحِلُّهَآ إِلَى ٱلْبَيْتِ ٱلْعَتِيقِ",
        "numberInSurah": 33,
        "juz": 17,
        "manzil": 4,
        "page": 336,
        "ruku": 288,
        "hizbQuarter": 134,
        "sajda": false,
        "audioArabic": [
          "https://cdn.jsdelivr.net/gh/Salimbd71/ArabicQuran@main/22/33.mp3"
        ],
        "audioBangla": [
          "https://cdn.jsdelivr.net/gh/Salimbd71/BanglaQuran@main/22/33.mp3"
        ]
      },
      {
        "number": 2629,
        "audio": "https://everyayah.com/data/Husary_64kbps/022034.mp3",
        "audioSecondary": [
          "https://cdn.islamic.network/quran/audio/64/ar.husary/2629.mp3"
        ],
        "text": "وَلِكُلِّ أُمَّةٍۢ جَعَلْنَا مَنسَكًۭا لِّيَذْكُرُوا۟ ٱسْمَ ٱللَّهِ عَلَىٰ مَا رَزَقَهُم مِّنۢ بَهِيمَةِ ٱلْأَنْعَٰمِ ۗ فَإِلَٰهُكُمْ إِلَٰهٌۭ وَٰحِدٌۭ فَلَهُۥٓ أَسْلِمُوا۟ ۗ وَبَشِّرِ ٱلْمُخْبِتِينَ",
        "numberInSurah": 34,
        "juz": 17,
        "manzil": 4,
        "page": 336,
        "ruku": 289,
        "hizbQuarter": 134,
        "sajda": false,
        "audioArabic": [
          "https://cdn.jsdelivr.net/gh/Salimbd71/ArabicQuran@main/22/34.mp3"
        ],
        "audioBangla": [
          "https://cdn.jsdelivr.net/gh/Salimbd71/BanglaQuran@main/22/34.mp3"
        ]
      },
      {
        "number": 2630,
        "audio": "https://everyayah.com/data/Husary_64kbps/022035.mp3",
        "audioSecondary": [
          "https://cdn.islamic.network/quran/audio/64/ar.husary/2630.mp3"
        ],
        "text": "ٱلَّذِينَ إِذَا ذُكِرَ ٱللَّهُ وَجِلَتْ قُلُوبُهُمْ وَٱلصَّٰبِرِينَ عَلَىٰ مَآ أَصَابَهُمْ وَٱلْمُقِيمِى ٱلصَّلَوٰةِ وَمِمَّا رَزَقْنَٰهُمْ يُنفِقُونَ",
        "numberInSurah": 35,
        "juz": 17,
        "manzil": 4,
        "page": 336,
        "ruku": 289,
        "hizbQuarter": 134,
        "sajda": false,
        "audioArabic": [
          "https://cdn.jsdelivr.net/gh/Salimbd71/ArabicQuran@main/22/35.mp3"
        ],
        "audioBangla": [
          "https://cdn.jsdelivr.net/gh/Salimbd71/BanglaQuran@main/22/35.mp3"
        ]
      },
      {
        "number": 2631,
        "audio": "https://everyayah.com/data/Husary_64kbps/022036.mp3",
        "audioSecondary": [
          "https://cdn.islamic.network/quran/audio/64/ar.husary/2631.mp3"
        ],
        "text": "وَٱلْبُدْنَ جَعَلْنَٰهَا لَكُم مِّن شَعَٰٓئِرِ ٱللَّهِ لَكُمْ فِيهَا خَيْرٌۭ ۖ فَٱذْكُرُوا۟ ٱسْمَ ٱللَّهِ عَلَيْهَا صَوَآفَّ ۖ فَإِذَا وَجَبَتْ جُنُوبُهَا فَكُلُوا۟ مِنْهَا وَأَطْعِمُوا۟ ٱلْقَانِعَ وَٱلْمُعْتَرَّ ۚ كَذَٰلِكَ سَخَّرْنَٰهَا لَكُمْ لَعَلَّكُمْ تَشْكُرُونَ",
        "numberInSurah": 36,
        "juz": 17,
        "manzil": 4,
        "page": 336,
        "ruku": 289,
        "hizbQuarter": 134,
        "sajda": false,
        "audioArabic": [
          "https://cdn.jsdelivr.net/gh/Salimbd71/ArabicQuran@main/22/36.mp3"
        ],
        "audioBangla": [
          "https://cdn.jsdelivr.net/gh/Salimbd71/BanglaQuran@main/22/36.mp3"
        ]
      },
      {
        "number": 2632,
        "audio": "https://everyayah.com/data/Husary_64kbps/022037.mp3",
        "audioSecondary": [
          "https://cdn.islamic.network/quran/audio/64/ar.husary/2632.mp3"
        ],
        "text": "لَن يَنَالَ ٱللَّهَ لُحُومُهَا وَلَا دِمَآؤُهَا وَلَٰكِن يَنَالُهُ ٱلتَّقْوَىٰ مِنكُمْ ۚ كَذَٰلِكَ سَخَّرَهَا لَكُمْ لِتُكَبِّرُوا۟ ٱللَّهَ عَلَىٰ مَا هَدَىٰكُمْ ۗ وَبَشِّرِ ٱلْمُحْسِنِينَ",
        "numberInSurah": 37,
        "juz": 17,
        "manzil": 4,
        "page": 336,
        "ruku": 289,
        "hizbQuarter": 134,
        "sajda": false,
        "audioArabic": [
          "https://cdn.jsdelivr.net/gh/Salimbd71/ArabicQuran@main/22/37.mp3"
        ],
        "audioBangla": [
          "https://cdn.jsdelivr.net/gh/Salimbd71/BanglaQuran@main/22/37.mp3"
        ]
      },
      {
        "number": 2633,
        "audio": "https://everyayah.com/data/Husary_64kbps/022038.mp3",
        "audioSecondary": [
          "https://cdn.islamic.network/quran/audio/64/ar.husary/2633.mp3"
        ],
        "text": "۞ إِنَّ ٱللَّهَ يُدَٰفِعُ عَنِ ٱلَّذِينَ ءَامَنُوٓا۟ ۗ إِنَّ ٱللَّهَ لَا يُحِبُّ كُلَّ خَوَّانٍۢ كَفُورٍ",
        "numberInSurah": 38,
        "juz": 17,
        "manzil": 4,
        "page": 336,
        "ruku": 289,
        "hizbQuarter": 135,
        "sajda": false,
        "audioArabic": [
          "https://cdn.jsdelivr.net/gh/Salimbd71/ArabicQuran@main/22/38.mp3"
        ],
        "audioBangla": [
          "https://cdn.jsdelivr.net/gh/Salimbd71/BanglaQuran@main/22/38.mp3"
        ]
      },
      {
        "number": 2634,
        "audio": "https://everyayah.com/data/Husary_64kbps/022039.mp3",
        "audioSecondary": [
          "https://cdn.islamic.network/quran/audio/64/ar.husary/2634.mp3"
        ],
        "text": "أُذِنَ لِلَّذِينَ يُقَٰتَلُونَ بِأَنَّهُمْ ظُلِمُوا۟ ۚ وَإِنَّ ٱللَّهَ عَلَىٰ نَصْرِهِمْ لَقَدِيرٌ",
        "numberInSurah": 39,
        "juz": 17,
        "manzil": 4,
        "page": 337,
        "ruku": 290,
        "hizbQuarter": 135,
        "sajda": false,
        "audioArabic": [
          "https://cdn.jsdelivr.net/gh/Salimbd71/ArabicQuran@main/22/39.mp3"
        ],
        "audioBangla": [
          "https://cdn.jsdelivr.net/gh/Salimbd71/BanglaQuran@main/22/39.mp3"
        ]
      },
      {
        "number": 2635,
        "audio": "https://everyayah.com/data/Husary_64kbps/022040.mp3",
        "audioSecondary": [
          "https://cdn.islamic.network/quran/audio/64/ar.husary/2635.mp3"
        ],
        "text": "ٱلَّذِينَ أُخْرِجُوا۟ مِن دِيَٰرِهِم بِغَيْرِ حَقٍّ إِلَّآ أَن يَقُولُوا۟ رَبُّنَا ٱللَّهُ ۗ وَلَوْلَا دَفْعُ ٱللَّهِ ٱلنَّاسَ بَعْضَهُم بِبَعْضٍۢ لَّهُدِّمَتْ صَوَٰمِعُ وَبِيَعٌۭ وَصَلَوَٰتٌۭ وَمَسَٰجِدُ يُذْكَرُ فِيهَا ٱسْمُ ٱللَّهِ كَثِيرًۭا ۗ وَلَيَنصُرَنَّ ٱللَّهُ مَن يَنصُرُهُۥٓ ۗ إِنَّ ٱللَّهَ لَقَوِىٌّ عَزِيزٌ",
        "numberInSurah": 40,
        "juz": 17,
        "manzil": 4,
        "page": 337,
        "ruku": 290,
        "hizbQuarter": 135,
        "sajda": false,
        "audioArabic": [
          "https://cdn.jsdelivr.net/gh/Salimbd71/ArabicQuran@main/22/40.mp3"
        ],
        "audioBangla": [
          "https://cdn.jsdelivr.net/gh/Salimbd71/BanglaQuran@main/22/40.mp3"
        ]
      },
      {
        "number": 2636,
        "audio": "https://everyayah.com/data/Husary_64kbps/022041.mp3",
        "audioSecondary": [
          "https://cdn.islamic.network/quran/audio/64/ar.husary/2636.mp3"
        ],
        "text": "ٱلَّذِينَ إِن مَّكَّنَّٰهُمْ فِى ٱلْأَرْضِ أَقَامُوا۟ ٱلصَّلَوٰةَ وَءَاتَوُا۟ ٱلزَّكَوٰةَ وَأَمَرُوا۟ بِٱلْمَعْرُوفِ وَنَهَوْا۟ عَنِ ٱلْمُنكَرِ ۗ وَلِلَّهِ عَٰقِبَةُ ٱلْأُمُورِ",
        "numberInSurah": 41,
        "juz": 17,
        "manzil": 4,
        "page": 337,
        "ruku": 290,
        "hizbQuarter": 135,
        "sajda": false,
        "audioArabic": [
          "https://cdn.jsdelivr.net/gh/Salimbd71/ArabicQuran@main/22/41.mp3"
        ],
        "audioBangla": [
          "https://cdn.jsdelivr.net/gh/Salimbd71/BanglaQuran@main/22/41.mp3"
        ]
      },
      {
        "number": 2637,
        "audio": "https://everyayah.com/data/Husary_64kbps/022042.mp3",
        "audioSecondary": [
          "https://cdn.islamic.network/quran/audio/64/ar.husary/2637.mp3"
        ],
        "text": "وَإِن يُكَذِّبُوكَ فَقَدْ كَذَّبَتْ قَبْلَهُمْ قَوْمُ نُوحٍۢ وَعَادٌۭ وَثَمُودُ",
        "numberInSurah": 42,
        "juz": 17,
        "manzil": 4,
        "page": 337,
        "ruku": 290,
        "hizbQuarter": 135,
        "sajda": false,
        "audioArabic": [
          "https://cdn.jsdelivr.net/gh/Salimbd71/ArabicQuran@main/22/42.mp3"
        ],
        "audioBangla": [
          "https://cdn.jsdelivr.net/gh/Salimbd71/BanglaQuran@main/22/42.mp3"
        ]
      },
      {
        "number": 2638,
        "audio": "https://everyayah.com/data/Husary_64kbps/022043.mp3",
        "audioSecondary": [
          "https://cdn.islamic.network/quran/audio/64/ar.husary/2638.mp3"
        ],
        "text": "وَقَوْمُ إِبْرَٰهِيمَ وَقَوْمُ لُوطٍۢ",
        "numberInSurah": 43,
        "juz": 17,
        "manzil": 4,
        "page": 337,
        "ruku": 290,
        "hizbQuarter": 135,
        "sajda": false,
        "audioArabic": [
          "https://cdn.jsdelivr.net/gh/Salimbd71/ArabicQuran@main/22/43.mp3"
        ],
        "audioBangla": [
          "https://cdn.jsdelivr.net/gh/Salimbd71/BanglaQuran@main/22/43.mp3"
        ]
      },
      {
        "number": 2639,
        "audio": "https://everyayah.com/data/Husary_64kbps/022044.mp3",
        "audioSecondary": [
          "https://cdn.islamic.network/quran/audio/64/ar.husary/2639.mp3"
        ],
        "text": "وَأَصْحَٰبُ مَدْيَنَ ۖ وَكُذِّبَ مُوسَىٰ فَأَمْلَيْتُ لِلْكَٰفِرِينَ ثُمَّ أَخَذْتُهُمْ ۖ فَكَيْفَ كَانَ نَكِيرِ",
        "numberInSurah": 44,
        "juz": 17,
        "manzil": 4,
        "page": 337,
        "ruku": 290,
        "hizbQuarter": 135,
        "sajda": false,
        "audioArabic": [
          "https://cdn.jsdelivr.net/gh/Salimbd71/ArabicQuran@main/22/44.mp3"
        ],
        "audioBangla": [
          "https://cdn.jsdelivr.net/gh/Salimbd71/BanglaQuran@main/22/44.mp3"
        ]
      },
      {
        "number": 2640,
        "audio": "https://everyayah.com/data/Husary_64kbps/022045.mp3",
        "audioSecondary": [
          "https://cdn.islamic.network/quran/audio/64/ar.husary/2640.mp3"
        ],
        "text": "فَكَأَيِّن مِّن قَرْيَةٍ أَهْلَكْنَٰهَا وَهِىَ ظَالِمَةٌۭ فَهِىَ خَاوِيَةٌ عَلَىٰ عُرُوشِهَا وَبِئْرٍۢ مُّعَطَّلَةٍۢ وَقَصْرٍۢ مَّشِيدٍ",
        "numberInSurah": 45,
        "juz": 17,
        "manzil": 4,
        "page": 337,
        "ruku": 290,
        "hizbQuarter": 135,
        "sajda": false,
        "audioArabic": [
          "https://cdn.jsdelivr.net/gh/Salimbd71/ArabicQuran@main/22/45.mp3"
        ],
        "audioBangla": [
          "https://cdn.jsdelivr.net/gh/Salimbd71/BanglaQuran@main/22/45.mp3"
        ]
      },
      {
        "number": 2641,
        "audio": "https://everyayah.com/data/Husary_64kbps/022046.mp3",
        "audioSecondary": [
          "https://cdn.islamic.network/quran/audio/64/ar.husary/2641.mp3"
        ],
        "text": "أَفَلَمْ يَسِيرُوا۟ فِى ٱلْأَرْضِ فَتَكُونَ لَهُمْ قُلُوبٌۭ يَعْقِلُونَ بِهَآ أَوْ ءَاذَانٌۭ يَسْمَعُونَ بِهَا ۖ فَإِنَّهَا لَا تَعْمَى ٱلْأَبْصَٰرُ وَلَٰكِن تَعْمَى ٱلْقُلُوبُ ٱلَّتِى فِى ٱلصُّدُورِ",
        "numberInSurah": 46,
        "juz": 17,
        "manzil": 4,
        "page": 337,
        "ruku": 290,
        "hizbQuarter": 135,
        "sajda": false,
        "audioArabic": [
          "https://cdn.jsdelivr.net/gh/Salimbd71/ArabicQuran@main/22/46.mp3"
        ],
        "audioBangla": [
          "https://cdn.jsdelivr.net/gh/Salimbd71/BanglaQuran@main/22/46.mp3"
        ]
      },
      {
        "number": 2642,
        "audio": "https://everyayah.com/data/Husary_64kbps/022047.mp3",
        "audioSecondary": [
          "https://cdn.islamic.network/quran/audio/64/ar.husary/2642.mp3"
        ],
        "text": "وَيَسْتَعْجِلُونَكَ بِٱلْعَذَابِ وَلَن يُخْلِفَ ٱللَّهُ وَعْدَهُۥ ۚ وَإِنَّ يَوْمًا عِندَ رَبِّكَ كَأَلْفِ سَنَةٍۢ مِّمَّا تَعُدُّونَ",
        "numberInSurah": 47,
        "juz": 17,
        "manzil": 4,
        "page": 338,
        "ruku": 290,
        "hizbQuarter": 135,
        "sajda": false,
        "audioArabic": [
          "https://cdn.jsdelivr.net/gh/Salimbd71/ArabicQuran@main/22/47.mp3"
        ],
        "audioBangla": [
          "https://cdn.jsdelivr.net/gh/Salimbd71/BanglaQuran@main/22/47.mp3"
        ]
      },
      {
        "number": 2643,
        "audio": "https://everyayah.com/data/Husary_64kbps/022048.mp3",
        "audioSecondary": [
          "https://cdn.islamic.network/quran/audio/64/ar.husary/2643.mp3"
        ],
        "text": "وَكَأَيِّن مِّن قَرْيَةٍ أَمْلَيْتُ لَهَا وَهِىَ ظَالِمَةٌۭ ثُمَّ أَخَذْتُهَا وَإِلَىَّ ٱلْمَصِيرُ",
        "numberInSurah": 48,
        "juz": 17,
        "manzil": 4,
        "page": 338,
        "ruku": 290,
        "hizbQuarter": 135,
        "sajda": false,
        "audioArabic": [
          "https://cdn.jsdelivr.net/gh/Salimbd71/ArabicQuran@main/22/48.mp3"
        ],
        "audioBangla": [
          "https://cdn.jsdelivr.net/gh/Salimbd71/BanglaQuran@main/22/48.mp3"
        ]
      },
      {
        "number": 2644,
        "audio": "https://everyayah.com/data/Husary_64kbps/022049.mp3",
        "audioSecondary": [
          "https://cdn.islamic.network/quran/audio/64/ar.husary/2644.mp3"
        ],
        "text": "قُلْ يَٰٓأَيُّهَا ٱلنَّاسُ إِنَّمَآ أَنَا۠ لَكُمْ نَذِيرٌۭ مُّبِينٌۭ",
        "numberInSurah": 49,
        "juz": 17,
        "manzil": 4,
        "page": 338,
        "ruku": 291,
        "hizbQuarter": 135,
        "sajda": false,
        "audioArabic": [
          "https://cdn.jsdelivr.net/gh/Salimbd71/ArabicQuran@main/22/49.mp3"
        ],
        "audioBangla": [
          "https://cdn.jsdelivr.net/gh/Salimbd71/BanglaQuran@main/22/49.mp3"
        ]
      },
      {
        "number": 2645,
        "audio": "https://everyayah.com/data/Husary_64kbps/022050.mp3",
        "audioSecondary": [
          "https://cdn.islamic.network/quran/audio/64/ar.husary/2645.mp3"
        ],
        "text": "فَٱلَّذِينَ ءَامَنُوا۟ وَعَمِلُوا۟ ٱلصَّٰلِحَٰتِ لَهُم مَّغْفِرَةٌۭ وَرِزْقٌۭ كَرِيمٌۭ",
        "numberInSurah": 50,
        "juz": 17,
        "manzil": 4,
        "page": 338,
        "ruku": 291,
        "hizbQuarter": 135,
        "sajda": false,
        "audioArabic": [
          "https://cdn.jsdelivr.net/gh/Salimbd71/ArabicQuran@main/22/50.mp3"
        ],
        "audioBangla": [
          "https://cdn.jsdelivr.net/gh/Salimbd71/BanglaQuran@main/22/50.mp3"
        ]
      },
      {
        "number": 2646,
        "audio": "https://everyayah.com/data/Husary_64kbps/022051.mp3",
        "audioSecondary": [
          "https://cdn.islamic.network/quran/audio/64/ar.husary/2646.mp3"
        ],
        "text": "وَٱلَّذِينَ سَعَوْا۟ فِىٓ ءَايَٰتِنَا مُعَٰجِزِينَ أُو۟لَٰٓئِكَ أَصْحَٰبُ ٱلْجَحِيمِ",
        "numberInSurah": 51,
        "juz": 17,
        "manzil": 4,
        "page": 338,
        "ruku": 291,
        "hizbQuarter": 135,
        "sajda": false,
        "audioArabic": [
          "https://cdn.jsdelivr.net/gh/Salimbd71/ArabicQuran@main/22/51.mp3"
        ],
        "audioBangla": [
          "https://cdn.jsdelivr.net/gh/Salimbd71/BanglaQuran@main/22/51.mp3"
        ]
      },
      {
        "number": 2647,
        "audio": "https://everyayah.com/data/Husary_64kbps/022052.mp3",
        "audioSecondary": [
          "https://cdn.islamic.network/quran/audio/64/ar.husary/2647.mp3"
        ],
        "text": "وَمَآ أَرْسَلْنَا مِن قَبْلِكَ مِن رَّسُولٍۢ وَلَا نَبِىٍّ إِلَّآ إِذَا تَمَنَّىٰٓ أَلْقَى ٱلشَّيْطَٰنُ فِىٓ أُمْنِيَّتِهِۦ فَيَنسَخُ ٱللَّهُ مَا يُلْقِى ٱلشَّيْطَٰنُ ثُمَّ يُحْكِمُ ٱللَّهُ ءَايَٰتِهِۦ ۗ وَٱللَّهُ عَلِيمٌ حَكِيمٌۭ",
        "numberInSurah": 52,
        "juz": 17,
        "manzil": 4,
        "page": 338,
        "ruku": 291,
        "hizbQuarter": 135,
        "sajda": false,
        "audioArabic": [
          "https://cdn.jsdelivr.net/gh/Salimbd71/ArabicQuran@main/22/52.mp3"
        ],
        "audioBangla": [
          "https://cdn.jsdelivr.net/gh/Salimbd71/BanglaQuran@main/22/52.mp3"
        ]
      },
      {
        "number": 2648,
        "audio": "https://everyayah.com/data/Husary_64kbps/022053.mp3",
        "audioSecondary": [
          "https://cdn.islamic.network/quran/audio/64/ar.husary/2648.mp3"
        ],
        "text": "لِّيَجْعَلَ مَا يُلْقِى ٱلشَّيْطَٰنُ فِتْنَةًۭ لِّلَّذِينَ فِى قُلُوبِهِم مَّرَضٌۭ وَٱلْقَاسِيَةِ قُلُوبُهُمْ ۗ وَإِنَّ ٱلظَّٰلِمِينَ لَفِى شِقَاقٍۭ بَعِيدٍۢ",
        "numberInSurah": 53,
        "juz": 17,
        "manzil": 4,
        "page": 338,
        "ruku": 291,
        "hizbQuarter": 135,
        "sajda": false,
        "audioArabic": [
          "https://cdn.jsdelivr.net/gh/Salimbd71/ArabicQuran@main/22/53.mp3"
        ],
        "audioBangla": [
          "https://cdn.jsdelivr.net/gh/Salimbd71/BanglaQuran@main/22/53.mp3"
        ]
      },
      {
        "number": 2649,
        "audio": "https://everyayah.com/data/Husary_64kbps/022054.mp3",
        "audioSecondary": [
          "https://cdn.islamic.network/quran/audio/64/ar.husary/2649.mp3"
        ],
        "text": "وَلِيَعْلَمَ ٱلَّذِينَ أُوتُوا۟ ٱلْعِلْمَ أَنَّهُ ٱلْحَقُّ مِن رَّبِّكَ فَيُؤْمِنُوا۟ بِهِۦ فَتُخْبِتَ لَهُۥ قُلُوبُهُمْ ۗ وَإِنَّ ٱللَّهَ لَهَادِ ٱلَّذِينَ ءَامَنُوٓا۟ إِلَىٰ صِرَٰطٍۢ مُّسْتَقِيمٍۢ",
        "numberInSurah": 54,
        "juz": 17,
        "manzil": 4,
        "page": 338,
        "ruku": 291,
        "hizbQuarter": 135,
        "sajda": false,
        "audioArabic": [
          "https://cdn.jsdelivr.net/gh/Salimbd71/ArabicQuran@main/22/54.mp3"
        ],
        "audioBangla": [
          "https://cdn.jsdelivr.net/gh/Salimbd71/BanglaQuran@main/22/54.mp3"
        ]
      },
      {
        "number": 2650,
        "audio": "https://everyayah.com/data/Husary_64kbps/022055.mp3",
        "audioSecondary": [
          "https://cdn.islamic.network/quran/audio/64/ar.husary/2650.mp3"
        ],
        "text": "وَلَا يَزَالُ ٱلَّذِينَ كَفَرُوا۟ فِى مِرْيَةٍۢ مِّنْهُ حَتَّىٰ تَأْتِيَهُمُ ٱلسَّاعَةُ بَغْتَةً أَوْ يَأْتِيَهُمْ عَذَابُ يَوْمٍ عَقِيمٍ",
        "numberInSurah": 55,
        "juz": 17,
        "manzil": 4,
        "page": 338,
        "ruku": 291,
        "hizbQuarter": 135,
        "sajda": false,
        "audioArabic": [
          "https://cdn.jsdelivr.net/gh/Salimbd71/ArabicQuran@main/22/55.mp3"
        ],
        "audioBangla": [
          "https://cdn.jsdelivr.net/gh/Salimbd71/BanglaQuran@main/22/55.mp3"
        ]
      },
      {
        "number": 2651,
        "audio": "https://everyayah.com/data/Husary_64kbps/022056.mp3",
        "audioSecondary": [
          "https://cdn.islamic.network/quran/audio/64/ar.husary/2651.mp3"
        ],
        "text": "ٱلْمُلْكُ يَوْمَئِذٍۢ لِّلَّهِ يَحْكُمُ بَيْنَهُمْ ۚ فَٱلَّذِينَ ءَامَنُوا۟ وَعَمِلُوا۟ ٱلصَّٰلِحَٰتِ فِى جَنَّٰتِ ٱلنَّعِيمِ",
        "numberInSurah": 56,
        "juz": 17,
        "manzil": 4,
        "page": 339,
        "ruku": 291,
        "hizbQuarter": 135,
        "sajda": false,
        "audioArabic": [
          "https://cdn.jsdelivr.net/gh/Salimbd71/ArabicQuran@main/22/56.mp3"
        ],
        "audioBangla": [
          "https://cdn.jsdelivr.net/gh/Salimbd71/BanglaQuran@main/22/56.mp3"
        ]
      },
      {
        "number": 2652,
        "audio": "https://everyayah.com/data/Husary_64kbps/022057.mp3",
        "audioSecondary": [
          "https://cdn.islamic.network/quran/audio/64/ar.husary/2652.mp3"
        ],
        "text": "وَٱلَّذِينَ كَفَرُوا۟ وَكَذَّبُوا۟ بِـَٔايَٰتِنَا فَأُو۟لَٰٓئِكَ لَهُمْ عَذَابٌۭ مُّهِينٌۭ",
        "numberInSurah": 57,
        "juz": 17,
        "manzil": 4,
        "page": 339,
        "ruku": 291,
        "hizbQuarter": 135,
        "sajda": false,
        "audioArabic": [
          "https://cdn.jsdelivr.net/gh/Salimbd71/ArabicQuran@main/22/57.mp3"
        ],
        "audioBangla": [
          "https://cdn.jsdelivr.net/gh/Salimbd71/BanglaQuran@main/22/57.mp3"
        ]
      },
      {
        "number": 2653,
        "audio": "https://everyayah.com/data/Husary_64kbps/022058.mp3",
        "audioSecondary": [
          "https://cdn.islamic.network/quran/audio/64/ar.husary/2653.mp3"
        ],
        "text": "وَٱلَّذِينَ هَاجَرُوا۟ فِى سَبِيلِ ٱللَّهِ ثُمَّ قُتِلُوٓا۟ أَوْ مَاتُوا۟ لَيَرْزُقَنَّهُمُ ٱللَّهُ رِزْقًا حَسَنًۭا ۚ وَإِنَّ ٱللَّهَ لَهُوَ خَيْرُ ٱلرَّٰزِقِينَ",
        "numberInSurah": 58,
        "juz": 17,
        "manzil": 4,
        "page": 339,
        "ruku": 292,
        "hizbQuarter": 135,
        "sajda": false,
        "audioArabic": [
          "https://cdn.jsdelivr.net/gh/Salimbd71/ArabicQuran@main/22/58.mp3"
        ],
        "audioBangla": [
          "https://cdn.jsdelivr.net/gh/Salimbd71/BanglaQuran@main/22/58.mp3"
        ]
      },
      {
        "number": 2654,
        "audio": "https://everyayah.com/data/Husary_64kbps/022059.mp3",
        "audioSecondary": [
          "https://cdn.islamic.network/quran/audio/64/ar.husary/2654.mp3"
        ],
        "text": "لَيُدْخِلَنَّهُم مُّدْخَلًۭا يَرْضَوْنَهُۥ ۗ وَإِنَّ ٱللَّهَ لَعَلِيمٌ حَلِيمٌۭ",
        "numberInSurah": 59,
        "juz": 17,
        "manzil": 4,
        "page": 339,
        "ruku": 292,
        "hizbQuarter": 135,
        "sajda": false,
        "audioArabic": [
          "https://cdn.jsdelivr.net/gh/Salimbd71/ArabicQuran@main/22/59.mp3"
        ],
        "audioBangla": [
          "https://cdn.jsdelivr.net/gh/Salimbd71/BanglaQuran@main/22/59.mp3"
        ]
      },
      {
        "number": 2655,
        "audio": "https://everyayah.com/data/Husary_64kbps/022060.mp3",
        "audioSecondary": [
          "https://cdn.islamic.network/quran/audio/64/ar.husary/2655.mp3"
        ],
        "text": "۞ ذَٰلِكَ وَمَنْ عَاقَبَ بِمِثْلِ مَا عُوقِبَ بِهِۦ ثُمَّ بُغِىَ عَلَيْهِ لَيَنصُرَنَّهُ ٱللَّهُ ۗ إِنَّ ٱللَّهَ لَعَفُوٌّ غَفُورٌۭ",
        "numberInSurah": 60,
        "juz": 17,
        "manzil": 4,
        "page": 339,
        "ruku": 292,
        "hizbQuarter": 136,
        "sajda": false,
        "audioArabic": [
          "https://cdn.jsdelivr.net/gh/Salimbd71/ArabicQuran@main/22/60.mp3"
        ],
        "audioBangla": [
          "https://cdn.jsdelivr.net/gh/Salimbd71/BanglaQuran@main/22/60.mp3"
        ]
      },
      {
        "number": 2656,
        "audio": "https://everyayah.com/data/Husary_64kbps/022061.mp3",
        "audioSecondary": [
          "https://cdn.islamic.network/quran/audio/64/ar.husary/2656.mp3"
        ],
        "text": "ذَٰلِكَ بِأَنَّ ٱللَّهَ يُولِجُ ٱلَّيْلَ فِى ٱلنَّهَارِ وَيُولِجُ ٱلنَّهَارَ فِى ٱلَّيْلِ وَأَنَّ ٱللَّهَ سَمِيعٌۢ بَصِيرٌۭ",
        "numberInSurah": 61,
        "juz": 17,
        "manzil": 4,
        "page": 339,
        "ruku": 292,
        "hizbQuarter": 136,
        "sajda": false,
        "audioArabic": [
          "https://cdn.jsdelivr.net/gh/Salimbd71/ArabicQuran@main/22/61.mp3"
        ],
        "audioBangla": [
          "https://cdn.jsdelivr.net/gh/Salimbd71/BanglaQuran@main/22/61.mp3"
        ]
      },
      {
        "number": 2657,
        "audio": "https://everyayah.com/data/Husary_64kbps/022062.mp3",
        "audioSecondary": [
          "https://cdn.islamic.network/quran/audio/64/ar.husary/2657.mp3"
        ],
        "text": "ذَٰلِكَ بِأَنَّ ٱللَّهَ هُوَ ٱلْحَقُّ وَأَنَّ مَا يَدْعُونَ مِن دُونِهِۦ هُوَ ٱلْبَٰطِلُ وَأَنَّ ٱللَّهَ هُوَ ٱلْعَلِىُّ ٱلْكَبِيرُ",
        "numberInSurah": 62,
        "juz": 17,
        "manzil": 4,
        "page": 339,
        "ruku": 292,
        "hizbQuarter": 136,
        "sajda": false,
        "audioArabic": [
          "https://cdn.jsdelivr.net/gh/Salimbd71/ArabicQuran@main/22/62.mp3"
        ],
        "audioBangla": [
          "https://cdn.jsdelivr.net/gh/Salimbd71/BanglaQuran@main/22/62.mp3"
        ]
      },
      {
        "number": 2658,
        "audio": "https://everyayah.com/data/Husary_64kbps/022063.mp3",
        "audioSecondary": [
          "https://cdn.islamic.network/quran/audio/64/ar.husary/2658.mp3"
        ],
        "text": "أَلَمْ تَرَ أَنَّ ٱللَّهَ أَنزَلَ مِنَ ٱلسَّمَآءِ مَآءًۭ فَتُصْبِحُ ٱلْأَرْضُ مُخْضَرَّةً ۗ إِنَّ ٱللَّهَ لَطِيفٌ خَبِيرٌۭ",
        "numberInSurah": 63,
        "juz": 17,
        "manzil": 4,
        "page": 339,
        "ruku": 292,
        "hizbQuarter": 136,
        "sajda": false,
        "audioArabic": [
          "https://cdn.jsdelivr.net/gh/Salimbd71/ArabicQuran@main/22/63.mp3"
        ],
        "audioBangla": [
          "https://cdn.jsdelivr.net/gh/Salimbd71/BanglaQuran@main/22/63.mp3"
        ]
      },
      {
        "number": 2659,
        "audio": "https://everyayah.com/data/Husary_64kbps/022064.mp3",
        "audioSecondary": [
          "https://cdn.islamic.network/quran/audio/64/ar.husary/2659.mp3"
        ],
        "text": "لَّهُۥ مَا فِى ٱلسَّمَٰوَٰتِ وَمَا فِى ٱلْأَرْضِ ۗ وَإِنَّ ٱللَّهَ لَهُوَ ٱلْغَنِىُّ ٱلْحَمِيدُ",
        "numberInSurah": 64,
        "juz": 17,
        "manzil": 4,
        "page": 339,
        "ruku": 292,
        "hizbQuarter": 136,
        "sajda": false,
        "audioArabic": [
          "https://cdn.jsdelivr.net/gh/Salimbd71/ArabicQuran@main/22/64.mp3"
        ],
        "audioBangla": [
          "https://cdn.jsdelivr.net/gh/Salimbd71/BanglaQuran@main/22/64.mp3"
        ]
      },
      {
        "number": 2660,
        "audio": "https://everyayah.com/data/Husary_64kbps/022065.mp3",
        "audioSecondary": [
          "https://cdn.islamic.network/quran/audio/64/ar.husary/2660.mp3"
        ],
        "text": "أَلَمْ تَرَ أَنَّ ٱللَّهَ سَخَّرَ لَكُم مَّا فِى ٱلْأَرْضِ وَٱلْفُلْكَ تَجْرِى فِى ٱلْبَحْرِ بِأَمْرِهِۦ وَيُمْسِكُ ٱلسَّمَآءَ أَن تَقَعَ عَلَى ٱلْأَرْضِ إِلَّا بِإِذْنِهِۦٓ ۗ إِنَّ ٱللَّهَ بِٱلنَّاسِ لَرَءُوفٌۭ رَّحِيمٌۭ",
        "numberInSurah": 65,
        "juz": 17,
        "manzil": 4,
        "page": 340,
        "ruku": 293,
        "hizbQuarter": 136,
        "sajda": false,
        "audioArabic": [
          "https://cdn.jsdelivr.net/gh/Salimbd71/ArabicQuran@main/22/65.mp3"
        ],
        "audioBangla": [
          "https://cdn.jsdelivr.net/gh/Salimbd71/BanglaQuran@main/22/65.mp3"
        ]
      },
      {
        "number": 2661,
        "audio": "https://everyayah.com/data/Husary_64kbps/022066.mp3",
        "audioSecondary": [
          "https://cdn.islamic.network/quran/audio/64/ar.husary/2661.mp3"
        ],
        "text": "وَهُوَ ٱلَّذِىٓ أَحْيَاكُمْ ثُمَّ يُمِيتُكُمْ ثُمَّ يُحْيِيكُمْ ۗ إِنَّ ٱلْإِنسَٰنَ لَكَفُورٌۭ",
        "numberInSurah": 66,
        "juz": 17,
        "manzil": 4,
        "page": 340,
        "ruku": 293,
        "hizbQuarter": 136,
        "sajda": false,
        "audioArabic": [
          "https://cdn.jsdelivr.net/gh/Salimbd71/ArabicQuran@main/22/66.mp3"
        ],
        "audioBangla": [
          "https://cdn.jsdelivr.net/gh/Salimbd71/BanglaQuran@main/22/66.mp3"
        ]
      },
      {
        "number": 2662,
        "audio": "https://everyayah.com/data/Husary_64kbps/022067.mp3",
        "audioSecondary": [
          "https://cdn.islamic.network/quran/audio/64/ar.husary/2662.mp3"
        ],
        "text": "لِّكُلِّ أُمَّةٍۢ جَعَلْنَا مَنسَكًا هُمْ نَاسِكُوهُ ۖ فَلَا يُنَٰزِعُنَّكَ فِى ٱلْأَمْرِ ۚ وَٱدْعُ إِلَىٰ رَبِّكَ ۖ إِنَّكَ لَعَلَىٰ هُدًۭى مُّسْتَقِيمٍۢ",
        "numberInSurah": 67,
        "juz": 17,
        "manzil": 4,
        "page": 340,
        "ruku": 293,
        "hizbQuarter": 136,
        "sajda": false,
        "audioArabic": [
          "https://cdn.jsdelivr.net/gh/Salimbd71/ArabicQuran@main/22/67.mp3"
        ],
        "audioBangla": [
          "https://cdn.jsdelivr.net/gh/Salimbd71/BanglaQuran@main/22/67.mp3"
        ]
      },
      {
        "number": 2663,
        "audio": "https://everyayah.com/data/Husary_64kbps/022068.mp3",
        "audioSecondary": [
          "https://cdn.islamic.network/quran/audio/64/ar.husary/2663.mp3"
        ],
        "text": "وَإِن جَٰدَلُوكَ فَقُلِ ٱللَّهُ أَعْلَمُ بِمَا تَعْمَلُونَ",
        "numberInSurah": 68,
        "juz": 17,
        "manzil": 4,
        "page": 340,
        "ruku": 293,
        "hizbQuarter": 136,
        "sajda": false,
        "audioArabic": [
          "https://cdn.jsdelivr.net/gh/Salimbd71/ArabicQuran@main/22/68.mp3"
        ],
        "audioBangla": [
          "https://cdn.jsdelivr.net/gh/Salimbd71/BanglaQuran@main/22/68.mp3"
        ]
      },
      {
        "number": 2664,
        "audio": "https://everyayah.com/data/Husary_64kbps/022069.mp3",
        "audioSecondary": [
          "https://cdn.islamic.network/quran/audio/64/ar.husary/2664.mp3"
        ],
        "text": "ٱللَّهُ يَحْكُمُ بَيْنَكُمْ يَوْمَ ٱلْقِيَٰمَةِ فِيمَا كُنتُمْ فِيهِ تَخْتَلِفُونَ",
        "numberInSurah": 69,
        "juz": 17,
        "manzil": 4,
        "page": 340,
        "ruku": 293,
        "hizbQuarter": 136,
        "sajda": false,
        "audioArabic": [
          "https://cdn.jsdelivr.net/gh/Salimbd71/ArabicQuran@main/22/69.mp3"
        ],
        "audioBangla": [
          "https://cdn.jsdelivr.net/gh/Salimbd71/BanglaQuran@main/22/69.mp3"
        ]
      },
      {
        "number": 2665,
        "audio": "https://everyayah.com/data/Husary_64kbps/022070.mp3",
        "audioSecondary": [
          "https://cdn.islamic.network/quran/audio/64/ar.husary/2665.mp3"
        ],
        "text": "أَلَمْ تَعْلَمْ أَنَّ ٱللَّهَ يَعْلَمُ مَا فِى ٱلسَّمَآءِ وَٱلْأَرْضِ ۗ إِنَّ ذَٰلِكَ فِى كِتَٰبٍ ۚ إِنَّ ذَٰلِكَ عَلَى ٱللَّهِ يَسِيرٌۭ",
        "numberInSurah": 70,
        "juz": 17,
        "manzil": 4,
        "page": 340,
        "ruku": 293,
        "hizbQuarter": 136,
        "sajda": false,
        "audioArabic": [
          "https://cdn.jsdelivr.net/gh/Salimbd71/ArabicQuran@main/22/70.mp3"
        ],
        "audioBangla": [
          "https://cdn.jsdelivr.net/gh/Salimbd71/BanglaQuran@main/22/70.mp3"
        ]
      },
      {
        "number": 2666,
        "audio": "https://everyayah.com/data/Husary_64kbps/022071.mp3",
        "audioSecondary": [
          "https://cdn.islamic.network/quran/audio/64/ar.husary/2666.mp3"
        ],
        "text": "وَيَعْبُدُونَ مِن دُونِ ٱللَّهِ مَا لَمْ يُنَزِّلْ بِهِۦ سُلْطَٰنًۭا وَمَا لَيْسَ لَهُم بِهِۦ عِلْمٌۭ ۗ وَمَا لِلظَّٰلِمِينَ مِن نَّصِيرٍۢ",
        "numberInSurah": 71,
        "juz": 17,
        "manzil": 4,
        "page": 340,
        "ruku": 293,
        "hizbQuarter": 136,
        "sajda": false,
        "audioArabic": [
          "https://cdn.jsdelivr.net/gh/Salimbd71/ArabicQuran@main/22/71.mp3"
        ],
        "audioBangla": [
          "https://cdn.jsdelivr.net/gh/Salimbd71/BanglaQuran@main/22/71.mp3"
        ]
      },
      {
        "number": 2667,
        "audio": "https://everyayah.com/data/Husary_64kbps/022072.mp3",
        "audioSecondary": [
          "https://cdn.islamic.network/quran/audio/64/ar.husary/2667.mp3"
        ],
        "text": "وَإِذَا تُتْلَىٰ عَلَيْهِمْ ءَايَٰتُنَا بَيِّنَٰتٍۢ تَعْرِفُ فِى وُجُوهِ ٱلَّذِينَ كَفَرُوا۟ ٱلْمُنكَرَ ۖ يَكَادُونَ يَسْطُونَ بِٱلَّذِينَ يَتْلُونَ عَلَيْهِمْ ءَايَٰتِنَا ۗ قُلْ أَفَأُنَبِّئُكُم بِشَرٍّۢ مِّن ذَٰلِكُمُ ۗ ٱلنَّارُ وَعَدَهَا ٱللَّهُ ٱلَّذِينَ كَفَرُوا۟ ۖ وَبِئْسَ ٱلْمَصِيرُ",
        "numberInSurah": 72,
        "juz": 17,
        "manzil": 4,
        "page": 340,
        "ruku": 293,
        "hizbQuarter": 136,
        "sajda": false,
        "audioArabic": [
          "https://cdn.jsdelivr.net/gh/Salimbd71/ArabicQuran@main/22/72.mp3"
        ],
        "audioBangla": [
          "https://cdn.jsdelivr.net/gh/Salimbd71/BanglaQuran@main/22/72.mp3"
        ]
      },
      {
        "number": 2668,
        "audio": "https://everyayah.com/data/Husary_64kbps/022073.mp3",
        "audioSecondary": [
          "https://cdn.islamic.network/quran/audio/64/ar.husary/2668.mp3"
        ],
        "text": "يَٰٓأَيُّهَا ٱلنَّاسُ ضُرِبَ مَثَلٌۭ فَٱسْتَمِعُوا۟ لَهُۥٓ ۚ إِنَّ ٱلَّذِينَ تَدْعُونَ مِن دُونِ ٱللَّهِ لَن يَخْلُقُوا۟ ذُبَابًۭا وَلَوِ ٱجْتَمَعُوا۟ لَهُۥ ۖ وَإِن يَسْلُبْهُمُ ٱلذُّبَابُ شَيْـًۭٔا لَّا يَسْتَنقِذُوهُ مِنْهُ ۚ ضَعُفَ ٱلطَّالِبُ وَٱلْمَطْلُوبُ",
        "numberInSurah": 73,
        "juz": 17,
        "manzil": 4,
        "page": 341,
        "ruku": 294,
        "hizbQuarter": 136,
        "sajda": false,
        "audioArabic": [
          "https://cdn.jsdelivr.net/gh/Salimbd71/ArabicQuran@main/22/73.mp3"
        ],
        "audioBangla": [
          "https://cdn.jsdelivr.net/gh/Salimbd71/BanglaQuran@main/22/73.mp3"
        ]
      },
      {
        "number": 2669,
        "audio": "https://everyayah.com/data/Husary_64kbps/022074.mp3",
        "audioSecondary": [
          "https://cdn.islamic.network/quran/audio/64/ar.husary/2669.mp3"
        ],
        "text": "مَا قَدَرُوا۟ ٱللَّهَ حَقَّ قَدْرِهِۦٓ ۗ إِنَّ ٱللَّهَ لَقَوِىٌّ عَزِيزٌ",
        "numberInSurah": 74,
        "juz": 17,
        "manzil": 4,
        "page": 341,
        "ruku": 294,
        "hizbQuarter": 136,
        "sajda": false,
        "audioArabic": [
          "https://cdn.jsdelivr.net/gh/Salimbd71/ArabicQuran@main/22/74.mp3"
        ],
        "audioBangla": [
          "https://cdn.jsdelivr.net/gh/Salimbd71/BanglaQuran@main/22/74.mp3"
        ]
      },
      {
        "number": 2670,
        "audio": "https://everyayah.com/data/Husary_64kbps/022075.mp3",
        "audioSecondary": [
          "https://cdn.islamic.network/quran/audio/64/ar.husary/2670.mp3"
        ],
        "text": "ٱللَّهُ يَصْطَفِى مِنَ ٱلْمَلَٰٓئِكَةِ رُسُلًۭا وَمِنَ ٱلنَّاسِ ۚ إِنَّ ٱللَّهَ سَمِيعٌۢ بَصِيرٌۭ",
        "numberInSurah": 75,
        "juz": 17,
        "manzil": 4,
        "page": 341,
        "ruku": 294,
        "hizbQuarter": 136,
        "sajda": false,
        "audioArabic": [
          "https://cdn.jsdelivr.net/gh/Salimbd71/ArabicQuran@main/22/75.mp3"
        ],
        "audioBangla": [
          "https://cdn.jsdelivr.net/gh/Salimbd71/BanglaQuran@main/22/75.mp3"
        ]
      },
      {
        "number": 2671,
        "audio": "https://everyayah.com/data/Husary_64kbps/022076.mp3",
        "audioSecondary": [
          "https://cdn.islamic.network/quran/audio/64/ar.husary/2671.mp3"
        ],
        "text": "يَعْلَمُ مَا بَيْنَ أَيْدِيهِمْ وَمَا خَلْفَهُمْ ۗ وَإِلَى ٱللَّهِ تُرْجَعُ ٱلْأُمُورُ",
        "numberInSurah": 76,
        "juz": 17,
        "manzil": 4,
        "page": 341,
        "ruku": 294,
        "hizbQuarter": 136,
        "sajda": false,
        "audioArabic": [
          "https://cdn.jsdelivr.net/gh/Salimbd71/ArabicQuran@main/22/76.mp3"
        ],
        "audioBangla": [
          "https://cdn.jsdelivr.net/gh/Salimbd71/BanglaQuran@main/22/76.mp3"
        ]
      },
      {
        "number": 2672,
        "audio": "https://everyayah.com/data/Husary_64kbps/022077.mp3",
        "audioSecondary": [
          "https://cdn.islamic.network/quran/audio/64/ar.husary/2672.mp3"
        ],
        "text": "يَٰٓأَيُّهَا ٱلَّذِينَ ءَامَنُوا۟ ٱرْكَعُوا۟ وَٱسْجُدُوا۟ وَٱعْبُدُوا۟ رَبَّكُمْ وَٱفْعَلُوا۟ ٱلْخَيْرَ لَعَلَّكُمْ تُفْلِحُونَ ۩",
        "numberInSurah": 77,
        "juz": 17,
        "manzil": 4,
        "page": 341,
        "ruku": 294,
        "hizbQuarter": 136,
        "sajda": {
          "id": 7,
          "recommended": true,
          "obligatory": false
        },
        "audioArabic": [
          "https://cdn.jsdelivr.net/gh/Salimbd71/ArabicQuran@main/22/77.mp3"
        ],
        "audioBangla": [
          "https://cdn.jsdelivr.net/gh/Salimbd71/BanglaQuran@main/22/77.mp3"
        ]
      },
      {
        "number": 2673,
        "audio": "https://everyayah.com/data/Husary_64kbps/022078.mp3",
        "audioSecondary": [
          "https://cdn.islamic.network/quran/audio/64/ar.husary/2673.mp3"
        ],
        "text": "وَجَٰهِدُوا۟ فِى ٱللَّهِ حَقَّ جِهَادِهِۦ ۚ هُوَ ٱجْتَبَىٰكُمْ وَمَا جَعَلَ عَلَيْكُمْ فِى ٱلدِّينِ مِنْ حَرَجٍۢ ۚ مِّلَّةَ أَبِيكُمْ إِبْرَٰهِيمَ ۚ هُوَ سَمَّىٰكُمُ ٱلْمُسْلِمِينَ مِن قَبْلُ وَفِى هَٰذَا لِيَكُونَ ٱلرَّسُولُ شَهِيدًا عَلَيْكُمْ وَتَكُونُوا۟ شُهَدَآءَ عَلَى ٱلنَّاسِ ۚ فَأَقِيمُوا۟ ٱلصَّلَوٰةَ وَءَاتُوا۟ ٱلزَّكَوٰةَ وَٱعْتَصِمُوا۟ بِٱللَّهِ هُوَ مَوْلَىٰكُمْ ۖ فَنِعْمَ ٱلْمَوْلَىٰ وَنِعْمَ ٱلنَّصِيرُ",
        "numberInSurah": 78,
        "juz": 17,
        "manzil": 4,
        "page": 341,
        "ruku": 294,
        "hizbQuarter": 136,
        "sajda": false,
        "audioArabic": [
          "https://cdn.jsdelivr.net/gh/Salimbd71/ArabicQuran@main/22/78.mp3"
        ],
        "audioBangla": [
          "https://cdn.jsdelivr.net/gh/Salimbd71/BanglaQuran@main/22/78.mp3"
        ]
      }
    ],
    "edition": {
      "identifier": "ar.husary",
      "language": "ar",
      "name": "محمود خليل الحصري",
      "englishName": "Husary",
      "format": "audio",
      "type": "versebyverse",
      "direction": null
    }
  }
}