{
  "code": 200,
  "status": "OK",
  "data": {
    "number": 39,
    "name": "سُورَةُ الزُّمَرِ",
    "englishName": "Az-Zumar",
    "englishNameTranslation": "The Groups",
    "revelationType": "Meccan",
    "numberOfAyahs": 75,
    "ayahs": [
      {
        "number": 4059,
        "audio": "https://cdn.islamic.network/quran/audio/192/ar.abdulbasitmurattal/4059.mp3",
        "audioSecondary": [
          "https://cdn.islamic.network/quran/audio/192/ar.abdulbasitmurattal/4059.mp3"
        ],
        "text": "بِسْمِ ٱللَّهِ ٱلرَّحْمَٰنِ ٱلرَّحِيمِ تَنزِيلُ ٱلْكِتَٰبِ مِنَ ٱللَّهِ ٱلْعَزِيزِ ٱلْحَكِيمِ",
        "numberInSurah": 1,
        "juz": 23,
        "manzil": 6,
        "page": 458,
        "ruku": 396,
        "hizbQuarter": 183,
        "sajda": false,
        "audioArabic": [
          "https://cdn.jsdelivr.net/gh/Salimbd71/ArabicQuran@main/39/1.mp3"
        ],
        "audioBangla": [
          "https://cdn.jsdelivr.net/gh/Salimbd71/BanglaQuran@main/39/1.mp3"
        ]
      },
      {
        "number": 4060,
        "audio": "https://cdn.islamic.network/quran/audio/192/ar.abdulbasitmurattal/4060.mp3",
        "audioSecondary": [
          "https://cdn.islamic.network/quran/audio/192/ar.abdulbasitmurattal/4060.mp3"
        ],
        "text": "إِنَّآ أَنزَلْنَآ إِلَيْكَ ٱلْكِتَٰبَ بِٱلْحَقِّ فَٱعْبُدِ ٱللَّهَ مُخْلِصًۭا لَّهُ ٱلدِّينَ",
        "numberInSurah": 2,
        "juz": 23,
        "manzil": 6,
        "page": 458,
        "ruku": 396,
        "hizbQuarter": 183,
        "sajda": false,
        "audioArabic": [
          "https://cdn.jsdelivr.net/gh/Salimbd71/ArabicQuran@main/39/2.mp3"
        ],
        "audioBangla": [
          "https://cdn.jsdelivr.net/gh/Salimbd71/BanglaQuran@main/39/2.mp3"
        ]
      },
      {
        "number": 4061,
        "audio": "https://cdn.islamic.network/quran/audio/192/ar.abdulbasitmurattal/4061.mp3",
        "audioSecondary": [
          "https://cdn.islamic.network/quran/audio/192/ar.abdulbasitmurattal/4061.mp3"
        ],
        "text": "أَلَا لِلَّهِ ٱلدِّينُ ٱلْخَالِصُ ۚ وَٱلَّذِينَ ٱتَّخَذُوا۟ مِن دُونِهِۦٓ أَوْلِيَآءَ مَا نَعْبُدُهُمْ إِلَّا لِيُقَرِّبُونَآ إِلَى ٱللَّهِ زُلْفَىٰٓ إِنَّ ٱللَّهَ يَحْكُمُ بَيْنَهُمْ فِى مَا هُمْ فِيهِ يَخْتَلِفُونَ ۗ إِنَّ ٱللَّهَ لَا يَهْدِى مَنْ هُوَ كَٰذِبٌۭ كَفَّارٌۭ",
        "numberInSurah": 3,
        "juz": 23,
        "manzil": 6,
        "page": 458,
        "ruku": 396,
        "hizbQuarter": 183,
        "sajda": false,
        "audioArabic": [
          "https://cdn.jsdelivr.net/gh/Salimbd71/ArabicQuran@main/39/3.mp3"
        ],
        "audioBangla": [
          "https://cdn.jsdelivr.net/gh/Salimbd71/BanglaQuran@main/39/3.mp3"
        ]
      },
      {
        "number": 4062,
        "audio": "https://cdn.islamic.network/quran/audio/192/ar.abdulbasitmurattal/4062.mp3",
        "audioSecondary": [
          "https://cdn.islamic.network/quran/audio/192/ar.abdulbasitmurattal/4062.mp3"
        ],
        "text": "لَّوْ أَرَادَ ٱللَّهُ أَن يَتَّخِذَ وَلَدًۭا لَّٱصْطَفَىٰ مِمَّا يَخْلُقُ مَا يَشَآءُ ۚ سُبْحَٰنَهُۥ ۖ هُوَ ٱللَّهُ ٱلْوَٰحِدُ ٱلْقَهَّارُ",
        "numberInSurah": 4,
        "juz": 23,
        "manzil": 6,
        "page": 458,
        "ruku": 396,
        "hizbQuarter": 183,
        "sajda": false,
        "audioArabic": [
          "https://cdn.jsdelivr.net/gh/Salimbd71/ArabicQuran@main/39/4.mp3"
        ],
        "audioBangla": [
          "https://cdn.jsdelivr.net/gh/Salimbd71/BanglaQuran@main/39/4.mp3"
        ]
      },
      {
        "number": 4063,
        "audio": "https://cdn.islamic.network/quran/audio/192/ar.abdulbasitmurattal/4063.mp3",
        "audioSecondary": [
          "https://cdn.islamic.network/quran/audio/192/ar.abdulbasitmurattal/4063.mp3"
        ],
        "text": "خَلَقَ ٱلسَّمَٰوَٰتِ وَٱلْأَرْضَ بِٱلْحَقِّ ۖ يُكَوِّرُ ٱلَّيْلَ عَلَى ٱلنَّهَارِ وَيُكَوِّرُ ٱلنَّهَارَ عَلَى ٱلَّيْلِ ۖ وَسَخَّرَ ٱلشَّمْسَ وَٱلْقَمَرَ ۖ كُلٌّۭ يَجْرِى لِأَجَلٍۢ مُّسَمًّى ۗ أَلَا هُوَ ٱلْعَزِيزُ ٱلْغَفَّٰرُ",
        "numberInSurah": 5,
        "juz": 23,
        "manzil": 6,
        "page": 458,
        "ruku": 396,
        "hizbQuarter": 183,
        "sajda": false,
        "audioArabic": [
          "https://cdn.jsdelivr.net/gh/Salimbd71/ArabicQuran@main/39/5.mp3"
        ],
        "audioBangla": [
          "https://cdn.jsdelivr.net/gh/Salimbd71/BanglaQuran@main/39/5.mp3"
        ]
      },
      {
        "number": 4064,
        "audio": "https://cdn.islamic.network/quran/audio/192/ar.abdulbasitmurattal/4064.mp3",
        "audioSecondary": [
          "https://cdn.islamic.network/quran/audio/192/ar.abdulbasitmurattal/4064.mp3"
        ],
        "text": "خَلَقَكُم مِّن نَّفْسٍۢ وَٰحِدَةٍۢ ثُمَّ جَعَلَ مِنْهَا زَوْجَهَا وَأَنزَلَ لَكُم مِّنَ ٱلْأَنْعَٰمِ ثَمَٰنِيَةَ أَزْوَٰجٍۢ ۚ يَخْلُقُكُمْ فِى بُطُونِ أُمَّهَٰتِكُمْ خَلْقًۭا مِّنۢ بَعْدِ خَلْقٍۢ فِى ظُلُمَٰتٍۢ ثَلَٰثٍۢ ۚ ذَٰلِكُمُ ٱللَّهُ رَبُّكُمْ لَهُ ٱلْمُلْكُ ۖ لَآ إِلَٰهَ إِلَّا هُوَ ۖ فَأَنَّىٰ تُصْرَفُونَ",
        "numberInSurah": 6,
        "juz": 23,
        "manzil": 6,
        "page": 459,
        "ruku": 396,
        "hizbQuarter": 183,
        "sajda": false,
        "audioArabic": [
          "https://cdn.jsdelivr.net/gh/Salimbd71/ArabicQuran@main/39/6.mp3"
        ],
        "audioBangla": [
          "https://cdn.jsdelivr.net/gh/Salimbd71/BanglaQuran@main/39/6.mp3"
        ]
      },
      {
        "number": 4065,
        "audio": "https://cdn.islamic.network/quran/audio/192/ar.abdulbasitmurattal/4065.mp3",
        "audioSecondary": [
          "https://cdn.islamic.network/quran/audio/192/ar.abdulbasitmurattal/4065.mp3"
        ],
        "text": "إِن تَكْفُرُوا۟ فَإِنَّ ٱللَّهَ غَنِىٌّ عَنكُمْ ۖ وَلَا يَرْضَىٰ لِعِبَادِهِ ٱلْكُفْرَ ۖ وَإِن تَشْكُرُوا۟ يَرْضَهُ لَكُمْ ۗ وَلَا تَزِرُ وَازِرَةٌۭ وِزْرَ أُخْرَىٰ ۗ ثُمَّ إِلَىٰ رَبِّكُم مَّرْجِعُكُمْ فَيُنَبِّئُكُم بِمَا كُنتُمْ تَعْمَلُونَ ۚ إِنَّهُۥ عَلِيمٌۢ بِذَاتِ ٱلصُّدُورِ",
        "numberInSurah": 7,
        "juz": 23,
        "manzil": 6,
        "page": 459,
        "ruku": 396,
        "hizbQuarter": 183,
        "sajda": false,
        "audioArabic": [
          "https://cdn.jsdelivr.net/gh/Salimbd71/ArabicQuran@main/39/7.mp3"
        ],
        "audioBangla": [
          "https://cdn.jsdelivr.net/gh/Salimbd71/BanglaQuran@main/39/7.mp3"
        ]
      },
      {
        "number": 4066,
        "audio": "https://cdn.islamic.network/quran/audio/192/ar.abdulbasitmurattal/4066.mp3",
        "audioSecondary": [
          "https://cdn.islamic.network/quran/audio/192/ar.abdulbasitmurattal/4066.mp3"
        ],
        "text": "۞ وَإِذَا مَسَّ ٱلْإِنسَٰنَ ضُرٌّۭ دَعَا رَبَّهُۥ مُنِيبًا إِلَيْهِ ثُمَّ إِذَا خَوَّلَهُۥ نِعْمَةًۭ مِّنْهُ نَسِىَ مَا كَانَ يَدْعُوٓا۟ إِلَيْهِ مِن قَبْلُ وَجَعَلَ لِلَّهِ أَندَادًۭا لِّيُضِلَّ عَن سَبِيلِهِۦ ۚ قُلْ تَمَتَّعْ بِكُفْرِكَ قَلِيلًا ۖ إِنَّكَ مِنْ أَصْحَٰبِ ٱلنَّارِ",
        "numberInSurah": 8,
        "juz": 23,
        "manzil": 6,
        "page": 459,
        "ruku": 396,
        "hizbQuarter": 184,
        "sajda": false,
        "audioArabic": [
          "https://cdn.jsdelivr.net/gh/Salimbd71/ArabicQuran@main/39/8.mp3"
        ],
        "audioBangla": [
          "https://cdn.jsdelivr.net/gh/Salimbd71/BanglaQuran@main/39/8.mp3"
        ]
      },
      {
        "number": 4067,
        "audio": "https://cdn.islamic.network/quran/audio/192/ar.abdulbasitmurattal/4067.mp3",
        "audioSecondary": [
          "https://cdn.islamic.network/quran/audio/192/ar.abdulbasitmurattal/4067.mp3"
        ],
        "text": "أَمَّنْ هُوَ قَٰنِتٌ ءَانَآءَ ٱلَّيْلِ سَاجِدًۭا وَقَآئِمًۭا يَحْذَرُ ٱلْءَاخِرَةَ وَيَرْجُوا۟ رَحْمَةَ رَبِّهِۦ ۗ قُلْ هَلْ يَسْتَوِى ٱلَّذِينَ يَعْلَمُونَ وَٱلَّذِينَ لَا يَعْلَمُونَ ۗ إِنَّمَا يَتَذَكَّرُ أُو۟لُوا۟ ٱلْأَلْبَٰبِ",
        "numberInSurah": 9,
        "juz": 23,
        "manzil": 6,
        "page": 459,
        "ruku": 396,
        "hizbQuarter": 184,
        "sajda": false,
        "audioArabic": [
          "https://cdn.jsdelivr.net/gh/Salimbd71/ArabicQuran@main/39/9.mp3"
        ],
        "audioBangla": [
          "https://cdn.jsdelivr.net/gh/Salimbd71/BanglaQuran@main/39/9.mp3"
        ]
      },
      {
        "number": 4068,
        "audio": "https://cdn.islamic.network/quran/audio/192/ar.abdulbasitmurattal/4068.mp3",
        "audioSecondary": [
          "https://cdn.islamic.network/quran/audio/192/ar.abdulbasitmurattal/4068.mp3"
        ],
        "text": "قُلْ يَٰعِبَادِ ٱلَّذِينَ ءَامَنُوا۟ ٱتَّقُوا۟ رَبَّكُمْ ۚ لِلَّذِينَ أَحْسَنُوا۟ فِى هَٰذِهِ ٱلدُّنْيَا حَسَنَةٌۭ ۗ وَأَرْضُ ٱللَّهِ وَٰسِعَةٌ ۗ إِنَّمَا يُوَفَّى ٱلصَّٰبِرُونَ أَجْرَهُم بِغَيْرِ حِسَابٍۢ",
        "numberInSurah": 10,
        "juz": 23,
        "manzil": 6,
        "page": 459,
        "ruku": 397,
        "hizbQuarter": 184,
        "sajda": false,
        "audioArabic": [
          "https://cdn.jsdelivr.net/gh/Salimbd71/ArabicQuran@main/39/10.mp3"
        ],
        "audioBangla": [
          "https://cdn.jsdelivr.net/gh/Salimbd71/BanglaQuran@main/39/10.mp3"
        ]
      },
      {
        "number": 4069,
        "audio": "https://cdn.islamic.network/quran/audio/192/ar.abdulbasitmurattal/4069.mp3",
        "audioSecondary": [
          "https://cdn.islamic.network/quran/audio/192/ar.abdulbasitmurattal/4069.mp3"
        ],
        "text": "قُلْ إِنِّىٓ أُمِرْتُ أَنْ أَعْبُدَ ٱللَّهَ مُخْلِصًۭا لَّهُ ٱلدِّينَ",
        "numberInSurah": 11,
        "juz": 23,
        "manzil": 6,
        "page": 460,
        "ruku": 397,
        "hizbQuarter": 184,
        "sajda": false,
        "audioArabic": [
          "https://cdn.jsdelivr.net/gh/Salimbd71/ArabicQuran@main/39/11.mp3"
        ],
        "audioBangla": [
          "https://cdn.jsdelivr.net/gh/Salimbd71/BanglaQuran@main/39/11.mp3"
        ]
      },
      {
        "number": 4070,
        "audio": "https://cdn.islamic.network/quran/audio/192/ar.abdulbasitmurattal/4070.mp3",
        "audioSecondary": [
          "https://cdn.islamic.network/quran/audio/192/ar.abdulbasitmurattal/4070.mp3"
        ],
        "text": "وَأُمِرْتُ لِأَنْ أَكُونَ أَوَّلَ ٱلْمُسْلِمِينَ",
        "numberInSurah": 12,
        "juz": 23,
        "manzil": 6,
        "page": 460,
        "ruku": 397,
        "hizbQuarter": 184,
        "sajda": false,
        "audioArabic": [
          "https://cdn.jsdelivr.net/gh/Salimbd71/ArabicQuran@main/39/12.mp3"
        ],
        "audioBangla": [
          "https://cdn.jsdelivr.net/gh/Salimbd71/BanglaQuran@main/39/12.mp3"
        ]
      },
      {
        "number": 4071,
        "audio": "https://cdn.islamic.network/quran/audio/192/ar.abdulbasitmurattal/4071.mp3",
        "audioSecondary": [
          "https://cdn.islamic.network/quran/audio/192/ar.abdulbasitmurattal/4071.mp3"
        ],
        "text": "قُلْ إِنِّىٓ أَخَافُ إِنْ عَصَيْتُ رَبِّى عَذَابَ يَوْمٍ عَظِيمٍۢ",
        "numberInSurah": 13,
        "juz": 23,
        "manzil": 6,
        "page": 460,
        "ruku": 397,
        "hizbQuarter": 184,
        "sajda": false,
        "audioArabic": [
          "https://cdn.jsdelivr.net/gh/Salimbd71/ArabicQuran@main/39/13.mp3"
        ],
        "audioBangla": [
          "https://cdn.jsdelivr.net/gh/Salimbd71/BanglaQuran@main/39/13.mp3"
        ]
      },
      {
        "number": 4072,
        "audio": "https://cdn.islamic.network/quran/audio/192/ar.abdulbasitmurattal/4072.mp3",
        "audioSecondary": [
          "https://cdn.islamic.network/quran/audio/192/ar.abdulbasitmurattal/4072.mp3"
        ],
        "text": "قُلِ ٱللَّهَ أَعْبُدُ مُخْلِصًۭا لَّهُۥ دِينِى",
        "numberInSurah": 14,
        "juz": 23,
        "manzil": 6,
        "page": 460,
        "ruku": 397,
        "hizbQuarter": 184,
        "sajda": false,
        "audioArabic": [
          "https://cdn.jsdelivr.net/gh/Salimbd71/ArabicQuran@main/39/14.mp3"
        ],
        "audioBangla": [
          "https://cdn.jsdelivr.net/gh/Salimbd71/BanglaQuran@main/39/14.mp3"
        ]
      },
      {
        "number": 4073,
        "audio": "https://cdn.islamic.network/quran/audio/192/ar.abdulbasitmurattal/4073.mp3",
        "audioSecondary": [
          "https://cdn.islamic.network/quran/audio/192/ar.abdulbasitmurattal/4073.mp3"
        ],
        "text": "فَٱعْبُدُوا۟ مَا شِئْتُم مِّن دُونِهِۦ ۗ قُلْ إِنَّ ٱلْخَٰسِرِينَ ٱلَّذِينَ خَسِرُوٓا۟ أَنفُسَهُمْ وَأَهْلِيهِمْ يَوْمَ ٱلْقِيَٰمَةِ ۗ أَلَا ذَٰلِكَ هُوَ ٱلْخُسْرَانُ ٱلْمُبِينُ",
        "numberInSurah": 15,
        "juz": 23,
        "manzil": 6,
        "page": 460,
        "ruku": 397,
        "hizbQuarter": 184,
        "sajda": false,
        "audioArabic": [
          "https://cdn.jsdelivr.net/gh/Salimbd71/ArabicQuran@main/39/15.mp3"
        ],
        "audioBangla": [
          "https://cdn.jsdelivr.net/gh/Salimbd71/BanglaQuran@main/39/15.mp3"
        ]
      },
      {
        "number": 4074,
        "audio": "https://cdn.islamic.network/quran/audio/192/ar.abdulbasitmurattal/4074.mp3",
        "audioSecondary": [
          "https://cdn.islamic.network/quran/audio/192/ar.abdulbasitmurattal/4074.mp3"
        ],
        "text": "لَهُم مِّن فَوْقِهِمْ ظُلَلٌۭ مِّنَ ٱلنَّارِ وَمِن تَحْتِهِمْ ظُلَلٌۭ ۚ ذَٰلِكَ يُخَوِّفُ ٱللَّهُ بِهِۦ عِبَادَهُۥ ۚ يَٰعِبَادِ فَٱتَّقُونِ",
        "numberInSurah": 16,
        "juz": 23,
        "manzil": 6,
        "page": 460,
        "ruku": 397,
        "hizbQuarter": 184,
        "sajda": false,
        "audioArabic": [
          "https://cdn.jsdelivr.net/gh/Salimbd71/ArabicQuran@main/39/16.mp3"
        ],
        "audioBangla": [
          "https://cdn.jsdelivr.net/gh/Salimbd71/BanglaQuran@main/39/16.mp3"
        ]
      },
      {
        "number": 4075,
        "audio": "https://cdn.islamic.network/quran/audio/192/ar.abdulbasitmurattal/4075.mp3",
        "audioSecondary": [
          "https://cdn.islamic.network/quran/audio/192/ar.abdulbasitmurattal/4075.mp3"
        ],
        "text": "وَٱلَّذِينَ ٱجْتَنَبُوا۟ ٱلطَّٰغُوتَ أَن يَعْبُدُوهَا وَأَنَابُوٓا۟ إِلَى ٱللَّهِ لَهُمُ ٱلْبُشْرَىٰ ۚ فَبَشِّرْ عِبَادِ",
        "numberInSurah": 17,
        "juz": 23,
        "manzil": 6,
        "page": 460,
        "ruku": 397,
        "hizbQuarter": 184,
        "sajda": false,
        "audioArabic": [
          "https://cdn.jsdelivr.net/gh/Salimbd71/ArabicQuran@main/39/17.mp3"
        ],
        "audioBangla": [
          "https://cdn.jsdelivr.net/gh/Salimbd71/BanglaQuran@main/39/17.mp3"
        ]
      },
      {
        "number": 4076,
        "audio": "https://cdn.islamic.network/quran/audio/192/ar.abdulbasitmurattal/4076.mp3",
        "audioSecondary": [
          "https://cdn.islamic.network/quran/audio/192/ar.abdulbasitmurattal/4076.mp3"
        ],
        "text": "ٱلَّذِينَ يَسْتَمِعُونَ ٱلْقَوْلَ فَيَتَّبِعُونَ أَحْسَنَهُۥٓ ۚ أُو۟لَٰٓئِكَ ٱلَّذِينَ هَدَىٰهُمُ ٱللَّهُ ۖ وَأُو۟لَٰٓئِكَ هُمْ أُو۟لُوا۟ ٱلْأَلْبَٰبِ",
        "numberInSurah": 18,
        "juz": 23,
        "manzil": 6,
        "page": 460,
        "ruku": 397,
        "hizbQuarter": 184,
        "sajda": false,
        "audioArabic": [
          "https://cdn.jsdelivr.net/gh/Salimbd71/ArabicQuran@main/39/18.mp3"
        ],
        "audioBangla": [
          "https://cdn.jsdelivr.net/gh/Salimbd71/BanglaQuran@main/39/18.mp3"
        ]
      },
      {
        "number": 4077,
        "audio": "https://cdn.islamic.network/quran/audio/192/ar.abdulbasitmurattal/4077.mp3",
        "audioSecondary": [
          "https://cdn.islamic.network/quran/audio/192/ar.abdulbasitmurattal/4077.mp3"
        ],
        "text": "أَفَمَنْ حَقَّ عَلَيْهِ كَلِمَةُ ٱلْعَذَابِ أَفَأَنتَ تُنقِذُ مَن فِى ٱلنَّارِ",
        "numberInSurah": 19,
        "juz": 23,
        "manzil": 6,
        "page": 460,
        "ruku": 397,
        "hizbQuarter": 184,
        "sajda": false,
        "audioArabic": [
          "https://cdn.jsdelivr.net/gh/Salimbd71/ArabicQuran@main/39/19.mp3"
        ],
        "audioBangla": [
          "https://cdn.jsdelivr.net/gh/Salimbd71/BanglaQuran@main/39/19.mp3"
        ]
      },
      {
        "number": 4078,
        "audio": "https://cdn.islamic.network/quran/audio/192/ar.abdulbasitmurattal/4078.mp3",
        "audioSecondary": [
          "https://cdn.islamic.network/quran/audio/192/ar.abdulbasitmurattal/4078.mp3"
        ],
        "text": "لَٰكِنِ ٱلَّذِينَ ٱتَّقَوْا۟ رَبَّهُمْ لَهُمْ غُرَفٌۭ مِّن فَوْقِهَا غُرَفٌۭ مَّبْنِيَّةٌۭ تَجْرِى مِن تَحْتِهَا ٱلْأَنْهَٰرُ ۖ وَعْدَ ٱللَّهِ ۖ لَا يُخْلِفُ ٱللَّهُ ٱلْمِيعَادَ",
        "numberInSurah": 20,
        "juz": 23,
        "manzil": 6,
        "page": 460,
        "ruku": 397,
        "hizbQuarter": 184,
        "sajda": false,
        "audioArabic": [
          "https://cdn.jsdelivr.net/gh/Salimbd71/ArabicQuran@main/39/20.mp3"
        ],
        "audioBangla": [
          "https://cdn.jsdelivr.net/gh/Salimbd71/BanglaQuran@main/39/20.mp3"
        ]
      },
      {
        "number": 4079,
        "audio": "https://cdn.islamic.network/quran/audio/192/ar.abdulbasitmurattal/4079.mp3",
        "audioSecondary": [
          "https://cdn.islamic.network/quran/audio/192/ar.abdulbasitmurattal/4079.mp3"
        ],
        "text": "أَلَمْ تَرَ أَنَّ ٱللَّهَ أَنزَلَ مِنَ ٱلسَّمَآءِ مَآءًۭ فَسَلَكَهُۥ يَنَٰبِيعَ فِى ٱلْأَرْضِ ثُمَّ يُخْرِجُ بِهِۦ زَرْعًۭا مُّخْتَلِفًا أَلْوَٰنُهُۥ ثُمَّ يَهِيجُ فَتَرَىٰهُ مُصْفَرًّۭا ثُمَّ يَجْعَلُهُۥ حُطَٰمًا ۚ إِنَّ فِى ذَٰلِكَ لَذِكْرَىٰ لِأُو۟لِى ٱلْأَلْبَٰبِ",
        "numberInSurah": 21,
        "juz": 23,
        "manzil": 6,
        "page": 460,
        "ruku": 397,
        "hizbQuarter": 184,
        "sajda": false,
        "audioArabic": [
          "https://cdn.jsdelivr.net/gh/Salimbd71/ArabicQuran@main/39/21.mp3"
        ],
        "audioBangla": [
          "https://cdn.jsdelivr.net/gh/Salimbd71/BanglaQuran@main/39/21.mp3"
        ]
      },
      {
        "number": 4080,
        "audio": "https://cdn.islamic.network/quran/audio/192/ar.abdulbasitmurattal/4080.mp3",
        "audioSecondary": [
          "https://cdn.islamic.network/quran/audio/192/ar.abdulbasitmurattal/4080.mp3"
        ],
        "text": "أَفَمَن شَرَحَ ٱللَّهُ صَدْرَهُۥ لِلْإِسْلَٰمِ فَهُوَ عَلَىٰ نُورٍۢ مِّن رَّبِّهِۦ ۚ فَوَيْلٌۭ لِّلْقَٰسِيَةِ قُلُوبُهُم مِّن ذِكْرِ ٱللَّهِ ۚ أُو۟لَٰٓئِكَ فِى ضَلَٰلٍۢ مُّبِينٍ",
        "numberInSurah": 22,
        "juz": 23,
        "manzil": 6,
        "page": 461,
        "ruku": 398,
        "hizbQuarter": 184,
        "sajda": false,
        "audioArabic": [
          "https://cdn.jsdelivr.net/gh/Salimbd71/ArabicQuran@main/39/22.mp3"
        ],
        "audioBangla": [
          "https://cdn.jsdelivr.net/gh/Salimbd71/BanglaQuran@main/39/22.mp3"
        ]
      },
      {
        "number": 4081,
        "audio": "https://cdn.islamic.network/quran/audio/192/ar.abdulbasitmurattal/4081.mp3",
        "audioSecondary": [
          "https://cdn.islamic.network/quran/audio/192/ar.abdulbasitmurattal/4081.mp3"
        ],
        "text": "ٱللَّهُ نَزَّلَ أَحْسَنَ ٱلْحَدِيثِ كِتَٰبًۭا مُّتَشَٰبِهًۭا مَّثَانِىَ تَقْشَعِرُّ مِنْهُ جُلُودُ ٱلَّذِينَ يَخْشَوْنَ رَبَّهُمْ ثُمَّ تَلِينُ جُلُودُهُمْ وَقُلُوبُهُمْ إِلَىٰ ذِكْرِ ٱللَّهِ ۚ ذَٰلِكَ هُدَى ٱللَّهِ يَهْدِى بِهِۦ مَن يَشَآءُ ۚ وَمَن يُضْلِلِ ٱللَّهُ فَمَا لَهُۥ مِنْ هَادٍ",
        "numberInSurah": 23,
        "juz": 23,
        "manzil": 6,
        "page": 461,
        "ruku": 398,
        "hizbQuarter": 184,
        "sajda": false,
        "audioArabic": [
          "https://cdn.jsdelivr.net/gh/Salimbd71/ArabicQuran@main/39/23.mp3"
        ],
        "audioBangla": [
          "https://cdn.jsdelivr.net/gh/Salimbd71/BanglaQuran@main/39/23.mp3"
        ]
      },
      {
        "number": 4082,
        "audio": "https://cdn.islamic.network/quran/audio/192/ar.abdulbasitmurattal/4082.mp3",
        "audioSecondary": [
          "https://cdn.islamic.network/quran/audio/192/ar.abdulbasitmurattal/4082.mp3"
        ],
        "text": "أَفَمَن يَتَّقِى بِوَجْهِهِۦ سُوٓءَ ٱلْعَذَابِ يَوْمَ ٱلْقِيَٰمَةِ ۚ وَقِيلَ لِلظَّٰلِمِينَ ذُوقُوا۟ مَا كُنتُمْ تَكْسِبُونَ",
        "numberInSurah": 24,
        "juz": 23,
        "manzil": 6,
        "page": 461,
        "ruku": 398,
        "hizbQuarter": 184,
        "sajda": false,
        "audioArabic": [
          "https://cdn.jsdelivr.net/gh/Salimbd71/ArabicQuran@main/39/24.mp3"
        ],
        "audioBangla": [
          "https://cdn.jsdelivr.net/gh/Salimbd71/BanglaQuran@main/39/24.mp3"
        ]
      },
      {
        "number": 4083,
        "audio": "https://cdn.islamic.network/quran/audio/192/ar.abdulbasitmurattal/4083.mp3",
        "audioSecondary": [
          "https://cdn.islamic.network/quran/audio/192/ar.abdulbasitmurattal/4083.mp3"
        ],
        "text": "كَذَّبَ ٱلَّذِينَ مِن قَبْلِهِمْ فَأَتَىٰهُمُ ٱلْعَذَابُ مِنْ حَيْثُ لَا يَشْعُرُونَ",
        "numberInSurah": 25,
        "juz": 23,
        "manzil": 6,
        "page": 461,
        "ruku": 398,
        "hizbQuarter": 184,
        "sajda": false,
        "audioArabic": [
          "https://cdn.jsdelivr.net/gh/Salimbd71/ArabicQuran@main/39/25.mp3"
        ],
        "audioBangla": [
          "https://cdn.jsdelivr.net/gh/Salimbd71/BanglaQuran@main/39/25.mp3"
        ]
      },
      {
        "number": 4084,
        "audio": "https://cdn.islamic.network/quran/audio/192/ar.abdulbasitmurattal/4084.mp3",
        "audioSecondary": [
          "https://cdn.islamic.network/quran/audio/192/ar.abdulbasitmurattal/4084.mp3"
        ],
        "text": "فَأَذَاقَهُمُ ٱللَّهُ ٱلْخِزْىَ فِى ٱلْحَيَوٰةِ ٱلدُّنْيَا ۖ وَلَعَذَابُ ٱلْءَاخِرَةِ أَكْبَرُ ۚ لَوْ كَانُوا۟ يَعْلَمُونَ",
        "numberInSurah": 26,
        "juz": 23,
        "manzil": 6,
        "page": 461,
        "ruku": 398,
        "hizbQuarter": 184,
        "sajda": false,
        "audioArabic": [
          "https://cdn.jsdelivr.net/gh/Salimbd71/ArabicQuran@main/39/26.mp3"
        ],
        "audioBangla": [
          "https://cdn.jsdelivr.net/gh/Salimbd71/BanglaQuran@main/39/26.mp3"
        ]
      },
      {
        "number": 4085,
        "audio": "https://cdn.islamic.network/quran/audio/192/ar.abdulbasitmurattal/4085.mp3",
        "audioSecondary": [
          "https://cdn.islamic.network/quran/audio/192/ar.abdulbasitmurattal/4085.mp3"
        ],
        "text": "وَلَقَدْ ضَرَبْنَا لِلنَّاسِ فِى هَٰذَا ٱلْقُرْءَانِ مِن كُلِّ مَثَلٍۢ لَّعَلَّهُمْ يَتَذَكَّرُونَ",
        "numberInSurah": 27,
        "juz": 23,
        "manzil": 6,
        "page": 461,
        "ruku": 398,
        "hizbQuarter": 184,
        "sajda": false,
        "audioArabic": [
          "https://cdn.jsdelivr.net/gh/Salimbd71/ArabicQuran@main/39/27.mp3"
        ],
        "audioBangla": [
          "https://cdn.jsdelivr.net/gh/Salimbd71/BanglaQuran@main/39/27.mp3"
        ]
      },
      {
        "number": 4086,
        "audio": "https://cdn.islamic.network/quran/audio/192/ar.abdulbasitmurattal/4086.mp3",
        "audioSecondary": [
          "https://cdn.islamic.network/quran/audio/192/ar.abdulbasitmurattal/4086.mp3"
        ],
        "text": "قُرْءَانًا عَرَبِيًّا غَيْرَ ذِى عِوَجٍۢ لَّعَلَّهُمْ يَتَّقُونَ",
        "numberInSurah": 28,
        "juz": 23,
        "manzil": 6,
        "page": 461,
        "ruku": 398,
        "hizbQuarter": 184,
        "sajda": false,
        "audioArabic": [
          "https://cdn.jsdelivr.net/gh/Salimbd71/ArabicQuran@main/39/28.mp3"
        ],
        "audioBangla": [
          "https://cdn.jsdelivr.net/gh/Salimbd71/BanglaQuran@main/39/28.mp3"
        ]
      },
      {
        "number": 4087,
        "audio": "https://cdn.islamic.network/quran/audio/192/ar.abdulbasitmurattal/4087.mp3",
        "audioSecondary": [
          "https://cdn.islamic.network/quran/audio/192/ar.abdulbasitmurattal/4087.mp3"
        ],
        "text": "ضَرَبَ ٱللَّهُ مَثَلًۭا رَّجُلًۭا فِيهِ شُرَكَآءُ مُتَشَٰكِسُونَ وَرَجُلًۭا سَلَمًۭا لِّرَجُلٍ هَلْ يَسْتَوِيَانِ مَثَلًا ۚ ٱلْحَمْدُ لِلَّهِ ۚ بَلْ أَكْثَرُهُمْ لَا يَعْلَمُونَ",
        "numberInSurah": 29,
        "juz": 23,
        "manzil": 6,
        "page": 461,
        "ruku": 398,
        "hizbQuarter": 184,
        "sajda": false,
        "audioArabic": [
          "https://cdn.jsdelivr.net/gh/Salimbd71/ArabicQuran@main/39/29.mp3"
        ],
        "audioBangla": [
          "https://cdn.jsdelivr.net/gh/Salimbd71/BanglaQuran@main/39/29.mp3"
        ]
      },
      {
        "number": 4088,
        "audio": "https://cdn.islamic.network/quran/audio/192/ar.abdulbasitmurattal/4088.mp3",
        "audioSecondary": [
          "https://cdn.islamic.network/quran/audio/192/ar.abdulbasitmurattal/4088.mp3"
        ],
        "text": "إِنَّكَ مَيِّتٌۭ وَإِنَّهُم مَّيِّتُونَ",
        "numberInSurah": 30,
        "juz": 23,
        "manzil": 6,
        "page": 461,
        "ruku": 398,
        "hizbQuarter": 184,
        "sajda": false,
        "audioArabic": [
          "https://cdn.jsdelivr.net/gh/Salimbd71/ArabicQuran@main/39/30.mp3"
        ],
        "audioBangla": [
          "https://cdn.jsdelivr.net/gh/Salimbd71/BanglaQuran@main/39/30.mp3"
        ]
      },
      {
        "number": 4089,
        "audio": "https://cdn.islamic.network/quran/audio/192/ar.abdulbasitmurattal/4089.mp3",
        "audioSecondary": [
          "https://cdn.islamic.network/quran/audio/192/ar.abdulbasitmurattal/4089.mp3"
        ],
        "text": "ثُمَّ إِنَّكُمْ يَوْمَ ٱلْقِيَٰمَةِ عِندَ رَبِّكُمْ تَخْتَصِمُونَ",
        "numberInSurah": 31,
        "juz": 23,
        "manzil": 6,
        "page": 461,
        "ruku": 398,
        "hizbQuarter": 184,
        "sajda": false,
        "audioArabic": [
          "https://cdn.jsdelivr.net/gh/Salimbd71/ArabicQuran@main/39/31.mp3"
        ],
        "audioBangla": [
          "https://cdn.jsdelivr.net/gh/Salimbd71/BanglaQuran@main/39/31.mp3"
        ]
      },
      {
        "number": 4090,
        "audio": "https://cdn.islamic.network/quran/audio/192/ar.abdulbasitmurattal/4090.mp3",
        "audioSecondary": [
          "https://cdn.islamic.network/quran/audio/192/ar.abdulbasitmurattal/4090.mp3"
        ],
        "text": "۞ فَمَنْ أَظْلَمُ مِمَّن كَذَبَ عَلَى ٱللَّهِ وَكَذَّبَ بِٱلصِّدْقِ إِذْ جَآءَهُۥٓ ۚ أَلَيْسَ فِى جَهَنَّمَ مَثْوًۭى لِّلْكَٰفِرِينَ",
        "numberInSurah": 32,
        "juz": 24,
        "manzil": 6,
        "page": 462,
        "ruku": 399,
        "hizbQuarter": 185,
        "sajda": false,
        "audioArabic": [
          "https://cdn.jsdelivr.net/gh/Salimbd71/ArabicQuran@main/39/32.mp3"
        ],
        "audioBangla": [
          "https://cdn.jsdelivr.net/gh/Salimbd71/BanglaQuran@main/39/32.mp3"
        ]
      },
      {
        "number": 4091,
        "audio": "https://cdn.islamic.network/quran/audio/192/ar.abdulbasitmurattal/4091.mp3",
        "audioSecondary": [
          "https://cdn.islamic.network/quran/audio/192/ar.abdulbasitmurattal/4091.mp3"
        ],
        "text": "وَٱلَّذِى جَآءَ بِٱلصِّدْقِ وَصَدَّقَ بِهِۦٓ ۙ أُو۟لَٰٓئِكَ هُمُ ٱلْمُتَّقُونَ",
        "numberInSurah": 33,
        "juz": 24,
        "manzil": 6,
        "page": 462,
        "ruku": 399,
        "hizbQuarter": 185,
        "sajda": false,
        "audioArabic": [
          "https://cdn.jsdelivr.net/gh/Salimbd71/ArabicQuran@main/39/33.mp3"
        ],
        "audioBangla": [
          "https://cdn.jsdelivr.net/gh/Salimbd71/BanglaQuran@main/39/33.mp3"
        ]
      },
      {
        "number": 4092,
        "audio": "https://cdn.islamic.network/quran/audio/192/ar.abdulbasitmurattal/4092.mp3",
        "audioSecondary": [
          "https://cdn.islamic.network/quran/audio/192/ar.abdulbasitmurattal/4092.mp3"
        ],
        "text": "لَهُم مَّا يَشَآءُونَ عِندَ رَبِّهِمْ ۚ ذَٰلِكَ جَزَآءُ ٱلْمُحْسِنِينَ",
        "numberInSurah": 34,
        "juz": 24,
        "manzil": 6,
        "page": 462,
        "ruku": 399,
        "hizbQuarter": 185,
        "sajda": false,
        "audioArabic": [
          "https://cdn.jsdelivr.net/gh/Salimbd71/ArabicQuran@main/39/34.mp3"
        ],
        "audioBangla": [
          "https://cdn.jsdelivr.net/gh/Salimbd71/BanglaQuran@main/39/34.mp3"
        ]
      },
      {
        "number": 4093,
        "audio": "https://cdn.islamic.network/quran/audio/192/ar.abdulbasitmurattal/4093.mp3",
        "audioSecondary": [
          "https://cdn.islamic.network/quran/audio/192/ar.abdulbasitmurattal/4093.mp3"
        ],
        "text": "لِيُكَفِّرَ ٱللَّهُ عَنْهُمْ أَسْوَأَ ٱلَّذِى عَمِلُوا۟ وَيَجْزِيَهُمْ أَجْرَهُم بِأَحْسَنِ ٱلَّذِى كَانُوا۟ يَعْمَلُونَ",
        "numberInSurah": 35,
        "juz": 24,
        "manzil": 6,
        "page": 462,
        "ruku": 399,
        "hizbQuarter": 185,
        "sajda": false,
        "audioArabic": [
          "https://cdn.jsdelivr.net/gh/Salimbd71/ArabicQuran@main/39/35.mp3"
        ],
        "audioBangla": [
          "https://cdn.jsdelivr.net/gh/Salimbd71/BanglaQuran@main/39/35.mp3"
        ]
      },
      {
        "number": 4094,
        "audio": "https://cdn.islamic.network/quran/audio/192/ar.abdulbasitmurattal/4094.mp3",
        "audioSecondary": [
          "https://cdn.islamic.network/quran/audio/192/ar.abdulbasitmurattal/4094.mp3"
        ],
        "text": "أَلَيْسَ ٱللَّهُ بِكَافٍ عَبْدَهُۥ ۖ وَيُخَوِّفُونَكَ بِٱلَّذِينَ مِن دُونِهِۦ ۚ وَمَن يُضْلِلِ ٱللَّهُ فَمَا لَهُۥ مِنْ هَادٍۢ",
        "numberInSurah": 36,
        "juz": 24,
        "manzil": 6,
        "page": 462,
        "ruku": 399,
        "hizbQuarter": 185,
        "sajda": false,
        "audioArabic": [
          "https://cdn.jsdelivr.net/gh/Salimbd71/ArabicQuran@main/39/36.mp3"
        ],
        "audioBangla": [
          "https://cdn.jsdelivr.net/gh/Salimbd71/BanglaQuran@main/39/36.mp3"
        ]
      },
      {
        "number": 4095,
        "audio": "https://cdn.islamic.network/quran/audio/192/ar.abdulbasitmurattal/4095.mp3",
        "audioSecondary": [
          "https://cdn.islamic.network/quran/audio/192/ar.abdulbasitmurattal/4095.mp3"
        ],
        "text": "وَمَن يَهْدِ ٱللَّهُ فَمَا لَهُۥ مِن مُّضِلٍّ ۗ أَلَيْسَ ٱللَّهُ بِعَزِيزٍۢ ذِى ٱنتِقَامٍۢ",
        "numberInSurah": 37,
        "juz": 24,
        "manzil": 6,
        "page": 462,
        "ruku": 399,
        "hizbQuarter": 185,
        "sajda": false,
        "audioArabic": [
          "https://cdn.jsdelivr.net/gh/Salimbd71/ArabicQuran@main/39/37.mp3"
        ],
        "audioBangla": [
          "https://cdn.jsdelivr.net/gh/Salimbd71/BanglaQuran@main/39/37.mp3"
        ]
      },
      {
        "number": 4096,
        "audio": "https://cdn.islamic.network/quran/audio/192/ar.abdulbasitmurattal/4096.mp3",
        "audioSecondary": [
          "https://cdn.islamic.network/quran/audio/192/ar.abdulbasitmurattal/4096.mp3"
        ],
        "text": "وَلَئِن سَأَلْتَهُم مَّنْ خَلَقَ ٱلسَّمَٰوَٰتِ وَٱلْأَرْضَ لَيَقُولُنَّ ٱللَّهُ ۚ قُلْ أَفَرَءَيْتُم مَّا تَدْعُونَ مِن دُونِ ٱللَّهِ إِنْ أَرَادَنِىَ ٱللَّهُ بِضُرٍّ هَلْ هُنَّ كَٰشِفَٰتُ ضُرِّهِۦٓ أَوْ أَرَادَنِى بِرَحْمَةٍ هَلْ هُنَّ مُمْسِكَٰتُ رَحْمَتِهِۦ ۚ قُلْ حَسْبِىَ ٱللَّهُ ۖ عَلَيْهِ يَتَوَكَّلُ ٱلْمُتَوَكِّلُونَ",
        "numberInSurah": 38,
        "juz": 24,
        "manzil": 6,
        "page": 462,
        "ruku": 399,
        "hizbQuarter": 185,
        "sajda": false,
        "audioArabic": [
          "https://cdn.jsdelivr.net/gh/Salimbd71/ArabicQuran@main/39/38.mp3"
        ],
        "audioBangla": [
          "https://cdn.jsdelivr.net/gh/Salimbd71/BanglaQuran@main/39/38.mp3"
        ]
      },
      {
        "number": 4097,
        "audio": "https://cdn.islamic.network/quran/audio/192/ar.abdulbasitmurattal/4097.mp3",
        "audioSecondary": [
          "https://cdn.islamic.network/quran/audio/192/ar.abdulbasitmurattal/4097.mp3"
        ],
        "text": "قُلْ يَٰقَوْمِ ٱعْمَلُوا۟ عَلَىٰ مَكَانَتِكُمْ إِنِّى عَٰمِلٌۭ ۖ فَسَوْفَ تَعْلَمُونَ",
        "numberInSurah": 39,
        "juz": 24,
        "manzil": 6,
        "page": 462,
        "ruku": 399,
        "hizbQuarter": 185,
        "sajda": false,
        "audioArabic": [
          "https://cdn.jsdelivr.net/gh/Salimbd71/ArabicQuran@main/39/39.mp3"
        ],
        "audioBangla": [
          "https://cdn.jsdelivr.net/gh/Salimbd71/BanglaQuran@main/39/39.mp3"
        ]
      },
      {
        "number": 4098,
        "audio": "https://cdn.islamic.network/quran/audio/192/ar.abdulbasitmurattal/4098.mp3",
        "audioSecondary": [
          "https://cdn.islamic.network/quran/audio/192/ar.abdulbasitmurattal/4098.mp3"
        ],
        "text": "مَن يَأْتِيهِ عَذَابٌۭ يُخْزِيهِ وَيَحِلُّ عَلَيْهِ عَذَابٌۭ مُّقِيمٌ",
        "numberInSurah": 40,
        "juz": 24,
        "manzil": 6,
        "page": 462,
        "ruku": 399,
        "hizbQuarter": 185,
        "sajda": false,
        "audioArabic": [
          "https://cdn.jsdelivr.net/gh/Salimbd71/ArabicQuran@main/39/40.mp3"
        ],
        "audioBangla": [
          "https://cdn.jsdelivr.net/gh/Salimbd71/BanglaQuran@main/39/40.mp3"
        ]
      },
      {
        "number": 4099,
        "audio": "https://cdn.islamic.network/quran/audio/192/ar.abdulbasitmurattal/4099.mp3",
        "audioSecondary": [
          "https://cdn.islamic.network/quran/audio/192/ar.abdulbasitmurattal/4099.mp3"
        ],
        "text": "إِنَّآ أَنزَلْنَا عَلَيْكَ ٱلْكِتَٰبَ لِلنَّاسِ بِٱلْحَقِّ ۖ فَمَنِ ٱهْتَدَىٰ فَلِنَفْسِهِۦ ۖ وَمَن ضَلَّ فَإِنَّمَا يَضِلُّ عَلَيْهَا ۖ وَمَآ أَنتَ عَلَيْهِم بِوَكِيلٍ",
        "numberInSurah": 41,
        "juz": 24,
        "manzil": 6,
        "page": 463,
        "ruku": 399,
        "hizbQuarter": 185,
        "sajda": false,
        "audioArabic": [
          "https://cdn.jsdelivr.net/gh/Salimbd71/ArabicQuran@main/39/41.mp3"
        ],
        "audioBangla": [
          "https://cdn.jsdelivr.net/gh/Salimbd71/BanglaQuran@main/39/41.mp3"
        ]
      },
      {
        "number": 4100,
        "audio": "https://cdn.islamic.network/quran/audio/192/ar.abdulbasitmurattal/4100.mp3",
        "audioSecondary": [
          "https://cdn.islamic.network/quran/audio/192/ar.abdulbasitmurattal/4100.mp3"
        ],
        "text": "ٱللَّهُ يَتَوَفَّى ٱلْأَنفُسَ حِينَ مَوْتِهَا وَٱلَّتِى لَمْ تَمُتْ فِى مَنَامِهَا ۖ فَيُمْسِكُ ٱلَّتِى قَضَىٰ عَلَيْهَا ٱلْمَوْتَ وَيُرْسِلُ ٱلْأُخْرَىٰٓ إِلَىٰٓ أَجَلٍۢ مُّسَمًّى ۚ إِنَّ فِى ذَٰلِكَ لَءَايَٰتٍۢ لِّقَوْمٍۢ يَتَفَكَّرُونَ",
        "numberInSurah": 42,
        "juz": 24,
        "manzil": 6,
        "page": 463,
        "ruku": 400,
        "hizbQuarter": 185,
        "sajda": false,
        "audioArabic": [
          "https://cdn.jsdelivr.net/gh/Salimbd71/ArabicQuran@main/39/42.mp3"
        ],
        "audioBangla": [
          "https://cdn.jsdelivr.net/gh/Salimbd71/BanglaQuran@main/39/42.mp3"
        ]
      },
      {
        "number": 4101,
        "audio": "https://cdn.islamic.network/quran/audio/192/ar.abdulbasitmurattal/4101.mp3",
        "audioSecondary": [
          "https://cdn.islamic.network/quran/audio/192/ar.abdulbasitmurattal/4101.mp3"
        ],
        "text": "أَمِ ٱتَّخَذُوا۟ مِن دُونِ ٱللَّهِ شُفَعَآءَ ۚ قُلْ أَوَلَوْ كَانُوا۟ لَا يَمْلِكُونَ شَيْـًۭٔا وَلَا يَعْقِلُونَ",
        "numberInSurah": 43,
        "juz": 24,
        "manzil": 6,
        "page": 463,
        "ruku": 400,
        "hizbQuarter": 185,
        "sajda": false,
        "audioArabic": [
          "https://cdn.jsdelivr.net/gh/Salimbd71/ArabicQuran@main/39/43.mp3"
        ],
        "audioBangla": [
          "https://cdn.jsdelivr.net/gh/Salimbd71/BanglaQuran@main/39/43.mp3"
        ]
      },
      {
        "number": 4102,
        "audio": "https://cdn.islamic.network/quran/audio/192/ar.abdulbasitmurattal/4102.mp3",
        "audioSecondary": [
          "https://cdn.islamic.network/quran/audio/192/ar.abdulbasitmurattal/4102.mp3"
        ],
        "text": "قُل لِّلَّهِ ٱلشَّفَٰعَةُ جَمِيعًۭا ۖ لَّهُۥ مُلْكُ ٱلسَّمَٰوَٰتِ وَٱلْأَرْضِ ۖ ثُمَّ إِلَيْهِ تُرْجَعُونَ",
        "numberInSurah": 44,
        "juz": 24,
        "manzil": 6,
        "page": 463,
        "ruku": 400,
        "hizbQuarter": 185,
        "sajda": false,
        "audioArabic": [
          "https://cdn.jsdelivr.net/gh/Salimbd71/ArabicQuran@main/39/44.mp3"
        ],
        "audioBangla": [
          "https://cdn.jsdelivr.net/gh/Salimbd71/BanglaQuran@main/39/44.mp3"
        ]
      },
      {
        "number": 4103,
        "audio": "https://cdn.islamic.network/quran/audio/192/ar.abdulbasitmurattal/4103.mp3",
        "audioSecondary": [
          "https://cdn.islamic.network/quran/audio/192/ar.abdulbasitmurattal/4103.mp3"
        ],
        "text": "وَإِذَا ذُكِرَ ٱللَّهُ وَحْدَهُ ٱشْمَأَزَّتْ قُلُوبُ ٱلَّذِينَ لَا يُؤْمِنُونَ بِٱلْءَاخِرَةِ ۖ وَإِذَا ذُكِرَ ٱلَّذِينَ مِن دُونِهِۦٓ إِذَا هُمْ يَسْتَبْشِرُونَ",
        "numberInSurah": 45,
        "juz": 24,
        "manzil": 6,
        "page": 463,
        "ruku": 400,
        "hizbQuarter": 185,
        "sajda": false,
        "audioArabic": [
          "https://cdn.jsdelivr.net/gh/Salimbd71/ArabicQuran@main/39/45.mp3"
        ],
        "audioBangla": [
          "https://cdn.jsdelivr.net/gh/Salimbd71/BanglaQuran@main/39/45.mp3"
        ]
      },
      {
        "number": 4104,
        "audio": "https://cdn.islamic.network/quran/audio/192/ar.abdulbasitmurattal/4104.mp3",
        "audioSecondary": [
          "https://cdn.islamic.network/quran/audio/192/ar.abdulbasitmurattal/4104.mp3"
        ],
        "text": "قُلِ ٱللَّهُمَّ فَاطِرَ ٱلسَّمَٰوَٰتِ وَٱلْأَرْضِ عَٰلِمَ ٱلْغَيْبِ وَٱلشَّهَٰدَةِ أَنتَ تَحْكُمُ بَيْنَ عِبَادِكَ فِى مَا كَانُوا۟ فِيهِ يَخْتَلِفُونَ",
        "numberInSurah": 46,
        "juz": 24,
        "manzil": 6,
        "page": 463,
        "ruku": 400,
        "hizbQuarter": 185,
        "sajda": false,
        "audioArabic": [
          "https://cdn.jsdelivr.net/gh/Salimbd71/ArabicQuran@main/39/46.mp3"
        ],
        "audioBangla": [
          "https://cdn.jsdelivr.net/gh/Salimbd71/BanglaQuran@main/39/46.mp3"
        ]
      },
      {
        "number": 4105,
        "audio": "https://cdn.islamic.network/quran/audio/192/ar.abdulbasitmurattal/4105.mp3",
        "audioSecondary": [
          "https://cdn.islamic.network/quran/audio/192/ar.abdulbasitmurattal/4105.mp3"
        ],
        "text": "وَلَوْ أَنَّ لِلَّذِينَ ظَلَمُوا۟ مَا فِى ٱلْأَرْضِ جَمِيعًۭا وَمِثْلَهُۥ مَعَهُۥ لَٱفْتَدَوْا۟ بِهِۦ مِن سُوٓءِ ٱلْعَذَابِ يَوْمَ ٱلْقِيَٰمَةِ ۚ وَبَدَا لَهُم مِّنَ ٱللَّهِ مَا لَمْ يَكُونُوا۟ يَحْتَسِبُونَ",
        "numberInSurah": 47,
        "juz": 24,
        "manzil": 6,
        "page": 463,
        "ruku": 400,
        "hizbQuarter": 185,
        "sajda": false,
        "audioArabic": [
          "https://cdn.jsdelivr.net/gh/Salimbd71/ArabicQuran@main/39/47.mp3"
        ],
        "audioBangla": [
          "https://cdn.jsdelivr.net/gh/Salimbd71/BanglaQuran@main/39/47.mp3"
        ]
      },
      {
        "number": 4106,
        "audio": "https://cdn.islamic.network/quran/audio/192/ar.abdulbasitmurattal/4106.mp3",
        "audioSecondary": [
          "https://cdn.islamic.network/quran/audio/192/ar.abdulbasitmurattal/4106.mp3"
        ],
        "text": "وَبَدَا لَهُمْ سَيِّـَٔاتُ مَا كَسَبُوا۟ وَحَاقَ بِهِم مَّا كَانُوا۟ بِهِۦ يَسْتَهْزِءُونَ",
        "numberInSurah": 48,
        "juz": 24,
        "manzil": 6,
        "page": 464,
        "ruku": 400,
        "hizbQuarter": 185,
        "sajda": false,
        "audioArabic": [
          "https://cdn.jsdelivr.net/gh/Salimbd71/ArabicQuran@main/39/48.mp3"
        ],
        "audioBangla": [
          "https://cdn.jsdelivr.net/gh/Salimbd71/BanglaQuran@main/39/48.mp3"
        ]
      },
      {
        "number": 4107,
        "audio": "https://cdn.islamic.network/quran/audio/192/ar.abdulbasitmurattal/4107.mp3",
        "audioSecondary": [
          "https://cdn.islamic.network/quran/audio/192/ar.abdulbasitmurattal/4107.mp3"
        ],
        "text": "فَإِذَا مَسَّ ٱلْإِنسَٰنَ ضُرٌّۭ دَعَانَا ثُمَّ إِذَا خَوَّلْنَٰهُ نِعْمَةًۭ مِّنَّا قَالَ إِنَّمَآ أُوتِيتُهُۥ عَلَىٰ عِلْمٍۭ ۚ بَلْ هِىَ فِتْنَةٌۭ وَلَٰكِنَّ أَكْثَرَهُمْ لَا يَعْلَمُونَ",
        "numberInSurah": 49,
        "juz": 24,
        "manzil": 6,
        "page": 464,
        "ruku": 400,
        "hizbQuarter": 185,
        "sajda": false,
        "audioArabic": [
          "https://cdn.jsdelivr.net/gh/Salimbd71/ArabicQuran@main/39/49.mp3"
        ],
        "audioBangla": [
          "https://cdn.jsdelivr.net/gh/Salimbd71/BanglaQuran@main/39/49.mp3"
        ]
      },
      {
        "number": 4108,
        "audio": "https://cdn.islamic.network/quran/audio/192/ar.abdulbasitmurattal/4108.mp3",
        "audioSecondary": [
          "https://cdn.islamic.network/quran/audio/192/ar.abdulbasitmurattal/4108.mp3"
        ],
        "text": "قَدْ قَالَهَا ٱلَّذِينَ مِن قَبْلِهِمْ فَمَآ أَغْنَىٰ عَنْهُم مَّا كَانُوا۟ يَكْسِبُونَ",
        "numberInSurah": 50,
        "juz": 24,
        "manzil": 6,
        "page": 464,
        "ruku": 400,
        "hizbQuarter": 185,
        "sajda": false,
        "audioArabic": [
          "https://cdn.jsdelivr.net/gh/Salimbd71/ArabicQuran@main/39/50.mp3"
        ],
        "audioBangla": [
          "https://cdn.jsdelivr.net/gh/Salimbd71/BanglaQuran@main/39/50.mp3"
        ]
      },
      {
        "number": 4109,
        "audio": "https://cdn.islamic.network/quran/audio/192/ar.abdulbasitmurattal/4109.mp3",
        "audioSecondary": [
          "https://cdn.islamic.network/quran/audio/192/ar.abdulbasitmurattal/4109.mp3"
        ],
        "text": "فَأَصَابَهُمْ سَيِّـَٔاتُ مَا كَسَبُوا۟ ۚ وَٱلَّذِينَ ظَلَمُوا۟ مِنْ هَٰٓؤُلَآءِ سَيُصِيبُهُمْ سَيِّـَٔاتُ مَا كَسَبُوا۟ وَمَا هُم بِمُعْجِزِينَ",
        "numberInSurah": 51,
        "juz": 24,
        "manzil": 6,
        "page": 464,
        "ruku": 400,
        "hizbQuarter": 185,
        "sajda": false,
        "audioArabic": [
          "https://cdn.jsdelivr.net/gh/Salimbd71/ArabicQuran@main/39/51.mp3"
        ],
        "audioBangla": [
          "https://cdn.jsdelivr.net/gh/Salimbd71/BanglaQuran@main/39/51.mp3"
        ]
      },
      {
        "number": 4110,
        "audio": "https://cdn.islamic.network/quran/audio/192/ar.abdulbasitmurattal/4110.mp3",
        "audioSecondary": [
          "https://cdn.islamic.network/quran/audio/192/ar.abdulbasitmurattal/4110.mp3"
        ],
        "text": "أَوَلَمْ يَعْلَمُوٓا۟ أَنَّ ٱللَّهَ يَبْسُطُ ٱلرِّزْقَ لِمَن يَشَآءُ وَيَقْدِرُ ۚ إِنَّ فِى ذَٰلِكَ لَءَايَٰتٍۢ لِّقَوْمٍۢ يُؤْمِنُونَ",
        "numberInSurah": 52,
        "juz": 24,
        "manzil": 6,
        "page": 464,
        "ruku": 400,
        "hizbQuarter": 185,
        "sajda": false,
        "audioArabic": [
          "https://cdn.jsdelivr.net/gh/Salimbd71/ArabicQuran@main/39/52.mp3"
        ],
        "audioBangla": [
          "https://cdn.jsdelivr.net/gh/Salimbd71/BanglaQuran@main/39/52.mp3"
        ]
      },
      {
        "number": 4111,
        "audio": "https://cdn.islamic.network/quran/audio/192/ar.abdulbasitmurattal/4111.mp3",
        "audioSecondary": [
          "https://cdn.islamic.network/quran/audio/192/ar.abdulbasitmurattal/4111.mp3"
        ],
        "text": "۞ قُلْ يَٰعِبَادِىَ ٱلَّذِينَ أَسْرَفُوا۟ عَلَىٰٓ أَنفُسِهِمْ لَا تَقْنَطُوا۟ مِن رَّحْمَةِ ٱللَّهِ ۚ إِنَّ ٱللَّهَ يَغْفِرُ ٱلذُّنُوبَ جَمِيعًا ۚ إِنَّهُۥ هُوَ ٱلْغَفُورُ ٱلرَّحِيمُ",
        "numberInSurah": 53,
        "juz": 24,
        "manzil": 6,
        "page": 464,
        "ruku": 401,
        "hizbQuarter": 186,
        "sajda": false,
        "audioArabic": [
          "https://cdn.jsdelivr.net/gh/Salimbd71/ArabicQuran@main/39/53.mp3"
        ],
        "audioBangla": [
          "https://cdn.jsdelivr.net/gh/Salimbd71/BanglaQuran@main/39/53.mp3"
        ]
      },
      {
        "number": 4112,
        "audio": "https://cdn.islamic.network/quran/audio/192/ar.abdulbasitmurattal/4112.mp3",
        "audioSecondary": [
          "https://cdn.islamic.network/quran/audio/192/ar.abdulbasitmurattal/4112.mp3"
        ],
        "text": "وَأَنِيبُوٓا۟ إِلَىٰ رَبِّكُمْ وَأَسْلِمُوا۟ لَهُۥ مِن قَبْلِ أَن يَأْتِيَكُمُ ٱلْعَذَابُ ثُمَّ لَا تُنصَرُونَ",
        "numberInSurah": 54,
        "juz": 24,
        "manzil": 6,
        "page": 464,
        "ruku": 401,
        "hizbQuarter": 186,
        "sajda": false,
        "audioArabic": [
          "https://cdn.jsdelivr.net/gh/Salimbd71/ArabicQuran@main/39/54.mp3"
        ],
        "audioBangla": [
          "https://cdn.jsdelivr.net/gh/Salimbd71/BanglaQuran@main/39/54.mp3"
        ]
      },
      {
        "number": 4113,
        "audio": "https://cdn.islamic.network/quran/audio/192/ar.abdulbasitmurattal/4113.mp3",
        "audioSecondary": [
          "https://cdn.islamic.network/quran/audio/192/ar.abdulbasitmurattal/4113.mp3"
        ],
        "text": "وَٱتَّبِعُوٓا۟ أَحْسَنَ مَآ أُنزِلَ إِلَيْكُم مِّن رَّبِّكُم مِّن قَبْلِ أَن يَأْتِيَكُمُ ٱلْعَذَابُ بَغْتَةًۭ وَأَنتُمْ لَا تَشْعُرُونَ",
        "numberInSurah": 55,
        "juz": 24,
        "manzil": 6,
        "page": 464,
        "ruku": 401,
        "hizbQuarter": 186,
        "sajda": false,
        "audioArabic": [
          "https://cdn.jsdelivr.net/gh/Salimbd71/ArabicQuran@main/39/55.mp3"
        ],
        "audioBangla": [
          "https://cdn.jsdelivr.net/gh/Salimbd71/BanglaQuran@main/39/55.mp3"
        ]
      },
      {
        "number": 4114,
        "audio": "https://cdn.islamic.network/quran/audio/192/ar.abdulbasitmurattal/4114.mp3",
        "audioSecondary": [
          "https://cdn.islamic.network/quran/audio/192/ar.abdulbasitmurattal/4114.mp3"
        ],
        "text": "أَن تَقُولَ نَفْسٌۭ يَٰحَسْرَتَىٰ عَلَىٰ مَا فَرَّطتُ فِى جَنۢبِ ٱللَّهِ وَإِن كُنتُ لَمِنَ ٱلسَّٰخِرِينَ",
        "numberInSurah": 56,
        "juz": 24,
        "manzil": 6,
        "page": 464,
        "ruku": 401,
        "hizbQuarter": 186,
        "sajda": false,
        "audioArabic": [
          "https://cdn.jsdelivr.net/gh/Salimbd71/ArabicQuran@main/39/56.mp3"
        ],
        "audioBangla": [
          "https://cdn.jsdelivr.net/gh/Salimbd71/BanglaQuran@main/39/56.mp3"
        ]
      },
      {
        "number": 4115,
        "audio": "https://cdn.islamic.network/quran/audio/192/ar.abdulbasitmurattal/4115.mp3",
        "audioSecondary": [
          "https://cdn.islamic.network/quran/audio/192/ar.abdulbasitmurattal/4115.mp3"
        ],
        "text": "أَوْ تَقُولَ لَوْ أَنَّ ٱللَّهَ هَدَىٰنِى لَكُنتُ مِنَ ٱلْمُتَّقِينَ",
        "numberInSurah": 57,
        "juz": 24,
        "manzil": 6,
        "page": 465,
        "ruku": 401,
        "hizbQuarter": 186,
        "sajda": false,
        "audioArabic": [
          "https://cdn.jsdelivr.net/gh/Salimbd71/ArabicQuran@main/39/57.mp3"
        ],
        "audioBangla": [
          "https://cdn.jsdelivr.net/gh/Salimbd71/BanglaQuran@main/39/57.mp3"
        ]
      },
      {
        "number": 4116,
        "audio": "https://cdn.islamic.network/quran/audio/192/ar.abdulbasitmurattal/4116.mp3",
        "audioSecondary": [
          "https://cdn.islamic.network/quran/audio/192/ar.abdulbasitmurattal/4116.mp3"
        ],
        "text": "أَوْ تَقُولَ حِينَ تَرَى ٱلْعَذَابَ لَوْ أَنَّ لِى كَرَّةًۭ فَأَكُونَ مِنَ ٱلْمُحْسِنِينَ",
        "numberInSurah": 58,
        "juz": 24,
        "manzil": 6,
        "page": 465,
        "ruku": 401,
        "hizbQuarter": 186,
        "sajda": false,
        "audioArabic": [
          "https://cdn.jsdelivr.net/gh/Salimbd71/ArabicQuran@main/39/58.mp3"
        ],
        "audioBangla": [
          "https://cdn.jsdelivr.net/gh/Salimbd71/BanglaQuran@main/39/58.mp3"
        ]
      },
      {
        "number": 4117,
        "audio": "https://cdn.islamic.network/quran/audio/192/ar.abdulbasitmurattal/4117.mp3",
        "audioSecondary": [
          "https://cdn.islamic.network/quran/audio/192/ar.abdulbasitmurattal/4117.mp3"
        ],
        "text": "بَلَىٰ قَدْ جَآءَتْكَ ءَايَٰتِى فَكَذَّبْتَ بِهَا وَٱسْتَكْبَرْتَ وَكُنتَ مِنَ ٱلْكَٰفِرِينَ",
        "numberInSurah": 59,
        "juz": 24,
        "manzil": 6,
        "page": 465,
        "ruku": 401,
        "hizbQuarter": 186,
        "sajda": false,
        "audioArabic": [
          "https://cdn.jsdelivr.net/gh/Salimbd71/ArabicQuran@main/39/59.mp3"
        ],
        "audioBangla": [
          "https://cdn.jsdelivr.net/gh/Salimbd71/BanglaQuran@main/39/59.mp3"
        ]
      },
      {
        "number": 4118,
        "audio": "https://cdn.islamic.network/quran/audio/192/ar.abdulbasitmurattal/4118.mp3",
        "audioSecondary": [
          "https://cdn.islamic.network/quran/audio/192/ar.abdulbasitmurattal/4118.mp3"
        ],
        "text": "وَيَوْمَ ٱلْقِيَٰمَةِ تَرَى ٱلَّذِينَ كَذَبُوا۟ عَلَى ٱللَّهِ وُجُوهُهُم مُّسْوَدَّةٌ ۚ أَلَيْسَ فِى جَهَنَّمَ مَثْوًۭى لِّلْمُتَكَبِّرِينَ",
        "numberInSurah": 60,
        "juz": 24,
        "manzil": 6,
        "page": 465,
        "ruku": 401,
        "hizbQuarter": 186,
        "sajda": false,
        "audioArabic": [
          "https://cdn.jsdelivr.net/gh/Salimbd71/ArabicQuran@main/39/60.mp3"
        ],
        "audioBangla": [
          "https://cdn.jsdelivr.net/gh/Salimbd71/BanglaQuran@main/39/60.mp3"
        ]
      },
      {
        "number": 4119,
        "audio": "https://cdn.islamic.network/quran/audio/192/ar.abdulbasitmurattal/4119.mp3",
        "audioSecondary": [
          "https://cdn.islamic.network/quran/audio/192/ar.abdulbasitmurattal/4119.mp3"
        ],
        "text": "وَيُنَجِّى ٱللَّهُ ٱلَّذِينَ ٱتَّقَوْا۟ بِمَفَازَتِهِمْ لَا يَمَسُّهُمُ ٱلسُّوٓءُ وَلَا هُمْ يَحْزَنُونَ",
        "numberInSurah": 61,
        "juz": 24,
        "manzil": 6,
        "page": 465,
        "ruku": 401,
        "hizbQuarter": 186,
        "sajda": false,
        "audioArabic": [
          "https://cdn.jsdelivr.net/gh/Salimbd71/ArabicQuran@main/39/61.mp3"
        ],
        "audioBangla": [
          "https://cdn.jsdelivr.net/gh/Salimbd71/BanglaQuran@main/39/61.mp3"
        ]
      },
      {
        "number": 4120,
        "audio": "https://cdn.islamic.network/quran/audio/192/ar.abdulbasitmurattal/4120.mp3",
        "audioSecondary": [
          "https://cdn.islamic.network/quran/audio/192/ar.abdulbasitmurattal/4120.mp3"
        ],
        "text": "ٱللَّهُ خَٰلِقُ كُلِّ شَىْءٍۢ ۖ وَهُوَ عَلَىٰ كُلِّ شَىْءٍۢ وَكِيلٌۭ",
        "numberInSurah": 62,
        "juz": 24,
        "manzil": 6,
        "page": 465,
        "ruku": 401,
        "hizbQuarter": 186,
        "sajda": false,
        "audioArabic": [
          "https://cdn.jsdelivr.net/gh/Salimbd71/ArabicQuran@main/39/62.mp3"
        ],
        "audioBangla": [
          "https://cdn.jsdelivr.net/gh/Salimbd71/BanglaQuran@main/39/62.mp3"
        ]
      },
      {
        "number": 4121,
        "audio": "https://cdn.islamic.network/quran/audio/192/ar.abdulbasitmurattal/4121.mp3",
        "audioSecondary": [
          "https://cdn.islamic.network/quran/audio/192/ar.abdulbasitmurattal/4121.mp3"
        ],
        "text": "لَّهُۥ مَقَالِيدُ ٱلسَّمَٰوَٰتِ وَٱلْأَرْضِ ۗ وَٱلَّذِينَ كَفَرُوا۟ بِـَٔايَٰتِ ٱللَّهِ أُو۟لَٰٓئِكَ هُمُ ٱلْخَٰسِرُونَ",
        "numberInSurah": 63,
        "juz": 24,
        "manzil": 6,
        "page": 465,
        "ruku": 401,
        "hizbQuarter": 186,
        "sajda": false,
        "audioArabic": [
          "https://cdn.jsdelivr.net/gh/Salimbd71/ArabicQuran@main/39/63.mp3"
        ],
        "audioBangla": [
          "https://cdn.jsdelivr.net/gh/Salimbd71/BanglaQuran@main/39/63.mp3"
        ]
      },
      {
        "number": 4122,
        "audio": "https://cdn.islamic.network/quran/audio/192/ar.abdulbasitmurattal/4122.mp3",
        "audioSecondary": [
          "https://cdn.islamic.network/quran/audio/192/ar.abdulbasitmurattal/4122.mp3"
        ],
        "text": "قُلْ أَفَغَيْرَ ٱللَّهِ تَأْمُرُوٓنِّىٓ أَعْبُدُ أَيُّهَا ٱلْجَٰهِلُونَ",
        "numberInSurah": 64,
        "juz": 24,
        "manzil": 6,
        "page": 465,
        "ruku": 402,
        "hizbQuarter": 186,
        "sajda": false,
        "audioArabic": [
          "https://cdn.jsdelivr.net/gh/Salimbd71/ArabicQuran@main/39/64.mp3"
        ],
        "audioBangla": [
          "https://cdn.jsdelivr.net/gh/Salimbd71/BanglaQuran@main/39/64.mp3"
        ]
      },
      {
        "number": 4123,
        "audio": "https://cdn.islamic.network/quran/audio/192/ar.abdulbasitmurattal/4123.mp3",
        "audioSecondary": [
          "https://cdn.islamic.network/quran/audio/192/ar.abdulbasitmurattal/4123.mp3"
        ],
        "text": "وَلَقَدْ أُوحِىَ إِلَيْكَ وَإِلَى ٱلَّذِينَ مِن قَبْلِكَ لَئِنْ أَشْرَكْتَ لَيَحْبَطَنَّ عَمَلُكَ وَلَتَكُونَنَّ مِنَ ٱلْخَٰسِرِينَ",
        "numberInSurah": 65,
        "juz": 24,
        "manzil": 6,
        "page": 465,
        "ruku": 402,
        "hizbQuarter": 186,
        "sajda": false,
        "audioArabic": [
          "https://cdn.jsdelivr.net/gh/Salimbd71/ArabicQuran@main/39/65.mp3"
        ],
        "audioBangla": [
          "https://cdn.jsdelivr.net/gh/Salimbd71/BanglaQuran@main/39/65.mp3"
        ]
      },
      {
        "number": 4124,
        "audio": "https://cdn.islamic.network/quran/audio/192/ar.abdulbasitmurattal/4124.mp3",
        "audioSecondary": [
          "https://cdn.islamic.network/quran/audio/192/ar.abdulbasitmurattal/4124.mp3"
        ],
        "text": "بَلِ ٱللَّهَ فَٱعْبُدْ وَكُن مِّنَ ٱلشَّٰكِرِينَ",
        "numberInSurah": 66,
        "juz": 24,
        "manzil": 6,
        "page": 465,
        "ruku": 402,
        "hizbQuarter": 186,
        "sajda": false,
        "audioArabic": [
          "https://cdn.jsdelivr.net/gh/Salimbd71/ArabicQuran@main/39/66.mp3"
        ],
        "audioBangla": [
          "https://cdn.jsdelivr.net/gh/Salimbd71/BanglaQuran@main/39/66.mp3"
        ]
      },
      {
        "number": 4125,
        "audio": "https://cdn.islamic.network/quran/audio/192/ar.abdulbasitmurattal/4125.mp3",
        "audioSecondary": [
          "https://cdn.islamic.network/quran/audio/192/ar.abdulbasitmurattal/4125.mp3"
        ],
        "text": "وَمَا قَدَرُوا۟ ٱللَّهَ حَقَّ قَدْرِهِۦ وَٱلْأَرْضُ جَمِيعًۭا قَبْضَتُهُۥ يَوْمَ ٱلْقِيَٰمَةِ وَٱلسَّمَٰوَٰتُ مَطْوِيَّٰتٌۢ بِيَمِينِهِۦ ۚ سُبْحَٰنَهُۥ وَتَعَٰلَىٰ عَمَّا يُشْرِكُونَ",
        "numberInSurah": 67,
        "juz": 24,
        "manzil": 6,
        "page": 465,
        "ruku": 402,
        "hizbQuarter": 186,
        "sajda": false,
        "audioArabic": [
          "https://cdn.jsdelivr.net/gh/Salimbd71/ArabicQuran@main/39/67.mp3"
        ],
        "audioBangla": [
          "https://cdn.jsdelivr.net/gh/Salimbd71/BanglaQuran@main/39/67.mp3"
        ]
      },
      {
        "number": 4126,
        "audio": "https://cdn.islamic.network/quran/audio/192/ar.abdulbasitmurattal/4126.mp3",
        "audioSecondary": [
          "https://cdn.islamic.network/quran/audio/192/ar.abdulbasitmurattal/4126.mp3"
        ],
        "text": "وَنُفِخَ فِى ٱلصُّورِ فَصَعِقَ مَن فِى ٱلسَّمَٰوَٰتِ وَمَن فِى ٱلْأَرْضِ إِلَّا مَن شَآءَ ٱللَّهُ ۖ ثُمَّ نُفِخَ فِيهِ أُخْرَىٰ فَإِذَا هُمْ قِيَامٌۭ يَنظُرُونَ",
        "numberInSurah": 68,
        "juz": 24,
        "manzil": 6,
        "page": 466,
        "ruku": 402,
        "hizbQuarter": 186,
        "sajda": false,
        "audioArabic": [
          "https://cdn.jsdelivr.net/gh/Salimbd71/ArabicQuran@main/39/68.mp3"
        ],
        "audioBangla": [
          "https://cdn.jsdelivr.net/gh/Salimbd71/BanglaQuran@main/39/68.mp3"
        ]
      },
      {
        "number": 4127,
        "audio": "https://cdn.islamic.network/quran/audio/192/ar.abdulbasitmurattal/4127.mp3",
        "audioSecondary": [
          "https://cdn.islamic.network/quran/audio/192/ar.abdulbasitmurattal/4127.mp3"
        ],
        "text": "وَأَشْرَقَتِ ٱلْأَرْضُ بِنُورِ رَبِّهَا وَوُضِعَ ٱلْكِتَٰبُ وَجِا۟ىٓءَ بِٱلنَّبِيِّۦنَ وَٱلشُّهَدَآءِ وَقُضِىَ بَيْنَهُم بِٱلْحَقِّ وَهُمْ لَا يُظْلَمُونَ",
        "numberInSurah": 69,
        "juz": 24,
        "manzil": 6,
        "page": 466,
        "ruku": 402,
        "hizbQuarter": 186,
        "sajda": false,
        "audioArabic": [
          "https://cdn.jsdelivr.net/gh/Salimbd71/ArabicQuran@main/39/69.mp3"
        ],
        "audioBangla": [
          "https://cdn.jsdelivr.net/gh/Salimbd71/BanglaQuran@main/39/69.mp3"
        ]
      },
      {
        "number": 4128,
        "audio": "https://cdn.islamic.network/quran/audio/192/ar.abdulbasitmurattal/4128.mp3",
        "audioSecondary": [
          "https://cdn.islamic.network/quran/audio/192/ar.abdulbasitmurattal/4128.mp3"
        ],
        "text": "وَوُفِّيَتْ كُلُّ نَفْسٍۢ مَّا عَمِلَتْ وَهُوَ أَعْلَمُ بِمَا يَفْعَلُونَ",
        "numberInSurah": 70,
        "juz": 24,
        "manzil": 6,
        "page": 466,
        "ruku": 402,
        "hizbQuarter": 186,
        "sajda": false,
        "audioArabic": [
          "https://cdn.jsdelivr.net/gh/Salimbd71/ArabicQuran@main/39/70.mp3"
        ],
        "audioBangla": [
          "https://cdn.jsdelivr.net/gh/Salimbd71/BanglaQuran@main/39/70.mp3"
        ]
      },
      {
        "number": 4129,
        "audio": "https://cdn.islamic.network/quran/audio/192/ar.abdulbasitmurattal/4129.mp3",
        "audioSecondary": [
          "https://cdn.islamic.network/quran/audio/192/ar.abdulbasitmurattal/4129.mp3"
        ],
        "text": "وَسِيقَ ٱلَّذِينَ كَفَرُوٓا۟ إِلَىٰ جَهَنَّمَ زُمَرًا ۖ حَتَّىٰٓ إِذَا جَآءُوهَا فُتِحَتْ أَبْوَٰبُهَا وَقَالَ لَهُمْ خَزَنَتُهَآ أَلَمْ يَأْتِكُمْ رُسُلٌۭ مِّنكُمْ يَتْلُونَ عَلَيْكُمْ ءَايَٰتِ رَبِّكُمْ وَيُنذِرُونَكُمْ لِقَآءَ يَوْمِكُمْ هَٰذَا ۚ قَالُوا۟ بَلَىٰ وَلَٰكِنْ حَقَّتْ كَلِمَةُ ٱلْعَذَابِ عَلَى ٱلْكَٰفِرِينَ",
        "numberInSurah": 71,
        "juz": 24,
        "manzil": 6,
        "page": 466,
        "ruku": 403,
        "hizbQuarter": 186,
        "sajda": false,
        "audioArabic": [
          "https://cdn.jsdelivr.net/gh/Salimbd71/ArabicQuran@main/39/71.mp3"
        ],
        "audioBangla": [
          "https://cdn.jsdelivr.net/gh/Salimbd71/BanglaQuran@main/39/71.mp3"
        ]
      },
      {
        "number": 4130,
        "audio": "https://cdn.islamic.network/quran/audio/192/ar.abdulbasitmurattal/4130.mp3",
        "audioSecondary": [
          "https://cdn.islamic.network/quran/audio/192/ar.abdulbasitmurattal/4130.mp3"
        ],
        "text": "قِيلَ ٱدْخُلُوٓا۟ أَبْوَٰبَ جَهَنَّمَ خَٰلِدِينَ فِيهَا ۖ فَبِئْسَ مَثْوَى ٱلْمُتَكَبِّرِينَ",
        "numberInSurah": 72,
        "juz": 24,
        "manzil": 6,
        "page": 466,
        "ruku": 403,
        "hizbQuarter": 186,
        "sajda": false,
        "audioArabic": [
          "https://cdn.jsdelivr.net/gh/Salimbd71/ArabicQuran@main/39/72.mp3"
        ],
        "audioBangla": [
          "https://cdn.jsdelivr.net/gh/Salimbd71/BanglaQuran@main/39/72.mp3"
        ]
      },
      {
        "number": 4131,
        "audio": "https://cdn.islamic.network/quran/audio/192/ar.abdulbasitmurattal/4131.mp3",
        "audioSecondary": [
          "https://cdn.islamic.network/quran/audio/192/ar.abdulbasitmurattal/4131.mp3"
        ],
        "text": "وَسِيقَ ٱلَّذِينَ ٱتَّقَوْا۟ رَبَّهُمْ إِلَى ٱلْجَنَّةِ زُمَرًا ۖ حَتَّىٰٓ إِذَا جَآءُوهَا وَفُتِحَتْ أَبْوَٰبُهَا وَقَالَ لَهُمْ خَزَنَتُهَا سَلَٰمٌ عَلَيْكُمْ طِبْتُمْ فَٱدْخُلُوهَا خَٰلِدِينَ",
        "numberInSurah": 73,
        "juz": 24,
        "manzil": 6,
        "page": 466,
        "ruku": 403,
        "hizbQuarter": 186,
        "sajda": false,
        "audioArabic": [
          "https://cdn.jsdelivr.net/gh/Salimbd71/ArabicQuran@main/39/73.mp3"
        ],
        "audioBangla": [
          "https://cdn.jsdelivr.net/gh/Salimbd71/BanglaQuran@main/39/73.mp3"
        ]
      },
      {
        "number": 4132,
        "audio": "https://cdn.islamic.network/quran/audio/192/ar.abdulbasitmurattal/4132.mp3",
        "audioSecondary": [
          "https://cdn.islamic.network/quran/audio/192/ar.abdulbasitmurattal/4132.mp3"
        ],
        "text": "وَقَالُوا۟ ٱلْحَمْدُ لِلَّهِ ٱلَّذِى صَدَقَنَا وَعْدَهُۥ وَأَوْرَثَنَا ٱلْأَرْضَ نَتَبَوَّأُ مِنَ ٱلْجَنَّةِ حَيْثُ نَشَآءُ ۖ فَنِعْمَ أَجْرُ ٱلْعَٰمِلِينَ",
        "numberInSurah": 74,
        "juz": 24,
        "manzil": 6,
        "page": 466,
        "ruku": 403,
        "hizbQuarter": 186,
        "sajda": false,
        "audioArabic": [
          "https://cdn.jsdelivr.net/gh/Salimbd71/ArabicQuran@main/39/74.mp3"
        ],
        "audioBangla": [
          "https://cdn.jsdelivr.net/gh/Salimbd71/BanglaQuran@main/39/74.mp3"
        ]
      },
      {
        "number": 4133,
        "audio": "https://cdn.islamic.network/quran/audio/192/ar.abdulbasitmurattal/4133.mp3",
        "audioSecondary": [
          "https://cdn.islamic.network/quran/audio/192/ar.abdulbasitmurattal/4133.mp3"
        ],
        "text": "وَتَرَى ٱلْمَلَٰٓئِكَةَ حَآفِّينَ مِنْ حَوْلِ ٱلْعَرْشِ يُسَبِّحُونَ بِحَمْدِ رَبِّهِمْ ۖ وَقُضِىَ بَيْنَهُم بِٱلْحَقِّ وَقِيلَ ٱلْحَمْدُ لِلَّهِ رَبِّ ٱلْعَٰلَمِينَ",
        "numberInSurah": 75,
        "juz": 24,
        "manzil": 6,
        "page": 467,
        "ruku": 403,
        "hizbQuarter": 186,
        "sajda": false,
        "audioArabic": [
          "https://cdn.jsdelivr.net/gh/Salimbd71/ArabicQuran@main/39/75.mp3"
        ],
        "audioBangla": [
          "https://cdn.jsdelivr.net/gh/Salimbd71/BanglaQuran@main/39/75.mp3"
        ]
      }
    ],
    "edition": {
      "identifier": "ar.abdulbasitmurattal",
      "language": "ar",
      "name": "عبد الباسط عبد الصمد المرتل",
      "englishName": "Abdul Basit",
      "format": "audio",
      "type": "translation",
      "direction": null
    }
  }
}