{
  "code": 200,
  "status": "OK",
  "data": {
    "number": 43,
    "name": "سُورَةُ الزُّخۡرُفِ",
    "englishName": "Az-Zukhruf",
    "englishNameTranslation": "Ornaments of gold",
    "revelationType": "Meccan",
    "numberOfAyahs": 89,
    "ayahs": [
      {
        "number": 4326,
        "audio": "https://everyayah.com/data/Minshawy_Mujawwad_64kbps/043001.mp3",
        "audioSecondary": [],
        "text": "بِسْمِ ٱللَّهِ ٱلرَّحْمَٰنِ ٱلرَّحِيمِ حمٓ",
        "numberInSurah": 1,
        "juz": 25,
        "manzil": 6,
        "page": 489,
        "ruku": 424,
        "hizbQuarter": 196,
        "sajda": false,
        "audioArabic": [
          "https://cdn.jsdelivr.net/gh/Salimbd71/ArabicQuran@main/43/1.mp3"
        ],
        "audioBangla": [
          "https://cdn.jsdelivr.net/gh/Salimbd71/BanglaQuran@main/43/1.mp3"
        ]
      },
      {
        "number": 4327,
        "audio": "https://everyayah.com/data/Minshawy_Mujawwad_64kbps/043002.mp3",
        "audioSecondary": [],
        "text": "وَٱلْكِتَٰبِ ٱلْمُبِينِ",
        "numberInSurah": 2,
        "juz": 25,
        "manzil": 6,
        "page": 489,
        "ruku": 424,
        "hizbQuarter": 196,
        "sajda": false,
        "audioArabic": [
          "https://cdn.jsdelivr.net/gh/Salimbd71/ArabicQuran@main/43/2.mp3"
        ],
        "audioBangla": [
          "https://cdn.jsdelivr.net/gh/Salimbd71/BanglaQuran@main/43/2.mp3"
        ]
      },
      {
        "number": 4328,
        "audio": "https://everyayah.com/data/Minshawy_Mujawwad_64kbps/043003.mp3",
        "audioSecondary": [],
        "text": "إِنَّا جَعَلْنَٰهُ قُرْءَٰنًا عَرَبِيًّۭا لَّعَلَّكُمْ تَعْقِلُونَ",
        "numberInSurah": 3,
        "juz": 25,
        "manzil": 6,
        "page": 489,
        "ruku": 424,
        "hizbQuarter": 196,
        "sajda": false,
        "audioArabic": [
          "https://cdn.jsdelivr.net/gh/Salimbd71/ArabicQuran@main/43/3.mp3"
        ],
        "audioBangla": [
          "https://cdn.jsdelivr.net/gh/Salimbd71/BanglaQuran@main/43/3.mp3"
        ]
      },
      {
        "number": 4329,
        "audio": "https://everyayah.com/data/Minshawy_Mujawwad_64kbps/043004.mp3",
        "audioSecondary": [],
        "text": "وَإِنَّهُۥ فِىٓ أُمِّ ٱلْكِتَٰبِ لَدَيْنَا لَعَلِىٌّ حَكِيمٌ",
        "numberInSurah": 4,
        "juz": 25,
        "manzil": 6,
        "page": 489,
        "ruku": 424,
        "hizbQuarter": 196,
        "sajda": false,
        "audioArabic": [
          "https://cdn.jsdelivr.net/gh/Salimbd71/ArabicQuran@main/43/4.mp3"
        ],
        "audioBangla": [
          "https://cdn.jsdelivr.net/gh/Salimbd71/BanglaQuran@main/43/4.mp3"
        ]
      },
      {
        "number": 4330,
        "audio": "https://everyayah.com/data/Minshawy_Mujawwad_64kbps/043005.mp3",
        "audioSecondary": [],
        "text": "أَفَنَضْرِبُ عَنكُمُ ٱلذِّكْرَ صَفْحًا أَن كُنتُمْ قَوْمًۭا مُّسْرِفِينَ",
        "numberInSurah": 5,
        "juz": 25,
        "manzil": 6,
        "page": 489,
        "ruku": 424,
        "hizbQuarter": 196,
        "sajda": false,
        "audioArabic": [
          "https://cdn.jsdelivr.net/gh/Salimbd71/ArabicQuran@main/43/5.mp3"
        ],
        "audioBangla": [
          "https://cdn.jsdelivr.net/gh/Salimbd71/BanglaQuran@main/43/5.mp3"
        ]
      },
      {
        "number": 4331,
        "audio": "https://everyayah.com/data/Minshawy_Mujawwad_64kbps/043006.mp3",
        "audioSecondary": [],
        "text": "وَكَمْ أَرْسَلْنَا مِن نَّبِىٍّۢ فِى ٱلْأَوَّلِينَ",
        "numberInSurah": 6,
        "juz": 25,
        "manzil": 6,
        "page": 489,
        "ruku": 424,
        "hizbQuarter": 196,
        "sajda": false,
        "audioArabic": [
          "https://cdn.jsdelivr.net/gh/Salimbd71/ArabicQuran@main/43/6.mp3"
        ],
        "audioBangla": [
          "https://cdn.jsdelivr.net/gh/Salimbd71/BanglaQuran@main/43/6.mp3"
        ]
      },
      {
        "number": 4332,
        "audio": "https://everyayah.com/data/Minshawy_Mujawwad_64kbps/043007.mp3",
        "audioSecondary": [],
        "text": "وَمَا يَأْتِيهِم مِّن نَّبِىٍّ إِلَّا كَانُوا۟ بِهِۦ يَسْتَهْزِءُونَ",
        "numberInSurah": 7,
        "juz": 25,
        "manzil": 6,
        "page": 489,
        "ruku": 424,
        "hizbQuarter": 196,
        "sajda": false,
        "audioArabic": [
          "https://cdn.jsdelivr.net/gh/Salimbd71/ArabicQuran@main/43/7.mp3"
        ],
        "audioBangla": [
          "https://cdn.jsdelivr.net/gh/Salimbd71/BanglaQuran@main/43/7.mp3"
        ]
      },
      {
        "number": 4333,
        "audio": "https://everyayah.com/data/Minshawy_Mujawwad_64kbps/043008.mp3",
        "audioSecondary": [],
        "text": "فَأَهْلَكْنَآ أَشَدَّ مِنْهُم بَطْشًۭا وَمَضَىٰ مَثَلُ ٱلْأَوَّلِينَ",
        "numberInSurah": 8,
        "juz": 25,
        "manzil": 6,
        "page": 489,
        "ruku": 424,
        "hizbQuarter": 196,
        "sajda": false,
        "audioArabic": [
          "https://cdn.jsdelivr.net/gh/Salimbd71/ArabicQuran@main/43/8.mp3"
        ],
        "audioBangla": [
          "https://cdn.jsdelivr.net/gh/Salimbd71/BanglaQuran@main/43/8.mp3"
        ]
      },
      {
        "number": 4334,
        "audio": "https://everyayah.com/data/Minshawy_Mujawwad_64kbps/043009.mp3",
        "audioSecondary": [],
        "text": "وَلَئِن سَأَلْتَهُم مَّنْ خَلَقَ ٱلسَّمَٰوَٰتِ وَٱلْأَرْضَ لَيَقُولُنَّ خَلَقَهُنَّ ٱلْعَزِيزُ ٱلْعَلِيمُ",
        "numberInSurah": 9,
        "juz": 25,
        "manzil": 6,
        "page": 489,
        "ruku": 424,
        "hizbQuarter": 196,
        "sajda": false,
        "audioArabic": [
          "https://cdn.jsdelivr.net/gh/Salimbd71/ArabicQuran@main/43/9.mp3"
        ],
        "audioBangla": [
          "https://cdn.jsdelivr.net/gh/Salimbd71/BanglaQuran@main/43/9.mp3"
        ]
      },
      {
        "number": 4335,
        "audio": "https://everyayah.com/data/Minshawy_Mujawwad_64kbps/043010.mp3",
        "audioSecondary": [],
        "text": "ٱلَّذِى جَعَلَ لَكُمُ ٱلْأَرْضَ مَهْدًۭا وَجَعَلَ لَكُمْ فِيهَا سُبُلًۭا لَّعَلَّكُمْ تَهْتَدُونَ",
        "numberInSurah": 10,
        "juz": 25,
        "manzil": 6,
        "page": 489,
        "ruku": 424,
        "hizbQuarter": 196,
        "sajda": false,
        "audioArabic": [
          "https://cdn.jsdelivr.net/gh/Salimbd71/ArabicQuran@main/43/10.mp3"
        ],
        "audioBangla": [
          "https://cdn.jsdelivr.net/gh/Salimbd71/BanglaQuran@main/43/10.mp3"
        ]
      },
      {
        "number": 4336,
        "audio": "https://everyayah.com/data/Minshawy_Mujawwad_64kbps/043011.mp3",
        "audioSecondary": [],
        "text": "وَٱلَّذِى نَزَّلَ مِنَ ٱلسَّمَآءِ مَآءًۢ بِقَدَرٍۢ فَأَنشَرْنَا بِهِۦ بَلْدَةًۭ مَّيْتًۭا ۚ كَذَٰلِكَ تُخْرَجُونَ",
        "numberInSurah": 11,
        "juz": 25,
        "manzil": 6,
        "page": 490,
        "ruku": 424,
        "hizbQuarter": 196,
        "sajda": false,
        "audioArabic": [
          "https://cdn.jsdelivr.net/gh/Salimbd71/ArabicQuran@main/43/11.mp3"
        ],
        "audioBangla": [
          "https://cdn.jsdelivr.net/gh/Salimbd71/BanglaQuran@main/43/11.mp3"
        ]
      },
      {
        "number": 4337,
        "audio": "https://everyayah.com/data/Minshawy_Mujawwad_64kbps/043012.mp3",
        "audioSecondary": [],
        "text": "وَٱلَّذِى خَلَقَ ٱلْأَزْوَٰجَ كُلَّهَا وَجَعَلَ لَكُم مِّنَ ٱلْفُلْكِ وَٱلْأَنْعَٰمِ مَا تَرْكَبُونَ",
        "numberInSurah": 12,
        "juz": 25,
        "manzil": 6,
        "page": 490,
        "ruku": 424,
        "hizbQuarter": 196,
        "sajda": false,
        "audioArabic": [
          "https://cdn.jsdelivr.net/gh/Salimbd71/ArabicQuran@main/43/12.mp3"
        ],
        "audioBangla": [
          "https://cdn.jsdelivr.net/gh/Salimbd71/BanglaQuran@main/43/12.mp3"
        ]
      },
      {
        "number": 4338,
        "audio": "https://everyayah.com/data/Minshawy_Mujawwad_64kbps/043013.mp3",
        "audioSecondary": [],
        "text": "لِتَسْتَوُۥا۟ عَلَىٰ ظُهُورِهِۦ ثُمَّ تَذْكُرُوا۟ نِعْمَةَ رَبِّكُمْ إِذَا ٱسْتَوَيْتُمْ عَلَيْهِ وَتَقُولُوا۟ سُبْحَٰنَ ٱلَّذِى سَخَّرَ لَنَا هَٰذَا وَمَا كُنَّا لَهُۥ مُقْرِنِينَ",
        "numberInSurah": 13,
        "juz": 25,
        "manzil": 6,
        "page": 490,
        "ruku": 424,
        "hizbQuarter": 196,
        "sajda": false,
        "audioArabic": [
          "https://cdn.jsdelivr.net/gh/Salimbd71/ArabicQuran@main/43/13.mp3"
        ],
        "audioBangla": [
          "https://cdn.jsdelivr.net/gh/Salimbd71/BanglaQuran@main/43/13.mp3"
        ]
      },
      {
        "number": 4339,
        "audio": "https://everyayah.com/data/Minshawy_Mujawwad_64kbps/043014.mp3",
        "audioSecondary": [],
        "text": "وَإِنَّآ إِلَىٰ رَبِّنَا لَمُنقَلِبُونَ",
        "numberInSurah": 14,
        "juz": 25,
        "manzil": 6,
        "page": 490,
        "ruku": 424,
        "hizbQuarter": 196,
        "sajda": false,
        "audioArabic": [
          "https://cdn.jsdelivr.net/gh/Salimbd71/ArabicQuran@main/43/14.mp3"
        ],
        "audioBangla": [
          "https://cdn.jsdelivr.net/gh/Salimbd71/BanglaQuran@main/43/14.mp3"
        ]
      },
      {
        "number": 4340,
        "audio": "https://everyayah.com/data/Minshawy_Mujawwad_64kbps/043015.mp3",
        "audioSecondary": [],
        "text": "وَجَعَلُوا۟ لَهُۥ مِنْ عِبَادِهِۦ جُزْءًا ۚ إِنَّ ٱلْإِنسَٰنَ لَكَفُورٌۭ مُّبِينٌ",
        "numberInSurah": 15,
        "juz": 25,
        "manzil": 6,
        "page": 490,
        "ruku": 424,
        "hizbQuarter": 196,
        "sajda": false,
        "audioArabic": [
          "https://cdn.jsdelivr.net/gh/Salimbd71/ArabicQuran@main/43/15.mp3"
        ],
        "audioBangla": [
          "https://cdn.jsdelivr.net/gh/Salimbd71/BanglaQuran@main/43/15.mp3"
        ]
      },
      {
        "number": 4341,
        "audio": "https://everyayah.com/data/Minshawy_Mujawwad_64kbps/043016.mp3",
        "audioSecondary": [],
        "text": "أَمِ ٱتَّخَذَ مِمَّا يَخْلُقُ بَنَاتٍۢ وَأَصْفَىٰكُم بِٱلْبَنِينَ",
        "numberInSurah": 16,
        "juz": 25,
        "manzil": 6,
        "page": 490,
        "ruku": 425,
        "hizbQuarter": 196,
        "sajda": false,
        "audioArabic": [
          "https://cdn.jsdelivr.net/gh/Salimbd71/ArabicQuran@main/43/16.mp3"
        ],
        "audioBangla": [
          "https://cdn.jsdelivr.net/gh/Salimbd71/BanglaQuran@main/43/16.mp3"
        ]
      },
      {
        "number": 4342,
        "audio": "https://everyayah.com/data/Minshawy_Mujawwad_64kbps/043017.mp3",
        "audioSecondary": [],
        "text": "وَإِذَا بُشِّرَ أَحَدُهُم بِمَا ضَرَبَ لِلرَّحْمَٰنِ مَثَلًۭا ظَلَّ وَجْهُهُۥ مُسْوَدًّۭا وَهُوَ كَظِيمٌ",
        "numberInSurah": 17,
        "juz": 25,
        "manzil": 6,
        "page": 490,
        "ruku": 425,
        "hizbQuarter": 196,
        "sajda": false,
        "audioArabic": [
          "https://cdn.jsdelivr.net/gh/Salimbd71/ArabicQuran@main/43/17.mp3"
        ],
        "audioBangla": [
          "https://cdn.jsdelivr.net/gh/Salimbd71/BanglaQuran@main/43/17.mp3"
        ]
      },
      {
        "number": 4343,
        "audio": "https://everyayah.com/data/Minshawy_Mujawwad_64kbps/043018.mp3",
        "audioSecondary": [],
        "text": "أَوَمَن يُنَشَّؤُا۟ فِى ٱلْحِلْيَةِ وَهُوَ فِى ٱلْخِصَامِ غَيْرُ مُبِينٍۢ",
        "numberInSurah": 18,
        "juz": 25,
        "manzil": 6,
        "page": 490,
        "ruku": 425,
        "hizbQuarter": 196,
        "sajda": false,
        "audioArabic": [
          "https://cdn.jsdelivr.net/gh/Salimbd71/ArabicQuran@main/43/18.mp3"
        ],
        "audioBangla": [
          "https://cdn.jsdelivr.net/gh/Salimbd71/BanglaQuran@main/43/18.mp3"
        ]
      },
      {
        "number": 4344,
        "audio": "https://everyayah.com/data/Minshawy_Mujawwad_64kbps/043019.mp3",
        "audioSecondary": [],
        "text": "وَجَعَلُوا۟ ٱلْمَلَٰٓئِكَةَ ٱلَّذِينَ هُمْ عِبَٰدُ ٱلرَّحْمَٰنِ إِنَٰثًا ۚ أَشَهِدُوا۟ خَلْقَهُمْ ۚ سَتُكْتَبُ شَهَٰدَتُهُمْ وَيُسْـَٔلُونَ",
        "numberInSurah": 19,
        "juz": 25,
        "manzil": 6,
        "page": 490,
        "ruku": 425,
        "hizbQuarter": 196,
        "sajda": false,
        "audioArabic": [
          "https://cdn.jsdelivr.net/gh/Salimbd71/ArabicQuran@main/43/19.mp3"
        ],
        "audioBangla": [
          "https://cdn.jsdelivr.net/gh/Salimbd71/BanglaQuran@main/43/19.mp3"
        ]
      },
      {
        "number": 4345,
        "audio": "https://everyayah.com/data/Minshawy_Mujawwad_64kbps/043020.mp3",
        "audioSecondary": [],
        "text": "وَقَالُوا۟ لَوْ شَآءَ ٱلرَّحْمَٰنُ مَا عَبَدْنَٰهُم ۗ مَّا لَهُم بِذَٰلِكَ مِنْ عِلْمٍ ۖ إِنْ هُمْ إِلَّا يَخْرُصُونَ",
        "numberInSurah": 20,
        "juz": 25,
        "manzil": 6,
        "page": 490,
        "ruku": 425,
        "hizbQuarter": 196,
        "sajda": false,
        "audioArabic": [
          "https://cdn.jsdelivr.net/gh/Salimbd71/ArabicQuran@main/43/20.mp3"
        ],
        "audioBangla": [
          "https://cdn.jsdelivr.net/gh/Salimbd71/BanglaQuran@main/43/20.mp3"
        ]
      },
      {
        "number": 4346,
        "audio": "https://everyayah.com/data/Minshawy_Mujawwad_64kbps/043021.mp3",
        "audioSecondary": [],
        "text": "أَمْ ءَاتَيْنَٰهُمْ كِتَٰبًۭا مِّن قَبْلِهِۦ فَهُم بِهِۦ مُسْتَمْسِكُونَ",
        "numberInSurah": 21,
        "juz": 25,
        "manzil": 6,
        "page": 490,
        "ruku": 425,
        "hizbQuarter": 196,
        "sajda": false,
        "audioArabic": [
          "https://cdn.jsdelivr.net/gh/Salimbd71/ArabicQuran@main/43/21.mp3"
        ],
        "audioBangla": [
          "https://cdn.jsdelivr.net/gh/Salimbd71/BanglaQuran@main/43/21.mp3"
        ]
      },
      {
        "number": 4347,
        "audio": "https://everyayah.com/data/Minshawy_Mujawwad_64kbps/043022.mp3",
        "audioSecondary": [],
        "text": "بَلْ قَالُوٓا۟ إِنَّا وَجَدْنَآ ءَابَآءَنَا عَلَىٰٓ أُمَّةٍۢ وَإِنَّا عَلَىٰٓ ءَاثَٰرِهِم مُّهْتَدُونَ",
        "numberInSurah": 22,
        "juz": 25,
        "manzil": 6,
        "page": 490,
        "ruku": 425,
        "hizbQuarter": 196,
        "sajda": false,
        "audioArabic": [
          "https://cdn.jsdelivr.net/gh/Salimbd71/ArabicQuran@main/43/22.mp3"
        ],
        "audioBangla": [
          "https://cdn.jsdelivr.net/gh/Salimbd71/BanglaQuran@main/43/22.mp3"
        ]
      },
      {
        "number": 4348,
        "audio": "https://everyayah.com/data/Minshawy_Mujawwad_64kbps/043023.mp3",
        "audioSecondary": [],
        "text": "وَكَذَٰلِكَ مَآ أَرْسَلْنَا مِن قَبْلِكَ فِى قَرْيَةٍۢ مِّن نَّذِيرٍ إِلَّا قَالَ مُتْرَفُوهَآ إِنَّا وَجَدْنَآ ءَابَآءَنَا عَلَىٰٓ أُمَّةٍۢ وَإِنَّا عَلَىٰٓ ءَاثَٰرِهِم مُّقْتَدُونَ",
        "numberInSurah": 23,
        "juz": 25,
        "manzil": 6,
        "page": 491,
        "ruku": 425,
        "hizbQuarter": 196,
        "sajda": false,
        "audioArabic": [
          "https://cdn.jsdelivr.net/gh/Salimbd71/ArabicQuran@main/43/23.mp3"
        ],
        "audioBangla": [
          "https://cdn.jsdelivr.net/gh/Salimbd71/BanglaQuran@main/43/23.mp3"
        ]
      },
      {
        "number": 4349,
        "audio": "https://everyayah.com/data/Minshawy_Mujawwad_64kbps/043024.mp3",
        "audioSecondary": [],
        "text": "۞ قَٰلَ أَوَلَوْ جِئْتُكُم بِأَهْدَىٰ مِمَّا وَجَدتُّمْ عَلَيْهِ ءَابَآءَكُمْ ۖ قَالُوٓا۟ إِنَّا بِمَآ أُرْسِلْتُم بِهِۦ كَٰفِرُونَ",
        "numberInSurah": 24,
        "juz": 25,
        "manzil": 6,
        "page": 491,
        "ruku": 425,
        "hizbQuarter": 197,
        "sajda": false,
        "audioArabic": [
          "https://cdn.jsdelivr.net/gh/Salimbd71/ArabicQuran@main/43/24.mp3"
        ],
        "audioBangla": [
          "https://cdn.jsdelivr.net/gh/Salimbd71/BanglaQuran@main/43/24.mp3"
        ]
      },
      {
        "number": 4350,
        "audio": "https://everyayah.com/data/Minshawy_Mujawwad_64kbps/043025.mp3",
        "audioSecondary": [],
        "text": "فَٱنتَقَمْنَا مِنْهُمْ ۖ فَٱنظُرْ كَيْفَ كَانَ عَٰقِبَةُ ٱلْمُكَذِّبِينَ",
        "numberInSurah": 25,
        "juz": 25,
        "manzil": 6,
        "page": 491,
        "ruku": 425,
        "hizbQuarter": 197,
        "sajda": false,
        "audioArabic": [
          "https://cdn.jsdelivr.net/gh/Salimbd71/ArabicQuran@main/43/25.mp3"
        ],
        "audioBangla": [
          "https://cdn.jsdelivr.net/gh/Salimbd71/BanglaQuran@main/43/25.mp3"
        ]
      },
      {
        "number": 4351,
        "audio": "https://everyayah.com/data/Minshawy_Mujawwad_64kbps/043026.mp3",
        "audioSecondary": [],
        "text": "وَإِذْ قَالَ إِبْرَٰهِيمُ لِأَبِيهِ وَقَوْمِهِۦٓ إِنَّنِى بَرَآءٌۭ مِّمَّا تَعْبُدُونَ",
        "numberInSurah": 26,
        "juz": 25,
        "manzil": 6,
        "page": 491,
        "ruku": 426,
        "hizbQuarter": 197,
        "sajda": false,
        "audioArabic": [
          "https://cdn.jsdelivr.net/gh/Salimbd71/ArabicQuran@main/43/26.mp3"
        ],
        "audioBangla": [
          "https://cdn.jsdelivr.net/gh/Salimbd71/BanglaQuran@main/43/26.mp3"
        ]
      },
      {
        "number": 4352,
        "audio": "https://everyayah.com/data/Minshawy_Mujawwad_64kbps/043027.mp3",
        "audioSecondary": [],
        "text": "إِلَّا ٱلَّذِى فَطَرَنِى فَإِنَّهُۥ سَيَهْدِينِ",
        "numberInSurah": 27,
        "juz": 25,
        "manzil": 6,
        "page": 491,
        "ruku": 426,
        "hizbQuarter": 197,
        "sajda": false,
        "audioArabic": [
          "https://cdn.jsdelivr.net/gh/Salimbd71/ArabicQuran@main/43/27.mp3"
        ],
        "audioBangla": [
          "https://cdn.jsdelivr.net/gh/Salimbd71/BanglaQuran@main/43/27.mp3"
        ]
      },
      {
        "number": 4353,
        "audio": "https://everyayah.com/data/Minshawy_Mujawwad_64kbps/043028.mp3",
        "audioSecondary": [],
        "text": "وَجَعَلَهَا كَلِمَةًۢ بَاقِيَةًۭ فِى عَقِبِهِۦ لَعَلَّهُمْ يَرْجِعُونَ",
        "numberInSurah": 28,
        "juz": 25,
        "manzil": 6,
        "page": 491,
        "ruku": 426,
        "hizbQuarter": 197,
        "sajda": false,
        "audioArabic": [
          "https://cdn.jsdelivr.net/gh/Salimbd71/ArabicQuran@main/43/28.mp3"
        ],
        "audioBangla": [
          "https://cdn.jsdelivr.net/gh/Salimbd71/BanglaQuran@main/43/28.mp3"
        ]
      },
      {
        "number": 4354,
        "audio": "https://everyayah.com/data/Minshawy_Mujawwad_64kbps/043029.mp3",
        "audioSecondary": [],
        "text": "بَلْ مَتَّعْتُ هَٰٓؤُلَآءِ وَءَابَآءَهُمْ حَتَّىٰ جَآءَهُمُ ٱلْحَقُّ وَرَسُولٌۭ مُّبِينٌۭ",
        "numberInSurah": 29,
        "juz": 25,
        "manzil": 6,
        "page": 491,
        "ruku": 426,
        "hizbQuarter": 197,
        "sajda": false,
        "audioArabic": [
          "https://cdn.jsdelivr.net/gh/Salimbd71/ArabicQuran@main/43/29.mp3"
        ],
        "audioBangla": [
          "https://cdn.jsdelivr.net/gh/Salimbd71/BanglaQuran@main/43/29.mp3"
        ]
      },
      {
        "number": 4355,
        "audio": "https://everyayah.com/data/Minshawy_Mujawwad_64kbps/043030.mp3",
        "audioSecondary": [],
        "text": "وَلَمَّا جَآءَهُمُ ٱلْحَقُّ قَالُوا۟ هَٰذَا سِحْرٌۭ وَإِنَّا بِهِۦ كَٰفِرُونَ",
        "numberInSurah": 30,
        "juz": 25,
        "manzil": 6,
        "page": 491,
        "ruku": 426,
        "hizbQuarter": 197,
        "sajda": false,
        "audioArabic": [
          "https://cdn.jsdelivr.net/gh/Salimbd71/ArabicQuran@main/43/30.mp3"
        ],
        "audioBangla": [
          "https://cdn.jsdelivr.net/gh/Salimbd71/BanglaQuran@main/43/30.mp3"
        ]
      },
      {
        "number": 4356,
        "audio": "https://everyayah.com/data/Minshawy_Mujawwad_64kbps/043031.mp3",
        "audioSecondary": [],
        "text": "وَقَالُوا۟ لَوْلَا نُزِّلَ هَٰذَا ٱلْقُرْءَانُ عَلَىٰ رَجُلٍۢ مِّنَ ٱلْقَرْيَتَيْنِ عَظِيمٍ",
        "numberInSurah": 31,
        "juz": 25,
        "manzil": 6,
        "page": 491,
        "ruku": 426,
        "hizbQuarter": 197,
        "sajda": false,
        "audioArabic": [
          "https://cdn.jsdelivr.net/gh/Salimbd71/ArabicQuran@main/43/31.mp3"
        ],
        "audioBangla": [
          "https://cdn.jsdelivr.net/gh/Salimbd71/BanglaQuran@main/43/31.mp3"
        ]
      },
      {
        "number": 4357,
        "audio": "https://everyayah.com/data/Minshawy_Mujawwad_64kbps/043032.mp3",
        "audioSecondary": [],
        "text": "أَهُمْ يَقْسِمُونَ رَحْمَتَ رَبِّكَ ۚ نَحْنُ قَسَمْنَا بَيْنَهُم مَّعِيشَتَهُمْ فِى ٱلْحَيَوٰةِ ٱلدُّنْيَا ۚ وَرَفَعْنَا بَعْضَهُمْ فَوْقَ بَعْضٍۢ دَرَجَٰتٍۢ لِّيَتَّخِذَ بَعْضُهُم بَعْضًۭا سُخْرِيًّۭا ۗ وَرَحْمَتُ رَبِّكَ خَيْرٌۭ مِّمَّا يَجْمَعُونَ",
        "numberInSurah": 32,
        "juz": 25,
        "manzil": 6,
        "page": 491,
        "ruku": 426,
        "hizbQuarter": 197,
        "sajda": false,
        "audioArabic": [
          "https://cdn.jsdelivr.net/gh/Salimbd71/ArabicQuran@main/43/32.mp3"
        ],
        "audioBangla": [
          "https://cdn.jsdelivr.net/gh/Salimbd71/BanglaQuran@main/43/32.mp3"
        ]
      },
      {
        "number": 4358,
        "audio": "https://everyayah.com/data/Minshawy_Mujawwad_64kbps/043033.mp3",
        "audioSecondary": [],
        "text": "وَلَوْلَآ أَن يَكُونَ ٱلنَّاسُ أُمَّةًۭ وَٰحِدَةًۭ لَّجَعَلْنَا لِمَن يَكْفُرُ بِٱلرَّحْمَٰنِ لِبُيُوتِهِمْ سُقُفًۭا مِّن فِضَّةٍۢ وَمَعَارِجَ عَلَيْهَا يَظْهَرُونَ",
        "numberInSurah": 33,
        "juz": 25,
        "manzil": 6,
        "page": 491,
        "ruku": 426,
        "hizbQuarter": 197,
        "sajda": false,
        "audioArabic": [
          "https://cdn.jsdelivr.net/gh/Salimbd71/ArabicQuran@main/43/33.mp3"
        ],
        "audioBangla": [
          "https://cdn.jsdelivr.net/gh/Salimbd71/BanglaQuran@main/43/33.mp3"
        ]
      },
      {
        "number": 4359,
        "audio": "https://everyayah.com/data/Minshawy_Mujawwad_64kbps/043034.mp3",
        "audioSecondary": [],
        "text": "وَلِبُيُوتِهِمْ أَبْوَٰبًۭا وَسُرُرًا عَلَيْهَا يَتَّكِـُٔونَ",
        "numberInSurah": 34,
        "juz": 25,
        "manzil": 6,
        "page": 492,
        "ruku": 426,
        "hizbQuarter": 197,
        "sajda": false,
        "audioArabic": [
          "https://cdn.jsdelivr.net/gh/Salimbd71/ArabicQuran@main/43/34.mp3"
        ],
        "audioBangla": [
          "https://cdn.jsdelivr.net/gh/Salimbd71/BanglaQuran@main/43/34.mp3"
        ]
      },
      {
        "number": 4360,
        "audio": "https://everyayah.com/data/Minshawy_Mujawwad_64kbps/043035.mp3",
        "audioSecondary": [],
        "text": "وَزُخْرُفًۭا ۚ وَإِن كُلُّ ذَٰلِكَ لَمَّا مَتَٰعُ ٱلْحَيَوٰةِ ٱلدُّنْيَا ۚ وَٱلْءَاخِرَةُ عِندَ رَبِّكَ لِلْمُتَّقِينَ",
        "numberInSurah": 35,
        "juz": 25,
        "manzil": 6,
        "page": 492,
        "ruku": 426,
        "hizbQuarter": 197,
        "sajda": false,
        "audioArabic": [
          "https://cdn.jsdelivr.net/gh/Salimbd71/ArabicQuran@main/43/35.mp3"
        ],
        "audioBangla": [
          "https://cdn.jsdelivr.net/gh/Salimbd71/BanglaQuran@main/43/35.mp3"
        ]
      },
      {
        "number": 4361,
        "audio": "https://everyayah.com/data/Minshawy_Mujawwad_64kbps/043036.mp3",
        "audioSecondary": [],
        "text": "وَمَن يَعْشُ عَن ذِكْرِ ٱلرَّحْمَٰنِ نُقَيِّضْ لَهُۥ شَيْطَٰنًۭا فَهُوَ لَهُۥ قَرِينٌۭ",
        "numberInSurah": 36,
        "juz": 25,
        "manzil": 6,
        "page": 492,
        "ruku": 427,
        "hizbQuarter": 197,
        "sajda": false,
        "audioArabic": [
          "https://cdn.jsdelivr.net/gh/Salimbd71/ArabicQuran@main/43/36.mp3"
        ],
        "audioBangla": [
          "https://cdn.jsdelivr.net/gh/Salimbd71/BanglaQuran@main/43/36.mp3"
        ]
      },
      {
        "number": 4362,
        "audio": "https://everyayah.com/data/Minshawy_Mujawwad_64kbps/043037.mp3",
        "audioSecondary": [],
        "text": "وَإِنَّهُمْ لَيَصُدُّونَهُمْ عَنِ ٱلسَّبِيلِ وَيَحْسَبُونَ أَنَّهُم مُّهْتَدُونَ",
        "numberInSurah": 37,
        "juz": 25,
        "manzil": 6,
        "page": 492,
        "ruku": 427,
        "hizbQuarter": 197,
        "sajda": false,
        "audioArabic": [
          "https://cdn.jsdelivr.net/gh/Salimbd71/ArabicQuran@main/43/37.mp3"
        ],
        "audioBangla": [
          "https://cdn.jsdelivr.net/gh/Salimbd71/BanglaQuran@main/43/37.mp3"
        ]
      },
      {
        "number": 4363,
        "audio": "https://everyayah.com/data/Minshawy_Mujawwad_64kbps/043038.mp3",
        "audioSecondary": [],
        "text": "حَتَّىٰٓ إِذَا جَآءَنَا قَالَ يَٰلَيْتَ بَيْنِى وَبَيْنَكَ بُعْدَ ٱلْمَشْرِقَيْنِ فَبِئْسَ ٱلْقَرِينُ",
        "numberInSurah": 38,
        "juz": 25,
        "manzil": 6,
        "page": 492,
        "ruku": 427,
        "hizbQuarter": 197,
        "sajda": false,
        "audioArabic": [
          "https://cdn.jsdelivr.net/gh/Salimbd71/ArabicQuran@main/43/38.mp3"
        ],
        "audioBangla": [
          "https://cdn.jsdelivr.net/gh/Salimbd71/BanglaQuran@main/43/38.mp3"
        ]
      },
      {
        "number": 4364,
        "audio": "https://everyayah.com/data/Minshawy_Mujawwad_64kbps/043039.mp3",
        "audioSecondary": [],
        "text": "وَلَن يَنفَعَكُمُ ٱلْيَوْمَ إِذ ظَّلَمْتُمْ أَنَّكُمْ فِى ٱلْعَذَابِ مُشْتَرِكُونَ",
        "numberInSurah": 39,
        "juz": 25,
        "manzil": 6,
        "page": 492,
        "ruku": 427,
        "hizbQuarter": 197,
        "sajda": false,
        "audioArabic": [
          "https://cdn.jsdelivr.net/gh/Salimbd71/ArabicQuran@main/43/39.mp3"
        ],
        "audioBangla": [
          "https://cdn.jsdelivr.net/gh/Salimbd71/BanglaQuran@main/43/39.mp3"
        ]
      },
      {
        "number": 4365,
        "audio": "https://everyayah.com/data/Minshawy_Mujawwad_64kbps/043040.mp3",
        "audioSecondary": [],
        "text": "أَفَأَنتَ تُسْمِعُ ٱلصُّمَّ أَوْ تَهْدِى ٱلْعُمْىَ وَمَن كَانَ فِى ضَلَٰلٍۢ مُّبِينٍۢ",
        "numberInSurah": 40,
        "juz": 25,
        "manzil": 6,
        "page": 492,
        "ruku": 427,
        "hizbQuarter": 197,
        "sajda": false,
        "audioArabic": [
          "https://cdn.jsdelivr.net/gh/Salimbd71/ArabicQuran@main/43/40.mp3"
        ],
        "audioBangla": [
          "https://cdn.jsdelivr.net/gh/Salimbd71/BanglaQuran@main/43/40.mp3"
        ]
      },
      {
        "number": 4366,
        "audio": "https://everyayah.com/data/Minshawy_Mujawwad_64kbps/043041.mp3",
        "audioSecondary": [],
        "text": "فَإِمَّا نَذْهَبَنَّ بِكَ فَإِنَّا مِنْهُم مُّنتَقِمُونَ",
        "numberInSurah": 41,
        "juz": 25,
        "manzil": 6,
        "page": 492,
        "ruku": 427,
        "hizbQuarter": 197,
        "sajda": false,
        "audioArabic": [
          "https://cdn.jsdelivr.net/gh/Salimbd71/ArabicQuran@main/43/41.mp3"
        ],
        "audioBangla": [
          "https://cdn.jsdelivr.net/gh/Salimbd71/BanglaQuran@main/43/41.mp3"
        ]
      },
      {
        "number": 4367,
        "audio": "https://everyayah.com/data/Minshawy_Mujawwad_64kbps/043042.mp3",
        "audioSecondary": [],
        "text": "أَوْ نُرِيَنَّكَ ٱلَّذِى وَعَدْنَٰهُمْ فَإِنَّا عَلَيْهِم مُّقْتَدِرُونَ",
        "numberInSurah": 42,
        "juz": 25,
        "manzil": 6,
        "page": 492,
        "ruku": 427,
        "hizbQuarter": 197,
        "sajda": false,
        "audioArabic": [
          "https://cdn.jsdelivr.net/gh/Salimbd71/ArabicQuran@main/43/42.mp3"
        ],
        "audioBangla": [
          "https://cdn.jsdelivr.net/gh/Salimbd71/BanglaQuran@main/43/42.mp3"
        ]
      },
      {
        "number": 4368,
        "audio": "https://everyayah.com/data/Minshawy_Mujawwad_64kbps/043043.mp3",
        "audioSecondary": [],
        "text": "فَٱسْتَمْسِكْ بِٱلَّذِىٓ أُوحِىَ إِلَيْكَ ۖ إِنَّكَ عَلَىٰ صِرَٰطٍۢ مُّسْتَقِيمٍۢ",
        "numberInSurah": 43,
        "juz": 25,
        "manzil": 6,
        "page": 492,
        "ruku": 427,
        "hizbQuarter": 197,
        "sajda": false,
        "audioArabic": [
          "https://cdn.jsdelivr.net/gh/Salimbd71/ArabicQuran@main/43/43.mp3"
        ],
        "audioBangla": [
          "https://cdn.jsdelivr.net/gh/Salimbd71/BanglaQuran@main/43/43.mp3"
        ]
      },
      {
        "number": 4369,
        "audio": "https://everyayah.com/data/Minshawy_Mujawwad_64kbps/043044.mp3",
        "audioSecondary": [],
        "text": "وَإِنَّهُۥ لَذِكْرٌۭ لَّكَ وَلِقَوْمِكَ ۖ وَسَوْفَ تُسْـَٔلُونَ",
        "numberInSurah": 44,
        "juz": 25,
        "manzil": 6,
        "page": 492,
        "ruku": 427,
        "hizbQuarter": 197,
        "sajda": false,
        "audioArabic": [
          "https://cdn.jsdelivr.net/gh/Salimbd71/ArabicQuran@main/43/44.mp3"
        ],
        "audioBangla": [
          "https://cdn.jsdelivr.net/gh/Salimbd71/BanglaQuran@main/43/44.mp3"
        ]
      },
      {
        "number": 4370,
        "audio": "https://everyayah.com/data/Minshawy_Mujawwad_64kbps/043045.mp3",
        "audioSecondary": [],
        "text": "وَسْـَٔلْ مَنْ أَرْسَلْنَا مِن قَبْلِكَ مِن رُّسُلِنَآ أَجَعَلْنَا مِن دُونِ ٱلرَّحْمَٰنِ ءَالِهَةًۭ يُعْبَدُونَ",
        "numberInSurah": 45,
        "juz": 25,
        "manzil": 6,
        "page": 492,
        "ruku": 427,
        "hizbQuarter": 197,
        "sajda": false,
        "audioArabic": [
          "https://cdn.jsdelivr.net/gh/Salimbd71/ArabicQuran@main/43/45.mp3"
        ],
        "audioBangla": [
          "https://cdn.jsdelivr.net/gh/Salimbd71/BanglaQuran@main/43/45.mp3"
        ]
      },
      {
        "number": 4371,
        "audio": "https://everyayah.com/data/Minshawy_Mujawwad_64kbps/043046.mp3",
        "audioSecondary": [],
        "text": "وَلَقَدْ أَرْسَلْنَا مُوسَىٰ بِـَٔايَٰتِنَآ إِلَىٰ فِرْعَوْنَ وَمَلَإِي۟هِۦ فَقَالَ إِنِّى رَسُولُ رَبِّ ٱلْعَٰلَمِينَ",
        "numberInSurah": 46,
        "juz": 25,
        "manzil": 6,
        "page": 492,
        "ruku": 428,
        "hizbQuarter": 197,
        "sajda": false,
        "audioArabic": [
          "https://cdn.jsdelivr.net/gh/Salimbd71/ArabicQuran@main/43/46.mp3"
        ],
        "audioBangla": [
          "https://cdn.jsdelivr.net/gh/Salimbd71/BanglaQuran@main/43/46.mp3"
        ]
      },
      {
        "number": 4372,
        "audio": "https://everyayah.com/data/Minshawy_Mujawwad_64kbps/043047.mp3",
        "audioSecondary": [],
        "text": "فَلَمَّا جَآءَهُم بِـَٔايَٰتِنَآ إِذَا هُم مِّنْهَا يَضْحَكُونَ",
        "numberInSurah": 47,
        "juz": 25,
        "manzil": 6,
        "page": 492,
        "ruku": 428,
        "hizbQuarter": 197,
        "sajda": false,
        "audioArabic": [
          "https://cdn.jsdelivr.net/gh/Salimbd71/ArabicQuran@main/43/47.mp3"
        ],
        "audioBangla": [
          "https://cdn.jsdelivr.net/gh/Salimbd71/BanglaQuran@main/43/47.mp3"
        ]
      },
      {
        "number": 4373,
        "audio": "https://everyayah.com/data/Minshawy_Mujawwad_64kbps/043048.mp3",
        "audioSecondary": [],
        "text": "وَمَا نُرِيهِم مِّنْ ءَايَةٍ إِلَّا هِىَ أَكْبَرُ مِنْ أُخْتِهَا ۖ وَأَخَذْنَٰهُم بِٱلْعَذَابِ لَعَلَّهُمْ يَرْجِعُونَ",
        "numberInSurah": 48,
        "juz": 25,
        "manzil": 6,
        "page": 493,
        "ruku": 428,
        "hizbQuarter": 197,
        "sajda": false,
        "audioArabic": [
          "https://cdn.jsdelivr.net/gh/Salimbd71/ArabicQuran@main/43/48.mp3"
        ],
        "audioBangla": [
          "https://cdn.jsdelivr.net/gh/Salimbd71/BanglaQuran@main/43/48.mp3"
        ]
      },
      {
        "number": 4374,
        "audio": "https://everyayah.com/data/Minshawy_Mujawwad_64kbps/043049.mp3",
        "audioSecondary": [],
        "text": "وَقَالُوا۟ يَٰٓأَيُّهَ ٱلسَّاحِرُ ٱدْعُ لَنَا رَبَّكَ بِمَا عَهِدَ عِندَكَ إِنَّنَا لَمُهْتَدُونَ",
        "numberInSurah": 49,
        "juz": 25,
        "manzil": 6,
        "page": 493,
        "ruku": 428,
        "hizbQuarter": 197,
        "sajda": false,
        "audioArabic": [
          "https://cdn.jsdelivr.net/gh/Salimbd71/ArabicQuran@main/43/49.mp3"
        ],
        "audioBangla": [
          "https://cdn.jsdelivr.net/gh/Salimbd71/BanglaQuran@main/43/49.mp3"
        ]
      },
      {
        "number": 4375,
        "audio": "https://everyayah.com/data/Minshawy_Mujawwad_64kbps/043050.mp3",
        "audioSecondary": [],
        "text": "فَلَمَّا كَشَفْنَا عَنْهُمُ ٱلْعَذَابَ إِذَا هُمْ يَنكُثُونَ",
        "numberInSurah": 50,
        "juz": 25,
        "manzil": 6,
        "page": 493,
        "ruku": 428,
        "hizbQuarter": 197,
        "sajda": false,
        "audioArabic": [
          "https://cdn.jsdelivr.net/gh/Salimbd71/ArabicQuran@main/43/50.mp3"
        ],
        "audioBangla": [
          "https://cdn.jsdelivr.net/gh/Salimbd71/BanglaQuran@main/43/50.mp3"
        ]
      },
      {
        "number": 4376,
        "audio": "https://everyayah.com/data/Minshawy_Mujawwad_64kbps/043051.mp3",
        "audioSecondary": [],
        "text": "وَنَادَىٰ فِرْعَوْنُ فِى قَوْمِهِۦ قَالَ يَٰقَوْمِ أَلَيْسَ لِى مُلْكُ مِصْرَ وَهَٰذِهِ ٱلْأَنْهَٰرُ تَجْرِى مِن تَحْتِىٓ ۖ أَفَلَا تُبْصِرُونَ",
        "numberInSurah": 51,
        "juz": 25,
        "manzil": 6,
        "page": 493,
        "ruku": 428,
        "hizbQuarter": 197,
        "sajda": false,
        "audioArabic": [
          "https://cdn.jsdelivr.net/gh/Salimbd71/ArabicQuran@main/43/51.mp3"
        ],
        "audioBangla": [
          "https://cdn.jsdelivr.net/gh/Salimbd71/BanglaQuran@main/43/51.mp3"
        ]
      },
      {
        "number": 4377,
        "audio": "https://everyayah.com/data/Minshawy_Mujawwad_64kbps/043052.mp3",
        "audioSecondary": [],
        "text": "أَمْ أَنَا۠ خَيْرٌۭ مِّنْ هَٰذَا ٱلَّذِى هُوَ مَهِينٌۭ وَلَا يَكَادُ يُبِينُ",
        "numberInSurah": 52,
        "juz": 25,
        "manzil": 6,
        "page": 493,
        "ruku": 428,
        "hizbQuarter": 197,
        "sajda": false,
        "audioArabic": [
          "https://cdn.jsdelivr.net/gh/Salimbd71/ArabicQuran@main/43/52.mp3"
        ],
        "audioBangla": [
          "https://cdn.jsdelivr.net/gh/Salimbd71/BanglaQuran@main/43/52.mp3"
        ]
      },
      {
        "number": 4378,
        "audio": "https://everyayah.com/data/Minshawy_Mujawwad_64kbps/043053.mp3",
        "audioSecondary": [],
        "text": "فَلَوْلَآ أُلْقِىَ عَلَيْهِ أَسْوِرَةٌۭ مِّن ذَهَبٍ أَوْ جَآءَ مَعَهُ ٱلْمَلَٰٓئِكَةُ مُقْتَرِنِينَ",
        "numberInSurah": 53,
        "juz": 25,
        "manzil": 6,
        "page": 493,
        "ruku": 428,
        "hizbQuarter": 197,
        "sajda": false,
        "audioArabic": [
          "https://cdn.jsdelivr.net/gh/Salimbd71/ArabicQuran@main/43/53.mp3"
        ],
        "audioBangla": [
          "https://cdn.jsdelivr.net/gh/Salimbd71/BanglaQuran@main/43/53.mp3"
        ]
      },
      {
        "number": 4379,
        "audio": "https://everyayah.com/data/Minshawy_Mujawwad_64kbps/043054.mp3",
        "audioSecondary": [],
        "text": "فَٱسْتَخَفَّ قَوْمَهُۥ فَأَطَاعُوهُ ۚ إِنَّهُمْ كَانُوا۟ قَوْمًۭا فَٰسِقِينَ",
        "numberInSurah": 54,
        "juz": 25,
        "manzil": 6,
        "page": 493,
        "ruku": 428,
        "hizbQuarter": 197,
        "sajda": false,
        "audioArabic": [
          "https://cdn.jsdelivr.net/gh/Salimbd71/ArabicQuran@main/43/54.mp3"
        ],
        "audioBangla": [
          "https://cdn.jsdelivr.net/gh/Salimbd71/BanglaQuran@main/43/54.mp3"
        ]
      },
      {
        "number": 4380,
        "audio": "https://everyayah.com/data/Minshawy_Mujawwad_64kbps/043055.mp3",
        "audioSecondary": [],
        "text": "فَلَمَّآ ءَاسَفُونَا ٱنتَقَمْنَا مِنْهُمْ فَأَغْرَقْنَٰهُمْ أَجْمَعِينَ",
        "numberInSurah": 55,
        "juz": 25,
        "manzil": 6,
        "page": 493,
        "ruku": 428,
        "hizbQuarter": 197,
        "sajda": false,
        "audioArabic": [
          "https://cdn.jsdelivr.net/gh/Salimbd71/ArabicQuran@main/43/55.mp3"
        ],
        "audioBangla": [
          "https://cdn.jsdelivr.net/gh/Salimbd71/BanglaQuran@main/43/55.mp3"
        ]
      },
      {
        "number": 4381,
        "audio": "https://everyayah.com/data/Minshawy_Mujawwad_64kbps/043056.mp3",
        "audioSecondary": [],
        "text": "فَجَعَلْنَٰهُمْ سَلَفًۭا وَمَثَلًۭا لِّلْءَاخِرِينَ",
        "numberInSurah": 56,
        "juz": 25,
        "manzil": 6,
        "page": 493,
        "ruku": 428,
        "hizbQuarter": 197,
        "sajda": false,
        "audioArabic": [
          "https://cdn.jsdelivr.net/gh/Salimbd71/ArabicQuran@main/43/56.mp3"
        ],
        "audioBangla": [
          "https://cdn.jsdelivr.net/gh/Salimbd71/BanglaQuran@main/43/56.mp3"
        ]
      },
      {
        "number": 4382,
        "audio": "https://everyayah.com/data/Minshawy_Mujawwad_64kbps/043057.mp3",
        "audioSecondary": [],
        "text": "۞ وَلَمَّا ضُرِبَ ٱبْنُ مَرْيَمَ مَثَلًا إِذَا قَوْمُكَ مِنْهُ يَصِدُّونَ",
        "numberInSurah": 57,
        "juz": 25,
        "manzil": 6,
        "page": 493,
        "ruku": 429,
        "hizbQuarter": 198,
        "sajda": false,
        "audioArabic": [
          "https://cdn.jsdelivr.net/gh/Salimbd71/ArabicQuran@main/43/57.mp3"
        ],
        "audioBangla": [
          "https://cdn.jsdelivr.net/gh/Salimbd71/BanglaQuran@main/43/57.mp3"
        ]
      },
      {
        "number": 4383,
        "audio": "https://everyayah.com/data/Minshawy_Mujawwad_64kbps/043058.mp3",
        "audioSecondary": [],
        "text": "وَقَالُوٓا۟ ءَأَٰلِهَتُنَا خَيْرٌ أَمْ هُوَ ۚ مَا ضَرَبُوهُ لَكَ إِلَّا جَدَلًۢا ۚ بَلْ هُمْ قَوْمٌ خَصِمُونَ",
        "numberInSurah": 58,
        "juz": 25,
        "manzil": 6,
        "page": 493,
        "ruku": 429,
        "hizbQuarter": 198,
        "sajda": false,
        "audioArabic": [
          "https://cdn.jsdelivr.net/gh/Salimbd71/ArabicQuran@main/43/58.mp3"
        ],
        "audioBangla": [
          "https://cdn.jsdelivr.net/gh/Salimbd71/BanglaQuran@main/43/58.mp3"
        ]
      },
      {
        "number": 4384,
        "audio": "https://everyayah.com/data/Minshawy_Mujawwad_64kbps/043059.mp3",
        "audioSecondary": [],
        "text": "إِنْ هُوَ إِلَّا عَبْدٌ أَنْعَمْنَا عَلَيْهِ وَجَعَلْنَٰهُ مَثَلًۭا لِّبَنِىٓ إِسْرَٰٓءِيلَ",
        "numberInSurah": 59,
        "juz": 25,
        "manzil": 6,
        "page": 493,
        "ruku": 429,
        "hizbQuarter": 198,
        "sajda": false,
        "audioArabic": [
          "https://cdn.jsdelivr.net/gh/Salimbd71/ArabicQuran@main/43/59.mp3"
        ],
        "audioBangla": [
          "https://cdn.jsdelivr.net/gh/Salimbd71/BanglaQuran@main/43/59.mp3"
        ]
      },
      {
        "number": 4385,
        "audio": "https://everyayah.com/data/Minshawy_Mujawwad_64kbps/043060.mp3",
        "audioSecondary": [],
        "text": "وَلَوْ نَشَآءُ لَجَعَلْنَا مِنكُم مَّلَٰٓئِكَةًۭ فِى ٱلْأَرْضِ يَخْلُفُونَ",
        "numberInSurah": 60,
        "juz": 25,
        "manzil": 6,
        "page": 493,
        "ruku": 429,
        "hizbQuarter": 198,
        "sajda": false,
        "audioArabic": [
          "https://cdn.jsdelivr.net/gh/Salimbd71/ArabicQuran@main/43/60.mp3"
        ],
        "audioBangla": [
          "https://cdn.jsdelivr.net/gh/Salimbd71/BanglaQuran@main/43/60.mp3"
        ]
      },
      {
        "number": 4386,
        "audio": "https://everyayah.com/data/Minshawy_Mujawwad_64kbps/043061.mp3",
        "audioSecondary": [],
        "text": "وَإِنَّهُۥ لَعِلْمٌۭ لِّلسَّاعَةِ فَلَا تَمْتَرُنَّ بِهَا وَٱتَّبِعُونِ ۚ هَٰذَا صِرَٰطٌۭ مُّسْتَقِيمٌۭ",
        "numberInSurah": 61,
        "juz": 25,
        "manzil": 6,
        "page": 494,
        "ruku": 429,
        "hizbQuarter": 198,
        "sajda": false,
        "audioArabic": [
          "https://cdn.jsdelivr.net/gh/Salimbd71/ArabicQuran@main/43/61.mp3"
        ],
        "audioBangla": [
          "https://cdn.jsdelivr.net/gh/Salimbd71/BanglaQuran@main/43/61.mp3"
        ]
      },
      {
        "number": 4387,
        "audio": "https://everyayah.com/data/Minshawy_Mujawwad_64kbps/043062.mp3",
        "audioSecondary": [],
        "text": "وَلَا يَصُدَّنَّكُمُ ٱلشَّيْطَٰنُ ۖ إِنَّهُۥ لَكُمْ عَدُوٌّۭ مُّبِينٌۭ",
        "numberInSurah": 62,
        "juz": 25,
        "manzil": 6,
        "page": 494,
        "ruku": 429,
        "hizbQuarter": 198,
        "sajda": false,
        "audioArabic": [
          "https://cdn.jsdelivr.net/gh/Salimbd71/ArabicQuran@main/43/62.mp3"
        ],
        "audioBangla": [
          "https://cdn.jsdelivr.net/gh/Salimbd71/BanglaQuran@main/43/62.mp3"
        ]
      },
      {
        "number": 4388,
        "audio": "https://everyayah.com/data/Minshawy_Mujawwad_64kbps/043063.mp3",
        "audioSecondary": [],
        "text": "وَلَمَّا جَآءَ عِيسَىٰ بِٱلْبَيِّنَٰتِ قَالَ قَدْ جِئْتُكُم بِٱلْحِكْمَةِ وَلِأُبَيِّنَ لَكُم بَعْضَ ٱلَّذِى تَخْتَلِفُونَ فِيهِ ۖ فَٱتَّقُوا۟ ٱللَّهَ وَأَطِيعُونِ",
        "numberInSurah": 63,
        "juz": 25,
        "manzil": 6,
        "page": 494,
        "ruku": 429,
        "hizbQuarter": 198,
        "sajda": false,
        "audioArabic": [
          "https://cdn.jsdelivr.net/gh/Salimbd71/ArabicQuran@main/43/63.mp3"
        ],
        "audioBangla": [
          "https://cdn.jsdelivr.net/gh/Salimbd71/BanglaQuran@main/43/63.mp3"
        ]
      },
      {
        "number": 4389,
        "audio": "https://everyayah.com/data/Minshawy_Mujawwad_64kbps/043064.mp3",
        "audioSecondary": [],
        "text": "إِنَّ ٱللَّهَ هُوَ رَبِّى وَرَبُّكُمْ فَٱعْبُدُوهُ ۚ هَٰذَا صِرَٰطٌۭ مُّسْتَقِيمٌۭ",
        "numberInSurah": 64,
        "juz": 25,
        "manzil": 6,
        "page": 494,
        "ruku": 429,
        "hizbQuarter": 198,
        "sajda": false,
        "audioArabic": [
          "https://cdn.jsdelivr.net/gh/Salimbd71/ArabicQuran@main/43/64.mp3"
        ],
        "audioBangla": [
          "https://cdn.jsdelivr.net/gh/Salimbd71/BanglaQuran@main/43/64.mp3"
        ]
      },
      {
        "number": 4390,
        "audio": "https://everyayah.com/data/Minshawy_Mujawwad_64kbps/043065.mp3",
        "audioSecondary": [],
        "text": "فَٱخْتَلَفَ ٱلْأَحْزَابُ مِنۢ بَيْنِهِمْ ۖ فَوَيْلٌۭ لِّلَّذِينَ ظَلَمُوا۟ مِنْ عَذَابِ يَوْمٍ أَلِيمٍ",
        "numberInSurah": 65,
        "juz": 25,
        "manzil": 6,
        "page": 494,
        "ruku": 429,
        "hizbQuarter": 198,
        "sajda": false,
        "audioArabic": [
          "https://cdn.jsdelivr.net/gh/Salimbd71/ArabicQuran@main/43/65.mp3"
        ],
        "audioBangla": [
          "https://cdn.jsdelivr.net/gh/Salimbd71/BanglaQuran@main/43/65.mp3"
        ]
      },
      {
        "number": 4391,
        "audio": "https://everyayah.com/data/Minshawy_Mujawwad_64kbps/043066.mp3",
        "audioSecondary": [],
        "text": "هَلْ يَنظُرُونَ إِلَّا ٱلسَّاعَةَ أَن تَأْتِيَهُم بَغْتَةًۭ وَهُمْ لَا يَشْعُرُونَ",
        "numberInSurah": 66,
        "juz": 25,
        "manzil": 6,
        "page": 494,
        "ruku": 429,
        "hizbQuarter": 198,
        "sajda": false,
        "audioArabic": [
          "https://cdn.jsdelivr.net/gh/Salimbd71/ArabicQuran@main/43/66.mp3"
        ],
        "audioBangla": [
          "https://cdn.jsdelivr.net/gh/Salimbd71/BanglaQuran@main/43/66.mp3"
        ]
      },
      {
        "number": 4392,
        "audio": "https://everyayah.com/data/Minshawy_Mujawwad_64kbps/043067.mp3",
        "audioSecondary": [],
        "text": "ٱلْأَخِلَّآءُ يَوْمَئِذٍۭ بَعْضُهُمْ لِبَعْضٍ عَدُوٌّ إِلَّا ٱلْمُتَّقِينَ",
        "numberInSurah": 67,
        "juz": 25,
        "manzil": 6,
        "page": 494,
        "ruku": 429,
        "hizbQuarter": 198,
        "sajda": false,
        "audioArabic": [
          "https://cdn.jsdelivr.net/gh/Salimbd71/ArabicQuran@main/43/67.mp3"
        ],
        "audioBangla": [
          "https://cdn.jsdelivr.net/gh/Salimbd71/BanglaQuran@main/43/67.mp3"
        ]
      },
      {
        "number": 4393,
        "audio": "https://everyayah.com/data/Minshawy_Mujawwad_64kbps/043068.mp3",
        "audioSecondary": [],
        "text": "يَٰعِبَادِ لَا خَوْفٌ عَلَيْكُمُ ٱلْيَوْمَ وَلَآ أَنتُمْ تَحْزَنُونَ",
        "numberInSurah": 68,
        "juz": 25,
        "manzil": 6,
        "page": 494,
        "ruku": 430,
        "hizbQuarter": 198,
        "sajda": false,
        "audioArabic": [
          "https://cdn.jsdelivr.net/gh/Salimbd71/ArabicQuran@main/43/68.mp3"
        ],
        "audioBangla": [
          "https://cdn.jsdelivr.net/gh/Salimbd71/BanglaQuran@main/43/68.mp3"
        ]
      },
      {
        "number": 4394,
        "audio": "https://everyayah.com/data/Minshawy_Mujawwad_64kbps/043069.mp3",
        "audioSecondary": [],
        "text": "ٱلَّذِينَ ءَامَنُوا۟ بِـَٔايَٰتِنَا وَكَانُوا۟ مُسْلِمِينَ",
        "numberInSurah": 69,
        "juz": 25,
        "manzil": 6,
        "page": 494,
        "ruku": 430,
        "hizbQuarter": 198,
        "sajda": false,
        "audioArabic": [
          "https://cdn.jsdelivr.net/gh/Salimbd71/ArabicQuran@main/43/69.mp3"
        ],
        "audioBangla": [
          "https://cdn.jsdelivr.net/gh/Salimbd71/BanglaQuran@main/43/69.mp3"
        ]
      },
      {
        "number": 4395,
        "audio": "https://everyayah.com/data/Minshawy_Mujawwad_64kbps/043070.mp3",
        "audioSecondary": [],
        "text": "ٱدْخُلُوا۟ ٱلْجَنَّةَ أَنتُمْ وَأَزْوَٰجُكُمْ تُحْبَرُونَ",
        "numberInSurah": 70,
        "juz": 25,
        "manzil": 6,
        "page": 494,
        "ruku": 430,
        "hizbQuarter": 198,
        "sajda": false,
        "audioArabic": [
          "https://cdn.jsdelivr.net/gh/Salimbd71/ArabicQuran@main/43/70.mp3"
        ],
        "audioBangla": [
          "https://cdn.jsdelivr.net/gh/Salimbd71/BanglaQuran@main/43/70.mp3"
        ]
      },
      {
        "number": 4396,
        "audio": "https://everyayah.com/data/Minshawy_Mujawwad_64kbps/043071.mp3",
        "audioSecondary": [],
        "text": "يُطَافُ عَلَيْهِم بِصِحَافٍۢ مِّن ذَهَبٍۢ وَأَكْوَابٍۢ ۖ وَفِيهَا مَا تَشْتَهِيهِ ٱلْأَنفُسُ وَتَلَذُّ ٱلْأَعْيُنُ ۖ وَأَنتُمْ فِيهَا خَٰلِدُونَ",
        "numberInSurah": 71,
        "juz": 25,
        "manzil": 6,
        "page": 494,
        "ruku": 430,
        "hizbQuarter": 198,
        "sajda": false,
        "audioArabic": [
          "https://cdn.jsdelivr.net/gh/Salimbd71/ArabicQuran@main/43/71.mp3"
        ],
        "audioBangla": [
          "https://cdn.jsdelivr.net/gh/Salimbd71/BanglaQuran@main/43/71.mp3"
        ]
      },
      {
        "number": 4397,
        "audio": "https://everyayah.com/data/Minshawy_Mujawwad_64kbps/043072.mp3",
        "audioSecondary": [],
        "text": "وَتِلْكَ ٱلْجَنَّةُ ٱلَّتِىٓ أُورِثْتُمُوهَا بِمَا كُنتُمْ تَعْمَلُونَ",
        "numberInSurah": 72,
        "juz": 25,
        "manzil": 6,
        "page": 494,
        "ruku": 430,
        "hizbQuarter": 198,
        "sajda": false,
        "audioArabic": [
          "https://cdn.jsdelivr.net/gh/Salimbd71/ArabicQuran@main/43/72.mp3"
        ],
        "audioBangla": [
          "https://cdn.jsdelivr.net/gh/Salimbd71/BanglaQuran@main/43/72.mp3"
        ]
      },
      {
        "number": 4398,
        "audio": "https://everyayah.com/data/Minshawy_Mujawwad_64kbps/043073.mp3",
        "audioSecondary": [],
        "text": "لَكُمْ فِيهَا فَٰكِهَةٌۭ كَثِيرَةٌۭ مِّنْهَا تَأْكُلُونَ",
        "numberInSurah": 73,
        "juz": 25,
        "manzil": 6,
        "page": 494,
        "ruku": 430,
        "hizbQuarter": 198,
        "sajda": false,
        "audioArabic": [
          "https://cdn.jsdelivr.net/gh/Salimbd71/ArabicQuran@main/43/73.mp3"
        ],
        "audioBangla": [
          "https://cdn.jsdelivr.net/gh/Salimbd71/BanglaQuran@main/43/73.mp3"
        ]
      },
      {
        "number": 4399,
        "audio": "https://everyayah.com/data/Minshawy_Mujawwad_64kbps/043074.mp3",
        "audioSecondary": [],
        "text": "إِنَّ ٱلْمُجْرِمِينَ فِى عَذَابِ جَهَنَّمَ خَٰلِدُونَ",
        "numberInSurah": 74,
        "juz": 25,
        "manzil": 6,
        "page": 495,
        "ruku": 430,
        "hizbQuarter": 198,
        "sajda": false,
        "audioArabic": [
          "https://cdn.jsdelivr.net/gh/Salimbd71/ArabicQuran@main/43/74.mp3"
        ],
        "audioBangla": [
          "https://cdn.jsdelivr.net/gh/Salimbd71/BanglaQuran@main/43/74.mp3"
        ]
      },
      {
        "number": 4400,
        "audio": "https://everyayah.com/data/Minshawy_Mujawwad_64kbps/043075.mp3",
        "audioSecondary": [],
        "text": "لَا يُفَتَّرُ عَنْهُمْ وَهُمْ فِيهِ مُبْلِسُونَ",
        "numberInSurah": 75,
        "juz": 25,
        "manzil": 6,
        "page": 495,
        "ruku": 430,
        "hizbQuarter": 198,
        "sajda": false,
        "audioArabic": [
          "https://cdn.jsdelivr.net/gh/Salimbd71/ArabicQuran@main/43/75.mp3"
        ],
        "audioBangla": [
          "https://cdn.jsdelivr.net/gh/Salimbd71/BanglaQuran@main/43/75.mp3"
        ]
      },
      {
        "number": 4401,
        "audio": "https://everyayah.com/data/Minshawy_Mujawwad_64kbps/043076.mp3",
        "audioSecondary": [],
        "text": "وَمَا ظَلَمْنَٰهُمْ وَلَٰكِن كَانُوا۟ هُمُ ٱلظَّٰلِمِينَ",
        "numberInSurah": 76,
        "juz": 25,
        "manzil": 6,
        "page": 495,
        "ruku": 430,
        "hizbQuarter": 198,
        "sajda": false,
        "audioArabic": [
          "https://cdn.jsdelivr.net/gh/Salimbd71/ArabicQuran@main/43/76.mp3"
        ],
        "audioBangla": [
          "https://cdn.jsdelivr.net/gh/Salimbd71/BanglaQuran@main/43/76.mp3"
        ]
      },
      {
        "number": 4402,
        "audio": "https://everyayah.com/data/Minshawy_Mujawwad_64kbps/043077.mp3",
        "audioSecondary": [],
        "text": "وَنَادَوْا۟ يَٰمَٰلِكُ لِيَقْضِ عَلَيْنَا رَبُّكَ ۖ قَالَ إِنَّكُم مَّٰكِثُونَ",
        "numberInSurah": 77,
        "juz": 25,
        "manzil": 6,
        "page": 495,
        "ruku": 430,
        "hizbQuarter": 198,
        "sajda": false,
        "audioArabic": [
          "https://cdn.jsdelivr.net/gh/Salimbd71/ArabicQuran@main/43/77.mp3"
        ],
        "audioBangla": [
          "https://cdn.jsdelivr.net/gh/Salimbd71/BanglaQuran@main/43/77.mp3"
        ]
      },
      {
        "number": 4403,
        "audio": "https://everyayah.com/data/Minshawy_Mujawwad_64kbps/043078.mp3",
        "audioSecondary": [],
        "text": "لَقَدْ جِئْنَٰكُم بِٱلْحَقِّ وَلَٰكِنَّ أَكْثَرَكُمْ لِلْحَقِّ كَٰرِهُونَ",
        "numberInSurah": 78,
        "juz": 25,
        "manzil": 6,
        "page": 495,
        "ruku": 430,
        "hizbQuarter": 198,
        "sajda": false,
        "audioArabic": [
          "https://cdn.jsdelivr.net/gh/Salimbd71/ArabicQuran@main/43/78.mp3"
        ],
        "audioBangla": [
          "https://cdn.jsdelivr.net/gh/Salimbd71/BanglaQuran@main/43/78.mp3"
        ]
      },
      {
        "number": 4404,
        "audio": "https://everyayah.com/data/Minshawy_Mujawwad_64kbps/043079.mp3",
        "audioSecondary": [],
        "text": "أَمْ أَبْرَمُوٓا۟ أَمْرًۭا فَإِنَّا مُبْرِمُونَ",
        "numberInSurah": 79,
        "juz": 25,
        "manzil": 6,
        "page": 495,
        "ruku": 430,
        "hizbQuarter": 198,
        "sajda": false,
        "audioArabic": [
          "https://cdn.jsdelivr.net/gh/Salimbd71/ArabicQuran@main/43/79.mp3"
        ],
        "audioBangla": [
          "https://cdn.jsdelivr.net/gh/Salimbd71/BanglaQuran@main/43/79.mp3"
        ]
      },
      {
        "number": 4405,
        "audio": "https://everyayah.com/data/Minshawy_Mujawwad_64kbps/043080.mp3",
        "audioSecondary": [],
        "text": "أَمْ يَحْسَبُونَ أَنَّا لَا نَسْمَعُ سِرَّهُمْ وَنَجْوَىٰهُم ۚ بَلَىٰ وَرُسُلُنَا لَدَيْهِمْ يَكْتُبُونَ",
        "numberInSurah": 80,
        "juz": 25,
        "manzil": 6,
        "page": 495,
        "ruku": 430,
        "hizbQuarter": 198,
        "sajda": false,
        "audioArabic": [
          "https://cdn.jsdelivr.net/gh/Salimbd71/ArabicQuran@main/43/80.mp3"
        ],
        "audioBangla": [
          "https://cdn.jsdelivr.net/gh/Salimbd71/BanglaQuran@main/43/80.mp3"
        ]
      },
      {
        "number": 4406,
        "audio": "https://everyayah.com/data/Minshawy_Mujawwad_64kbps/043081.mp3",
        "audioSecondary": [],
        "text": "قُلْ إِن كَانَ لِلرَّحْمَٰنِ وَلَدٌۭ فَأَنَا۠ أَوَّلُ ٱلْعَٰبِدِينَ",
        "numberInSurah": 81,
        "juz": 25,
        "manzil": 6,
        "page": 495,
        "ruku": 430,
        "hizbQuarter": 198,
        "sajda": false,
        "audioArabic": [
          "https://cdn.jsdelivr.net/gh/Salimbd71/ArabicQuran@main/43/81.mp3"
        ],
        "audioBangla": [
          "https://cdn.jsdelivr.net/gh/Salimbd71/BanglaQuran@main/43/81.mp3"
        ]
      },
      {
        "number": 4407,
        "audio": "https://everyayah.com/data/Minshawy_Mujawwad_64kbps/043082.mp3",
        "audioSecondary": [],
        "text": "سُبْحَٰنَ رَبِّ ٱلسَّمَٰوَٰتِ وَٱلْأَرْضِ رَبِّ ٱلْعَرْشِ عَمَّا يَصِفُونَ",
        "numberInSurah": 82,
        "juz": 25,
        "manzil": 6,
        "page": 495,
        "ruku": 430,
        "hizbQuarter": 198,
        "sajda": false,
        "audioArabic": [
          "https://cdn.jsdelivr.net/gh/Salimbd71/ArabicQuran@main/43/82.mp3"
        ],
        "audioBangla": [
          "https://cdn.jsdelivr.net/gh/Salimbd71/BanglaQuran@main/43/82.mp3"
        ]
      },
      {
        "number": 4408,
        "audio": "https://everyayah.com/data/Minshawy_Mujawwad_64kbps/043083.mp3",
        "audioSecondary": [],
        "text": "فَذَرْهُمْ يَخُوضُوا۟ وَيَلْعَبُوا۟ حَتَّىٰ يُلَٰقُوا۟ يَوْمَهُمُ ٱلَّذِى يُوعَدُونَ",
        "numberInSurah": 83,
        "juz": 25,
        "manzil": 6,
        "page": 495,
        "ruku": 430,
        "hizbQuarter": 198,
        "sajda": false,
        "audioArabic": [
          "https://cdn.jsdelivr.net/gh/Salimbd71/ArabicQuran@main/43/83.mp3"
        ],
        "audioBangla": [
          "https://cdn.jsdelivr.net/gh/Salimbd71/BanglaQuran@main/43/83.mp3"
        ]
      },
      {
        "number": 4409,
        "audio": "https://everyayah.com/data/Minshawy_Mujawwad_64kbps/043084.mp3",
        "audioSecondary": [],
        "text": "وَهُوَ ٱلَّذِى فِى ٱلسَّمَآءِ إِلَٰهٌۭ وَفِى ٱلْأَرْضِ إِلَٰهٌۭ ۚ وَهُوَ ٱلْحَكِيمُ ٱلْعَلِيمُ",
        "numberInSurah": 84,
        "juz": 25,
        "manzil": 6,
        "page": 495,
        "ruku": 430,
        "hizbQuarter": 198,
        "sajda": false,
        "audioArabic": [
          "https://cdn.jsdelivr.net/gh/Salimbd71/ArabicQuran@main/43/84.mp3"
        ],
        "audioBangla": [
          "https://cdn.jsdelivr.net/gh/Salimbd71/BanglaQuran@main/43/84.mp3"
        ]
      },
      {
        "number": 4410,
        "audio": "https://everyayah.com/data/Minshawy_Mujawwad_64kbps/043085.mp3",
        "audioSecondary": [],
        "text": "وَتَبَارَكَ ٱلَّذِى لَهُۥ مُلْكُ ٱلسَّمَٰوَٰتِ وَٱلْأَرْضِ وَمَا بَيْنَهُمَا وَعِندَهُۥ عِلْمُ ٱلسَّاعَةِ وَإِلَيْهِ تُرْجَعُونَ",
        "numberInSurah": 85,
        "juz": 25,
        "manzil": 6,
        "page": 495,
        "ruku": 430,
        "hizbQuarter": 198,
        "sajda": false,
        "audioArabic": [
          "https://cdn.jsdelivr.net/gh/Salimbd71/ArabicQuran@main/43/85.mp3"
        ],
        "audioBangla": [
          "https://cdn.jsdelivr.net/gh/Salimbd71/BanglaQuran@main/43/85.mp3"
        ]
      },
      {
        "number": 4411,
        "audio": "https://everyayah.com/data/Minshawy_Mujawwad_64kbps/043086.mp3",
        "audioSecondary": [],
        "text": "وَلَا يَمْلِكُ ٱلَّذِينَ يَدْعُونَ مِن دُونِهِ ٱلشَّفَٰعَةَ إِلَّا مَن شَهِدَ بِٱلْحَقِّ وَهُمْ يَعْلَمُونَ",
        "numberInSurah": 86,
        "juz": 25,
        "manzil": 6,
        "page": 495,
        "ruku": 430,
        "hizbQuarter": 198,
        "sajda": false,
        "audioArabic": [
          "https://cdn.jsdelivr.net/gh/Salimbd71/ArabicQuran@main/43/86.mp3"
        ],
        "audioBangla": [
          "https://cdn.jsdelivr.net/gh/Salimbd71/BanglaQuran@main/43/86.mp3"
        ]
      },
      {
        "number": 4412,
        "audio": "https://everyayah.com/data/Minshawy_Mujawwad_64kbps/043087.mp3",
        "audioSecondary": [],
        "text": "وَلَئِن سَأَلْتَهُم مَّنْ خَلَقَهُمْ لَيَقُولُنَّ ٱللَّهُ ۖ فَأَنَّىٰ يُؤْفَكُونَ",
        "numberInSurah": 87,
        "juz": 25,
        "manzil": 6,
        "page": 495,
        "ruku": 430,
        "hizbQuarter": 198,
        "sajda": false,
        "audioArabic": [
          "https://cdn.jsdelivr.net/gh/Salimbd71/ArabicQuran@main/43/87.mp3"
        ],
        "audioBangla": [
          "https://cdn.jsdelivr.net/gh/Salimbd71/BanglaQuran@main/43/87.mp3"
        ]
      },
      {
        "number": 4413,
        "audio": "https://everyayah.com/data/Minshawy_Mujawwad_64kbps/043088.mp3",
        "audioSecondary": [],
        "text": "وَقِيلِهِۦ يَٰرَبِّ إِنَّ هَٰٓؤُلَآءِ قَوْمٌۭ لَّا يُؤْمِنُونَ",
        "numberInSurah": 88,
        "juz": 25,
        "manzil": 6,
        "page": 495,
        "ruku": 430,
        "hizbQuarter": 198,
        "sajda": false,
        "audioArabic": [
          "https://cdn.jsdelivr.net/gh/Salimbd71/ArabicQuran@main/43/88.mp3"
        ],
        "audioBangla": [
          "https://cdn.jsdelivr.net/gh/Salimbd71/BanglaQuran@main/43/88.mp3"
        ]
      },
      {
        "number": 4414,
        "audio": "https://everyayah.com/data/Minshawy_Mujawwad_64kbps/043089.mp3",
        "audioSecondary": [],
        "text": "فَٱصْفَحْ عَنْهُمْ وَقُلْ سَلَٰمٌۭ ۚ فَسَوْفَ يَعْلَمُونَ",
        "numberInSurah": 89,
        "juz": 25,
        "manzil": 6,
        "page": 495,
        "ruku": 430,
        "hizbQuarter": 198,
        "sajda": false,
        "audioArabic": [
          "https://cdn.jsdelivr.net/gh/Salimbd71/ArabicQuran@main/43/89.mp3"
        ],
        "audioBangla": [
          "https://cdn.jsdelivr.net/gh/Salimbd71/BanglaQuran@main/43/89.mp3"
        ]
      }
    ],
    "edition": {
      "identifier": "ar.minshawi",
      "language": "ar",
      "name": "محمد صديق المنشاوي",
      "englishName": "Minshawi",
      "format": "audio",
      "type": "translation",
      "direction": null
    }
  }
}