{
  "code": 200,
  "status": "OK",
  "data": {
    "number": 15,
    "name": "سُورَةُ الحِجۡرِ",
    "englishName": "Al-Hijr",
    "englishNameTranslation": "The Rock",
    "revelationType": "Meccan",
    "numberOfAyahs": 99,
    "ayahs": [
      {
        "number": 1803,
        "audio": "https://everyayah.com/data/Alafasy_64kbps/015001.mp3",
        "audioSecondary": [
          "https://cdn.islamic.network/quran/audio/64/ar.alafasy/1803.mp3"
        ],
        "text": "بِسْمِ ٱللَّهِ ٱلرَّحْمَٰنِ ٱلرَّحِيمِ الٓر ۚ تِلْكَ ءَايَٰتُ ٱلْكِتَٰبِ وَقُرْءَانٍۢ مُّبِينٍۢ",
        "numberInSurah": 1,
        "juz": 14,
        "manzil": 3,
        "page": 262,
        "ruku": 218,
        "hizbQuarter": 105,
        "sajda": false,
        "audioArabic": [
          "https://cdn.jsdelivr.net/gh/Salimbd71/ArabicQuran@main/15/1.mp3"
        ],
        "audioBangla": [
          "https://cdn.jsdelivr.net/gh/Salimbd71/BanglaQuran@main/15/1.mp3"
        ]
      },
      {
        "number": 1804,
        "audio": "https://everyayah.com/data/Alafasy_64kbps/015002.mp3",
        "audioSecondary": [
          "https://cdn.islamic.network/quran/audio/64/ar.alafasy/1804.mp3"
        ],
        "text": "رُّبَمَا يَوَدُّ ٱلَّذِينَ كَفَرُوا۟ لَوْ كَانُوا۟ مُسْلِمِينَ",
        "numberInSurah": 2,
        "juz": 14,
        "manzil": 3,
        "page": 262,
        "ruku": 218,
        "hizbQuarter": 105,
        "sajda": false,
        "audioArabic": [
          "https://cdn.jsdelivr.net/gh/Salimbd71/ArabicQuran@main/15/2.mp3"
        ],
        "audioBangla": [
          "https://cdn.jsdelivr.net/gh/Salimbd71/BanglaQuran@main/15/2.mp3"
        ]
      },
      {
        "number": 1805,
        "audio": "https://everyayah.com/data/Alafasy_64kbps/015003.mp3",
        "audioSecondary": [
          "https://cdn.islamic.network/quran/audio/64/ar.alafasy/1805.mp3"
        ],
        "text": "ذَرْهُمْ يَأْكُلُوا۟ وَيَتَمَتَّعُوا۟ وَيُلْهِهِمُ ٱلْأَمَلُ ۖ فَسَوْفَ يَعْلَمُونَ",
        "numberInSurah": 3,
        "juz": 14,
        "manzil": 3,
        "page": 262,
        "ruku": 218,
        "hizbQuarter": 105,
        "sajda": false,
        "audioArabic": [
          "https://cdn.jsdelivr.net/gh/Salimbd71/ArabicQuran@main/15/3.mp3"
        ],
        "audioBangla": [
          "https://cdn.jsdelivr.net/gh/Salimbd71/BanglaQuran@main/15/3.mp3"
        ]
      },
      {
        "number": 1806,
        "audio": "https://everyayah.com/data/Alafasy_64kbps/015004.mp3",
        "audioSecondary": [
          "https://cdn.islamic.network/quran/audio/64/ar.alafasy/1806.mp3"
        ],
        "text": "وَمَآ أَهْلَكْنَا مِن قَرْيَةٍ إِلَّا وَلَهَا كِتَابٌۭ مَّعْلُومٌۭ",
        "numberInSurah": 4,
        "juz": 14,
        "manzil": 3,
        "page": 262,
        "ruku": 218,
        "hizbQuarter": 105,
        "sajda": false,
        "audioArabic": [
          "https://cdn.jsdelivr.net/gh/Salimbd71/ArabicQuran@main/15/4.mp3"
        ],
        "audioBangla": [
          "https://cdn.jsdelivr.net/gh/Salimbd71/BanglaQuran@main/15/4.mp3"
        ]
      },
      {
        "number": 1807,
        "audio": "https://everyayah.com/data/Alafasy_64kbps/015005.mp3",
        "audioSecondary": [
          "https://cdn.islamic.network/quran/audio/64/ar.alafasy/1807.mp3"
        ],
        "text": "مَّا تَسْبِقُ مِنْ أُمَّةٍ أَجَلَهَا وَمَا يَسْتَـْٔخِرُونَ",
        "numberInSurah": 5,
        "juz": 14,
        "manzil": 3,
        "page": 262,
        "ruku": 218,
        "hizbQuarter": 105,
        "sajda": false,
        "audioArabic": [
          "https://cdn.jsdelivr.net/gh/Salimbd71/ArabicQuran@main/15/5.mp3"
        ],
        "audioBangla": [
          "https://cdn.jsdelivr.net/gh/Salimbd71/BanglaQuran@main/15/5.mp3"
        ]
      },
      {
        "number": 1808,
        "audio": "https://everyayah.com/data/Alafasy_64kbps/015006.mp3",
        "audioSecondary": [
          "https://cdn.islamic.network/quran/audio/64/ar.alafasy/1808.mp3"
        ],
        "text": "وَقَالُوا۟ يَٰٓأَيُّهَا ٱلَّذِى نُزِّلَ عَلَيْهِ ٱلذِّكْرُ إِنَّكَ لَمَجْنُونٌۭ",
        "numberInSurah": 6,
        "juz": 14,
        "manzil": 3,
        "page": 262,
        "ruku": 218,
        "hizbQuarter": 105,
        "sajda": false,
        "audioArabic": [
          "https://cdn.jsdelivr.net/gh/Salimbd71/ArabicQuran@main/15/6.mp3"
        ],
        "audioBangla": [
          "https://cdn.jsdelivr.net/gh/Salimbd71/BanglaQuran@main/15/6.mp3"
        ]
      },
      {
        "number": 1809,
        "audio": "https://everyayah.com/data/Alafasy_64kbps/015007.mp3",
        "audioSecondary": [
          "https://cdn.islamic.network/quran/audio/64/ar.alafasy/1809.mp3"
        ],
        "text": "لَّوْ مَا تَأْتِينَا بِٱلْمَلَٰٓئِكَةِ إِن كُنتَ مِنَ ٱلصَّٰدِقِينَ",
        "numberInSurah": 7,
        "juz": 14,
        "manzil": 3,
        "page": 262,
        "ruku": 218,
        "hizbQuarter": 105,
        "sajda": false,
        "audioArabic": [
          "https://cdn.jsdelivr.net/gh/Salimbd71/ArabicQuran@main/15/7.mp3"
        ],
        "audioBangla": [
          "https://cdn.jsdelivr.net/gh/Salimbd71/BanglaQuran@main/15/7.mp3"
        ]
      },
      {
        "number": 1810,
        "audio": "https://everyayah.com/data/Alafasy_64kbps/015008.mp3",
        "audioSecondary": [
          "https://cdn.islamic.network/quran/audio/64/ar.alafasy/1810.mp3"
        ],
        "text": "مَا نُنَزِّلُ ٱلْمَلَٰٓئِكَةَ إِلَّا بِٱلْحَقِّ وَمَا كَانُوٓا۟ إِذًۭا مُّنظَرِينَ",
        "numberInSurah": 8,
        "juz": 14,
        "manzil": 3,
        "page": 262,
        "ruku": 218,
        "hizbQuarter": 105,
        "sajda": false,
        "audioArabic": [
          "https://cdn.jsdelivr.net/gh/Salimbd71/ArabicQuran@main/15/8.mp3"
        ],
        "audioBangla": [
          "https://cdn.jsdelivr.net/gh/Salimbd71/BanglaQuran@main/15/8.mp3"
        ]
      },
      {
        "number": 1811,
        "audio": "https://everyayah.com/data/Alafasy_64kbps/015009.mp3",
        "audioSecondary": [
          "https://cdn.islamic.network/quran/audio/64/ar.alafasy/1811.mp3"
        ],
        "text": "إِنَّا نَحْنُ نَزَّلْنَا ٱلذِّكْرَ وَإِنَّا لَهُۥ لَحَٰفِظُونَ",
        "numberInSurah": 9,
        "juz": 14,
        "manzil": 3,
        "page": 262,
        "ruku": 218,
        "hizbQuarter": 105,
        "sajda": false,
        "audioArabic": [
          "https://cdn.jsdelivr.net/gh/Salimbd71/ArabicQuran@main/15/9.mp3"
        ],
        "audioBangla": [
          "https://cdn.jsdelivr.net/gh/Salimbd71/BanglaQuran@main/15/9.mp3"
        ]
      },
      {
        "number": 1812,
        "audio": "https://everyayah.com/data/Alafasy_64kbps/015010.mp3",
        "audioSecondary": [
          "https://cdn.islamic.network/quran/audio/64/ar.alafasy/1812.mp3"
        ],
        "text": "وَلَقَدْ أَرْسَلْنَا مِن قَبْلِكَ فِى شِيَعِ ٱلْأَوَّلِينَ",
        "numberInSurah": 10,
        "juz": 14,
        "manzil": 3,
        "page": 262,
        "ruku": 218,
        "hizbQuarter": 105,
        "sajda": false,
        "audioArabic": [
          "https://cdn.jsdelivr.net/gh/Salimbd71/ArabicQuran@main/15/10.mp3"
        ],
        "audioBangla": [
          "https://cdn.jsdelivr.net/gh/Salimbd71/BanglaQuran@main/15/10.mp3"
        ]
      },
      {
        "number": 1813,
        "audio": "https://everyayah.com/data/Alafasy_64kbps/015011.mp3",
        "audioSecondary": [
          "https://cdn.islamic.network/quran/audio/64/ar.alafasy/1813.mp3"
        ],
        "text": "وَمَا يَأْتِيهِم مِّن رَّسُولٍ إِلَّا كَانُوا۟ بِهِۦ يَسْتَهْزِءُونَ",
        "numberInSurah": 11,
        "juz": 14,
        "manzil": 3,
        "page": 262,
        "ruku": 218,
        "hizbQuarter": 105,
        "sajda": false,
        "audioArabic": [
          "https://cdn.jsdelivr.net/gh/Salimbd71/ArabicQuran@main/15/11.mp3"
        ],
        "audioBangla": [
          "https://cdn.jsdelivr.net/gh/Salimbd71/BanglaQuran@main/15/11.mp3"
        ]
      },
      {
        "number": 1814,
        "audio": "https://everyayah.com/data/Alafasy_64kbps/015012.mp3",
        "audioSecondary": [
          "https://cdn.islamic.network/quran/audio/64/ar.alafasy/1814.mp3"
        ],
        "text": "كَذَٰلِكَ نَسْلُكُهُۥ فِى قُلُوبِ ٱلْمُجْرِمِينَ",
        "numberInSurah": 12,
        "juz": 14,
        "manzil": 3,
        "page": 262,
        "ruku": 218,
        "hizbQuarter": 105,
        "sajda": false,
        "audioArabic": [
          "https://cdn.jsdelivr.net/gh/Salimbd71/ArabicQuran@main/15/12.mp3"
        ],
        "audioBangla": [
          "https://cdn.jsdelivr.net/gh/Salimbd71/BanglaQuran@main/15/12.mp3"
        ]
      },
      {
        "number": 1815,
        "audio": "https://everyayah.com/data/Alafasy_64kbps/015013.mp3",
        "audioSecondary": [
          "https://cdn.islamic.network/quran/audio/64/ar.alafasy/1815.mp3"
        ],
        "text": "لَا يُؤْمِنُونَ بِهِۦ ۖ وَقَدْ خَلَتْ سُنَّةُ ٱلْأَوَّلِينَ",
        "numberInSurah": 13,
        "juz": 14,
        "manzil": 3,
        "page": 262,
        "ruku": 218,
        "hizbQuarter": 105,
        "sajda": false,
        "audioArabic": [
          "https://cdn.jsdelivr.net/gh/Salimbd71/ArabicQuran@main/15/13.mp3"
        ],
        "audioBangla": [
          "https://cdn.jsdelivr.net/gh/Salimbd71/BanglaQuran@main/15/13.mp3"
        ]
      },
      {
        "number": 1816,
        "audio": "https://everyayah.com/data/Alafasy_64kbps/015014.mp3",
        "audioSecondary": [
          "https://cdn.islamic.network/quran/audio/64/ar.alafasy/1816.mp3"
        ],
        "text": "وَلَوْ فَتَحْنَا عَلَيْهِم بَابًۭا مِّنَ ٱلسَّمَآءِ فَظَلُّوا۟ فِيهِ يَعْرُجُونَ",
        "numberInSurah": 14,
        "juz": 14,
        "manzil": 3,
        "page": 262,
        "ruku": 218,
        "hizbQuarter": 105,
        "sajda": false,
        "audioArabic": [
          "https://cdn.jsdelivr.net/gh/Salimbd71/ArabicQuran@main/15/14.mp3"
        ],
        "audioBangla": [
          "https://cdn.jsdelivr.net/gh/Salimbd71/BanglaQuran@main/15/14.mp3"
        ]
      },
      {
        "number": 1817,
        "audio": "https://everyayah.com/data/Alafasy_64kbps/015015.mp3",
        "audioSecondary": [
          "https://cdn.islamic.network/quran/audio/64/ar.alafasy/1817.mp3"
        ],
        "text": "لَقَالُوٓا۟ إِنَّمَا سُكِّرَتْ أَبْصَٰرُنَا بَلْ نَحْنُ قَوْمٌۭ مَّسْحُورُونَ",
        "numberInSurah": 15,
        "juz": 14,
        "manzil": 3,
        "page": 262,
        "ruku": 218,
        "hizbQuarter": 105,
        "sajda": false,
        "audioArabic": [
          "https://cdn.jsdelivr.net/gh/Salimbd71/ArabicQuran@main/15/15.mp3"
        ],
        "audioBangla": [
          "https://cdn.jsdelivr.net/gh/Salimbd71/BanglaQuran@main/15/15.mp3"
        ]
      },
      {
        "number": 1818,
        "audio": "https://everyayah.com/data/Alafasy_64kbps/015016.mp3",
        "audioSecondary": [
          "https://cdn.islamic.network/quran/audio/64/ar.alafasy/1818.mp3"
        ],
        "text": "وَلَقَدْ جَعَلْنَا فِى ٱلسَّمَآءِ بُرُوجًۭا وَزَيَّنَّٰهَا لِلنَّٰظِرِينَ",
        "numberInSurah": 16,
        "juz": 14,
        "manzil": 3,
        "page": 263,
        "ruku": 219,
        "hizbQuarter": 105,
        "sajda": false,
        "audioArabic": [
          "https://cdn.jsdelivr.net/gh/Salimbd71/ArabicQuran@main/15/16.mp3"
        ],
        "audioBangla": [
          "https://cdn.jsdelivr.net/gh/Salimbd71/BanglaQuran@main/15/16.mp3"
        ]
      },
      {
        "number": 1819,
        "audio": "https://everyayah.com/data/Alafasy_64kbps/015017.mp3",
        "audioSecondary": [
          "https://cdn.islamic.network/quran/audio/64/ar.alafasy/1819.mp3"
        ],
        "text": "وَحَفِظْنَٰهَا مِن كُلِّ شَيْطَٰنٍۢ رَّجِيمٍ",
        "numberInSurah": 17,
        "juz": 14,
        "manzil": 3,
        "page": 263,
        "ruku": 219,
        "hizbQuarter": 105,
        "sajda": false,
        "audioArabic": [
          "https://cdn.jsdelivr.net/gh/Salimbd71/ArabicQuran@main/15/17.mp3"
        ],
        "audioBangla": [
          "https://cdn.jsdelivr.net/gh/Salimbd71/BanglaQuran@main/15/17.mp3"
        ]
      },
      {
        "number": 1820,
        "audio": "https://everyayah.com/data/Alafasy_64kbps/015018.mp3",
        "audioSecondary": [
          "https://cdn.islamic.network/quran/audio/64/ar.alafasy/1820.mp3"
        ],
        "text": "إِلَّا مَنِ ٱسْتَرَقَ ٱلسَّمْعَ فَأَتْبَعَهُۥ شِهَابٌۭ مُّبِينٌۭ",
        "numberInSurah": 18,
        "juz": 14,
        "manzil": 3,
        "page": 263,
        "ruku": 219,
        "hizbQuarter": 105,
        "sajda": false,
        "audioArabic": [
          "https://cdn.jsdelivr.net/gh/Salimbd71/ArabicQuran@main/15/18.mp3"
        ],
        "audioBangla": [
          "https://cdn.jsdelivr.net/gh/Salimbd71/BanglaQuran@main/15/18.mp3"
        ]
      },
      {
        "number": 1821,
        "audio": "https://everyayah.com/data/Alafasy_64kbps/015019.mp3",
        "audioSecondary": [
          "https://cdn.islamic.network/quran/audio/64/ar.alafasy/1821.mp3"
        ],
        "text": "وَٱلْأَرْضَ مَدَدْنَٰهَا وَأَلْقَيْنَا فِيهَا رَوَٰسِىَ وَأَنۢبَتْنَا فِيهَا مِن كُلِّ شَىْءٍۢ مَّوْزُونٍۢ",
        "numberInSurah": 19,
        "juz": 14,
        "manzil": 3,
        "page": 263,
        "ruku": 219,
        "hizbQuarter": 105,
        "sajda": false,
        "audioArabic": [
          "https://cdn.jsdelivr.net/gh/Salimbd71/ArabicQuran@main/15/19.mp3"
        ],
        "audioBangla": [
          "https://cdn.jsdelivr.net/gh/Salimbd71/BanglaQuran@main/15/19.mp3"
        ]
      },
      {
        "number": 1822,
        "audio": "https://everyayah.com/data/Alafasy_64kbps/015020.mp3",
        "audioSecondary": [
          "https://cdn.islamic.network/quran/audio/64/ar.alafasy/1822.mp3"
        ],
        "text": "وَجَعَلْنَا لَكُمْ فِيهَا مَعَٰيِشَ وَمَن لَّسْتُمْ لَهُۥ بِرَٰزِقِينَ",
        "numberInSurah": 20,
        "juz": 14,
        "manzil": 3,
        "page": 263,
        "ruku": 219,
        "hizbQuarter": 105,
        "sajda": false,
        "audioArabic": [
          "https://cdn.jsdelivr.net/gh/Salimbd71/ArabicQuran@main/15/20.mp3"
        ],
        "audioBangla": [
          "https://cdn.jsdelivr.net/gh/Salimbd71/BanglaQuran@main/15/20.mp3"
        ]
      },
      {
        "number": 1823,
        "audio": "https://everyayah.com/data/Alafasy_64kbps/015021.mp3",
        "audioSecondary": [
          "https://cdn.islamic.network/quran/audio/64/ar.alafasy/1823.mp3"
        ],
        "text": "وَإِن مِّن شَىْءٍ إِلَّا عِندَنَا خَزَآئِنُهُۥ وَمَا نُنَزِّلُهُۥٓ إِلَّا بِقَدَرٍۢ مَّعْلُومٍۢ",
        "numberInSurah": 21,
        "juz": 14,
        "manzil": 3,
        "page": 263,
        "ruku": 219,
        "hizbQuarter": 105,
        "sajda": false,
        "audioArabic": [
          "https://cdn.jsdelivr.net/gh/Salimbd71/ArabicQuran@main/15/21.mp3"
        ],
        "audioBangla": [
          "https://cdn.jsdelivr.net/gh/Salimbd71/BanglaQuran@main/15/21.mp3"
        ]
      },
      {
        "number": 1824,
        "audio": "https://everyayah.com/data/Alafasy_64kbps/015022.mp3",
        "audioSecondary": [
          "https://cdn.islamic.network/quran/audio/64/ar.alafasy/1824.mp3"
        ],
        "text": "وَأَرْسَلْنَا ٱلرِّيَٰحَ لَوَٰقِحَ فَأَنزَلْنَا مِنَ ٱلسَّمَآءِ مَآءًۭ فَأَسْقَيْنَٰكُمُوهُ وَمَآ أَنتُمْ لَهُۥ بِخَٰزِنِينَ",
        "numberInSurah": 22,
        "juz": 14,
        "manzil": 3,
        "page": 263,
        "ruku": 219,
        "hizbQuarter": 105,
        "sajda": false,
        "audioArabic": [
          "https://cdn.jsdelivr.net/gh/Salimbd71/ArabicQuran@main/15/22.mp3"
        ],
        "audioBangla": [
          "https://cdn.jsdelivr.net/gh/Salimbd71/BanglaQuran@main/15/22.mp3"
        ]
      },
      {
        "number": 1825,
        "audio": "https://everyayah.com/data/Alafasy_64kbps/015023.mp3",
        "audioSecondary": [
          "https://cdn.islamic.network/quran/audio/64/ar.alafasy/1825.mp3"
        ],
        "text": "وَإِنَّا لَنَحْنُ نُحْىِۦ وَنُمِيتُ وَنَحْنُ ٱلْوَٰرِثُونَ",
        "numberInSurah": 23,
        "juz": 14,
        "manzil": 3,
        "page": 263,
        "ruku": 219,
        "hizbQuarter": 105,
        "sajda": false,
        "audioArabic": [
          "https://cdn.jsdelivr.net/gh/Salimbd71/ArabicQuran@main/15/23.mp3"
        ],
        "audioBangla": [
          "https://cdn.jsdelivr.net/gh/Salimbd71/BanglaQuran@main/15/23.mp3"
        ]
      },
      {
        "number": 1826,
        "audio": "https://everyayah.com/data/Alafasy_64kbps/015024.mp3",
        "audioSecondary": [
          "https://cdn.islamic.network/quran/audio/64/ar.alafasy/1826.mp3"
        ],
        "text": "وَلَقَدْ عَلِمْنَا ٱلْمُسْتَقْدِمِينَ مِنكُمْ وَلَقَدْ عَلِمْنَا ٱلْمُسْتَـْٔخِرِينَ",
        "numberInSurah": 24,
        "juz": 14,
        "manzil": 3,
        "page": 263,
        "ruku": 219,
        "hizbQuarter": 105,
        "sajda": false,
        "audioArabic": [
          "https://cdn.jsdelivr.net/gh/Salimbd71/ArabicQuran@main/15/24.mp3"
        ],
        "audioBangla": [
          "https://cdn.jsdelivr.net/gh/Salimbd71/BanglaQuran@main/15/24.mp3"
        ]
      },
      {
        "number": 1827,
        "audio": "https://everyayah.com/data/Alafasy_64kbps/015025.mp3",
        "audioSecondary": [
          "https://cdn.islamic.network/quran/audio/64/ar.alafasy/1827.mp3"
        ],
        "text": "وَإِنَّ رَبَّكَ هُوَ يَحْشُرُهُمْ ۚ إِنَّهُۥ حَكِيمٌ عَلِيمٌۭ",
        "numberInSurah": 25,
        "juz": 14,
        "manzil": 3,
        "page": 263,
        "ruku": 219,
        "hizbQuarter": 105,
        "sajda": false,
        "audioArabic": [
          "https://cdn.jsdelivr.net/gh/Salimbd71/ArabicQuran@main/15/25.mp3"
        ],
        "audioBangla": [
          "https://cdn.jsdelivr.net/gh/Salimbd71/BanglaQuran@main/15/25.mp3"
        ]
      },
      {
        "number": 1828,
        "audio": "https://everyayah.com/data/Alafasy_64kbps/015026.mp3",
        "audioSecondary": [
          "https://cdn.islamic.network/quran/audio/64/ar.alafasy/1828.mp3"
        ],
        "text": "وَلَقَدْ خَلَقْنَا ٱلْإِنسَٰنَ مِن صَلْصَٰلٍۢ مِّنْ حَمَإٍۢ مَّسْنُونٍۢ",
        "numberInSurah": 26,
        "juz": 14,
        "manzil": 3,
        "page": 263,
        "ruku": 220,
        "hizbQuarter": 105,
        "sajda": false,
        "audioArabic": [
          "https://cdn.jsdelivr.net/gh/Salimbd71/ArabicQuran@main/15/26.mp3"
        ],
        "audioBangla": [
          "https://cdn.jsdelivr.net/gh/Salimbd71/BanglaQuran@main/15/26.mp3"
        ]
      },
      {
        "number": 1829,
        "audio": "https://everyayah.com/data/Alafasy_64kbps/015027.mp3",
        "audioSecondary": [
          "https://cdn.islamic.network/quran/audio/64/ar.alafasy/1829.mp3"
        ],
        "text": "وَٱلْجَآنَّ خَلَقْنَٰهُ مِن قَبْلُ مِن نَّارِ ٱلسَّمُومِ",
        "numberInSurah": 27,
        "juz": 14,
        "manzil": 3,
        "page": 263,
        "ruku": 220,
        "hizbQuarter": 105,
        "sajda": false,
        "audioArabic": [
          "https://cdn.jsdelivr.net/gh/Salimbd71/ArabicQuran@main/15/27.mp3"
        ],
        "audioBangla": [
          "https://cdn.jsdelivr.net/gh/Salimbd71/BanglaQuran@main/15/27.mp3"
        ]
      },
      {
        "number": 1830,
        "audio": "https://everyayah.com/data/Alafasy_64kbps/015028.mp3",
        "audioSecondary": [
          "https://cdn.islamic.network/quran/audio/64/ar.alafasy/1830.mp3"
        ],
        "text": "وَإِذْ قَالَ رَبُّكَ لِلْمَلَٰٓئِكَةِ إِنِّى خَٰلِقٌۢ بَشَرًۭا مِّن صَلْصَٰلٍۢ مِّنْ حَمَإٍۢ مَّسْنُونٍۢ",
        "numberInSurah": 28,
        "juz": 14,
        "manzil": 3,
        "page": 263,
        "ruku": 220,
        "hizbQuarter": 105,
        "sajda": false,
        "audioArabic": [
          "https://cdn.jsdelivr.net/gh/Salimbd71/ArabicQuran@main/15/28.mp3"
        ],
        "audioBangla": [
          "https://cdn.jsdelivr.net/gh/Salimbd71/BanglaQuran@main/15/28.mp3"
        ]
      },
      {
        "number": 1831,
        "audio": "https://everyayah.com/data/Alafasy_64kbps/015029.mp3",
        "audioSecondary": [
          "https://cdn.islamic.network/quran/audio/64/ar.alafasy/1831.mp3"
        ],
        "text": "فَإِذَا سَوَّيْتُهُۥ وَنَفَخْتُ فِيهِ مِن رُّوحِى فَقَعُوا۟ لَهُۥ سَٰجِدِينَ",
        "numberInSurah": 29,
        "juz": 14,
        "manzil": 3,
        "page": 263,
        "ruku": 220,
        "hizbQuarter": 105,
        "sajda": false,
        "audioArabic": [
          "https://cdn.jsdelivr.net/gh/Salimbd71/ArabicQuran@main/15/29.mp3"
        ],
        "audioBangla": [
          "https://cdn.jsdelivr.net/gh/Salimbd71/BanglaQuran@main/15/29.mp3"
        ]
      },
      {
        "number": 1832,
        "audio": "https://everyayah.com/data/Alafasy_64kbps/015030.mp3",
        "audioSecondary": [
          "https://cdn.islamic.network/quran/audio/64/ar.alafasy/1832.mp3"
        ],
        "text": "فَسَجَدَ ٱلْمَلَٰٓئِكَةُ كُلُّهُمْ أَجْمَعُونَ",
        "numberInSurah": 30,
        "juz": 14,
        "manzil": 3,
        "page": 263,
        "ruku": 220,
        "hizbQuarter": 105,
        "sajda": false,
        "audioArabic": [
          "https://cdn.jsdelivr.net/gh/Salimbd71/ArabicQuran@main/15/30.mp3"
        ],
        "audioBangla": [
          "https://cdn.jsdelivr.net/gh/Salimbd71/BanglaQuran@main/15/30.mp3"
        ]
      },
      {
        "number": 1833,
        "audio": "https://everyayah.com/data/Alafasy_64kbps/015031.mp3",
        "audioSecondary": [
          "https://cdn.islamic.network/quran/audio/64/ar.alafasy/1833.mp3"
        ],
        "text": "إِلَّآ إِبْلِيسَ أَبَىٰٓ أَن يَكُونَ مَعَ ٱلسَّٰجِدِينَ",
        "numberInSurah": 31,
        "juz": 14,
        "manzil": 3,
        "page": 263,
        "ruku": 220,
        "hizbQuarter": 105,
        "sajda": false,
        "audioArabic": [
          "https://cdn.jsdelivr.net/gh/Salimbd71/ArabicQuran@main/15/31.mp3"
        ],
        "audioBangla": [
          "https://cdn.jsdelivr.net/gh/Salimbd71/BanglaQuran@main/15/31.mp3"
        ]
      },
      {
        "number": 1834,
        "audio": "https://everyayah.com/data/Alafasy_64kbps/015032.mp3",
        "audioSecondary": [
          "https://cdn.islamic.network/quran/audio/64/ar.alafasy/1834.mp3"
        ],
        "text": "قَالَ يَٰٓإِبْلِيسُ مَا لَكَ أَلَّا تَكُونَ مَعَ ٱلسَّٰجِدِينَ",
        "numberInSurah": 32,
        "juz": 14,
        "manzil": 3,
        "page": 264,
        "ruku": 220,
        "hizbQuarter": 105,
        "sajda": false,
        "audioArabic": [
          "https://cdn.jsdelivr.net/gh/Salimbd71/ArabicQuran@main/15/32.mp3"
        ],
        "audioBangla": [
          "https://cdn.jsdelivr.net/gh/Salimbd71/BanglaQuran@main/15/32.mp3"
        ]
      },
      {
        "number": 1835,
        "audio": "https://everyayah.com/data/Alafasy_64kbps/015033.mp3",
        "audioSecondary": [
          "https://cdn.islamic.network/quran/audio/64/ar.alafasy/1835.mp3"
        ],
        "text": "قَالَ لَمْ أَكُن لِّأَسْجُدَ لِبَشَرٍ خَلَقْتَهُۥ مِن صَلْصَٰلٍۢ مِّنْ حَمَإٍۢ مَّسْنُونٍۢ",
        "numberInSurah": 33,
        "juz": 14,
        "manzil": 3,
        "page": 264,
        "ruku": 220,
        "hizbQuarter": 105,
        "sajda": false,
        "audioArabic": [
          "https://cdn.jsdelivr.net/gh/Salimbd71/ArabicQuran@main/15/33.mp3"
        ],
        "audioBangla": [
          "https://cdn.jsdelivr.net/gh/Salimbd71/BanglaQuran@main/15/33.mp3"
        ]
      },
      {
        "number": 1836,
        "audio": "https://everyayah.com/data/Alafasy_64kbps/015034.mp3",
        "audioSecondary": [
          "https://cdn.islamic.network/quran/audio/64/ar.alafasy/1836.mp3"
        ],
        "text": "قَالَ فَٱخْرُجْ مِنْهَا فَإِنَّكَ رَجِيمٌۭ",
        "numberInSurah": 34,
        "juz": 14,
        "manzil": 3,
        "page": 264,
        "ruku": 220,
        "hizbQuarter": 105,
        "sajda": false,
        "audioArabic": [
          "https://cdn.jsdelivr.net/gh/Salimbd71/ArabicQuran@main/15/34.mp3"
        ],
        "audioBangla": [
          "https://cdn.jsdelivr.net/gh/Salimbd71/BanglaQuran@main/15/34.mp3"
        ]
      },
      {
        "number": 1837,
        "audio": "https://everyayah.com/data/Alafasy_64kbps/015035.mp3",
        "audioSecondary": [
          "https://cdn.islamic.network/quran/audio/64/ar.alafasy/1837.mp3"
        ],
        "text": "وَإِنَّ عَلَيْكَ ٱللَّعْنَةَ إِلَىٰ يَوْمِ ٱلدِّينِ",
        "numberInSurah": 35,
        "juz": 14,
        "manzil": 3,
        "page": 264,
        "ruku": 220,
        "hizbQuarter": 105,
        "sajda": false,
        "audioArabic": [
          "https://cdn.jsdelivr.net/gh/Salimbd71/ArabicQuran@main/15/35.mp3"
        ],
        "audioBangla": [
          "https://cdn.jsdelivr.net/gh/Salimbd71/BanglaQuran@main/15/35.mp3"
        ]
      },
      {
        "number": 1838,
        "audio": "https://everyayah.com/data/Alafasy_64kbps/015036.mp3",
        "audioSecondary": [
          "https://cdn.islamic.network/quran/audio/64/ar.alafasy/1838.mp3"
        ],
        "text": "قَالَ رَبِّ فَأَنظِرْنِىٓ إِلَىٰ يَوْمِ يُبْعَثُونَ",
        "numberInSurah": 36,
        "juz": 14,
        "manzil": 3,
        "page": 264,
        "ruku": 220,
        "hizbQuarter": 105,
        "sajda": false,
        "audioArabic": [
          "https://cdn.jsdelivr.net/gh/Salimbd71/ArabicQuran@main/15/36.mp3"
        ],
        "audioBangla": [
          "https://cdn.jsdelivr.net/gh/Salimbd71/BanglaQuran@main/15/36.mp3"
        ]
      },
      {
        "number": 1839,
        "audio": "https://everyayah.com/data/Alafasy_64kbps/015037.mp3",
        "audioSecondary": [
          "https://cdn.islamic.network/quran/audio/64/ar.alafasy/1839.mp3"
        ],
        "text": "قَالَ فَإِنَّكَ مِنَ ٱلْمُنظَرِينَ",
        "numberInSurah": 37,
        "juz": 14,
        "manzil": 3,
        "page": 264,
        "ruku": 220,
        "hizbQuarter": 105,
        "sajda": false,
        "audioArabic": [
          "https://cdn.jsdelivr.net/gh/Salimbd71/ArabicQuran@main/15/37.mp3"
        ],
        "audioBangla": [
          "https://cdn.jsdelivr.net/gh/Salimbd71/BanglaQuran@main/15/37.mp3"
        ]
      },
      {
        "number": 1840,
        "audio": "https://everyayah.com/data/Alafasy_64kbps/015038.mp3",
        "audioSecondary": [
          "https://cdn.islamic.network/quran/audio/64/ar.alafasy/1840.mp3"
        ],
        "text": "إِلَىٰ يَوْمِ ٱلْوَقْتِ ٱلْمَعْلُومِ",
        "numberInSurah": 38,
        "juz": 14,
        "manzil": 3,
        "page": 264,
        "ruku": 220,
        "hizbQuarter": 105,
        "sajda": false,
        "audioArabic": [
          "https://cdn.jsdelivr.net/gh/Salimbd71/ArabicQuran@main/15/38.mp3"
        ],
        "audioBangla": [
          "https://cdn.jsdelivr.net/gh/Salimbd71/BanglaQuran@main/15/38.mp3"
        ]
      },
      {
        "number": 1841,
        "audio": "https://everyayah.com/data/Alafasy_64kbps/015039.mp3",
        "audioSecondary": [
          "https://cdn.islamic.network/quran/audio/64/ar.alafasy/1841.mp3"
        ],
        "text": "قَالَ رَبِّ بِمَآ أَغْوَيْتَنِى لَأُزَيِّنَنَّ لَهُمْ فِى ٱلْأَرْضِ وَلَأُغْوِيَنَّهُمْ أَجْمَعِينَ",
        "numberInSurah": 39,
        "juz": 14,
        "manzil": 3,
        "page": 264,
        "ruku": 220,
        "hizbQuarter": 105,
        "sajda": false,
        "audioArabic": [
          "https://cdn.jsdelivr.net/gh/Salimbd71/ArabicQuran@main/15/39.mp3"
        ],
        "audioBangla": [
          "https://cdn.jsdelivr.net/gh/Salimbd71/BanglaQuran@main/15/39.mp3"
        ]
      },
      {
        "number": 1842,
        "audio": "https://everyayah.com/data/Alafasy_64kbps/015040.mp3",
        "audioSecondary": [
          "https://cdn.islamic.network/quran/audio/64/ar.alafasy/1842.mp3"
        ],
        "text": "إِلَّا عِبَادَكَ مِنْهُمُ ٱلْمُخْلَصِينَ",
        "numberInSurah": 40,
        "juz": 14,
        "manzil": 3,
        "page": 264,
        "ruku": 220,
        "hizbQuarter": 105,
        "sajda": false,
        "audioArabic": [
          "https://cdn.jsdelivr.net/gh/Salimbd71/ArabicQuran@main/15/40.mp3"
        ],
        "audioBangla": [
          "https://cdn.jsdelivr.net/gh/Salimbd71/BanglaQuran@main/15/40.mp3"
        ]
      },
      {
        "number": 1843,
        "audio": "https://everyayah.com/data/Alafasy_64kbps/015041.mp3",
        "audioSecondary": [
          "https://cdn.islamic.network/quran/audio/64/ar.alafasy/1843.mp3"
        ],
        "text": "قَالَ هَٰذَا صِرَٰطٌ عَلَىَّ مُسْتَقِيمٌ",
        "numberInSurah": 41,
        "juz": 14,
        "manzil": 3,
        "page": 264,
        "ruku": 220,
        "hizbQuarter": 105,
        "sajda": false,
        "audioArabic": [
          "https://cdn.jsdelivr.net/gh/Salimbd71/ArabicQuran@main/15/41.mp3"
        ],
        "audioBangla": [
          "https://cdn.jsdelivr.net/gh/Salimbd71/BanglaQuran@main/15/41.mp3"
        ]
      },
      {
        "number": 1844,
        "audio": "https://everyayah.com/data/Alafasy_64kbps/015042.mp3",
        "audioSecondary": [
          "https://cdn.islamic.network/quran/audio/64/ar.alafasy/1844.mp3"
        ],
        "text": "إِنَّ عِبَادِى لَيْسَ لَكَ عَلَيْهِمْ سُلْطَٰنٌ إِلَّا مَنِ ٱتَّبَعَكَ مِنَ ٱلْغَاوِينَ",
        "numberInSurah": 42,
        "juz": 14,
        "manzil": 3,
        "page": 264,
        "ruku": 220,
        "hizbQuarter": 105,
        "sajda": false,
        "audioArabic": [
          "https://cdn.jsdelivr.net/gh/Salimbd71/ArabicQuran@main/15/42.mp3"
        ],
        "audioBangla": [
          "https://cdn.jsdelivr.net/gh/Salimbd71/BanglaQuran@main/15/42.mp3"
        ]
      },
      {
        "number": 1845,
        "audio": "https://everyayah.com/data/Alafasy_64kbps/015043.mp3",
        "audioSecondary": [
          "https://cdn.islamic.network/quran/audio/64/ar.alafasy/1845.mp3"
        ],
        "text": "وَإِنَّ جَهَنَّمَ لَمَوْعِدُهُمْ أَجْمَعِينَ",
        "numberInSurah": 43,
        "juz": 14,
        "manzil": 3,
        "page": 264,
        "ruku": 220,
        "hizbQuarter": 105,
        "sajda": false,
        "audioArabic": [
          "https://cdn.jsdelivr.net/gh/Salimbd71/ArabicQuran@main/15/43.mp3"
        ],
        "audioBangla": [
          "https://cdn.jsdelivr.net/gh/Salimbd71/BanglaQuran@main/15/43.mp3"
        ]
      },
      {
        "number": 1846,
        "audio": "https://everyayah.com/data/Alafasy_64kbps/015044.mp3",
        "audioSecondary": [
          "https://cdn.islamic.network/quran/audio/64/ar.alafasy/1846.mp3"
        ],
        "text": "لَهَا سَبْعَةُ أَبْوَٰبٍۢ لِّكُلِّ بَابٍۢ مِّنْهُمْ جُزْءٌۭ مَّقْسُومٌ",
        "numberInSurah": 44,
        "juz": 14,
        "manzil": 3,
        "page": 264,
        "ruku": 220,
        "hizbQuarter": 105,
        "sajda": false,
        "audioArabic": [
          "https://cdn.jsdelivr.net/gh/Salimbd71/ArabicQuran@main/15/44.mp3"
        ],
        "audioBangla": [
          "https://cdn.jsdelivr.net/gh/Salimbd71/BanglaQuran@main/15/44.mp3"
        ]
      },
      {
        "number": 1847,
        "audio": "https://everyayah.com/data/Alafasy_64kbps/015045.mp3",
        "audioSecondary": [
          "https://cdn.islamic.network/quran/audio/64/ar.alafasy/1847.mp3"
        ],
        "text": "إِنَّ ٱلْمُتَّقِينَ فِى جَنَّٰتٍۢ وَعُيُونٍ",
        "numberInSurah": 45,
        "juz": 14,
        "manzil": 3,
        "page": 264,
        "ruku": 221,
        "hizbQuarter": 105,
        "sajda": false,
        "audioArabic": [
          "https://cdn.jsdelivr.net/gh/Salimbd71/ArabicQuran@main/15/45.mp3"
        ],
        "audioBangla": [
          "https://cdn.jsdelivr.net/gh/Salimbd71/BanglaQuran@main/15/45.mp3"
        ]
      },
      {
        "number": 1848,
        "audio": "https://everyayah.com/data/Alafasy_64kbps/015046.mp3",
        "audioSecondary": [
          "https://cdn.islamic.network/quran/audio/64/ar.alafasy/1848.mp3"
        ],
        "text": "ٱدْخُلُوهَا بِسَلَٰمٍ ءَامِنِينَ",
        "numberInSurah": 46,
        "juz": 14,
        "manzil": 3,
        "page": 264,
        "ruku": 221,
        "hizbQuarter": 105,
        "sajda": false,
        "audioArabic": [
          "https://cdn.jsdelivr.net/gh/Salimbd71/ArabicQuran@main/15/46.mp3"
        ],
        "audioBangla": [
          "https://cdn.jsdelivr.net/gh/Salimbd71/BanglaQuran@main/15/46.mp3"
        ]
      },
      {
        "number": 1849,
        "audio": "https://everyayah.com/data/Alafasy_64kbps/015047.mp3",
        "audioSecondary": [
          "https://cdn.islamic.network/quran/audio/64/ar.alafasy/1849.mp3"
        ],
        "text": "وَنَزَعْنَا مَا فِى صُدُورِهِم مِّنْ غِلٍّ إِخْوَٰنًا عَلَىٰ سُرُرٍۢ مُّتَقَٰبِلِينَ",
        "numberInSurah": 47,
        "juz": 14,
        "manzil": 3,
        "page": 264,
        "ruku": 221,
        "hizbQuarter": 105,
        "sajda": false,
        "audioArabic": [
          "https://cdn.jsdelivr.net/gh/Salimbd71/ArabicQuran@main/15/47.mp3"
        ],
        "audioBangla": [
          "https://cdn.jsdelivr.net/gh/Salimbd71/BanglaQuran@main/15/47.mp3"
        ]
      },
      {
        "number": 1850,
        "audio": "https://everyayah.com/data/Alafasy_64kbps/015048.mp3",
        "audioSecondary": [
          "https://cdn.islamic.network/quran/audio/64/ar.alafasy/1850.mp3"
        ],
        "text": "لَا يَمَسُّهُمْ فِيهَا نَصَبٌۭ وَمَا هُم مِّنْهَا بِمُخْرَجِينَ",
        "numberInSurah": 48,
        "juz": 14,
        "manzil": 3,
        "page": 264,
        "ruku": 221,
        "hizbQuarter": 105,
        "sajda": false,
        "audioArabic": [
          "https://cdn.jsdelivr.net/gh/Salimbd71/ArabicQuran@main/15/48.mp3"
        ],
        "audioBangla": [
          "https://cdn.jsdelivr.net/gh/Salimbd71/BanglaQuran@main/15/48.mp3"
        ]
      },
      {
        "number": 1851,
        "audio": "https://everyayah.com/data/Alafasy_64kbps/015049.mp3",
        "audioSecondary": [
          "https://cdn.islamic.network/quran/audio/64/ar.alafasy/1851.mp3"
        ],
        "text": "۞ نَبِّئْ عِبَادِىٓ أَنِّىٓ أَنَا ٱلْغَفُورُ ٱلرَّحِيمُ",
        "numberInSurah": 49,
        "juz": 14,
        "manzil": 3,
        "page": 264,
        "ruku": 221,
        "hizbQuarter": 105,
        "sajda": false,
        "audioArabic": [
          "https://cdn.jsdelivr.net/gh/Salimbd71/ArabicQuran@main/15/49.mp3"
        ],
        "audioBangla": [
          "https://cdn.jsdelivr.net/gh/Salimbd71/BanglaQuran@main/15/49.mp3"
        ]
      },
      {
        "number": 1852,
        "audio": "https://everyayah.com/data/Alafasy_64kbps/015050.mp3",
        "audioSecondary": [
          "https://cdn.islamic.network/quran/audio/64/ar.alafasy/1852.mp3"
        ],
        "text": "وَأَنَّ عَذَابِى هُوَ ٱلْعَذَابُ ٱلْأَلِيمُ",
        "numberInSurah": 50,
        "juz": 14,
        "manzil": 3,
        "page": 264,
        "ruku": 221,
        "hizbQuarter": 106,
        "sajda": false,
        "audioArabic": [
          "https://cdn.jsdelivr.net/gh/Salimbd71/ArabicQuran@main/15/50.mp3"
        ],
        "audioBangla": [
          "https://cdn.jsdelivr.net/gh/Salimbd71/BanglaQuran@main/15/50.mp3"
        ]
      },
      {
        "number": 1853,
        "audio": "https://everyayah.com/data/Alafasy_64kbps/015051.mp3",
        "audioSecondary": [
          "https://cdn.islamic.network/quran/audio/64/ar.alafasy/1853.mp3"
        ],
        "text": "وَنَبِّئْهُمْ عَن ضَيْفِ إِبْرَٰهِيمَ",
        "numberInSurah": 51,
        "juz": 14,
        "manzil": 3,
        "page": 264,
        "ruku": 221,
        "hizbQuarter": 106,
        "sajda": false,
        "audioArabic": [
          "https://cdn.jsdelivr.net/gh/Salimbd71/ArabicQuran@main/15/51.mp3"
        ],
        "audioBangla": [
          "https://cdn.jsdelivr.net/gh/Salimbd71/BanglaQuran@main/15/51.mp3"
        ]
      },
      {
        "number": 1854,
        "audio": "https://everyayah.com/data/Alafasy_64kbps/015052.mp3",
        "audioSecondary": [
          "https://cdn.islamic.network/quran/audio/64/ar.alafasy/1854.mp3"
        ],
        "text": "إِذْ دَخَلُوا۟ عَلَيْهِ فَقَالُوا۟ سَلَٰمًۭا قَالَ إِنَّا مِنكُمْ وَجِلُونَ",
        "numberInSurah": 52,
        "juz": 14,
        "manzil": 3,
        "page": 265,
        "ruku": 221,
        "hizbQuarter": 106,
        "sajda": false,
        "audioArabic": [
          "https://cdn.jsdelivr.net/gh/Salimbd71/ArabicQuran@main/15/52.mp3"
        ],
        "audioBangla": [
          "https://cdn.jsdelivr.net/gh/Salimbd71/BanglaQuran@main/15/52.mp3"
        ]
      },
      {
        "number": 1855,
        "audio": "https://everyayah.com/data/Alafasy_64kbps/015053.mp3",
        "audioSecondary": [
          "https://cdn.islamic.network/quran/audio/64/ar.alafasy/1855.mp3"
        ],
        "text": "قَالُوا۟ لَا تَوْجَلْ إِنَّا نُبَشِّرُكَ بِغُلَٰمٍ عَلِيمٍۢ",
        "numberInSurah": 53,
        "juz": 14,
        "manzil": 3,
        "page": 265,
        "ruku": 221,
        "hizbQuarter": 106,
        "sajda": false,
        "audioArabic": [
          "https://cdn.jsdelivr.net/gh/Salimbd71/ArabicQuran@main/15/53.mp3"
        ],
        "audioBangla": [
          "https://cdn.jsdelivr.net/gh/Salimbd71/BanglaQuran@main/15/53.mp3"
        ]
      },
      {
        "number": 1856,
        "audio": "https://everyayah.com/data/Alafasy_64kbps/015054.mp3",
        "audioSecondary": [
          "https://cdn.islamic.network/quran/audio/64/ar.alafasy/1856.mp3"
        ],
        "text": "قَالَ أَبَشَّرْتُمُونِى عَلَىٰٓ أَن مَّسَّنِىَ ٱلْكِبَرُ فَبِمَ تُبَشِّرُونَ",
        "numberInSurah": 54,
        "juz": 14,
        "manzil": 3,
        "page": 265,
        "ruku": 221,
        "hizbQuarter": 106,
        "sajda": false,
        "audioArabic": [
          "https://cdn.jsdelivr.net/gh/Salimbd71/ArabicQuran@main/15/54.mp3"
        ],
        "audioBangla": [
          "https://cdn.jsdelivr.net/gh/Salimbd71/BanglaQuran@main/15/54.mp3"
        ]
      },
      {
        "number": 1857,
        "audio": "https://everyayah.com/data/Alafasy_64kbps/015055.mp3",
        "audioSecondary": [
          "https://cdn.islamic.network/quran/audio/64/ar.alafasy/1857.mp3"
        ],
        "text": "قَالُوا۟ بَشَّرْنَٰكَ بِٱلْحَقِّ فَلَا تَكُن مِّنَ ٱلْقَٰنِطِينَ",
        "numberInSurah": 55,
        "juz": 14,
        "manzil": 3,
        "page": 265,
        "ruku": 221,
        "hizbQuarter": 106,
        "sajda": false,
        "audioArabic": [
          "https://cdn.jsdelivr.net/gh/Salimbd71/ArabicQuran@main/15/55.mp3"
        ],
        "audioBangla": [
          "https://cdn.jsdelivr.net/gh/Salimbd71/BanglaQuran@main/15/55.mp3"
        ]
      },
      {
        "number": 1858,
        "audio": "https://everyayah.com/data/Alafasy_64kbps/015056.mp3",
        "audioSecondary": [
          "https://cdn.islamic.network/quran/audio/64/ar.alafasy/1858.mp3"
        ],
        "text": "قَالَ وَمَن يَقْنَطُ مِن رَّحْمَةِ رَبِّهِۦٓ إِلَّا ٱلضَّآلُّونَ",
        "numberInSurah": 56,
        "juz": 14,
        "manzil": 3,
        "page": 265,
        "ruku": 221,
        "hizbQuarter": 106,
        "sajda": false,
        "audioArabic": [
          "https://cdn.jsdelivr.net/gh/Salimbd71/ArabicQuran@main/15/56.mp3"
        ],
        "audioBangla": [
          "https://cdn.jsdelivr.net/gh/Salimbd71/BanglaQuran@main/15/56.mp3"
        ]
      },
      {
        "number": 1859,
        "audio": "https://everyayah.com/data/Alafasy_64kbps/015057.mp3",
        "audioSecondary": [
          "https://cdn.islamic.network/quran/audio/64/ar.alafasy/1859.mp3"
        ],
        "text": "قَالَ فَمَا خَطْبُكُمْ أَيُّهَا ٱلْمُرْسَلُونَ",
        "numberInSurah": 57,
        "juz": 14,
        "manzil": 3,
        "page": 265,
        "ruku": 221,
        "hizbQuarter": 106,
        "sajda": false,
        "audioArabic": [
          "https://cdn.jsdelivr.net/gh/Salimbd71/ArabicQuran@main/15/57.mp3"
        ],
        "audioBangla": [
          "https://cdn.jsdelivr.net/gh/Salimbd71/BanglaQuran@main/15/57.mp3"
        ]
      },
      {
        "number": 1860,
        "audio": "https://everyayah.com/data/Alafasy_64kbps/015058.mp3",
        "audioSecondary": [
          "https://cdn.islamic.network/quran/audio/64/ar.alafasy/1860.mp3"
        ],
        "text": "قَالُوٓا۟ إِنَّآ أُرْسِلْنَآ إِلَىٰ قَوْمٍۢ مُّجْرِمِينَ",
        "numberInSurah": 58,
        "juz": 14,
        "manzil": 3,
        "page": 265,
        "ruku": 221,
        "hizbQuarter": 106,
        "sajda": false,
        "audioArabic": [
          "https://cdn.jsdelivr.net/gh/Salimbd71/ArabicQuran@main/15/58.mp3"
        ],
        "audioBangla": [
          "https://cdn.jsdelivr.net/gh/Salimbd71/BanglaQuran@main/15/58.mp3"
        ]
      },
      {
        "number": 1861,
        "audio": "https://everyayah.com/data/Alafasy_64kbps/015059.mp3",
        "audioSecondary": [
          "https://cdn.islamic.network/quran/audio/64/ar.alafasy/1861.mp3"
        ],
        "text": "إِلَّآ ءَالَ لُوطٍ إِنَّا لَمُنَجُّوهُمْ أَجْمَعِينَ",
        "numberInSurah": 59,
        "juz": 14,
        "manzil": 3,
        "page": 265,
        "ruku": 221,
        "hizbQuarter": 106,
        "sajda": false,
        "audioArabic": [
          "https://cdn.jsdelivr.net/gh/Salimbd71/ArabicQuran@main/15/59.mp3"
        ],
        "audioBangla": [
          "https://cdn.jsdelivr.net/gh/Salimbd71/BanglaQuran@main/15/59.mp3"
        ]
      },
      {
        "number": 1862,
        "audio": "https://everyayah.com/data/Alafasy_64kbps/015060.mp3",
        "audioSecondary": [
          "https://cdn.islamic.network/quran/audio/64/ar.alafasy/1862.mp3"
        ],
        "text": "إِلَّا ٱمْرَأَتَهُۥ قَدَّرْنَآ ۙ إِنَّهَا لَمِنَ ٱلْغَٰبِرِينَ",
        "numberInSurah": 60,
        "juz": 14,
        "manzil": 3,
        "page": 265,
        "ruku": 221,
        "hizbQuarter": 106,
        "sajda": false,
        "audioArabic": [
          "https://cdn.jsdelivr.net/gh/Salimbd71/ArabicQuran@main/15/60.mp3"
        ],
        "audioBangla": [
          "https://cdn.jsdelivr.net/gh/Salimbd71/BanglaQuran@main/15/60.mp3"
        ]
      },
      {
        "number": 1863,
        "audio": "https://everyayah.com/data/Alafasy_64kbps/015061.mp3",
        "audioSecondary": [
          "https://cdn.islamic.network/quran/audio/64/ar.alafasy/1863.mp3"
        ],
        "text": "فَلَمَّا جَآءَ ءَالَ لُوطٍ ٱلْمُرْسَلُونَ",
        "numberInSurah": 61,
        "juz": 14,
        "manzil": 3,
        "page": 265,
        "ruku": 222,
        "hizbQuarter": 106,
        "sajda": false,
        "audioArabic": [
          "https://cdn.jsdelivr.net/gh/Salimbd71/ArabicQuran@main/15/61.mp3"
        ],
        "audioBangla": [
          "https://cdn.jsdelivr.net/gh/Salimbd71/BanglaQuran@main/15/61.mp3"
        ]
      },
      {
        "number": 1864,
        "audio": "https://everyayah.com/data/Alafasy_64kbps/015062.mp3",
        "audioSecondary": [
          "https://cdn.islamic.network/quran/audio/64/ar.alafasy/1864.mp3"
        ],
        "text": "قَالَ إِنَّكُمْ قَوْمٌۭ مُّنكَرُونَ",
        "numberInSurah": 62,
        "juz": 14,
        "manzil": 3,
        "page": 265,
        "ruku": 222,
        "hizbQuarter": 106,
        "sajda": false,
        "audioArabic": [
          "https://cdn.jsdelivr.net/gh/Salimbd71/ArabicQuran@main/15/62.mp3"
        ],
        "audioBangla": [
          "https://cdn.jsdelivr.net/gh/Salimbd71/BanglaQuran@main/15/62.mp3"
        ]
      },
      {
        "number": 1865,
        "audio": "https://everyayah.com/data/Alafasy_64kbps/015063.mp3",
        "audioSecondary": [
          "https://cdn.islamic.network/quran/audio/64/ar.alafasy/1865.mp3"
        ],
        "text": "قَالُوا۟ بَلْ جِئْنَٰكَ بِمَا كَانُوا۟ فِيهِ يَمْتَرُونَ",
        "numberInSurah": 63,
        "juz": 14,
        "manzil": 3,
        "page": 265,
        "ruku": 222,
        "hizbQuarter": 106,
        "sajda": false,
        "audioArabic": [
          "https://cdn.jsdelivr.net/gh/Salimbd71/ArabicQuran@main/15/63.mp3"
        ],
        "audioBangla": [
          "https://cdn.jsdelivr.net/gh/Salimbd71/BanglaQuran@main/15/63.mp3"
        ]
      },
      {
        "number": 1866,
        "audio": "https://everyayah.com/data/Alafasy_64kbps/015064.mp3",
        "audioSecondary": [
          "https://cdn.islamic.network/quran/audio/64/ar.alafasy/1866.mp3"
        ],
        "text": "وَأَتَيْنَٰكَ بِٱلْحَقِّ وَإِنَّا لَصَٰدِقُونَ",
        "numberInSurah": 64,
        "juz": 14,
        "manzil": 3,
        "page": 265,
        "ruku": 222,
        "hizbQuarter": 106,
        "sajda": false,
        "audioArabic": [
          "https://cdn.jsdelivr.net/gh/Salimbd71/ArabicQuran@main/15/64.mp3"
        ],
        "audioBangla": [
          "https://cdn.jsdelivr.net/gh/Salimbd71/BanglaQuran@main/15/64.mp3"
        ]
      },
      {
        "number": 1867,
        "audio": "https://everyayah.com/data/Alafasy_64kbps/015065.mp3",
        "audioSecondary": [
          "https://cdn.islamic.network/quran/audio/64/ar.alafasy/1867.mp3"
        ],
        "text": "فَأَسْرِ بِأَهْلِكَ بِقِطْعٍۢ مِّنَ ٱلَّيْلِ وَٱتَّبِعْ أَدْبَٰرَهُمْ وَلَا يَلْتَفِتْ مِنكُمْ أَحَدٌۭ وَٱمْضُوا۟ حَيْثُ تُؤْمَرُونَ",
        "numberInSurah": 65,
        "juz": 14,
        "manzil": 3,
        "page": 265,
        "ruku": 222,
        "hizbQuarter": 106,
        "sajda": false,
        "audioArabic": [
          "https://cdn.jsdelivr.net/gh/Salimbd71/ArabicQuran@main/15/65.mp3"
        ],
        "audioBangla": [
          "https://cdn.jsdelivr.net/gh/Salimbd71/BanglaQuran@main/15/65.mp3"
        ]
      },
      {
        "number": 1868,
        "audio": "https://everyayah.com/data/Alafasy_64kbps/015066.mp3",
        "audioSecondary": [
          "https://cdn.islamic.network/quran/audio/64/ar.alafasy/1868.mp3"
        ],
        "text": "وَقَضَيْنَآ إِلَيْهِ ذَٰلِكَ ٱلْأَمْرَ أَنَّ دَابِرَ هَٰٓؤُلَآءِ مَقْطُوعٌۭ مُّصْبِحِينَ",
        "numberInSurah": 66,
        "juz": 14,
        "manzil": 3,
        "page": 265,
        "ruku": 222,
        "hizbQuarter": 106,
        "sajda": false,
        "audioArabic": [
          "https://cdn.jsdelivr.net/gh/Salimbd71/ArabicQuran@main/15/66.mp3"
        ],
        "audioBangla": [
          "https://cdn.jsdelivr.net/gh/Salimbd71/BanglaQuran@main/15/66.mp3"
        ]
      },
      {
        "number": 1869,
        "audio": "https://everyayah.com/data/Alafasy_64kbps/015067.mp3",
        "audioSecondary": [
          "https://cdn.islamic.network/quran/audio/64/ar.alafasy/1869.mp3"
        ],
        "text": "وَجَآءَ أَهْلُ ٱلْمَدِينَةِ يَسْتَبْشِرُونَ",
        "numberInSurah": 67,
        "juz": 14,
        "manzil": 3,
        "page": 265,
        "ruku": 222,
        "hizbQuarter": 106,
        "sajda": false,
        "audioArabic": [
          "https://cdn.jsdelivr.net/gh/Salimbd71/ArabicQuran@main/15/67.mp3"
        ],
        "audioBangla": [
          "https://cdn.jsdelivr.net/gh/Salimbd71/BanglaQuran@main/15/67.mp3"
        ]
      },
      {
        "number": 1870,
        "audio": "https://everyayah.com/data/Alafasy_64kbps/015068.mp3",
        "audioSecondary": [
          "https://cdn.islamic.network/quran/audio/64/ar.alafasy/1870.mp3"
        ],
        "text": "قَالَ إِنَّ هَٰٓؤُلَآءِ ضَيْفِى فَلَا تَفْضَحُونِ",
        "numberInSurah": 68,
        "juz": 14,
        "manzil": 3,
        "page": 265,
        "ruku": 222,
        "hizbQuarter": 106,
        "sajda": false,
        "audioArabic": [
          "https://cdn.jsdelivr.net/gh/Salimbd71/ArabicQuran@main/15/68.mp3"
        ],
        "audioBangla": [
          "https://cdn.jsdelivr.net/gh/Salimbd71/BanglaQuran@main/15/68.mp3"
        ]
      },
      {
        "number": 1871,
        "audio": "https://everyayah.com/data/Alafasy_64kbps/015069.mp3",
        "audioSecondary": [
          "https://cdn.islamic.network/quran/audio/64/ar.alafasy/1871.mp3"
        ],
        "text": "وَٱتَّقُوا۟ ٱللَّهَ وَلَا تُخْزُونِ",
        "numberInSurah": 69,
        "juz": 14,
        "manzil": 3,
        "page": 265,
        "ruku": 222,
        "hizbQuarter": 106,
        "sajda": false,
        "audioArabic": [
          "https://cdn.jsdelivr.net/gh/Salimbd71/ArabicQuran@main/15/69.mp3"
        ],
        "audioBangla": [
          "https://cdn.jsdelivr.net/gh/Salimbd71/BanglaQuran@main/15/69.mp3"
        ]
      },
      {
        "number": 1872,
        "audio": "https://everyayah.com/data/Alafasy_64kbps/015070.mp3",
        "audioSecondary": [
          "https://cdn.islamic.network/quran/audio/64/ar.alafasy/1872.mp3"
        ],
        "text": "قَالُوٓا۟ أَوَلَمْ نَنْهَكَ عَنِ ٱلْعَٰلَمِينَ",
        "numberInSurah": 70,
        "juz": 14,
        "manzil": 3,
        "page": 265,
        "ruku": 222,
        "hizbQuarter": 106,
        "sajda": false,
        "audioArabic": [
          "https://cdn.jsdelivr.net/gh/Salimbd71/ArabicQuran@main/15/70.mp3"
        ],
        "audioBangla": [
          "https://cdn.jsdelivr.net/gh/Salimbd71/BanglaQuran@main/15/70.mp3"
        ]
      },
      {
        "number": 1873,
        "audio": "https://everyayah.com/data/Alafasy_64kbps/015071.mp3",
        "audioSecondary": [
          "https://cdn.islamic.network/quran/audio/64/ar.alafasy/1873.mp3"
        ],
        "text": "قَالَ هَٰٓؤُلَآءِ بَنَاتِىٓ إِن كُنتُمْ فَٰعِلِينَ",
        "numberInSurah": 71,
        "juz": 14,
        "manzil": 3,
        "page": 266,
        "ruku": 222,
        "hizbQuarter": 106,
        "sajda": false,
        "audioArabic": [
          "https://cdn.jsdelivr.net/gh/Salimbd71/ArabicQuran@main/15/71.mp3"
        ],
        "audioBangla": [
          "https://cdn.jsdelivr.net/gh/Salimbd71/BanglaQuran@main/15/71.mp3"
        ]
      },
      {
        "number": 1874,
        "audio": "https://everyayah.com/data/Alafasy_64kbps/015072.mp3",
        "audioSecondary": [
          "https://cdn.islamic.network/quran/audio/64/ar.alafasy/1874.mp3"
        ],
        "text": "لَعَمْرُكَ إِنَّهُمْ لَفِى سَكْرَتِهِمْ يَعْمَهُونَ",
        "numberInSurah": 72,
        "juz": 14,
        "manzil": 3,
        "page": 266,
        "ruku": 222,
        "hizbQuarter": 106,
        "sajda": false,
        "audioArabic": [
          "https://cdn.jsdelivr.net/gh/Salimbd71/ArabicQuran@main/15/72.mp3"
        ],
        "audioBangla": [
          "https://cdn.jsdelivr.net/gh/Salimbd71/BanglaQuran@main/15/72.mp3"
        ]
      },
      {
        "number": 1875,
        "audio": "https://everyayah.com/data/Alafasy_64kbps/015073.mp3",
        "audioSecondary": [
          "https://cdn.islamic.network/quran/audio/64/ar.alafasy/1875.mp3"
        ],
        "text": "فَأَخَذَتْهُمُ ٱلصَّيْحَةُ مُشْرِقِينَ",
        "numberInSurah": 73,
        "juz": 14,
        "manzil": 3,
        "page": 266,
        "ruku": 222,
        "hizbQuarter": 106,
        "sajda": false,
        "audioArabic": [
          "https://cdn.jsdelivr.net/gh/Salimbd71/ArabicQuran@main/15/73.mp3"
        ],
        "audioBangla": [
          "https://cdn.jsdelivr.net/gh/Salimbd71/BanglaQuran@main/15/73.mp3"
        ]
      },
      {
        "number": 1876,
        "audio": "https://everyayah.com/data/Alafasy_64kbps/015074.mp3",
        "audioSecondary": [
          "https://cdn.islamic.network/quran/audio/64/ar.alafasy/1876.mp3"
        ],
        "text": "فَجَعَلْنَا عَٰلِيَهَا سَافِلَهَا وَأَمْطَرْنَا عَلَيْهِمْ حِجَارَةًۭ مِّن سِجِّيلٍ",
        "numberInSurah": 74,
        "juz": 14,
        "manzil": 3,
        "page": 266,
        "ruku": 222,
        "hizbQuarter": 106,
        "sajda": false,
        "audioArabic": [
          "https://cdn.jsdelivr.net/gh/Salimbd71/ArabicQuran@main/15/74.mp3"
        ],
        "audioBangla": [
          "https://cdn.jsdelivr.net/gh/Salimbd71/BanglaQuran@main/15/74.mp3"
        ]
      },
      {
        "number": 1877,
        "audio": "https://everyayah.com/data/Alafasy_64kbps/015075.mp3",
        "audioSecondary": [
          "https://cdn.islamic.network/quran/audio/64/ar.alafasy/1877.mp3"
        ],
        "text": "إِنَّ فِى ذَٰلِكَ لَءَايَٰتٍۢ لِّلْمُتَوَسِّمِينَ",
        "numberInSurah": 75,
        "juz": 14,
        "manzil": 3,
        "page": 266,
        "ruku": 222,
        "hizbQuarter": 106,
        "sajda": false,
        "audioArabic": [
          "https://cdn.jsdelivr.net/gh/Salimbd71/ArabicQuran@main/15/75.mp3"
        ],
        "audioBangla": [
          "https://cdn.jsdelivr.net/gh/Salimbd71/BanglaQuran@main/15/75.mp3"
        ]
      },
      {
        "number": 1878,
        "audio": "https://everyayah.com/data/Alafasy_64kbps/015076.mp3",
        "audioSecondary": [
          "https://cdn.islamic.network/quran/audio/64/ar.alafasy/1878.mp3"
        ],
        "text": "وَإِنَّهَا لَبِسَبِيلٍۢ مُّقِيمٍ",
        "numberInSurah": 76,
        "juz": 14,
        "manzil": 3,
        "page": 266,
        "ruku": 222,
        "hizbQuarter": 106,
        "sajda": false,
        "audioArabic": [
          "https://cdn.jsdelivr.net/gh/Salimbd71/ArabicQuran@main/15/76.mp3"
        ],
        "audioBangla": [
          "https://cdn.jsdelivr.net/gh/Salimbd71/BanglaQuran@main/15/76.mp3"
        ]
      },
      {
        "number": 1879,
        "audio": "https://everyayah.com/data/Alafasy_64kbps/015077.mp3",
        "audioSecondary": [
          "https://cdn.islamic.network/quran/audio/64/ar.alafasy/1879.mp3"
        ],
        "text": "إِنَّ فِى ذَٰلِكَ لَءَايَةًۭ لِّلْمُؤْمِنِينَ",
        "numberInSurah": 77,
        "juz": 14,
        "manzil": 3,
        "page": 266,
        "ruku": 222,
        "hizbQuarter": 106,
        "sajda": false,
        "audioArabic": [
          "https://cdn.jsdelivr.net/gh/Salimbd71/ArabicQuran@main/15/77.mp3"
        ],
        "audioBangla": [
          "https://cdn.jsdelivr.net/gh/Salimbd71/BanglaQuran@main/15/77.mp3"
        ]
      },
      {
        "number": 1880,
        "audio": "https://everyayah.com/data/Alafasy_64kbps/015078.mp3",
        "audioSecondary": [
          "https://cdn.islamic.network/quran/audio/64/ar.alafasy/1880.mp3"
        ],
        "text": "وَإِن كَانَ أَصْحَٰبُ ٱلْأَيْكَةِ لَظَٰلِمِينَ",
        "numberInSurah": 78,
        "juz": 14,
        "manzil": 3,
        "page": 266,
        "ruku": 222,
        "hizbQuarter": 106,
        "sajda": false,
        "audioArabic": [
          "https://cdn.jsdelivr.net/gh/Salimbd71/ArabicQuran@main/15/78.mp3"
        ],
        "audioBangla": [
          "https://cdn.jsdelivr.net/gh/Salimbd71/BanglaQuran@main/15/78.mp3"
        ]
      },
      {
        "number": 1881,
        "audio": "https://everyayah.com/data/Alafasy_64kbps/015079.mp3",
        "audioSecondary": [
          "https://cdn.islamic.network/quran/audio/64/ar.alafasy/1881.mp3"
        ],
        "text": "فَٱنتَقَمْنَا مِنْهُمْ وَإِنَّهُمَا لَبِإِمَامٍۢ مُّبِينٍۢ",
        "numberInSurah": 79,
        "juz": 14,
        "manzil": 3,
        "page": 266,
        "ruku": 222,
        "hizbQuarter": 106,
        "sajda": false,
        "audioArabic": [
          "https://cdn.jsdelivr.net/gh/Salimbd71/ArabicQuran@main/15/79.mp3"
        ],
        "audioBangla": [
          "https://cdn.jsdelivr.net/gh/Salimbd71/BanglaQuran@main/15/79.mp3"
        ]
      },
      {
        "number": 1882,
        "audio": "https://everyayah.com/data/Alafasy_64kbps/015080.mp3",
        "audioSecondary": [
          "https://cdn.islamic.network/quran/audio/64/ar.alafasy/1882.mp3"
        ],
        "text": "وَلَقَدْ كَذَّبَ أَصْحَٰبُ ٱلْحِجْرِ ٱلْمُرْسَلِينَ",
        "numberInSurah": 80,
        "juz": 14,
        "manzil": 3,
        "page": 266,
        "ruku": 223,
        "hizbQuarter": 106,
        "sajda": false,
        "audioArabic": [
          "https://cdn.jsdelivr.net/gh/Salimbd71/ArabicQuran@main/15/80.mp3"
        ],
        "audioBangla": [
          "https://cdn.jsdelivr.net/gh/Salimbd71/BanglaQuran@main/15/80.mp3"
        ]
      },
      {
        "number": 1883,
        "audio": "https://everyayah.com/data/Alafasy_64kbps/015081.mp3",
        "audioSecondary": [
          "https://cdn.islamic.network/quran/audio/64/ar.alafasy/1883.mp3"
        ],
        "text": "وَءَاتَيْنَٰهُمْ ءَايَٰتِنَا فَكَانُوا۟ عَنْهَا مُعْرِضِينَ",
        "numberInSurah": 81,
        "juz": 14,
        "manzil": 3,
        "page": 266,
        "ruku": 223,
        "hizbQuarter": 106,
        "sajda": false,
        "audioArabic": [
          "https://cdn.jsdelivr.net/gh/Salimbd71/ArabicQuran@main/15/81.mp3"
        ],
        "audioBangla": [
          "https://cdn.jsdelivr.net/gh/Salimbd71/BanglaQuran@main/15/81.mp3"
        ]
      },
      {
        "number": 1884,
        "audio": "https://everyayah.com/data/Alafasy_64kbps/015082.mp3",
        "audioSecondary": [
          "https://cdn.islamic.network/quran/audio/64/ar.alafasy/1884.mp3"
        ],
        "text": "وَكَانُوا۟ يَنْحِتُونَ مِنَ ٱلْجِبَالِ بُيُوتًا ءَامِنِينَ",
        "numberInSurah": 82,
        "juz": 14,
        "manzil": 3,
        "page": 266,
        "ruku": 223,
        "hizbQuarter": 106,
        "sajda": false,
        "audioArabic": [
          "https://cdn.jsdelivr.net/gh/Salimbd71/ArabicQuran@main/15/82.mp3"
        ],
        "audioBangla": [
          "https://cdn.jsdelivr.net/gh/Salimbd71/BanglaQuran@main/15/82.mp3"
        ]
      },
      {
        "number": 1885,
        "audio": "https://everyayah.com/data/Alafasy_64kbps/015083.mp3",
        "audioSecondary": [
          "https://cdn.islamic.network/quran/audio/64/ar.alafasy/1885.mp3"
        ],
        "text": "فَأَخَذَتْهُمُ ٱلصَّيْحَةُ مُصْبِحِينَ",
        "numberInSurah": 83,
        "juz": 14,
        "manzil": 3,
        "page": 266,
        "ruku": 223,
        "hizbQuarter": 106,
        "sajda": false,
        "audioArabic": [
          "https://cdn.jsdelivr.net/gh/Salimbd71/ArabicQuran@main/15/83.mp3"
        ],
        "audioBangla": [
          "https://cdn.jsdelivr.net/gh/Salimbd71/BanglaQuran@main/15/83.mp3"
        ]
      },
      {
        "number": 1886,
        "audio": "https://everyayah.com/data/Alafasy_64kbps/015084.mp3",
        "audioSecondary": [
          "https://cdn.islamic.network/quran/audio/64/ar.alafasy/1886.mp3"
        ],
        "text": "فَمَآ أَغْنَىٰ عَنْهُم مَّا كَانُوا۟ يَكْسِبُونَ",
        "numberInSurah": 84,
        "juz": 14,
        "manzil": 3,
        "page": 266,
        "ruku": 223,
        "hizbQuarter": 106,
        "sajda": false,
        "audioArabic": [
          "https://cdn.jsdelivr.net/gh/Salimbd71/ArabicQuran@main/15/84.mp3"
        ],
        "audioBangla": [
          "https://cdn.jsdelivr.net/gh/Salimbd71/BanglaQuran@main/15/84.mp3"
        ]
      },
      {
        "number": 1887,
        "audio": "https://everyayah.com/data/Alafasy_64kbps/015085.mp3",
        "audioSecondary": [
          "https://cdn.islamic.network/quran/audio/64/ar.alafasy/1887.mp3"
        ],
        "text": "وَمَا خَلَقْنَا ٱلسَّمَٰوَٰتِ وَٱلْأَرْضَ وَمَا بَيْنَهُمَآ إِلَّا بِٱلْحَقِّ ۗ وَإِنَّ ٱلسَّاعَةَ لَءَاتِيَةٌۭ ۖ فَٱصْفَحِ ٱلصَّفْحَ ٱلْجَمِيلَ",
        "numberInSurah": 85,
        "juz": 14,
        "manzil": 3,
        "page": 266,
        "ruku": 223,
        "hizbQuarter": 106,
        "sajda": false,
        "audioArabic": [
          "https://cdn.jsdelivr.net/gh/Salimbd71/ArabicQuran@main/15/85.mp3"
        ],
        "audioBangla": [
          "https://cdn.jsdelivr.net/gh/Salimbd71/BanglaQuran@main/15/85.mp3"
        ]
      },
      {
        "number": 1888,
        "audio": "https://everyayah.com/data/Alafasy_64kbps/015086.mp3",
        "audioSecondary": [
          "https://cdn.islamic.network/quran/audio/64/ar.alafasy/1888.mp3"
        ],
        "text": "إِنَّ رَبَّكَ هُوَ ٱلْخَلَّٰقُ ٱلْعَلِيمُ",
        "numberInSurah": 86,
        "juz": 14,
        "manzil": 3,
        "page": 266,
        "ruku": 223,
        "hizbQuarter": 106,
        "sajda": false,
        "audioArabic": [
          "https://cdn.jsdelivr.net/gh/Salimbd71/ArabicQuran@main/15/86.mp3"
        ],
        "audioBangla": [
          "https://cdn.jsdelivr.net/gh/Salimbd71/BanglaQuran@main/15/86.mp3"
        ]
      },
      {
        "number": 1889,
        "audio": "https://everyayah.com/data/Alafasy_64kbps/015087.mp3",
        "audioSecondary": [
          "https://cdn.islamic.network/quran/audio/64/ar.alafasy/1889.mp3"
        ],
        "text": "وَلَقَدْ ءَاتَيْنَٰكَ سَبْعًۭا مِّنَ ٱلْمَثَانِى وَٱلْقُرْءَانَ ٱلْعَظِيمَ",
        "numberInSurah": 87,
        "juz": 14,
        "manzil": 3,
        "page": 266,
        "ruku": 223,
        "hizbQuarter": 106,
        "sajda": false,
        "audioArabic": [
          "https://cdn.jsdelivr.net/gh/Salimbd71/ArabicQuran@main/15/87.mp3"
        ],
        "audioBangla": [
          "https://cdn.jsdelivr.net/gh/Salimbd71/BanglaQuran@main/15/87.mp3"
        ]
      },
      {
        "number": 1890,
        "audio": "https://everyayah.com/data/Alafasy_64kbps/015088.mp3",
        "audioSecondary": [
          "https://cdn.islamic.network/quran/audio/64/ar.alafasy/1890.mp3"
        ],
        "text": "لَا تَمُدَّنَّ عَيْنَيْكَ إِلَىٰ مَا مَتَّعْنَا بِهِۦٓ أَزْوَٰجًۭا مِّنْهُمْ وَلَا تَحْزَنْ عَلَيْهِمْ وَٱخْفِضْ جَنَاحَكَ لِلْمُؤْمِنِينَ",
        "numberInSurah": 88,
        "juz": 14,
        "manzil": 3,
        "page": 266,
        "ruku": 223,
        "hizbQuarter": 106,
        "sajda": false,
        "audioArabic": [
          "https://cdn.jsdelivr.net/gh/Salimbd71/ArabicQuran@main/15/88.mp3"
        ],
        "audioBangla": [
          "https://cdn.jsdelivr.net/gh/Salimbd71/BanglaQuran@main/15/88.mp3"
        ]
      },
      {
        "number": 1891,
        "audio": "https://everyayah.com/data/Alafasy_64kbps/015089.mp3",
        "audioSecondary": [
          "https://cdn.islamic.network/quran/audio/64/ar.alafasy/1891.mp3"
        ],
        "text": "وَقُلْ إِنِّىٓ أَنَا ٱلنَّذِيرُ ٱلْمُبِينُ",
        "numberInSurah": 89,
        "juz": 14,
        "manzil": 3,
        "page": 266,
        "ruku": 223,
        "hizbQuarter": 106,
        "sajda": false,
        "audioArabic": [
          "https://cdn.jsdelivr.net/gh/Salimbd71/ArabicQuran@main/15/89.mp3"
        ],
        "audioBangla": [
          "https://cdn.jsdelivr.net/gh/Salimbd71/BanglaQuran@main/15/89.mp3"
        ]
      },
      {
        "number": 1892,
        "audio": "https://everyayah.com/data/Alafasy_64kbps/015090.mp3",
        "audioSecondary": [
          "https://cdn.islamic.network/quran/audio/64/ar.alafasy/1892.mp3"
        ],
        "text": "كَمَآ أَنزَلْنَا عَلَى ٱلْمُقْتَسِمِينَ",
        "numberInSurah": 90,
        "juz": 14,
        "manzil": 3,
        "page": 266,
        "ruku": 223,
        "hizbQuarter": 106,
        "sajda": false,
        "audioArabic": [
          "https://cdn.jsdelivr.net/gh/Salimbd71/ArabicQuran@main/15/90.mp3"
        ],
        "audioBangla": [
          "https://cdn.jsdelivr.net/gh/Salimbd71/BanglaQuran@main/15/90.mp3"
        ]
      },
      {
        "number": 1893,
        "audio": "https://everyayah.com/data/Alafasy_64kbps/015091.mp3",
        "audioSecondary": [
          "https://cdn.islamic.network/quran/audio/64/ar.alafasy/1893.mp3"
        ],
        "text": "ٱلَّذِينَ جَعَلُوا۟ ٱلْقُرْءَانَ عِضِينَ",
        "numberInSurah": 91,
        "juz": 14,
        "manzil": 3,
        "page": 267,
        "ruku": 223,
        "hizbQuarter": 106,
        "sajda": false,
        "audioArabic": [
          "https://cdn.jsdelivr.net/gh/Salimbd71/ArabicQuran@main/15/91.mp3"
        ],
        "audioBangla": [
          "https://cdn.jsdelivr.net/gh/Salimbd71/BanglaQuran@main/15/91.mp3"
        ]
      },
      {
        "number": 1894,
        "audio": "https://everyayah.com/data/Alafasy_64kbps/015092.mp3",
        "audioSecondary": [
          "https://cdn.islamic.network/quran/audio/64/ar.alafasy/1894.mp3"
        ],
        "text": "فَوَرَبِّكَ لَنَسْـَٔلَنَّهُمْ أَجْمَعِينَ",
        "numberInSurah": 92,
        "juz": 14,
        "manzil": 3,
        "page": 267,
        "ruku": 223,
        "hizbQuarter": 106,
        "sajda": false,
        "audioArabic": [
          "https://cdn.jsdelivr.net/gh/Salimbd71/ArabicQuran@main/15/92.mp3"
        ],
        "audioBangla": [
          "https://cdn.jsdelivr.net/gh/Salimbd71/BanglaQuran@main/15/92.mp3"
        ]
      },
      {
        "number": 1895,
        "audio": "https://everyayah.com/data/Alafasy_64kbps/015093.mp3",
        "audioSecondary": [
          "https://cdn.islamic.network/quran/audio/64/ar.alafasy/1895.mp3"
        ],
        "text": "عَمَّا كَانُوا۟ يَعْمَلُونَ",
        "numberInSurah": 93,
        "juz": 14,
        "manzil": 3,
        "page": 267,
        "ruku": 223,
        "hizbQuarter": 106,
        "sajda": false,
        "audioArabic": [
          "https://cdn.jsdelivr.net/gh/Salimbd71/ArabicQuran@main/15/93.mp3"
        ],
        "audioBangla": [
          "https://cdn.jsdelivr.net/gh/Salimbd71/BanglaQuran@main/15/93.mp3"
        ]
      },
      {
        "number": 1896,
        "audio": "https://everyayah.com/data/Alafasy_64kbps/015094.mp3",
        "audioSecondary": [
          "https://cdn.islamic.network/quran/audio/64/ar.alafasy/1896.mp3"
        ],
        "text": "فَٱصْدَعْ بِمَا تُؤْمَرُ وَأَعْرِضْ عَنِ ٱلْمُشْرِكِينَ",
        "numberInSurah": 94,
        "juz": 14,
        "manzil": 3,
        "page": 267,
        "ruku": 223,
        "hizbQuarter": 106,
        "sajda": false,
        "audioArabic": [
          "https://cdn.jsdelivr.net/gh/Salimbd71/ArabicQuran@main/15/94.mp3"
        ],
        "audioBangla": [
          "https://cdn.jsdelivr.net/gh/Salimbd71/BanglaQuran@main/15/94.mp3"
        ]
      },
      {
        "number": 1897,
        "audio": "https://everyayah.com/data/Alafasy_64kbps/015095.mp3",
        "audioSecondary": [
          "https://cdn.islamic.network/quran/audio/64/ar.alafasy/1897.mp3"
        ],
        "text": "إِنَّا كَفَيْنَٰكَ ٱلْمُسْتَهْزِءِينَ",
        "numberInSurah": 95,
        "juz": 14,
        "manzil": 3,
        "page": 267,
        "ruku": 223,
        "hizbQuarter": 106,
        "sajda": false,
        "audioArabic": [
          "https://cdn.jsdelivr.net/gh/Salimbd71/ArabicQuran@main/15/95.mp3"
        ],
        "audioBangla": [
          "https://cdn.jsdelivr.net/gh/Salimbd71/BanglaQuran@main/15/95.mp3"
        ]
      },
      {
        "number": 1898,
        "audio": "https://everyayah.com/data/Alafasy_64kbps/015096.mp3",
        "audioSecondary": [
          "https://cdn.islamic.network/quran/audio/64/ar.alafasy/1898.mp3"
        ],
        "text": "ٱلَّذِينَ يَجْعَلُونَ مَعَ ٱللَّهِ إِلَٰهًا ءَاخَرَ ۚ فَسَوْفَ يَعْلَمُونَ",
        "numberInSurah": 96,
        "juz": 14,
        "manzil": 3,
        "page": 267,
        "ruku": 223,
        "hizbQuarter": 106,
        "sajda": false,
        "audioArabic": [
          "https://cdn.jsdelivr.net/gh/Salimbd71/ArabicQuran@main/15/96.mp3"
        ],
        "audioBangla": [
          "https://cdn.jsdelivr.net/gh/Salimbd71/BanglaQuran@main/15/96.mp3"
        ]
      },
      {
        "number": 1899,
        "audio": "https://everyayah.com/data/Alafasy_64kbps/015097.mp3",
        "audioSecondary": [
          "https://cdn.islamic.network/quran/audio/64/ar.alafasy/1899.mp3"
        ],
        "text": "وَلَقَدْ نَعْلَمُ أَنَّكَ يَضِيقُ صَدْرُكَ بِمَا يَقُولُونَ",
        "numberInSurah": 97,
        "juz": 14,
        "manzil": 3,
        "page": 267,
        "ruku": 223,
        "hizbQuarter": 106,
        "sajda": false,
        "audioArabic": [
          "https://cdn.jsdelivr.net/gh/Salimbd71/ArabicQuran@main/15/97.mp3"
        ],
        "audioBangla": [
          "https://cdn.jsdelivr.net/gh/Salimbd71/BanglaQuran@main/15/97.mp3"
        ]
      },
      {
        "number": 1900,
        "audio": "https://everyayah.com/data/Alafasy_64kbps/015098.mp3",
        "audioSecondary": [
          "https://cdn.islamic.network/quran/audio/64/ar.alafasy/1900.mp3"
        ],
        "text": "فَسَبِّحْ بِحَمْدِ رَبِّكَ وَكُن مِّنَ ٱلسَّٰجِدِينَ",
        "numberInSurah": 98,
        "juz": 14,
        "manzil": 3,
        "page": 267,
        "ruku": 223,
        "hizbQuarter": 106,
        "sajda": false,
        "audioArabic": [
          "https://cdn.jsdelivr.net/gh/Salimbd71/ArabicQuran@main/15/98.mp3"
        ],
        "audioBangla": [
          "https://cdn.jsdelivr.net/gh/Salimbd71/BanglaQuran@main/15/98.mp3"
        ]
      },
      {
        "number": 1901,
        "audio": "https://everyayah.com/data/Alafasy_64kbps/015099.mp3",
        "audioSecondary": [
          "https://cdn.islamic.network/quran/audio/64/ar.alafasy/1901.mp3"
        ],
        "text": "وَٱعْبُدْ رَبَّكَ حَتَّىٰ يَأْتِيَكَ ٱلْيَقِينُ",
        "numberInSurah": 99,
        "juz": 14,
        "manzil": 3,
        "page": 267,
        "ruku": 223,
        "hizbQuarter": 106,
        "sajda": false,
        "audioArabic": [
          "https://cdn.jsdelivr.net/gh/Salimbd71/ArabicQuran@main/15/99.mp3"
        ],
        "audioBangla": [
          "https://cdn.jsdelivr.net/gh/Salimbd71/BanglaQuran@main/15/99.mp3"
        ]
      }
    ],
    "edition": {
      "identifier": "ar.alafasy",
      "language": "ar",
      "name": "مشاري العفاسي",
      "englishName": "Alafasy",
      "format": "audio",
      "type": "versebyverse",
      "direction": null
    }
  }
}