{
  "code": 200,
  "status": "OK",
  "data": {
    "number": 24,
    "name": "سُورَةُ النُّورِ",
    "englishName": "An-Noor",
    "englishNameTranslation": "The Light",
    "revelationType": "Medinan",
    "numberOfAyahs": 64,
    "ayahs": [
      {
        "number": 2792,
        "audio": "https://everyayah.com/data/Alafasy_64kbps/024001.mp3",
        "audioSecondary": [
          "https://cdn.islamic.network/quran/audio/64/ar.alafasy/2792.mp3"
        ],
        "text": "بِسْمِ ٱللَّهِ ٱلرَّحْمَٰنِ ٱلرَّحِيمِ سُورَةٌ أَنزَلْنَٰهَا وَفَرَضْنَٰهَا وَأَنزَلْنَا فِيهَآ ءَايَٰتٍۭ بَيِّنَٰتٍۢ لَّعَلَّكُمْ تَذَكَّرُونَ",
        "numberInSurah": 1,
        "juz": 18,
        "manzil": 4,
        "page": 350,
        "ruku": 301,
        "hizbQuarter": 140,
        "sajda": false,
        "audioArabic": [
          "https://cdn.jsdelivr.net/gh/Salimbd71/ArabicQuran@main/24/1.mp3"
        ],
        "audioBangla": [
          "https://cdn.jsdelivr.net/gh/Salimbd71/BanglaQuran@main/24/1.mp3"
        ]
      },
      {
        "number": 2793,
        "audio": "https://everyayah.com/data/Alafasy_64kbps/024002.mp3",
        "audioSecondary": [
          "https://cdn.islamic.network/quran/audio/64/ar.alafasy/2793.mp3"
        ],
        "text": "ٱلزَّانِيَةُ وَٱلزَّانِى فَٱجْلِدُوا۟ كُلَّ وَٰحِدٍۢ مِّنْهُمَا مِا۟ئَةَ جَلْدَةٍۢ ۖ وَلَا تَأْخُذْكُم بِهِمَا رَأْفَةٌۭ فِى دِينِ ٱللَّهِ إِن كُنتُمْ تُؤْمِنُونَ بِٱللَّهِ وَٱلْيَوْمِ ٱلْءَاخِرِ ۖ وَلْيَشْهَدْ عَذَابَهُمَا طَآئِفَةٌۭ مِّنَ ٱلْمُؤْمِنِينَ",
        "numberInSurah": 2,
        "juz": 18,
        "manzil": 4,
        "page": 350,
        "ruku": 301,
        "hizbQuarter": 140,
        "sajda": false,
        "audioArabic": [
          "https://cdn.jsdelivr.net/gh/Salimbd71/ArabicQuran@main/24/2.mp3"
        ],
        "audioBangla": [
          "https://cdn.jsdelivr.net/gh/Salimbd71/BanglaQuran@main/24/2.mp3"
        ]
      },
      {
        "number": 2794,
        "audio": "https://everyayah.com/data/Alafasy_64kbps/024003.mp3",
        "audioSecondary": [
          "https://cdn.islamic.network/quran/audio/64/ar.alafasy/2794.mp3"
        ],
        "text": "ٱلزَّانِى لَا يَنكِحُ إِلَّا زَانِيَةً أَوْ مُشْرِكَةًۭ وَٱلزَّانِيَةُ لَا يَنكِحُهَآ إِلَّا زَانٍ أَوْ مُشْرِكٌۭ ۚ وَحُرِّمَ ذَٰلِكَ عَلَى ٱلْمُؤْمِنِينَ",
        "numberInSurah": 3,
        "juz": 18,
        "manzil": 4,
        "page": 350,
        "ruku": 301,
        "hizbQuarter": 140,
        "sajda": false,
        "audioArabic": [
          "https://cdn.jsdelivr.net/gh/Salimbd71/ArabicQuran@main/24/3.mp3"
        ],
        "audioBangla": [
          "https://cdn.jsdelivr.net/gh/Salimbd71/BanglaQuran@main/24/3.mp3"
        ]
      },
      {
        "number": 2795,
        "audio": "https://everyayah.com/data/Alafasy_64kbps/024004.mp3",
        "audioSecondary": [
          "https://cdn.islamic.network/quran/audio/64/ar.alafasy/2795.mp3"
        ],
        "text": "وَٱلَّذِينَ يَرْمُونَ ٱلْمُحْصَنَٰتِ ثُمَّ لَمْ يَأْتُوا۟ بِأَرْبَعَةِ شُهَدَآءَ فَٱجْلِدُوهُمْ ثَمَٰنِينَ جَلْدَةًۭ وَلَا تَقْبَلُوا۟ لَهُمْ شَهَٰدَةً أَبَدًۭا ۚ وَأُو۟لَٰٓئِكَ هُمُ ٱلْفَٰسِقُونَ",
        "numberInSurah": 4,
        "juz": 18,
        "manzil": 4,
        "page": 350,
        "ruku": 301,
        "hizbQuarter": 140,
        "sajda": false,
        "audioArabic": [
          "https://cdn.jsdelivr.net/gh/Salimbd71/ArabicQuran@main/24/4.mp3"
        ],
        "audioBangla": [
          "https://cdn.jsdelivr.net/gh/Salimbd71/BanglaQuran@main/24/4.mp3"
        ]
      },
      {
        "number": 2796,
        "audio": "https://everyayah.com/data/Alafasy_64kbps/024005.mp3",
        "audioSecondary": [
          "https://cdn.islamic.network/quran/audio/64/ar.alafasy/2796.mp3"
        ],
        "text": "إِلَّا ٱلَّذِينَ تَابُوا۟ مِنۢ بَعْدِ ذَٰلِكَ وَأَصْلَحُوا۟ فَإِنَّ ٱللَّهَ غَفُورٌۭ رَّحِيمٌۭ",
        "numberInSurah": 5,
        "juz": 18,
        "manzil": 4,
        "page": 350,
        "ruku": 301,
        "hizbQuarter": 140,
        "sajda": false,
        "audioArabic": [
          "https://cdn.jsdelivr.net/gh/Salimbd71/ArabicQuran@main/24/5.mp3"
        ],
        "audioBangla": [
          "https://cdn.jsdelivr.net/gh/Salimbd71/BanglaQuran@main/24/5.mp3"
        ]
      },
      {
        "number": 2797,
        "audio": "https://everyayah.com/data/Alafasy_64kbps/024006.mp3",
        "audioSecondary": [
          "https://cdn.islamic.network/quran/audio/64/ar.alafasy/2797.mp3"
        ],
        "text": "وَٱلَّذِينَ يَرْمُونَ أَزْوَٰجَهُمْ وَلَمْ يَكُن لَّهُمْ شُهَدَآءُ إِلَّآ أَنفُسُهُمْ فَشَهَٰدَةُ أَحَدِهِمْ أَرْبَعُ شَهَٰدَٰتٍۭ بِٱللَّهِ ۙ إِنَّهُۥ لَمِنَ ٱلصَّٰدِقِينَ",
        "numberInSurah": 6,
        "juz": 18,
        "manzil": 4,
        "page": 350,
        "ruku": 301,
        "hizbQuarter": 140,
        "sajda": false,
        "audioArabic": [
          "https://cdn.jsdelivr.net/gh/Salimbd71/ArabicQuran@main/24/6.mp3"
        ],
        "audioBangla": [
          "https://cdn.jsdelivr.net/gh/Salimbd71/BanglaQuran@main/24/6.mp3"
        ]
      },
      {
        "number": 2798,
        "audio": "https://everyayah.com/data/Alafasy_64kbps/024007.mp3",
        "audioSecondary": [
          "https://cdn.islamic.network/quran/audio/64/ar.alafasy/2798.mp3"
        ],
        "text": "وَٱلْخَٰمِسَةُ أَنَّ لَعْنَتَ ٱللَّهِ عَلَيْهِ إِن كَانَ مِنَ ٱلْكَٰذِبِينَ",
        "numberInSurah": 7,
        "juz": 18,
        "manzil": 4,
        "page": 350,
        "ruku": 301,
        "hizbQuarter": 140,
        "sajda": false,
        "audioArabic": [
          "https://cdn.jsdelivr.net/gh/Salimbd71/ArabicQuran@main/24/7.mp3"
        ],
        "audioBangla": [
          "https://cdn.jsdelivr.net/gh/Salimbd71/BanglaQuran@main/24/7.mp3"
        ]
      },
      {
        "number": 2799,
        "audio": "https://everyayah.com/data/Alafasy_64kbps/024008.mp3",
        "audioSecondary": [
          "https://cdn.islamic.network/quran/audio/64/ar.alafasy/2799.mp3"
        ],
        "text": "وَيَدْرَؤُا۟ عَنْهَا ٱلْعَذَابَ أَن تَشْهَدَ أَرْبَعَ شَهَٰدَٰتٍۭ بِٱللَّهِ ۙ إِنَّهُۥ لَمِنَ ٱلْكَٰذِبِينَ",
        "numberInSurah": 8,
        "juz": 18,
        "manzil": 4,
        "page": 350,
        "ruku": 301,
        "hizbQuarter": 140,
        "sajda": false,
        "audioArabic": [
          "https://cdn.jsdelivr.net/gh/Salimbd71/ArabicQuran@main/24/8.mp3"
        ],
        "audioBangla": [
          "https://cdn.jsdelivr.net/gh/Salimbd71/BanglaQuran@main/24/8.mp3"
        ]
      },
      {
        "number": 2800,
        "audio": "https://everyayah.com/data/Alafasy_64kbps/024009.mp3",
        "audioSecondary": [
          "https://cdn.islamic.network/quran/audio/64/ar.alafasy/2800.mp3"
        ],
        "text": "وَٱلْخَٰمِسَةَ أَنَّ غَضَبَ ٱللَّهِ عَلَيْهَآ إِن كَانَ مِنَ ٱلصَّٰدِقِينَ",
        "numberInSurah": 9,
        "juz": 18,
        "manzil": 4,
        "page": 350,
        "ruku": 301,
        "hizbQuarter": 140,
        "sajda": false,
        "audioArabic": [
          "https://cdn.jsdelivr.net/gh/Salimbd71/ArabicQuran@main/24/9.mp3"
        ],
        "audioBangla": [
          "https://cdn.jsdelivr.net/gh/Salimbd71/BanglaQuran@main/24/9.mp3"
        ]
      },
      {
        "number": 2801,
        "audio": "https://everyayah.com/data/Alafasy_64kbps/024010.mp3",
        "audioSecondary": [
          "https://cdn.islamic.network/quran/audio/64/ar.alafasy/2801.mp3"
        ],
        "text": "وَلَوْلَا فَضْلُ ٱللَّهِ عَلَيْكُمْ وَرَحْمَتُهُۥ وَأَنَّ ٱللَّهَ تَوَّابٌ حَكِيمٌ",
        "numberInSurah": 10,
        "juz": 18,
        "manzil": 4,
        "page": 350,
        "ruku": 301,
        "hizbQuarter": 140,
        "sajda": false,
        "audioArabic": [
          "https://cdn.jsdelivr.net/gh/Salimbd71/ArabicQuran@main/24/10.mp3"
        ],
        "audioBangla": [
          "https://cdn.jsdelivr.net/gh/Salimbd71/BanglaQuran@main/24/10.mp3"
        ]
      },
      {
        "number": 2802,
        "audio": "https://everyayah.com/data/Alafasy_64kbps/024011.mp3",
        "audioSecondary": [
          "https://cdn.islamic.network/quran/audio/64/ar.alafasy/2802.mp3"
        ],
        "text": "إِنَّ ٱلَّذِينَ جَآءُو بِٱلْإِفْكِ عُصْبَةٌۭ مِّنكُمْ ۚ لَا تَحْسَبُوهُ شَرًّۭا لَّكُم ۖ بَلْ هُوَ خَيْرٌۭ لَّكُمْ ۚ لِكُلِّ ٱمْرِئٍۢ مِّنْهُم مَّا ٱكْتَسَبَ مِنَ ٱلْإِثْمِ ۚ وَٱلَّذِى تَوَلَّىٰ كِبْرَهُۥ مِنْهُمْ لَهُۥ عَذَابٌ عَظِيمٌۭ",
        "numberInSurah": 11,
        "juz": 18,
        "manzil": 4,
        "page": 351,
        "ruku": 302,
        "hizbQuarter": 140,
        "sajda": false,
        "audioArabic": [
          "https://cdn.jsdelivr.net/gh/Salimbd71/ArabicQuran@main/24/11.mp3"
        ],
        "audioBangla": [
          "https://cdn.jsdelivr.net/gh/Salimbd71/BanglaQuran@main/24/11.mp3"
        ]
      },
      {
        "number": 2803,
        "audio": "https://everyayah.com/data/Alafasy_64kbps/024012.mp3",
        "audioSecondary": [
          "https://cdn.islamic.network/quran/audio/64/ar.alafasy/2803.mp3"
        ],
        "text": "لَّوْلَآ إِذْ سَمِعْتُمُوهُ ظَنَّ ٱلْمُؤْمِنُونَ وَٱلْمُؤْمِنَٰتُ بِأَنفُسِهِمْ خَيْرًۭا وَقَالُوا۟ هَٰذَآ إِفْكٌۭ مُّبِينٌۭ",
        "numberInSurah": 12,
        "juz": 18,
        "manzil": 4,
        "page": 351,
        "ruku": 302,
        "hizbQuarter": 140,
        "sajda": false,
        "audioArabic": [
          "https://cdn.jsdelivr.net/gh/Salimbd71/ArabicQuran@main/24/12.mp3"
        ],
        "audioBangla": [
          "https://cdn.jsdelivr.net/gh/Salimbd71/BanglaQuran@main/24/12.mp3"
        ]
      },
      {
        "number": 2804,
        "audio": "https://everyayah.com/data/Alafasy_64kbps/024013.mp3",
        "audioSecondary": [
          "https://cdn.islamic.network/quran/audio/64/ar.alafasy/2804.mp3"
        ],
        "text": "لَّوْلَا جَآءُو عَلَيْهِ بِأَرْبَعَةِ شُهَدَآءَ ۚ فَإِذْ لَمْ يَأْتُوا۟ بِٱلشُّهَدَآءِ فَأُو۟لَٰٓئِكَ عِندَ ٱللَّهِ هُمُ ٱلْكَٰذِبُونَ",
        "numberInSurah": 13,
        "juz": 18,
        "manzil": 4,
        "page": 351,
        "ruku": 302,
        "hizbQuarter": 140,
        "sajda": false,
        "audioArabic": [
          "https://cdn.jsdelivr.net/gh/Salimbd71/ArabicQuran@main/24/13.mp3"
        ],
        "audioBangla": [
          "https://cdn.jsdelivr.net/gh/Salimbd71/BanglaQuran@main/24/13.mp3"
        ]
      },
      {
        "number": 2805,
        "audio": "https://everyayah.com/data/Alafasy_64kbps/024014.mp3",
        "audioSecondary": [
          "https://cdn.islamic.network/quran/audio/64/ar.alafasy/2805.mp3"
        ],
        "text": "وَلَوْلَا فَضْلُ ٱللَّهِ عَلَيْكُمْ وَرَحْمَتُهُۥ فِى ٱلدُّنْيَا وَٱلْءَاخِرَةِ لَمَسَّكُمْ فِى مَآ أَفَضْتُمْ فِيهِ عَذَابٌ عَظِيمٌ",
        "numberInSurah": 14,
        "juz": 18,
        "manzil": 4,
        "page": 351,
        "ruku": 302,
        "hizbQuarter": 140,
        "sajda": false,
        "audioArabic": [
          "https://cdn.jsdelivr.net/gh/Salimbd71/ArabicQuran@main/24/14.mp3"
        ],
        "audioBangla": [
          "https://cdn.jsdelivr.net/gh/Salimbd71/BanglaQuran@main/24/14.mp3"
        ]
      },
      {
        "number": 2806,
        "audio": "https://everyayah.com/data/Alafasy_64kbps/024015.mp3",
        "audioSecondary": [
          "https://cdn.islamic.network/quran/audio/64/ar.alafasy/2806.mp3"
        ],
        "text": "إِذْ تَلَقَّوْنَهُۥ بِأَلْسِنَتِكُمْ وَتَقُولُونَ بِأَفْوَاهِكُم مَّا لَيْسَ لَكُم بِهِۦ عِلْمٌۭ وَتَحْسَبُونَهُۥ هَيِّنًۭا وَهُوَ عِندَ ٱللَّهِ عَظِيمٌۭ",
        "numberInSurah": 15,
        "juz": 18,
        "manzil": 4,
        "page": 351,
        "ruku": 302,
        "hizbQuarter": 140,
        "sajda": false,
        "audioArabic": [
          "https://cdn.jsdelivr.net/gh/Salimbd71/ArabicQuran@main/24/15.mp3"
        ],
        "audioBangla": [
          "https://cdn.jsdelivr.net/gh/Salimbd71/BanglaQuran@main/24/15.mp3"
        ]
      },
      {
        "number": 2807,
        "audio": "https://everyayah.com/data/Alafasy_64kbps/024016.mp3",
        "audioSecondary": [
          "https://cdn.islamic.network/quran/audio/64/ar.alafasy/2807.mp3"
        ],
        "text": "وَلَوْلَآ إِذْ سَمِعْتُمُوهُ قُلْتُم مَّا يَكُونُ لَنَآ أَن نَّتَكَلَّمَ بِهَٰذَا سُبْحَٰنَكَ هَٰذَا بُهْتَٰنٌ عَظِيمٌۭ",
        "numberInSurah": 16,
        "juz": 18,
        "manzil": 4,
        "page": 351,
        "ruku": 302,
        "hizbQuarter": 140,
        "sajda": false,
        "audioArabic": [
          "https://cdn.jsdelivr.net/gh/Salimbd71/ArabicQuran@main/24/16.mp3"
        ],
        "audioBangla": [
          "https://cdn.jsdelivr.net/gh/Salimbd71/BanglaQuran@main/24/16.mp3"
        ]
      },
      {
        "number": 2808,
        "audio": "https://everyayah.com/data/Alafasy_64kbps/024017.mp3",
        "audioSecondary": [
          "https://cdn.islamic.network/quran/audio/64/ar.alafasy/2808.mp3"
        ],
        "text": "يَعِظُكُمُ ٱللَّهُ أَن تَعُودُوا۟ لِمِثْلِهِۦٓ أَبَدًا إِن كُنتُم مُّؤْمِنِينَ",
        "numberInSurah": 17,
        "juz": 18,
        "manzil": 4,
        "page": 351,
        "ruku": 302,
        "hizbQuarter": 140,
        "sajda": false,
        "audioArabic": [
          "https://cdn.jsdelivr.net/gh/Salimbd71/ArabicQuran@main/24/17.mp3"
        ],
        "audioBangla": [
          "https://cdn.jsdelivr.net/gh/Salimbd71/BanglaQuran@main/24/17.mp3"
        ]
      },
      {
        "number": 2809,
        "audio": "https://everyayah.com/data/Alafasy_64kbps/024018.mp3",
        "audioSecondary": [
          "https://cdn.islamic.network/quran/audio/64/ar.alafasy/2809.mp3"
        ],
        "text": "وَيُبَيِّنُ ٱللَّهُ لَكُمُ ٱلْءَايَٰتِ ۚ وَٱللَّهُ عَلِيمٌ حَكِيمٌ",
        "numberInSurah": 18,
        "juz": 18,
        "manzil": 4,
        "page": 351,
        "ruku": 302,
        "hizbQuarter": 140,
        "sajda": false,
        "audioArabic": [
          "https://cdn.jsdelivr.net/gh/Salimbd71/ArabicQuran@main/24/18.mp3"
        ],
        "audioBangla": [
          "https://cdn.jsdelivr.net/gh/Salimbd71/BanglaQuran@main/24/18.mp3"
        ]
      },
      {
        "number": 2810,
        "audio": "https://everyayah.com/data/Alafasy_64kbps/024019.mp3",
        "audioSecondary": [
          "https://cdn.islamic.network/quran/audio/64/ar.alafasy/2810.mp3"
        ],
        "text": "إِنَّ ٱلَّذِينَ يُحِبُّونَ أَن تَشِيعَ ٱلْفَٰحِشَةُ فِى ٱلَّذِينَ ءَامَنُوا۟ لَهُمْ عَذَابٌ أَلِيمٌۭ فِى ٱلدُّنْيَا وَٱلْءَاخِرَةِ ۚ وَٱللَّهُ يَعْلَمُ وَأَنتُمْ لَا تَعْلَمُونَ",
        "numberInSurah": 19,
        "juz": 18,
        "manzil": 4,
        "page": 351,
        "ruku": 302,
        "hizbQuarter": 140,
        "sajda": false,
        "audioArabic": [
          "https://cdn.jsdelivr.net/gh/Salimbd71/ArabicQuran@main/24/19.mp3"
        ],
        "audioBangla": [
          "https://cdn.jsdelivr.net/gh/Salimbd71/BanglaQuran@main/24/19.mp3"
        ]
      },
      {
        "number": 2811,
        "audio": "https://everyayah.com/data/Alafasy_64kbps/024020.mp3",
        "audioSecondary": [
          "https://cdn.islamic.network/quran/audio/64/ar.alafasy/2811.mp3"
        ],
        "text": "وَلَوْلَا فَضْلُ ٱللَّهِ عَلَيْكُمْ وَرَحْمَتُهُۥ وَأَنَّ ٱللَّهَ رَءُوفٌۭ رَّحِيمٌۭ",
        "numberInSurah": 20,
        "juz": 18,
        "manzil": 4,
        "page": 351,
        "ruku": 302,
        "hizbQuarter": 140,
        "sajda": false,
        "audioArabic": [
          "https://cdn.jsdelivr.net/gh/Salimbd71/ArabicQuran@main/24/20.mp3"
        ],
        "audioBangla": [
          "https://cdn.jsdelivr.net/gh/Salimbd71/BanglaQuran@main/24/20.mp3"
        ]
      },
      {
        "number": 2812,
        "audio": "https://everyayah.com/data/Alafasy_64kbps/024021.mp3",
        "audioSecondary": [
          "https://cdn.islamic.network/quran/audio/64/ar.alafasy/2812.mp3"
        ],
        "text": "۞ يَٰٓأَيُّهَا ٱلَّذِينَ ءَامَنُوا۟ لَا تَتَّبِعُوا۟ خُطُوَٰتِ ٱلشَّيْطَٰنِ ۚ وَمَن يَتَّبِعْ خُطُوَٰتِ ٱلشَّيْطَٰنِ فَإِنَّهُۥ يَأْمُرُ بِٱلْفَحْشَآءِ وَٱلْمُنكَرِ ۚ وَلَوْلَا فَضْلُ ٱللَّهِ عَلَيْكُمْ وَرَحْمَتُهُۥ مَا زَكَىٰ مِنكُم مِّنْ أَحَدٍ أَبَدًۭا وَلَٰكِنَّ ٱللَّهَ يُزَكِّى مَن يَشَآءُ ۗ وَٱللَّهُ سَمِيعٌ عَلِيمٌۭ",
        "numberInSurah": 21,
        "juz": 18,
        "manzil": 4,
        "page": 352,
        "ruku": 303,
        "hizbQuarter": 141,
        "sajda": false,
        "audioArabic": [
          "https://cdn.jsdelivr.net/gh/Salimbd71/ArabicQuran@main/24/21.mp3"
        ],
        "audioBangla": [
          "https://cdn.jsdelivr.net/gh/Salimbd71/BanglaQuran@main/24/21.mp3"
        ]
      },
      {
        "number": 2813,
        "audio": "https://everyayah.com/data/Alafasy_64kbps/024022.mp3",
        "audioSecondary": [
          "https://cdn.islamic.network/quran/audio/64/ar.alafasy/2813.mp3"
        ],
        "text": "وَلَا يَأْتَلِ أُو۟لُوا۟ ٱلْفَضْلِ مِنكُمْ وَٱلسَّعَةِ أَن يُؤْتُوٓا۟ أُو۟لِى ٱلْقُرْبَىٰ وَٱلْمَسَٰكِينَ وَٱلْمُهَٰجِرِينَ فِى سَبِيلِ ٱللَّهِ ۖ وَلْيَعْفُوا۟ وَلْيَصْفَحُوٓا۟ ۗ أَلَا تُحِبُّونَ أَن يَغْفِرَ ٱللَّهُ لَكُمْ ۗ وَٱللَّهُ غَفُورٌۭ رَّحِيمٌ",
        "numberInSurah": 22,
        "juz": 18,
        "manzil": 4,
        "page": 352,
        "ruku": 303,
        "hizbQuarter": 141,
        "sajda": false,
        "audioArabic": [
          "https://cdn.jsdelivr.net/gh/Salimbd71/ArabicQuran@main/24/22.mp3"
        ],
        "audioBangla": [
          "https://cdn.jsdelivr.net/gh/Salimbd71/BanglaQuran@main/24/22.mp3"
        ]
      },
      {
        "number": 2814,
        "audio": "https://everyayah.com/data/Alafasy_64kbps/024023.mp3",
        "audioSecondary": [
          "https://cdn.islamic.network/quran/audio/64/ar.alafasy/2814.mp3"
        ],
        "text": "إِنَّ ٱلَّذِينَ يَرْمُونَ ٱلْمُحْصَنَٰتِ ٱلْغَٰفِلَٰتِ ٱلْمُؤْمِنَٰتِ لُعِنُوا۟ فِى ٱلدُّنْيَا وَٱلْءَاخِرَةِ وَلَهُمْ عَذَابٌ عَظِيمٌۭ",
        "numberInSurah": 23,
        "juz": 18,
        "manzil": 4,
        "page": 352,
        "ruku": 303,
        "hizbQuarter": 141,
        "sajda": false,
        "audioArabic": [
          "https://cdn.jsdelivr.net/gh/Salimbd71/ArabicQuran@main/24/23.mp3"
        ],
        "audioBangla": [
          "https://cdn.jsdelivr.net/gh/Salimbd71/BanglaQuran@main/24/23.mp3"
        ]
      },
      {
        "number": 2815,
        "audio": "https://everyayah.com/data/Alafasy_64kbps/024024.mp3",
        "audioSecondary": [
          "https://cdn.islamic.network/quran/audio/64/ar.alafasy/2815.mp3"
        ],
        "text": "يَوْمَ تَشْهَدُ عَلَيْهِمْ أَلْسِنَتُهُمْ وَأَيْدِيهِمْ وَأَرْجُلُهُم بِمَا كَانُوا۟ يَعْمَلُونَ",
        "numberInSurah": 24,
        "juz": 18,
        "manzil": 4,
        "page": 352,
        "ruku": 303,
        "hizbQuarter": 141,
        "sajda": false,
        "audioArabic": [
          "https://cdn.jsdelivr.net/gh/Salimbd71/ArabicQuran@main/24/24.mp3"
        ],
        "audioBangla": [
          "https://cdn.jsdelivr.net/gh/Salimbd71/BanglaQuran@main/24/24.mp3"
        ]
      },
      {
        "number": 2816,
        "audio": "https://everyayah.com/data/Alafasy_64kbps/024025.mp3",
        "audioSecondary": [
          "https://cdn.islamic.network/quran/audio/64/ar.alafasy/2816.mp3"
        ],
        "text": "يَوْمَئِذٍۢ يُوَفِّيهِمُ ٱللَّهُ دِينَهُمُ ٱلْحَقَّ وَيَعْلَمُونَ أَنَّ ٱللَّهَ هُوَ ٱلْحَقُّ ٱلْمُبِينُ",
        "numberInSurah": 25,
        "juz": 18,
        "manzil": 4,
        "page": 352,
        "ruku": 303,
        "hizbQuarter": 141,
        "sajda": false,
        "audioArabic": [
          "https://cdn.jsdelivr.net/gh/Salimbd71/ArabicQuran@main/24/25.mp3"
        ],
        "audioBangla": [
          "https://cdn.jsdelivr.net/gh/Salimbd71/BanglaQuran@main/24/25.mp3"
        ]
      },
      {
        "number": 2817,
        "audio": "https://everyayah.com/data/Alafasy_64kbps/024026.mp3",
        "audioSecondary": [
          "https://cdn.islamic.network/quran/audio/64/ar.alafasy/2817.mp3"
        ],
        "text": "ٱلْخَبِيثَٰتُ لِلْخَبِيثِينَ وَٱلْخَبِيثُونَ لِلْخَبِيثَٰتِ ۖ وَٱلطَّيِّبَٰتُ لِلطَّيِّبِينَ وَٱلطَّيِّبُونَ لِلطَّيِّبَٰتِ ۚ أُو۟لَٰٓئِكَ مُبَرَّءُونَ مِمَّا يَقُولُونَ ۖ لَهُم مَّغْفِرَةٌۭ وَرِزْقٌۭ كَرِيمٌۭ",
        "numberInSurah": 26,
        "juz": 18,
        "manzil": 4,
        "page": 352,
        "ruku": 303,
        "hizbQuarter": 141,
        "sajda": false,
        "audioArabic": [
          "https://cdn.jsdelivr.net/gh/Salimbd71/ArabicQuran@main/24/26.mp3"
        ],
        "audioBangla": [
          "https://cdn.jsdelivr.net/gh/Salimbd71/BanglaQuran@main/24/26.mp3"
        ]
      },
      {
        "number": 2818,
        "audio": "https://everyayah.com/data/Alafasy_64kbps/024027.mp3",
        "audioSecondary": [
          "https://cdn.islamic.network/quran/audio/64/ar.alafasy/2818.mp3"
        ],
        "text": "يَٰٓأَيُّهَا ٱلَّذِينَ ءَامَنُوا۟ لَا تَدْخُلُوا۟ بُيُوتًا غَيْرَ بُيُوتِكُمْ حَتَّىٰ تَسْتَأْنِسُوا۟ وَتُسَلِّمُوا۟ عَلَىٰٓ أَهْلِهَا ۚ ذَٰلِكُمْ خَيْرٌۭ لَّكُمْ لَعَلَّكُمْ تَذَكَّرُونَ",
        "numberInSurah": 27,
        "juz": 18,
        "manzil": 4,
        "page": 352,
        "ruku": 304,
        "hizbQuarter": 141,
        "sajda": false,
        "audioArabic": [
          "https://cdn.jsdelivr.net/gh/Salimbd71/ArabicQuran@main/24/27.mp3"
        ],
        "audioBangla": [
          "https://cdn.jsdelivr.net/gh/Salimbd71/BanglaQuran@main/24/27.mp3"
        ]
      },
      {
        "number": 2819,
        "audio": "https://everyayah.com/data/Alafasy_64kbps/024028.mp3",
        "audioSecondary": [
          "https://cdn.islamic.network/quran/audio/64/ar.alafasy/2819.mp3"
        ],
        "text": "فَإِن لَّمْ تَجِدُوا۟ فِيهَآ أَحَدًۭا فَلَا تَدْخُلُوهَا حَتَّىٰ يُؤْذَنَ لَكُمْ ۖ وَإِن قِيلَ لَكُمُ ٱرْجِعُوا۟ فَٱرْجِعُوا۟ ۖ هُوَ أَزْكَىٰ لَكُمْ ۚ وَٱللَّهُ بِمَا تَعْمَلُونَ عَلِيمٌۭ",
        "numberInSurah": 28,
        "juz": 18,
        "manzil": 4,
        "page": 353,
        "ruku": 304,
        "hizbQuarter": 141,
        "sajda": false,
        "audioArabic": [
          "https://cdn.jsdelivr.net/gh/Salimbd71/ArabicQuran@main/24/28.mp3"
        ],
        "audioBangla": [
          "https://cdn.jsdelivr.net/gh/Salimbd71/BanglaQuran@main/24/28.mp3"
        ]
      },
      {
        "number": 2820,
        "audio": "https://everyayah.com/data/Alafasy_64kbps/024029.mp3",
        "audioSecondary": [
          "https://cdn.islamic.network/quran/audio/64/ar.alafasy/2820.mp3"
        ],
        "text": "لَّيْسَ عَلَيْكُمْ جُنَاحٌ أَن تَدْخُلُوا۟ بُيُوتًا غَيْرَ مَسْكُونَةٍۢ فِيهَا مَتَٰعٌۭ لَّكُمْ ۚ وَٱللَّهُ يَعْلَمُ مَا تُبْدُونَ وَمَا تَكْتُمُونَ",
        "numberInSurah": 29,
        "juz": 18,
        "manzil": 4,
        "page": 353,
        "ruku": 304,
        "hizbQuarter": 141,
        "sajda": false,
        "audioArabic": [
          "https://cdn.jsdelivr.net/gh/Salimbd71/ArabicQuran@main/24/29.mp3"
        ],
        "audioBangla": [
          "https://cdn.jsdelivr.net/gh/Salimbd71/BanglaQuran@main/24/29.mp3"
        ]
      },
      {
        "number": 2821,
        "audio": "https://everyayah.com/data/Alafasy_64kbps/024030.mp3",
        "audioSecondary": [
          "https://cdn.islamic.network/quran/audio/64/ar.alafasy/2821.mp3"
        ],
        "text": "قُل لِّلْمُؤْمِنِينَ يَغُضُّوا۟ مِنْ أَبْصَٰرِهِمْ وَيَحْفَظُوا۟ فُرُوجَهُمْ ۚ ذَٰلِكَ أَزْكَىٰ لَهُمْ ۗ إِنَّ ٱللَّهَ خَبِيرٌۢ بِمَا يَصْنَعُونَ",
        "numberInSurah": 30,
        "juz": 18,
        "manzil": 4,
        "page": 353,
        "ruku": 304,
        "hizbQuarter": 141,
        "sajda": false,
        "audioArabic": [
          "https://cdn.jsdelivr.net/gh/Salimbd71/ArabicQuran@main/24/30.mp3"
        ],
        "audioBangla": [
          "https://cdn.jsdelivr.net/gh/Salimbd71/BanglaQuran@main/24/30.mp3"
        ]
      },
      {
        "number": 2822,
        "audio": "https://everyayah.com/data/Alafasy_64kbps/024031.mp3",
        "audioSecondary": [
          "https://cdn.islamic.network/quran/audio/64/ar.alafasy/2822.mp3"
        ],
        "text": "وَقُل لِّلْمُؤْمِنَٰتِ يَغْضُضْنَ مِنْ أَبْصَٰرِهِنَّ وَيَحْفَظْنَ فُرُوجَهُنَّ وَلَا يُبْدِينَ زِينَتَهُنَّ إِلَّا مَا ظَهَرَ مِنْهَا ۖ وَلْيَضْرِبْنَ بِخُمُرِهِنَّ عَلَىٰ جُيُوبِهِنَّ ۖ وَلَا يُبْدِينَ زِينَتَهُنَّ إِلَّا لِبُعُولَتِهِنَّ أَوْ ءَابَآئِهِنَّ أَوْ ءَابَآءِ بُعُولَتِهِنَّ أَوْ أَبْنَآئِهِنَّ أَوْ أَبْنَآءِ بُعُولَتِهِنَّ أَوْ إِخْوَٰنِهِنَّ أَوْ بَنِىٓ إِخْوَٰنِهِنَّ أَوْ بَنِىٓ أَخَوَٰتِهِنَّ أَوْ نِسَآئِهِنَّ أَوْ مَا مَلَكَتْ أَيْمَٰنُهُنَّ أَوِ ٱلتَّٰبِعِينَ غَيْرِ أُو۟لِى ٱلْإِرْبَةِ مِنَ ٱلرِّجَالِ أَوِ ٱلطِّفْلِ ٱلَّذِينَ لَمْ يَظْهَرُوا۟ عَلَىٰ عَوْرَٰتِ ٱلنِّسَآءِ ۖ وَلَا يَضْرِبْنَ بِأَرْجُلِهِنَّ لِيُعْلَمَ مَا يُخْفِينَ مِن زِينَتِهِنَّ ۚ وَتُوبُوٓا۟ إِلَى ٱللَّهِ جَمِيعًا أَيُّهَ ٱلْمُؤْمِنُونَ لَعَلَّكُمْ تُفْلِحُونَ",
        "numberInSurah": 31,
        "juz": 18,
        "manzil": 4,
        "page": 353,
        "ruku": 304,
        "hizbQuarter": 141,
        "sajda": false,
        "audioArabic": [
          "https://cdn.jsdelivr.net/gh/Salimbd71/ArabicQuran@main/24/31.mp3"
        ],
        "audioBangla": [
          "https://cdn.jsdelivr.net/gh/Salimbd71/BanglaQuran@main/24/31.mp3"
        ]
      },
      {
        "number": 2823,
        "audio": "https://everyayah.com/data/Alafasy_64kbps/024032.mp3",
        "audioSecondary": [
          "https://cdn.islamic.network/quran/audio/64/ar.alafasy/2823.mp3"
        ],
        "text": "وَأَنكِحُوا۟ ٱلْأَيَٰمَىٰ مِنكُمْ وَٱلصَّٰلِحِينَ مِنْ عِبَادِكُمْ وَإِمَآئِكُمْ ۚ إِن يَكُونُوا۟ فُقَرَآءَ يُغْنِهِمُ ٱللَّهُ مِن فَضْلِهِۦ ۗ وَٱللَّهُ وَٰسِعٌ عَلِيمٌۭ",
        "numberInSurah": 32,
        "juz": 18,
        "manzil": 4,
        "page": 354,
        "ruku": 304,
        "hizbQuarter": 141,
        "sajda": false,
        "audioArabic": [
          "https://cdn.jsdelivr.net/gh/Salimbd71/ArabicQuran@main/24/32.mp3"
        ],
        "audioBangla": [
          "https://cdn.jsdelivr.net/gh/Salimbd71/BanglaQuran@main/24/32.mp3"
        ]
      },
      {
        "number": 2824,
        "audio": "https://everyayah.com/data/Alafasy_64kbps/024033.mp3",
        "audioSecondary": [
          "https://cdn.islamic.network/quran/audio/64/ar.alafasy/2824.mp3"
        ],
        "text": "وَلْيَسْتَعْفِفِ ٱلَّذِينَ لَا يَجِدُونَ نِكَاحًا حَتَّىٰ يُغْنِيَهُمُ ٱللَّهُ مِن فَضْلِهِۦ ۗ وَٱلَّذِينَ يَبْتَغُونَ ٱلْكِتَٰبَ مِمَّا مَلَكَتْ أَيْمَٰنُكُمْ فَكَاتِبُوهُمْ إِنْ عَلِمْتُمْ فِيهِمْ خَيْرًۭا ۖ وَءَاتُوهُم مِّن مَّالِ ٱللَّهِ ٱلَّذِىٓ ءَاتَىٰكُمْ ۚ وَلَا تُكْرِهُوا۟ فَتَيَٰتِكُمْ عَلَى ٱلْبِغَآءِ إِنْ أَرَدْنَ تَحَصُّنًۭا لِّتَبْتَغُوا۟ عَرَضَ ٱلْحَيَوٰةِ ٱلدُّنْيَا ۚ وَمَن يُكْرِههُّنَّ فَإِنَّ ٱللَّهَ مِنۢ بَعْدِ إِكْرَٰهِهِنَّ غَفُورٌۭ رَّحِيمٌۭ",
        "numberInSurah": 33,
        "juz": 18,
        "manzil": 4,
        "page": 354,
        "ruku": 304,
        "hizbQuarter": 141,
        "sajda": false,
        "audioArabic": [
          "https://cdn.jsdelivr.net/gh/Salimbd71/ArabicQuran@main/24/33.mp3"
        ],
        "audioBangla": [
          "https://cdn.jsdelivr.net/gh/Salimbd71/BanglaQuran@main/24/33.mp3"
        ]
      },
      {
        "number": 2825,
        "audio": "https://everyayah.com/data/Alafasy_64kbps/024034.mp3",
        "audioSecondary": [
          "https://cdn.islamic.network/quran/audio/64/ar.alafasy/2825.mp3"
        ],
        "text": "وَلَقَدْ أَنزَلْنَآ إِلَيْكُمْ ءَايَٰتٍۢ مُّبَيِّنَٰتٍۢ وَمَثَلًۭا مِّنَ ٱلَّذِينَ خَلَوْا۟ مِن قَبْلِكُمْ وَمَوْعِظَةًۭ لِّلْمُتَّقِينَ",
        "numberInSurah": 34,
        "juz": 18,
        "manzil": 4,
        "page": 354,
        "ruku": 304,
        "hizbQuarter": 141,
        "sajda": false,
        "audioArabic": [
          "https://cdn.jsdelivr.net/gh/Salimbd71/ArabicQuran@main/24/34.mp3"
        ],
        "audioBangla": [
          "https://cdn.jsdelivr.net/gh/Salimbd71/BanglaQuran@main/24/34.mp3"
        ]
      },
      {
        "number": 2826,
        "audio": "https://everyayah.com/data/Alafasy_64kbps/024035.mp3",
        "audioSecondary": [
          "https://cdn.islamic.network/quran/audio/64/ar.alafasy/2826.mp3"
        ],
        "text": "۞ ٱللَّهُ نُورُ ٱلسَّمَٰوَٰتِ وَٱلْأَرْضِ ۚ مَثَلُ نُورِهِۦ كَمِشْكَوٰةٍۢ فِيهَا مِصْبَاحٌ ۖ ٱلْمِصْبَاحُ فِى زُجَاجَةٍ ۖ ٱلزُّجَاجَةُ كَأَنَّهَا كَوْكَبٌۭ دُرِّىٌّۭ يُوقَدُ مِن شَجَرَةٍۢ مُّبَٰرَكَةٍۢ زَيْتُونَةٍۢ لَّا شَرْقِيَّةٍۢ وَلَا غَرْبِيَّةٍۢ يَكَادُ زَيْتُهَا يُضِىٓءُ وَلَوْ لَمْ تَمْسَسْهُ نَارٌۭ ۚ نُّورٌ عَلَىٰ نُورٍۢ ۗ يَهْدِى ٱللَّهُ لِنُورِهِۦ مَن يَشَآءُ ۚ وَيَضْرِبُ ٱللَّهُ ٱلْأَمْثَٰلَ لِلنَّاسِ ۗ وَٱللَّهُ بِكُلِّ شَىْءٍ عَلِيمٌۭ",
        "numberInSurah": 35,
        "juz": 18,
        "manzil": 4,
        "page": 354,
        "ruku": 305,
        "hizbQuarter": 142,
        "sajda": false,
        "audioArabic": [
          "https://cdn.jsdelivr.net/gh/Salimbd71/ArabicQuran@main/24/35.mp3"
        ],
        "audioBangla": [
          "https://cdn.jsdelivr.net/gh/Salimbd71/BanglaQuran@main/24/35.mp3"
        ]
      },
      {
        "number": 2827,
        "audio": "https://everyayah.com/data/Alafasy_64kbps/024036.mp3",
        "audioSecondary": [
          "https://cdn.islamic.network/quran/audio/64/ar.alafasy/2827.mp3"
        ],
        "text": "فِى بُيُوتٍ أَذِنَ ٱللَّهُ أَن تُرْفَعَ وَيُذْكَرَ فِيهَا ٱسْمُهُۥ يُسَبِّحُ لَهُۥ فِيهَا بِٱلْغُدُوِّ وَٱلْءَاصَالِ",
        "numberInSurah": 36,
        "juz": 18,
        "manzil": 4,
        "page": 354,
        "ruku": 305,
        "hizbQuarter": 142,
        "sajda": false,
        "audioArabic": [
          "https://cdn.jsdelivr.net/gh/Salimbd71/ArabicQuran@main/24/36.mp3"
        ],
        "audioBangla": [
          "https://cdn.jsdelivr.net/gh/Salimbd71/BanglaQuran@main/24/36.mp3"
        ]
      },
      {
        "number": 2828,
        "audio": "https://everyayah.com/data/Alafasy_64kbps/024037.mp3",
        "audioSecondary": [
          "https://cdn.islamic.network/quran/audio/64/ar.alafasy/2828.mp3"
        ],
        "text": "رِجَالٌۭ لَّا تُلْهِيهِمْ تِجَٰرَةٌۭ وَلَا بَيْعٌ عَن ذِكْرِ ٱللَّهِ وَإِقَامِ ٱلصَّلَوٰةِ وَإِيتَآءِ ٱلزَّكَوٰةِ ۙ يَخَافُونَ يَوْمًۭا تَتَقَلَّبُ فِيهِ ٱلْقُلُوبُ وَٱلْأَبْصَٰرُ",
        "numberInSurah": 37,
        "juz": 18,
        "manzil": 4,
        "page": 355,
        "ruku": 305,
        "hizbQuarter": 142,
        "sajda": false,
        "audioArabic": [
          "https://cdn.jsdelivr.net/gh/Salimbd71/ArabicQuran@main/24/37.mp3"
        ],
        "audioBangla": [
          "https://cdn.jsdelivr.net/gh/Salimbd71/BanglaQuran@main/24/37.mp3"
        ]
      },
      {
        "number": 2829,
        "audio": "https://everyayah.com/data/Alafasy_64kbps/024038.mp3",
        "audioSecondary": [
          "https://cdn.islamic.network/quran/audio/64/ar.alafasy/2829.mp3"
        ],
        "text": "لِيَجْزِيَهُمُ ٱللَّهُ أَحْسَنَ مَا عَمِلُوا۟ وَيَزِيدَهُم مِّن فَضْلِهِۦ ۗ وَٱللَّهُ يَرْزُقُ مَن يَشَآءُ بِغَيْرِ حِسَابٍۢ",
        "numberInSurah": 38,
        "juz": 18,
        "manzil": 4,
        "page": 355,
        "ruku": 305,
        "hizbQuarter": 142,
        "sajda": false,
        "audioArabic": [
          "https://cdn.jsdelivr.net/gh/Salimbd71/ArabicQuran@main/24/38.mp3"
        ],
        "audioBangla": [
          "https://cdn.jsdelivr.net/gh/Salimbd71/BanglaQuran@main/24/38.mp3"
        ]
      },
      {
        "number": 2830,
        "audio": "https://everyayah.com/data/Alafasy_64kbps/024039.mp3",
        "audioSecondary": [
          "https://cdn.islamic.network/quran/audio/64/ar.alafasy/2830.mp3"
        ],
        "text": "وَٱلَّذِينَ كَفَرُوٓا۟ أَعْمَٰلُهُمْ كَسَرَابٍۭ بِقِيعَةٍۢ يَحْسَبُهُ ٱلظَّمْـَٔانُ مَآءً حَتَّىٰٓ إِذَا جَآءَهُۥ لَمْ يَجِدْهُ شَيْـًۭٔا وَوَجَدَ ٱللَّهَ عِندَهُۥ فَوَفَّىٰهُ حِسَابَهُۥ ۗ وَٱللَّهُ سَرِيعُ ٱلْحِسَابِ",
        "numberInSurah": 39,
        "juz": 18,
        "manzil": 4,
        "page": 355,
        "ruku": 305,
        "hizbQuarter": 142,
        "sajda": false,
        "audioArabic": [
          "https://cdn.jsdelivr.net/gh/Salimbd71/ArabicQuran@main/24/39.mp3"
        ],
        "audioBangla": [
          "https://cdn.jsdelivr.net/gh/Salimbd71/BanglaQuran@main/24/39.mp3"
        ]
      },
      {
        "number": 2831,
        "audio": "https://everyayah.com/data/Alafasy_64kbps/024040.mp3",
        "audioSecondary": [
          "https://cdn.islamic.network/quran/audio/64/ar.alafasy/2831.mp3"
        ],
        "text": "أَوْ كَظُلُمَٰتٍۢ فِى بَحْرٍۢ لُّجِّىٍّۢ يَغْشَىٰهُ مَوْجٌۭ مِّن فَوْقِهِۦ مَوْجٌۭ مِّن فَوْقِهِۦ سَحَابٌۭ ۚ ظُلُمَٰتٌۢ بَعْضُهَا فَوْقَ بَعْضٍ إِذَآ أَخْرَجَ يَدَهُۥ لَمْ يَكَدْ يَرَىٰهَا ۗ وَمَن لَّمْ يَجْعَلِ ٱللَّهُ لَهُۥ نُورًۭا فَمَا لَهُۥ مِن نُّورٍ",
        "numberInSurah": 40,
        "juz": 18,
        "manzil": 4,
        "page": 355,
        "ruku": 305,
        "hizbQuarter": 142,
        "sajda": false,
        "audioArabic": [
          "https://cdn.jsdelivr.net/gh/Salimbd71/ArabicQuran@main/24/40.mp3"
        ],
        "audioBangla": [
          "https://cdn.jsdelivr.net/gh/Salimbd71/BanglaQuran@main/24/40.mp3"
        ]
      },
      {
        "number": 2832,
        "audio": "https://everyayah.com/data/Alafasy_64kbps/024041.mp3",
        "audioSecondary": [
          "https://cdn.islamic.network/quran/audio/64/ar.alafasy/2832.mp3"
        ],
        "text": "أَلَمْ تَرَ أَنَّ ٱللَّهَ يُسَبِّحُ لَهُۥ مَن فِى ٱلسَّمَٰوَٰتِ وَٱلْأَرْضِ وَٱلطَّيْرُ صَٰٓفَّٰتٍۢ ۖ كُلٌّۭ قَدْ عَلِمَ صَلَاتَهُۥ وَتَسْبِيحَهُۥ ۗ وَٱللَّهُ عَلِيمٌۢ بِمَا يَفْعَلُونَ",
        "numberInSurah": 41,
        "juz": 18,
        "manzil": 4,
        "page": 355,
        "ruku": 306,
        "hizbQuarter": 142,
        "sajda": false,
        "audioArabic": [
          "https://cdn.jsdelivr.net/gh/Salimbd71/ArabicQuran@main/24/41.mp3"
        ],
        "audioBangla": [
          "https://cdn.jsdelivr.net/gh/Salimbd71/BanglaQuran@main/24/41.mp3"
        ]
      },
      {
        "number": 2833,
        "audio": "https://everyayah.com/data/Alafasy_64kbps/024042.mp3",
        "audioSecondary": [
          "https://cdn.islamic.network/quran/audio/64/ar.alafasy/2833.mp3"
        ],
        "text": "وَلِلَّهِ مُلْكُ ٱلسَّمَٰوَٰتِ وَٱلْأَرْضِ ۖ وَإِلَى ٱللَّهِ ٱلْمَصِيرُ",
        "numberInSurah": 42,
        "juz": 18,
        "manzil": 4,
        "page": 355,
        "ruku": 306,
        "hizbQuarter": 142,
        "sajda": false,
        "audioArabic": [
          "https://cdn.jsdelivr.net/gh/Salimbd71/ArabicQuran@main/24/42.mp3"
        ],
        "audioBangla": [
          "https://cdn.jsdelivr.net/gh/Salimbd71/BanglaQuran@main/24/42.mp3"
        ]
      },
      {
        "number": 2834,
        "audio": "https://everyayah.com/data/Alafasy_64kbps/024043.mp3",
        "audioSecondary": [
          "https://cdn.islamic.network/quran/audio/64/ar.alafasy/2834.mp3"
        ],
        "text": "أَلَمْ تَرَ أَنَّ ٱللَّهَ يُزْجِى سَحَابًۭا ثُمَّ يُؤَلِّفُ بَيْنَهُۥ ثُمَّ يَجْعَلُهُۥ رُكَامًۭا فَتَرَى ٱلْوَدْقَ يَخْرُجُ مِنْ خِلَٰلِهِۦ وَيُنَزِّلُ مِنَ ٱلسَّمَآءِ مِن جِبَالٍۢ فِيهَا مِنۢ بَرَدٍۢ فَيُصِيبُ بِهِۦ مَن يَشَآءُ وَيَصْرِفُهُۥ عَن مَّن يَشَآءُ ۖ يَكَادُ سَنَا بَرْقِهِۦ يَذْهَبُ بِٱلْأَبْصَٰرِ",
        "numberInSurah": 43,
        "juz": 18,
        "manzil": 4,
        "page": 355,
        "ruku": 306,
        "hizbQuarter": 142,
        "sajda": false,
        "audioArabic": [
          "https://cdn.jsdelivr.net/gh/Salimbd71/ArabicQuran@main/24/43.mp3"
        ],
        "audioBangla": [
          "https://cdn.jsdelivr.net/gh/Salimbd71/BanglaQuran@main/24/43.mp3"
        ]
      },
      {
        "number": 2835,
        "audio": "https://everyayah.com/data/Alafasy_64kbps/024044.mp3",
        "audioSecondary": [
          "https://cdn.islamic.network/quran/audio/64/ar.alafasy/2835.mp3"
        ],
        "text": "يُقَلِّبُ ٱللَّهُ ٱلَّيْلَ وَٱلنَّهَارَ ۚ إِنَّ فِى ذَٰلِكَ لَعِبْرَةًۭ لِّأُو۟لِى ٱلْأَبْصَٰرِ",
        "numberInSurah": 44,
        "juz": 18,
        "manzil": 4,
        "page": 356,
        "ruku": 306,
        "hizbQuarter": 142,
        "sajda": false,
        "audioArabic": [
          "https://cdn.jsdelivr.net/gh/Salimbd71/ArabicQuran@main/24/44.mp3"
        ],
        "audioBangla": [
          "https://cdn.jsdelivr.net/gh/Salimbd71/BanglaQuran@main/24/44.mp3"
        ]
      },
      {
        "number": 2836,
        "audio": "https://everyayah.com/data/Alafasy_64kbps/024045.mp3",
        "audioSecondary": [
          "https://cdn.islamic.network/quran/audio/64/ar.alafasy/2836.mp3"
        ],
        "text": "وَٱللَّهُ خَلَقَ كُلَّ دَآبَّةٍۢ مِّن مَّآءٍۢ ۖ فَمِنْهُم مَّن يَمْشِى عَلَىٰ بَطْنِهِۦ وَمِنْهُم مَّن يَمْشِى عَلَىٰ رِجْلَيْنِ وَمِنْهُم مَّن يَمْشِى عَلَىٰٓ أَرْبَعٍۢ ۚ يَخْلُقُ ٱللَّهُ مَا يَشَآءُ ۚ إِنَّ ٱللَّهَ عَلَىٰ كُلِّ شَىْءٍۢ قَدِيرٌۭ",
        "numberInSurah": 45,
        "juz": 18,
        "manzil": 4,
        "page": 356,
        "ruku": 306,
        "hizbQuarter": 142,
        "sajda": false,
        "audioArabic": [
          "https://cdn.jsdelivr.net/gh/Salimbd71/ArabicQuran@main/24/45.mp3"
        ],
        "audioBangla": [
          "https://cdn.jsdelivr.net/gh/Salimbd71/BanglaQuran@main/24/45.mp3"
        ]
      },
      {
        "number": 2837,
        "audio": "https://everyayah.com/data/Alafasy_64kbps/024046.mp3",
        "audioSecondary": [
          "https://cdn.islamic.network/quran/audio/64/ar.alafasy/2837.mp3"
        ],
        "text": "لَّقَدْ أَنزَلْنَآ ءَايَٰتٍۢ مُّبَيِّنَٰتٍۢ ۚ وَٱللَّهُ يَهْدِى مَن يَشَآءُ إِلَىٰ صِرَٰطٍۢ مُّسْتَقِيمٍۢ",
        "numberInSurah": 46,
        "juz": 18,
        "manzil": 4,
        "page": 356,
        "ruku": 306,
        "hizbQuarter": 142,
        "sajda": false,
        "audioArabic": [
          "https://cdn.jsdelivr.net/gh/Salimbd71/ArabicQuran@main/24/46.mp3"
        ],
        "audioBangla": [
          "https://cdn.jsdelivr.net/gh/Salimbd71/BanglaQuran@main/24/46.mp3"
        ]
      },
      {
        "number": 2838,
        "audio": "https://everyayah.com/data/Alafasy_64kbps/024047.mp3",
        "audioSecondary": [
          "https://cdn.islamic.network/quran/audio/64/ar.alafasy/2838.mp3"
        ],
        "text": "وَيَقُولُونَ ءَامَنَّا بِٱللَّهِ وَبِٱلرَّسُولِ وَأَطَعْنَا ثُمَّ يَتَوَلَّىٰ فَرِيقٌۭ مِّنْهُم مِّنۢ بَعْدِ ذَٰلِكَ ۚ وَمَآ أُو۟لَٰٓئِكَ بِٱلْمُؤْمِنِينَ",
        "numberInSurah": 47,
        "juz": 18,
        "manzil": 4,
        "page": 356,
        "ruku": 306,
        "hizbQuarter": 142,
        "sajda": false,
        "audioArabic": [
          "https://cdn.jsdelivr.net/gh/Salimbd71/ArabicQuran@main/24/47.mp3"
        ],
        "audioBangla": [
          "https://cdn.jsdelivr.net/gh/Salimbd71/BanglaQuran@main/24/47.mp3"
        ]
      },
      {
        "number": 2839,
        "audio": "https://everyayah.com/data/Alafasy_64kbps/024048.mp3",
        "audioSecondary": [
          "https://cdn.islamic.network/quran/audio/64/ar.alafasy/2839.mp3"
        ],
        "text": "وَإِذَا دُعُوٓا۟ إِلَى ٱللَّهِ وَرَسُولِهِۦ لِيَحْكُمَ بَيْنَهُمْ إِذَا فَرِيقٌۭ مِّنْهُم مُّعْرِضُونَ",
        "numberInSurah": 48,
        "juz": 18,
        "manzil": 4,
        "page": 356,
        "ruku": 306,
        "hizbQuarter": 142,
        "sajda": false,
        "audioArabic": [
          "https://cdn.jsdelivr.net/gh/Salimbd71/ArabicQuran@main/24/48.mp3"
        ],
        "audioBangla": [
          "https://cdn.jsdelivr.net/gh/Salimbd71/BanglaQuran@main/24/48.mp3"
        ]
      },
      {
        "number": 2840,
        "audio": "https://everyayah.com/data/Alafasy_64kbps/024049.mp3",
        "audioSecondary": [
          "https://cdn.islamic.network/quran/audio/64/ar.alafasy/2840.mp3"
        ],
        "text": "وَإِن يَكُن لَّهُمُ ٱلْحَقُّ يَأْتُوٓا۟ إِلَيْهِ مُذْعِنِينَ",
        "numberInSurah": 49,
        "juz": 18,
        "manzil": 4,
        "page": 356,
        "ruku": 306,
        "hizbQuarter": 142,
        "sajda": false,
        "audioArabic": [
          "https://cdn.jsdelivr.net/gh/Salimbd71/ArabicQuran@main/24/49.mp3"
        ],
        "audioBangla": [
          "https://cdn.jsdelivr.net/gh/Salimbd71/BanglaQuran@main/24/49.mp3"
        ]
      },
      {
        "number": 2841,
        "audio": "https://everyayah.com/data/Alafasy_64kbps/024050.mp3",
        "audioSecondary": [
          "https://cdn.islamic.network/quran/audio/64/ar.alafasy/2841.mp3"
        ],
        "text": "أَفِى قُلُوبِهِم مَّرَضٌ أَمِ ٱرْتَابُوٓا۟ أَمْ يَخَافُونَ أَن يَحِيفَ ٱللَّهُ عَلَيْهِمْ وَرَسُولُهُۥ ۚ بَلْ أُو۟لَٰٓئِكَ هُمُ ٱلظَّٰلِمُونَ",
        "numberInSurah": 50,
        "juz": 18,
        "manzil": 4,
        "page": 356,
        "ruku": 306,
        "hizbQuarter": 142,
        "sajda": false,
        "audioArabic": [
          "https://cdn.jsdelivr.net/gh/Salimbd71/ArabicQuran@main/24/50.mp3"
        ],
        "audioBangla": [
          "https://cdn.jsdelivr.net/gh/Salimbd71/BanglaQuran@main/24/50.mp3"
        ]
      },
      {
        "number": 2842,
        "audio": "https://everyayah.com/data/Alafasy_64kbps/024051.mp3",
        "audioSecondary": [
          "https://cdn.islamic.network/quran/audio/64/ar.alafasy/2842.mp3"
        ],
        "text": "إِنَّمَا كَانَ قَوْلَ ٱلْمُؤْمِنِينَ إِذَا دُعُوٓا۟ إِلَى ٱللَّهِ وَرَسُولِهِۦ لِيَحْكُمَ بَيْنَهُمْ أَن يَقُولُوا۟ سَمِعْنَا وَأَطَعْنَا ۚ وَأُو۟لَٰٓئِكَ هُمُ ٱلْمُفْلِحُونَ",
        "numberInSurah": 51,
        "juz": 18,
        "manzil": 4,
        "page": 356,
        "ruku": 307,
        "hizbQuarter": 142,
        "sajda": false,
        "audioArabic": [
          "https://cdn.jsdelivr.net/gh/Salimbd71/ArabicQuran@main/24/51.mp3"
        ],
        "audioBangla": [
          "https://cdn.jsdelivr.net/gh/Salimbd71/BanglaQuran@main/24/51.mp3"
        ]
      },
      {
        "number": 2843,
        "audio": "https://everyayah.com/data/Alafasy_64kbps/024052.mp3",
        "audioSecondary": [
          "https://cdn.islamic.network/quran/audio/64/ar.alafasy/2843.mp3"
        ],
        "text": "وَمَن يُطِعِ ٱللَّهَ وَرَسُولَهُۥ وَيَخْشَ ٱللَّهَ وَيَتَّقْهِ فَأُو۟لَٰٓئِكَ هُمُ ٱلْفَآئِزُونَ",
        "numberInSurah": 52,
        "juz": 18,
        "manzil": 4,
        "page": 356,
        "ruku": 307,
        "hizbQuarter": 142,
        "sajda": false,
        "audioArabic": [
          "https://cdn.jsdelivr.net/gh/Salimbd71/ArabicQuran@main/24/52.mp3"
        ],
        "audioBangla": [
          "https://cdn.jsdelivr.net/gh/Salimbd71/BanglaQuran@main/24/52.mp3"
        ]
      },
      {
        "number": 2844,
        "audio": "https://everyayah.com/data/Alafasy_64kbps/024053.mp3",
        "audioSecondary": [
          "https://cdn.islamic.network/quran/audio/64/ar.alafasy/2844.mp3"
        ],
        "text": "۞ وَأَقْسَمُوا۟ بِٱللَّهِ جَهْدَ أَيْمَٰنِهِمْ لَئِنْ أَمَرْتَهُمْ لَيَخْرُجُنَّ ۖ قُل لَّا تُقْسِمُوا۟ ۖ طَاعَةٌۭ مَّعْرُوفَةٌ ۚ إِنَّ ٱللَّهَ خَبِيرٌۢ بِمَا تَعْمَلُونَ",
        "numberInSurah": 53,
        "juz": 18,
        "manzil": 4,
        "page": 356,
        "ruku": 307,
        "hizbQuarter": 143,
        "sajda": false,
        "audioArabic": [
          "https://cdn.jsdelivr.net/gh/Salimbd71/ArabicQuran@main/24/53.mp3"
        ],
        "audioBangla": [
          "https://cdn.jsdelivr.net/gh/Salimbd71/BanglaQuran@main/24/53.mp3"
        ]
      },
      {
        "number": 2845,
        "audio": "https://everyayah.com/data/Alafasy_64kbps/024054.mp3",
        "audioSecondary": [
          "https://cdn.islamic.network/quran/audio/64/ar.alafasy/2845.mp3"
        ],
        "text": "قُلْ أَطِيعُوا۟ ٱللَّهَ وَأَطِيعُوا۟ ٱلرَّسُولَ ۖ فَإِن تَوَلَّوْا۟ فَإِنَّمَا عَلَيْهِ مَا حُمِّلَ وَعَلَيْكُم مَّا حُمِّلْتُمْ ۖ وَإِن تُطِيعُوهُ تَهْتَدُوا۟ ۚ وَمَا عَلَى ٱلرَّسُولِ إِلَّا ٱلْبَلَٰغُ ٱلْمُبِينُ",
        "numberInSurah": 54,
        "juz": 18,
        "manzil": 4,
        "page": 357,
        "ruku": 307,
        "hizbQuarter": 143,
        "sajda": false,
        "audioArabic": [
          "https://cdn.jsdelivr.net/gh/Salimbd71/ArabicQuran@main/24/54.mp3"
        ],
        "audioBangla": [
          "https://cdn.jsdelivr.net/gh/Salimbd71/BanglaQuran@main/24/54.mp3"
        ]
      },
      {
        "number": 2846,
        "audio": "https://everyayah.com/data/Alafasy_64kbps/024055.mp3",
        "audioSecondary": [
          "https://cdn.islamic.network/quran/audio/64/ar.alafasy/2846.mp3"
        ],
        "text": "وَعَدَ ٱللَّهُ ٱلَّذِينَ ءَامَنُوا۟ مِنكُمْ وَعَمِلُوا۟ ٱلصَّٰلِحَٰتِ لَيَسْتَخْلِفَنَّهُمْ فِى ٱلْأَرْضِ كَمَا ٱسْتَخْلَفَ ٱلَّذِينَ مِن قَبْلِهِمْ وَلَيُمَكِّنَنَّ لَهُمْ دِينَهُمُ ٱلَّذِى ٱرْتَضَىٰ لَهُمْ وَلَيُبَدِّلَنَّهُم مِّنۢ بَعْدِ خَوْفِهِمْ أَمْنًۭا ۚ يَعْبُدُونَنِى لَا يُشْرِكُونَ بِى شَيْـًۭٔا ۚ وَمَن كَفَرَ بَعْدَ ذَٰلِكَ فَأُو۟لَٰٓئِكَ هُمُ ٱلْفَٰسِقُونَ",
        "numberInSurah": 55,
        "juz": 18,
        "manzil": 4,
        "page": 357,
        "ruku": 307,
        "hizbQuarter": 143,
        "sajda": false,
        "audioArabic": [
          "https://cdn.jsdelivr.net/gh/Salimbd71/ArabicQuran@main/24/55.mp3"
        ],
        "audioBangla": [
          "https://cdn.jsdelivr.net/gh/Salimbd71/BanglaQuran@main/24/55.mp3"
        ]
      },
      {
        "number": 2847,
        "audio": "https://everyayah.com/data/Alafasy_64kbps/024056.mp3",
        "audioSecondary": [
          "https://cdn.islamic.network/quran/audio/64/ar.alafasy/2847.mp3"
        ],
        "text": "وَأَقِيمُوا۟ ٱلصَّلَوٰةَ وَءَاتُوا۟ ٱلزَّكَوٰةَ وَأَطِيعُوا۟ ٱلرَّسُولَ لَعَلَّكُمْ تُرْحَمُونَ",
        "numberInSurah": 56,
        "juz": 18,
        "manzil": 4,
        "page": 357,
        "ruku": 307,
        "hizbQuarter": 143,
        "sajda": false,
        "audioArabic": [
          "https://cdn.jsdelivr.net/gh/Salimbd71/ArabicQuran@main/24/56.mp3"
        ],
        "audioBangla": [
          "https://cdn.jsdelivr.net/gh/Salimbd71/BanglaQuran@main/24/56.mp3"
        ]
      },
      {
        "number": 2848,
        "audio": "https://everyayah.com/data/Alafasy_64kbps/024057.mp3",
        "audioSecondary": [
          "https://cdn.islamic.network/quran/audio/64/ar.alafasy/2848.mp3"
        ],
        "text": "لَا تَحْسَبَنَّ ٱلَّذِينَ كَفَرُوا۟ مُعْجِزِينَ فِى ٱلْأَرْضِ ۚ وَمَأْوَىٰهُمُ ٱلنَّارُ ۖ وَلَبِئْسَ ٱلْمَصِيرُ",
        "numberInSurah": 57,
        "juz": 18,
        "manzil": 4,
        "page": 357,
        "ruku": 307,
        "hizbQuarter": 143,
        "sajda": false,
        "audioArabic": [
          "https://cdn.jsdelivr.net/gh/Salimbd71/ArabicQuran@main/24/57.mp3"
        ],
        "audioBangla": [
          "https://cdn.jsdelivr.net/gh/Salimbd71/BanglaQuran@main/24/57.mp3"
        ]
      },
      {
        "number": 2849,
        "audio": "https://everyayah.com/data/Alafasy_64kbps/024058.mp3",
        "audioSecondary": [
          "https://cdn.islamic.network/quran/audio/64/ar.alafasy/2849.mp3"
        ],
        "text": "يَٰٓأَيُّهَا ٱلَّذِينَ ءَامَنُوا۟ لِيَسْتَـْٔذِنكُمُ ٱلَّذِينَ مَلَكَتْ أَيْمَٰنُكُمْ وَٱلَّذِينَ لَمْ يَبْلُغُوا۟ ٱلْحُلُمَ مِنكُمْ ثَلَٰثَ مَرَّٰتٍۢ ۚ مِّن قَبْلِ صَلَوٰةِ ٱلْفَجْرِ وَحِينَ تَضَعُونَ ثِيَابَكُم مِّنَ ٱلظَّهِيرَةِ وَمِنۢ بَعْدِ صَلَوٰةِ ٱلْعِشَآءِ ۚ ثَلَٰثُ عَوْرَٰتٍۢ لَّكُمْ ۚ لَيْسَ عَلَيْكُمْ وَلَا عَلَيْهِمْ جُنَاحٌۢ بَعْدَهُنَّ ۚ طَوَّٰفُونَ عَلَيْكُم بَعْضُكُمْ عَلَىٰ بَعْضٍۢ ۚ كَذَٰلِكَ يُبَيِّنُ ٱللَّهُ لَكُمُ ٱلْءَايَٰتِ ۗ وَٱللَّهُ عَلِيمٌ حَكِيمٌۭ",
        "numberInSurah": 58,
        "juz": 18,
        "manzil": 4,
        "page": 357,
        "ruku": 308,
        "hizbQuarter": 143,
        "sajda": false,
        "audioArabic": [
          "https://cdn.jsdelivr.net/gh/Salimbd71/ArabicQuran@main/24/58.mp3"
        ],
        "audioBangla": [
          "https://cdn.jsdelivr.net/gh/Salimbd71/BanglaQuran@main/24/58.mp3"
        ]
      },
      {
        "number": 2850,
        "audio": "https://everyayah.com/data/Alafasy_64kbps/024059.mp3",
        "audioSecondary": [
          "https://cdn.islamic.network/quran/audio/64/ar.alafasy/2850.mp3"
        ],
        "text": "وَإِذَا بَلَغَ ٱلْأَطْفَٰلُ مِنكُمُ ٱلْحُلُمَ فَلْيَسْتَـْٔذِنُوا۟ كَمَا ٱسْتَـْٔذَنَ ٱلَّذِينَ مِن قَبْلِهِمْ ۚ كَذَٰلِكَ يُبَيِّنُ ٱللَّهُ لَكُمْ ءَايَٰتِهِۦ ۗ وَٱللَّهُ عَلِيمٌ حَكِيمٌۭ",
        "numberInSurah": 59,
        "juz": 18,
        "manzil": 4,
        "page": 358,
        "ruku": 308,
        "hizbQuarter": 143,
        "sajda": false,
        "audioArabic": [
          "https://cdn.jsdelivr.net/gh/Salimbd71/ArabicQuran@main/24/59.mp3"
        ],
        "audioBangla": [
          "https://cdn.jsdelivr.net/gh/Salimbd71/BanglaQuran@main/24/59.mp3"
        ]
      },
      {
        "number": 2851,
        "audio": "https://everyayah.com/data/Alafasy_64kbps/024060.mp3",
        "audioSecondary": [
          "https://cdn.islamic.network/quran/audio/64/ar.alafasy/2851.mp3"
        ],
        "text": "وَٱلْقَوَٰعِدُ مِنَ ٱلنِّسَآءِ ٱلَّٰتِى لَا يَرْجُونَ نِكَاحًۭا فَلَيْسَ عَلَيْهِنَّ جُنَاحٌ أَن يَضَعْنَ ثِيَابَهُنَّ غَيْرَ مُتَبَرِّجَٰتٍۭ بِزِينَةٍۢ ۖ وَأَن يَسْتَعْفِفْنَ خَيْرٌۭ لَّهُنَّ ۗ وَٱللَّهُ سَمِيعٌ عَلِيمٌۭ",
        "numberInSurah": 60,
        "juz": 18,
        "manzil": 4,
        "page": 358,
        "ruku": 308,
        "hizbQuarter": 143,
        "sajda": false,
        "audioArabic": [
          "https://cdn.jsdelivr.net/gh/Salimbd71/ArabicQuran@main/24/60.mp3"
        ],
        "audioBangla": [
          "https://cdn.jsdelivr.net/gh/Salimbd71/BanglaQuran@main/24/60.mp3"
        ]
      },
      {
        "number": 2852,
        "audio": "https://everyayah.com/data/Alafasy_64kbps/024061.mp3",
        "audioSecondary": [
          "https://cdn.islamic.network/quran/audio/64/ar.alafasy/2852.mp3"
        ],
        "text": "لَّيْسَ عَلَى ٱلْأَعْمَىٰ حَرَجٌۭ وَلَا عَلَى ٱلْأَعْرَجِ حَرَجٌۭ وَلَا عَلَى ٱلْمَرِيضِ حَرَجٌۭ وَلَا عَلَىٰٓ أَنفُسِكُمْ أَن تَأْكُلُوا۟ مِنۢ بُيُوتِكُمْ أَوْ بُيُوتِ ءَابَآئِكُمْ أَوْ بُيُوتِ أُمَّهَٰتِكُمْ أَوْ بُيُوتِ إِخْوَٰنِكُمْ أَوْ بُيُوتِ أَخَوَٰتِكُمْ أَوْ بُيُوتِ أَعْمَٰمِكُمْ أَوْ بُيُوتِ عَمَّٰتِكُمْ أَوْ بُيُوتِ أَخْوَٰلِكُمْ أَوْ بُيُوتِ خَٰلَٰتِكُمْ أَوْ مَا مَلَكْتُم مَّفَاتِحَهُۥٓ أَوْ صَدِيقِكُمْ ۚ لَيْسَ عَلَيْكُمْ جُنَاحٌ أَن تَأْكُلُوا۟ جَمِيعًا أَوْ أَشْتَاتًۭا ۚ فَإِذَا دَخَلْتُم بُيُوتًۭا فَسَلِّمُوا۟ عَلَىٰٓ أَنفُسِكُمْ تَحِيَّةًۭ مِّنْ عِندِ ٱللَّهِ مُبَٰرَكَةًۭ طَيِّبَةًۭ ۚ كَذَٰلِكَ يُبَيِّنُ ٱللَّهُ لَكُمُ ٱلْءَايَٰتِ لَعَلَّكُمْ تَعْقِلُونَ",
        "numberInSurah": 61,
        "juz": 18,
        "manzil": 4,
        "page": 358,
        "ruku": 308,
        "hizbQuarter": 143,
        "sajda": false,
        "audioArabic": [
          "https://cdn.jsdelivr.net/gh/Salimbd71/ArabicQuran@main/24/61.mp3"
        ],
        "audioBangla": [
          "https://cdn.jsdelivr.net/gh/Salimbd71/BanglaQuran@main/24/61.mp3"
        ]
      },
      {
        "number": 2853,
        "audio": "https://everyayah.com/data/Alafasy_64kbps/024062.mp3",
        "audioSecondary": [
          "https://cdn.islamic.network/quran/audio/64/ar.alafasy/2853.mp3"
        ],
        "text": "إِنَّمَا ٱلْمُؤْمِنُونَ ٱلَّذِينَ ءَامَنُوا۟ بِٱللَّهِ وَرَسُولِهِۦ وَإِذَا كَانُوا۟ مَعَهُۥ عَلَىٰٓ أَمْرٍۢ جَامِعٍۢ لَّمْ يَذْهَبُوا۟ حَتَّىٰ يَسْتَـْٔذِنُوهُ ۚ إِنَّ ٱلَّذِينَ يَسْتَـْٔذِنُونَكَ أُو۟لَٰٓئِكَ ٱلَّذِينَ يُؤْمِنُونَ بِٱللَّهِ وَرَسُولِهِۦ ۚ فَإِذَا ٱسْتَـْٔذَنُوكَ لِبَعْضِ شَأْنِهِمْ فَأْذَن لِّمَن شِئْتَ مِنْهُمْ وَٱسْتَغْفِرْ لَهُمُ ٱللَّهَ ۚ إِنَّ ٱللَّهَ غَفُورٌۭ رَّحِيمٌۭ",
        "numberInSurah": 62,
        "juz": 18,
        "manzil": 4,
        "page": 359,
        "ruku": 309,
        "hizbQuarter": 143,
        "sajda": false,
        "audioArabic": [
          "https://cdn.jsdelivr.net/gh/Salimbd71/ArabicQuran@main/24/62.mp3"
        ],
        "audioBangla": [
          "https://cdn.jsdelivr.net/gh/Salimbd71/BanglaQuran@main/24/62.mp3"
        ]
      },
      {
        "number": 2854,
        "audio": "https://everyayah.com/data/Alafasy_64kbps/024063.mp3",
        "audioSecondary": [
          "https://cdn.islamic.network/quran/audio/64/ar.alafasy/2854.mp3"
        ],
        "text": "لَّا تَجْعَلُوا۟ دُعَآءَ ٱلرَّسُولِ بَيْنَكُمْ كَدُعَآءِ بَعْضِكُم بَعْضًۭا ۚ قَدْ يَعْلَمُ ٱللَّهُ ٱلَّذِينَ يَتَسَلَّلُونَ مِنكُمْ لِوَاذًۭا ۚ فَلْيَحْذَرِ ٱلَّذِينَ يُخَالِفُونَ عَنْ أَمْرِهِۦٓ أَن تُصِيبَهُمْ فِتْنَةٌ أَوْ يُصِيبَهُمْ عَذَابٌ أَلِيمٌ",
        "numberInSurah": 63,
        "juz": 18,
        "manzil": 4,
        "page": 359,
        "ruku": 309,
        "hizbQuarter": 143,
        "sajda": false,
        "audioArabic": [
          "https://cdn.jsdelivr.net/gh/Salimbd71/ArabicQuran@main/24/63.mp3"
        ],
        "audioBangla": [
          "https://cdn.jsdelivr.net/gh/Salimbd71/BanglaQuran@main/24/63.mp3"
        ]
      },
      {
        "number": 2855,
        "audio": "https://everyayah.com/data/Alafasy_64kbps/024064.mp3",
        "audioSecondary": [
          "https://cdn.islamic.network/quran/audio/64/ar.alafasy/2855.mp3"
        ],
        "text": "أَلَآ إِنَّ لِلَّهِ مَا فِى ٱلسَّمَٰوَٰتِ وَٱلْأَرْضِ ۖ قَدْ يَعْلَمُ مَآ أَنتُمْ عَلَيْهِ وَيَوْمَ يُرْجَعُونَ إِلَيْهِ فَيُنَبِّئُهُم بِمَا عَمِلُوا۟ ۗ وَٱللَّهُ بِكُلِّ شَىْءٍ عَلِيمٌۢ",
        "numberInSurah": 64,
        "juz": 18,
        "manzil": 4,
        "page": 359,
        "ruku": 309,
        "hizbQuarter": 143,
        "sajda": false,
        "audioArabic": [
          "https://cdn.jsdelivr.net/gh/Salimbd71/ArabicQuran@main/24/64.mp3"
        ],
        "audioBangla": [
          "https://cdn.jsdelivr.net/gh/Salimbd71/BanglaQuran@main/24/64.mp3"
        ]
      }
    ],
    "edition": {
      "identifier": "ar.alafasy",
      "language": "ar",
      "name": "مشاري العفاسي",
      "englishName": "Alafasy",
      "format": "audio",
      "type": "versebyverse",
      "direction": null
    }
  }
}