{
  "code": 200,
  "status": "OK",
  "data": {
    "number": 34,
    "name": "سُورَةُ سَبَإٍ",
    "englishName": "Saba",
    "englishNameTranslation": "Sheba",
    "revelationType": "Meccan",
    "numberOfAyahs": 54,
    "ayahs": [
      {
        "number": 3607,
        "audio": "https://everyayah.com/data/Minshawy_Mujawwad_64kbps/034001.mp3",
        "audioSecondary": [],
        "text": "بِسْمِ ٱللَّهِ ٱلرَّحْمَٰنِ ٱلرَّحِيمِ ٱلْحَمْدُ لِلَّهِ ٱلَّذِى لَهُۥ مَا فِى ٱلسَّمَٰوَٰتِ وَمَا فِى ٱلْأَرْضِ وَلَهُ ٱلْحَمْدُ فِى ٱلْءَاخِرَةِ ۚ وَهُوَ ٱلْحَكِيمُ ٱلْخَبِيرُ",
        "numberInSurah": 1,
        "juz": 22,
        "manzil": 5,
        "page": 428,
        "ruku": 370,
        "hizbQuarter": 171,
        "sajda": false,
        "audioArabic": [
          "https://cdn.jsdelivr.net/gh/Salimbd71/ArabicQuran@main/34/1.mp3"
        ],
        "audioBangla": [
          "https://cdn.jsdelivr.net/gh/Salimbd71/BanglaQuran@main/34/1.mp3"
        ]
      },
      {
        "number": 3608,
        "audio": "https://everyayah.com/data/Minshawy_Mujawwad_64kbps/034002.mp3",
        "audioSecondary": [],
        "text": "يَعْلَمُ مَا يَلِجُ فِى ٱلْأَرْضِ وَمَا يَخْرُجُ مِنْهَا وَمَا يَنزِلُ مِنَ ٱلسَّمَآءِ وَمَا يَعْرُجُ فِيهَا ۚ وَهُوَ ٱلرَّحِيمُ ٱلْغَفُورُ",
        "numberInSurah": 2,
        "juz": 22,
        "manzil": 5,
        "page": 428,
        "ruku": 370,
        "hizbQuarter": 171,
        "sajda": false,
        "audioArabic": [
          "https://cdn.jsdelivr.net/gh/Salimbd71/ArabicQuran@main/34/2.mp3"
        ],
        "audioBangla": [
          "https://cdn.jsdelivr.net/gh/Salimbd71/BanglaQuran@main/34/2.mp3"
        ]
      },
      {
        "number": 3609,
        "audio": "https://everyayah.com/data/Minshawy_Mujawwad_64kbps/034003.mp3",
        "audioSecondary": [],
        "text": "وَقَالَ ٱلَّذِينَ كَفَرُوا۟ لَا تَأْتِينَا ٱلسَّاعَةُ ۖ قُلْ بَلَىٰ وَرَبِّى لَتَأْتِيَنَّكُمْ عَٰلِمِ ٱلْغَيْبِ ۖ لَا يَعْزُبُ عَنْهُ مِثْقَالُ ذَرَّةٍۢ فِى ٱلسَّمَٰوَٰتِ وَلَا فِى ٱلْأَرْضِ وَلَآ أَصْغَرُ مِن ذَٰلِكَ وَلَآ أَكْبَرُ إِلَّا فِى كِتَٰبٍۢ مُّبِينٍۢ",
        "numberInSurah": 3,
        "juz": 22,
        "manzil": 5,
        "page": 428,
        "ruku": 370,
        "hizbQuarter": 171,
        "sajda": false,
        "audioArabic": [
          "https://cdn.jsdelivr.net/gh/Salimbd71/ArabicQuran@main/34/3.mp3"
        ],
        "audioBangla": [
          "https://cdn.jsdelivr.net/gh/Salimbd71/BanglaQuran@main/34/3.mp3"
        ]
      },
      {
        "number": 3610,
        "audio": "https://everyayah.com/data/Minshawy_Mujawwad_64kbps/034004.mp3",
        "audioSecondary": [],
        "text": "لِّيَجْزِىَ ٱلَّذِينَ ءَامَنُوا۟ وَعَمِلُوا۟ ٱلصَّٰلِحَٰتِ ۚ أُو۟لَٰٓئِكَ لَهُم مَّغْفِرَةٌۭ وَرِزْقٌۭ كَرِيمٌۭ",
        "numberInSurah": 4,
        "juz": 22,
        "manzil": 5,
        "page": 428,
        "ruku": 370,
        "hizbQuarter": 171,
        "sajda": false,
        "audioArabic": [
          "https://cdn.jsdelivr.net/gh/Salimbd71/ArabicQuran@main/34/4.mp3"
        ],
        "audioBangla": [
          "https://cdn.jsdelivr.net/gh/Salimbd71/BanglaQuran@main/34/4.mp3"
        ]
      },
      {
        "number": 3611,
        "audio": "https://everyayah.com/data/Minshawy_Mujawwad_64kbps/034005.mp3",
        "audioSecondary": [],
        "text": "وَٱلَّذِينَ سَعَوْ فِىٓ ءَايَٰتِنَا مُعَٰجِزِينَ أُو۟لَٰٓئِكَ لَهُمْ عَذَابٌۭ مِّن رِّجْزٍ أَلِيمٌۭ",
        "numberInSurah": 5,
        "juz": 22,
        "manzil": 5,
        "page": 428,
        "ruku": 370,
        "hizbQuarter": 171,
        "sajda": false,
        "audioArabic": [
          "https://cdn.jsdelivr.net/gh/Salimbd71/ArabicQuran@main/34/5.mp3"
        ],
        "audioBangla": [
          "https://cdn.jsdelivr.net/gh/Salimbd71/BanglaQuran@main/34/5.mp3"
        ]
      },
      {
        "number": 3612,
        "audio": "https://everyayah.com/data/Minshawy_Mujawwad_64kbps/034006.mp3",
        "audioSecondary": [],
        "text": "وَيَرَى ٱلَّذِينَ أُوتُوا۟ ٱلْعِلْمَ ٱلَّذِىٓ أُنزِلَ إِلَيْكَ مِن رَّبِّكَ هُوَ ٱلْحَقَّ وَيَهْدِىٓ إِلَىٰ صِرَٰطِ ٱلْعَزِيزِ ٱلْحَمِيدِ",
        "numberInSurah": 6,
        "juz": 22,
        "manzil": 5,
        "page": 428,
        "ruku": 370,
        "hizbQuarter": 171,
        "sajda": false,
        "audioArabic": [
          "https://cdn.jsdelivr.net/gh/Salimbd71/ArabicQuran@main/34/6.mp3"
        ],
        "audioBangla": [
          "https://cdn.jsdelivr.net/gh/Salimbd71/BanglaQuran@main/34/6.mp3"
        ]
      },
      {
        "number": 3613,
        "audio": "https://everyayah.com/data/Minshawy_Mujawwad_64kbps/034007.mp3",
        "audioSecondary": [],
        "text": "وَقَالَ ٱلَّذِينَ كَفَرُوا۟ هَلْ نَدُلُّكُمْ عَلَىٰ رَجُلٍۢ يُنَبِّئُكُمْ إِذَا مُزِّقْتُمْ كُلَّ مُمَزَّقٍ إِنَّكُمْ لَفِى خَلْقٍۢ جَدِيدٍ",
        "numberInSurah": 7,
        "juz": 22,
        "manzil": 5,
        "page": 428,
        "ruku": 370,
        "hizbQuarter": 171,
        "sajda": false,
        "audioArabic": [
          "https://cdn.jsdelivr.net/gh/Salimbd71/ArabicQuran@main/34/7.mp3"
        ],
        "audioBangla": [
          "https://cdn.jsdelivr.net/gh/Salimbd71/BanglaQuran@main/34/7.mp3"
        ]
      },
      {
        "number": 3614,
        "audio": "https://everyayah.com/data/Minshawy_Mujawwad_64kbps/034008.mp3",
        "audioSecondary": [],
        "text": "أَفْتَرَىٰ عَلَى ٱللَّهِ كَذِبًا أَم بِهِۦ جِنَّةٌۢ ۗ بَلِ ٱلَّذِينَ لَا يُؤْمِنُونَ بِٱلْءَاخِرَةِ فِى ٱلْعَذَابِ وَٱلضَّلَٰلِ ٱلْبَعِيدِ",
        "numberInSurah": 8,
        "juz": 22,
        "manzil": 5,
        "page": 429,
        "ruku": 370,
        "hizbQuarter": 171,
        "sajda": false,
        "audioArabic": [
          "https://cdn.jsdelivr.net/gh/Salimbd71/ArabicQuran@main/34/8.mp3"
        ],
        "audioBangla": [
          "https://cdn.jsdelivr.net/gh/Salimbd71/BanglaQuran@main/34/8.mp3"
        ]
      },
      {
        "number": 3615,
        "audio": "https://everyayah.com/data/Minshawy_Mujawwad_64kbps/034009.mp3",
        "audioSecondary": [],
        "text": "أَفَلَمْ يَرَوْا۟ إِلَىٰ مَا بَيْنَ أَيْدِيهِمْ وَمَا خَلْفَهُم مِّنَ ٱلسَّمَآءِ وَٱلْأَرْضِ ۚ إِن نَّشَأْ نَخْسِفْ بِهِمُ ٱلْأَرْضَ أَوْ نُسْقِطْ عَلَيْهِمْ كِسَفًۭا مِّنَ ٱلسَّمَآءِ ۚ إِنَّ فِى ذَٰلِكَ لَءَايَةًۭ لِّكُلِّ عَبْدٍۢ مُّنِيبٍۢ",
        "numberInSurah": 9,
        "juz": 22,
        "manzil": 5,
        "page": 429,
        "ruku": 370,
        "hizbQuarter": 171,
        "sajda": false,
        "audioArabic": [
          "https://cdn.jsdelivr.net/gh/Salimbd71/ArabicQuran@main/34/9.mp3"
        ],
        "audioBangla": [
          "https://cdn.jsdelivr.net/gh/Salimbd71/BanglaQuran@main/34/9.mp3"
        ]
      },
      {
        "number": 3616,
        "audio": "https://everyayah.com/data/Minshawy_Mujawwad_64kbps/034010.mp3",
        "audioSecondary": [],
        "text": "۞ وَلَقَدْ ءَاتَيْنَا دَاوُۥدَ مِنَّا فَضْلًۭا ۖ يَٰجِبَالُ أَوِّبِى مَعَهُۥ وَٱلطَّيْرَ ۖ وَأَلَنَّا لَهُ ٱلْحَدِيدَ",
        "numberInSurah": 10,
        "juz": 22,
        "manzil": 5,
        "page": 429,
        "ruku": 371,
        "hizbQuarter": 172,
        "sajda": false,
        "audioArabic": [
          "https://cdn.jsdelivr.net/gh/Salimbd71/ArabicQuran@main/34/10.mp3"
        ],
        "audioBangla": [
          "https://cdn.jsdelivr.net/gh/Salimbd71/BanglaQuran@main/34/10.mp3"
        ]
      },
      {
        "number": 3617,
        "audio": "https://everyayah.com/data/Minshawy_Mujawwad_64kbps/034011.mp3",
        "audioSecondary": [],
        "text": "أَنِ ٱعْمَلْ سَٰبِغَٰتٍۢ وَقَدِّرْ فِى ٱلسَّرْدِ ۖ وَٱعْمَلُوا۟ صَٰلِحًا ۖ إِنِّى بِمَا تَعْمَلُونَ بَصِيرٌۭ",
        "numberInSurah": 11,
        "juz": 22,
        "manzil": 5,
        "page": 429,
        "ruku": 371,
        "hizbQuarter": 172,
        "sajda": false,
        "audioArabic": [
          "https://cdn.jsdelivr.net/gh/Salimbd71/ArabicQuran@main/34/11.mp3"
        ],
        "audioBangla": [
          "https://cdn.jsdelivr.net/gh/Salimbd71/BanglaQuran@main/34/11.mp3"
        ]
      },
      {
        "number": 3618,
        "audio": "https://everyayah.com/data/Minshawy_Mujawwad_64kbps/034012.mp3",
        "audioSecondary": [],
        "text": "وَلِسُلَيْمَٰنَ ٱلرِّيحَ غُدُوُّهَا شَهْرٌۭ وَرَوَاحُهَا شَهْرٌۭ ۖ وَأَسَلْنَا لَهُۥ عَيْنَ ٱلْقِطْرِ ۖ وَمِنَ ٱلْجِنِّ مَن يَعْمَلُ بَيْنَ يَدَيْهِ بِإِذْنِ رَبِّهِۦ ۖ وَمَن يَزِغْ مِنْهُمْ عَنْ أَمْرِنَا نُذِقْهُ مِنْ عَذَابِ ٱلسَّعِيرِ",
        "numberInSurah": 12,
        "juz": 22,
        "manzil": 5,
        "page": 429,
        "ruku": 371,
        "hizbQuarter": 172,
        "sajda": false,
        "audioArabic": [
          "https://cdn.jsdelivr.net/gh/Salimbd71/ArabicQuran@main/34/12.mp3"
        ],
        "audioBangla": [
          "https://cdn.jsdelivr.net/gh/Salimbd71/BanglaQuran@main/34/12.mp3"
        ]
      },
      {
        "number": 3619,
        "audio": "https://everyayah.com/data/Minshawy_Mujawwad_64kbps/034013.mp3",
        "audioSecondary": [],
        "text": "يَعْمَلُونَ لَهُۥ مَا يَشَآءُ مِن مَّحَٰرِيبَ وَتَمَٰثِيلَ وَجِفَانٍۢ كَٱلْجَوَابِ وَقُدُورٍۢ رَّاسِيَٰتٍ ۚ ٱعْمَلُوٓا۟ ءَالَ دَاوُۥدَ شُكْرًۭا ۚ وَقَلِيلٌۭ مِّنْ عِبَادِىَ ٱلشَّكُورُ",
        "numberInSurah": 13,
        "juz": 22,
        "manzil": 5,
        "page": 429,
        "ruku": 371,
        "hizbQuarter": 172,
        "sajda": false,
        "audioArabic": [
          "https://cdn.jsdelivr.net/gh/Salimbd71/ArabicQuran@main/34/13.mp3"
        ],
        "audioBangla": [
          "https://cdn.jsdelivr.net/gh/Salimbd71/BanglaQuran@main/34/13.mp3"
        ]
      },
      {
        "number": 3620,
        "audio": "https://everyayah.com/data/Minshawy_Mujawwad_64kbps/034014.mp3",
        "audioSecondary": [],
        "text": "فَلَمَّا قَضَيْنَا عَلَيْهِ ٱلْمَوْتَ مَا دَلَّهُمْ عَلَىٰ مَوْتِهِۦٓ إِلَّا دَآبَّةُ ٱلْأَرْضِ تَأْكُلُ مِنسَأَتَهُۥ ۖ فَلَمَّا خَرَّ تَبَيَّنَتِ ٱلْجِنُّ أَن لَّوْ كَانُوا۟ يَعْلَمُونَ ٱلْغَيْبَ مَا لَبِثُوا۟ فِى ٱلْعَذَابِ ٱلْمُهِينِ",
        "numberInSurah": 14,
        "juz": 22,
        "manzil": 5,
        "page": 429,
        "ruku": 371,
        "hizbQuarter": 172,
        "sajda": false,
        "audioArabic": [
          "https://cdn.jsdelivr.net/gh/Salimbd71/ArabicQuran@main/34/14.mp3"
        ],
        "audioBangla": [
          "https://cdn.jsdelivr.net/gh/Salimbd71/BanglaQuran@main/34/14.mp3"
        ]
      },
      {
        "number": 3621,
        "audio": "https://everyayah.com/data/Minshawy_Mujawwad_64kbps/034015.mp3",
        "audioSecondary": [],
        "text": "لَقَدْ كَانَ لِسَبَإٍۢ فِى مَسْكَنِهِمْ ءَايَةٌۭ ۖ جَنَّتَانِ عَن يَمِينٍۢ وَشِمَالٍۢ ۖ كُلُوا۟ مِن رِّزْقِ رَبِّكُمْ وَٱشْكُرُوا۟ لَهُۥ ۚ بَلْدَةٌۭ طَيِّبَةٌۭ وَرَبٌّ غَفُورٌۭ",
        "numberInSurah": 15,
        "juz": 22,
        "manzil": 5,
        "page": 430,
        "ruku": 371,
        "hizbQuarter": 172,
        "sajda": false,
        "audioArabic": [
          "https://cdn.jsdelivr.net/gh/Salimbd71/ArabicQuran@main/34/15.mp3"
        ],
        "audioBangla": [
          "https://cdn.jsdelivr.net/gh/Salimbd71/BanglaQuran@main/34/15.mp3"
        ]
      },
      {
        "number": 3622,
        "audio": "https://everyayah.com/data/Minshawy_Mujawwad_64kbps/034016.mp3",
        "audioSecondary": [],
        "text": "فَأَعْرَضُوا۟ فَأَرْسَلْنَا عَلَيْهِمْ سَيْلَ ٱلْعَرِمِ وَبَدَّلْنَٰهُم بِجَنَّتَيْهِمْ جَنَّتَيْنِ ذَوَاتَىْ أُكُلٍ خَمْطٍۢ وَأَثْلٍۢ وَشَىْءٍۢ مِّن سِدْرٍۢ قَلِيلٍۢ",
        "numberInSurah": 16,
        "juz": 22,
        "manzil": 5,
        "page": 430,
        "ruku": 371,
        "hizbQuarter": 172,
        "sajda": false,
        "audioArabic": [
          "https://cdn.jsdelivr.net/gh/Salimbd71/ArabicQuran@main/34/16.mp3"
        ],
        "audioBangla": [
          "https://cdn.jsdelivr.net/gh/Salimbd71/BanglaQuran@main/34/16.mp3"
        ]
      },
      {
        "number": 3623,
        "audio": "https://everyayah.com/data/Minshawy_Mujawwad_64kbps/034017.mp3",
        "audioSecondary": [],
        "text": "ذَٰلِكَ جَزَيْنَٰهُم بِمَا كَفَرُوا۟ ۖ وَهَلْ نُجَٰزِىٓ إِلَّا ٱلْكَفُورَ",
        "numberInSurah": 17,
        "juz": 22,
        "manzil": 5,
        "page": 430,
        "ruku": 371,
        "hizbQuarter": 172,
        "sajda": false,
        "audioArabic": [
          "https://cdn.jsdelivr.net/gh/Salimbd71/ArabicQuran@main/34/17.mp3"
        ],
        "audioBangla": [
          "https://cdn.jsdelivr.net/gh/Salimbd71/BanglaQuran@main/34/17.mp3"
        ]
      },
      {
        "number": 3624,
        "audio": "https://everyayah.com/data/Minshawy_Mujawwad_64kbps/034018.mp3",
        "audioSecondary": [],
        "text": "وَجَعَلْنَا بَيْنَهُمْ وَبَيْنَ ٱلْقُرَى ٱلَّتِى بَٰرَكْنَا فِيهَا قُرًۭى ظَٰهِرَةًۭ وَقَدَّرْنَا فِيهَا ٱلسَّيْرَ ۖ سِيرُوا۟ فِيهَا لَيَالِىَ وَأَيَّامًا ءَامِنِينَ",
        "numberInSurah": 18,
        "juz": 22,
        "manzil": 5,
        "page": 430,
        "ruku": 371,
        "hizbQuarter": 172,
        "sajda": false,
        "audioArabic": [
          "https://cdn.jsdelivr.net/gh/Salimbd71/ArabicQuran@main/34/18.mp3"
        ],
        "audioBangla": [
          "https://cdn.jsdelivr.net/gh/Salimbd71/BanglaQuran@main/34/18.mp3"
        ]
      },
      {
        "number": 3625,
        "audio": "https://everyayah.com/data/Minshawy_Mujawwad_64kbps/034019.mp3",
        "audioSecondary": [],
        "text": "فَقَالُوا۟ رَبَّنَا بَٰعِدْ بَيْنَ أَسْفَارِنَا وَظَلَمُوٓا۟ أَنفُسَهُمْ فَجَعَلْنَٰهُمْ أَحَادِيثَ وَمَزَّقْنَٰهُمْ كُلَّ مُمَزَّقٍ ۚ إِنَّ فِى ذَٰلِكَ لَءَايَٰتٍۢ لِّكُلِّ صَبَّارٍۢ شَكُورٍۢ",
        "numberInSurah": 19,
        "juz": 22,
        "manzil": 5,
        "page": 430,
        "ruku": 371,
        "hizbQuarter": 172,
        "sajda": false,
        "audioArabic": [
          "https://cdn.jsdelivr.net/gh/Salimbd71/ArabicQuran@main/34/19.mp3"
        ],
        "audioBangla": [
          "https://cdn.jsdelivr.net/gh/Salimbd71/BanglaQuran@main/34/19.mp3"
        ]
      },
      {
        "number": 3626,
        "audio": "https://everyayah.com/data/Minshawy_Mujawwad_64kbps/034020.mp3",
        "audioSecondary": [],
        "text": "وَلَقَدْ صَدَّقَ عَلَيْهِمْ إِبْلِيسُ ظَنَّهُۥ فَٱتَّبَعُوهُ إِلَّا فَرِيقًۭا مِّنَ ٱلْمُؤْمِنِينَ",
        "numberInSurah": 20,
        "juz": 22,
        "manzil": 5,
        "page": 430,
        "ruku": 371,
        "hizbQuarter": 172,
        "sajda": false,
        "audioArabic": [
          "https://cdn.jsdelivr.net/gh/Salimbd71/ArabicQuran@main/34/20.mp3"
        ],
        "audioBangla": [
          "https://cdn.jsdelivr.net/gh/Salimbd71/BanglaQuran@main/34/20.mp3"
        ]
      },
      {
        "number": 3627,
        "audio": "https://everyayah.com/data/Minshawy_Mujawwad_64kbps/034021.mp3",
        "audioSecondary": [],
        "text": "وَمَا كَانَ لَهُۥ عَلَيْهِم مِّن سُلْطَٰنٍ إِلَّا لِنَعْلَمَ مَن يُؤْمِنُ بِٱلْءَاخِرَةِ مِمَّنْ هُوَ مِنْهَا فِى شَكٍّۢ ۗ وَرَبُّكَ عَلَىٰ كُلِّ شَىْءٍ حَفِيظٌۭ",
        "numberInSurah": 21,
        "juz": 22,
        "manzil": 5,
        "page": 430,
        "ruku": 371,
        "hizbQuarter": 172,
        "sajda": false,
        "audioArabic": [
          "https://cdn.jsdelivr.net/gh/Salimbd71/ArabicQuran@main/34/21.mp3"
        ],
        "audioBangla": [
          "https://cdn.jsdelivr.net/gh/Salimbd71/BanglaQuran@main/34/21.mp3"
        ]
      },
      {
        "number": 3628,
        "audio": "https://everyayah.com/data/Minshawy_Mujawwad_64kbps/034022.mp3",
        "audioSecondary": [],
        "text": "قُلِ ٱدْعُوا۟ ٱلَّذِينَ زَعَمْتُم مِّن دُونِ ٱللَّهِ ۖ لَا يَمْلِكُونَ مِثْقَالَ ذَرَّةٍۢ فِى ٱلسَّمَٰوَٰتِ وَلَا فِى ٱلْأَرْضِ وَمَا لَهُمْ فِيهِمَا مِن شِرْكٍۢ وَمَا لَهُۥ مِنْهُم مِّن ظَهِيرٍۢ",
        "numberInSurah": 22,
        "juz": 22,
        "manzil": 5,
        "page": 430,
        "ruku": 372,
        "hizbQuarter": 172,
        "sajda": false,
        "audioArabic": [
          "https://cdn.jsdelivr.net/gh/Salimbd71/ArabicQuran@main/34/22.mp3"
        ],
        "audioBangla": [
          "https://cdn.jsdelivr.net/gh/Salimbd71/BanglaQuran@main/34/22.mp3"
        ]
      },
      {
        "number": 3629,
        "audio": "https://everyayah.com/data/Minshawy_Mujawwad_64kbps/034023.mp3",
        "audioSecondary": [],
        "text": "وَلَا تَنفَعُ ٱلشَّفَٰعَةُ عِندَهُۥٓ إِلَّا لِمَنْ أَذِنَ لَهُۥ ۚ حَتَّىٰٓ إِذَا فُزِّعَ عَن قُلُوبِهِمْ قَالُوا۟ مَاذَا قَالَ رَبُّكُمْ ۖ قَالُوا۟ ٱلْحَقَّ ۖ وَهُوَ ٱلْعَلِىُّ ٱلْكَبِيرُ",
        "numberInSurah": 23,
        "juz": 22,
        "manzil": 5,
        "page": 431,
        "ruku": 372,
        "hizbQuarter": 172,
        "sajda": false,
        "audioArabic": [
          "https://cdn.jsdelivr.net/gh/Salimbd71/ArabicQuran@main/34/23.mp3"
        ],
        "audioBangla": [
          "https://cdn.jsdelivr.net/gh/Salimbd71/BanglaQuran@main/34/23.mp3"
        ]
      },
      {
        "number": 3630,
        "audio": "https://everyayah.com/data/Minshawy_Mujawwad_64kbps/034024.mp3",
        "audioSecondary": [],
        "text": "۞ قُلْ مَن يَرْزُقُكُم مِّنَ ٱلسَّمَٰوَٰتِ وَٱلْأَرْضِ ۖ قُلِ ٱللَّهُ ۖ وَإِنَّآ أَوْ إِيَّاكُمْ لَعَلَىٰ هُدًى أَوْ فِى ضَلَٰلٍۢ مُّبِينٍۢ",
        "numberInSurah": 24,
        "juz": 22,
        "manzil": 5,
        "page": 431,
        "ruku": 372,
        "hizbQuarter": 173,
        "sajda": false,
        "audioArabic": [
          "https://cdn.jsdelivr.net/gh/Salimbd71/ArabicQuran@main/34/24.mp3"
        ],
        "audioBangla": [
          "https://cdn.jsdelivr.net/gh/Salimbd71/BanglaQuran@main/34/24.mp3"
        ]
      },
      {
        "number": 3631,
        "audio": "https://everyayah.com/data/Minshawy_Mujawwad_64kbps/034025.mp3",
        "audioSecondary": [],
        "text": "قُل لَّا تُسْـَٔلُونَ عَمَّآ أَجْرَمْنَا وَلَا نُسْـَٔلُ عَمَّا تَعْمَلُونَ",
        "numberInSurah": 25,
        "juz": 22,
        "manzil": 5,
        "page": 431,
        "ruku": 372,
        "hizbQuarter": 173,
        "sajda": false,
        "audioArabic": [
          "https://cdn.jsdelivr.net/gh/Salimbd71/ArabicQuran@main/34/25.mp3"
        ],
        "audioBangla": [
          "https://cdn.jsdelivr.net/gh/Salimbd71/BanglaQuran@main/34/25.mp3"
        ]
      },
      {
        "number": 3632,
        "audio": "https://everyayah.com/data/Minshawy_Mujawwad_64kbps/034026.mp3",
        "audioSecondary": [],
        "text": "قُلْ يَجْمَعُ بَيْنَنَا رَبُّنَا ثُمَّ يَفْتَحُ بَيْنَنَا بِٱلْحَقِّ وَهُوَ ٱلْفَتَّاحُ ٱلْعَلِيمُ",
        "numberInSurah": 26,
        "juz": 22,
        "manzil": 5,
        "page": 431,
        "ruku": 372,
        "hizbQuarter": 173,
        "sajda": false,
        "audioArabic": [
          "https://cdn.jsdelivr.net/gh/Salimbd71/ArabicQuran@main/34/26.mp3"
        ],
        "audioBangla": [
          "https://cdn.jsdelivr.net/gh/Salimbd71/BanglaQuran@main/34/26.mp3"
        ]
      },
      {
        "number": 3633,
        "audio": "https://everyayah.com/data/Minshawy_Mujawwad_64kbps/034027.mp3",
        "audioSecondary": [],
        "text": "قُلْ أَرُونِىَ ٱلَّذِينَ أَلْحَقْتُم بِهِۦ شُرَكَآءَ ۖ كَلَّا ۚ بَلْ هُوَ ٱللَّهُ ٱلْعَزِيزُ ٱلْحَكِيمُ",
        "numberInSurah": 27,
        "juz": 22,
        "manzil": 5,
        "page": 431,
        "ruku": 372,
        "hizbQuarter": 173,
        "sajda": false,
        "audioArabic": [
          "https://cdn.jsdelivr.net/gh/Salimbd71/ArabicQuran@main/34/27.mp3"
        ],
        "audioBangla": [
          "https://cdn.jsdelivr.net/gh/Salimbd71/BanglaQuran@main/34/27.mp3"
        ]
      },
      {
        "number": 3634,
        "audio": "https://everyayah.com/data/Minshawy_Mujawwad_64kbps/034028.mp3",
        "audioSecondary": [],
        "text": "وَمَآ أَرْسَلْنَٰكَ إِلَّا كَآفَّةًۭ لِّلنَّاسِ بَشِيرًۭا وَنَذِيرًۭا وَلَٰكِنَّ أَكْثَرَ ٱلنَّاسِ لَا يَعْلَمُونَ",
        "numberInSurah": 28,
        "juz": 22,
        "manzil": 5,
        "page": 431,
        "ruku": 372,
        "hizbQuarter": 173,
        "sajda": false,
        "audioArabic": [
          "https://cdn.jsdelivr.net/gh/Salimbd71/ArabicQuran@main/34/28.mp3"
        ],
        "audioBangla": [
          "https://cdn.jsdelivr.net/gh/Salimbd71/BanglaQuran@main/34/28.mp3"
        ]
      },
      {
        "number": 3635,
        "audio": "https://everyayah.com/data/Minshawy_Mujawwad_64kbps/034029.mp3",
        "audioSecondary": [],
        "text": "وَيَقُولُونَ مَتَىٰ هَٰذَا ٱلْوَعْدُ إِن كُنتُمْ صَٰدِقِينَ",
        "numberInSurah": 29,
        "juz": 22,
        "manzil": 5,
        "page": 431,
        "ruku": 372,
        "hizbQuarter": 173,
        "sajda": false,
        "audioArabic": [
          "https://cdn.jsdelivr.net/gh/Salimbd71/ArabicQuran@main/34/29.mp3"
        ],
        "audioBangla": [
          "https://cdn.jsdelivr.net/gh/Salimbd71/BanglaQuran@main/34/29.mp3"
        ]
      },
      {
        "number": 3636,
        "audio": "https://everyayah.com/data/Minshawy_Mujawwad_64kbps/034030.mp3",
        "audioSecondary": [],
        "text": "قُل لَّكُم مِّيعَادُ يَوْمٍۢ لَّا تَسْتَـْٔخِرُونَ عَنْهُ سَاعَةًۭ وَلَا تَسْتَقْدِمُونَ",
        "numberInSurah": 30,
        "juz": 22,
        "manzil": 5,
        "page": 431,
        "ruku": 372,
        "hizbQuarter": 173,
        "sajda": false,
        "audioArabic": [
          "https://cdn.jsdelivr.net/gh/Salimbd71/ArabicQuran@main/34/30.mp3"
        ],
        "audioBangla": [
          "https://cdn.jsdelivr.net/gh/Salimbd71/BanglaQuran@main/34/30.mp3"
        ]
      },
      {
        "number": 3637,
        "audio": "https://everyayah.com/data/Minshawy_Mujawwad_64kbps/034031.mp3",
        "audioSecondary": [],
        "text": "وَقَالَ ٱلَّذِينَ كَفَرُوا۟ لَن نُّؤْمِنَ بِهَٰذَا ٱلْقُرْءَانِ وَلَا بِٱلَّذِى بَيْنَ يَدَيْهِ ۗ وَلَوْ تَرَىٰٓ إِذِ ٱلظَّٰلِمُونَ مَوْقُوفُونَ عِندَ رَبِّهِمْ يَرْجِعُ بَعْضُهُمْ إِلَىٰ بَعْضٍ ٱلْقَوْلَ يَقُولُ ٱلَّذِينَ ٱسْتُضْعِفُوا۟ لِلَّذِينَ ٱسْتَكْبَرُوا۟ لَوْلَآ أَنتُمْ لَكُنَّا مُؤْمِنِينَ",
        "numberInSurah": 31,
        "juz": 22,
        "manzil": 5,
        "page": 431,
        "ruku": 373,
        "hizbQuarter": 173,
        "sajda": false,
        "audioArabic": [
          "https://cdn.jsdelivr.net/gh/Salimbd71/ArabicQuran@main/34/31.mp3"
        ],
        "audioBangla": [
          "https://cdn.jsdelivr.net/gh/Salimbd71/BanglaQuran@main/34/31.mp3"
        ]
      },
      {
        "number": 3638,
        "audio": "https://everyayah.com/data/Minshawy_Mujawwad_64kbps/034032.mp3",
        "audioSecondary": [],
        "text": "قَالَ ٱلَّذِينَ ٱسْتَكْبَرُوا۟ لِلَّذِينَ ٱسْتُضْعِفُوٓا۟ أَنَحْنُ صَدَدْنَٰكُمْ عَنِ ٱلْهُدَىٰ بَعْدَ إِذْ جَآءَكُم ۖ بَلْ كُنتُم مُّجْرِمِينَ",
        "numberInSurah": 32,
        "juz": 22,
        "manzil": 5,
        "page": 432,
        "ruku": 373,
        "hizbQuarter": 173,
        "sajda": false,
        "audioArabic": [
          "https://cdn.jsdelivr.net/gh/Salimbd71/ArabicQuran@main/34/32.mp3"
        ],
        "audioBangla": [
          "https://cdn.jsdelivr.net/gh/Salimbd71/BanglaQuran@main/34/32.mp3"
        ]
      },
      {
        "number": 3639,
        "audio": "https://everyayah.com/data/Minshawy_Mujawwad_64kbps/034033.mp3",
        "audioSecondary": [],
        "text": "وَقَالَ ٱلَّذِينَ ٱسْتُضْعِفُوا۟ لِلَّذِينَ ٱسْتَكْبَرُوا۟ بَلْ مَكْرُ ٱلَّيْلِ وَٱلنَّهَارِ إِذْ تَأْمُرُونَنَآ أَن نَّكْفُرَ بِٱللَّهِ وَنَجْعَلَ لَهُۥٓ أَندَادًۭا ۚ وَأَسَرُّوا۟ ٱلنَّدَامَةَ لَمَّا رَأَوُا۟ ٱلْعَذَابَ وَجَعَلْنَا ٱلْأَغْلَٰلَ فِىٓ أَعْنَاقِ ٱلَّذِينَ كَفَرُوا۟ ۚ هَلْ يُجْزَوْنَ إِلَّا مَا كَانُوا۟ يَعْمَلُونَ",
        "numberInSurah": 33,
        "juz": 22,
        "manzil": 5,
        "page": 432,
        "ruku": 373,
        "hizbQuarter": 173,
        "sajda": false,
        "audioArabic": [
          "https://cdn.jsdelivr.net/gh/Salimbd71/ArabicQuran@main/34/33.mp3"
        ],
        "audioBangla": [
          "https://cdn.jsdelivr.net/gh/Salimbd71/BanglaQuran@main/34/33.mp3"
        ]
      },
      {
        "number": 3640,
        "audio": "https://everyayah.com/data/Minshawy_Mujawwad_64kbps/034034.mp3",
        "audioSecondary": [],
        "text": "وَمَآ أَرْسَلْنَا فِى قَرْيَةٍۢ مِّن نَّذِيرٍ إِلَّا قَالَ مُتْرَفُوهَآ إِنَّا بِمَآ أُرْسِلْتُم بِهِۦ كَٰفِرُونَ",
        "numberInSurah": 34,
        "juz": 22,
        "manzil": 5,
        "page": 432,
        "ruku": 373,
        "hizbQuarter": 173,
        "sajda": false,
        "audioArabic": [
          "https://cdn.jsdelivr.net/gh/Salimbd71/ArabicQuran@main/34/34.mp3"
        ],
        "audioBangla": [
          "https://cdn.jsdelivr.net/gh/Salimbd71/BanglaQuran@main/34/34.mp3"
        ]
      },
      {
        "number": 3641,
        "audio": "https://everyayah.com/data/Minshawy_Mujawwad_64kbps/034035.mp3",
        "audioSecondary": [],
        "text": "وَقَالُوا۟ نَحْنُ أَكْثَرُ أَمْوَٰلًۭا وَأَوْلَٰدًۭا وَمَا نَحْنُ بِمُعَذَّبِينَ",
        "numberInSurah": 35,
        "juz": 22,
        "manzil": 5,
        "page": 432,
        "ruku": 373,
        "hizbQuarter": 173,
        "sajda": false,
        "audioArabic": [
          "https://cdn.jsdelivr.net/gh/Salimbd71/ArabicQuran@main/34/35.mp3"
        ],
        "audioBangla": [
          "https://cdn.jsdelivr.net/gh/Salimbd71/BanglaQuran@main/34/35.mp3"
        ]
      },
      {
        "number": 3642,
        "audio": "https://everyayah.com/data/Minshawy_Mujawwad_64kbps/034036.mp3",
        "audioSecondary": [],
        "text": "قُلْ إِنَّ رَبِّى يَبْسُطُ ٱلرِّزْقَ لِمَن يَشَآءُ وَيَقْدِرُ وَلَٰكِنَّ أَكْثَرَ ٱلنَّاسِ لَا يَعْلَمُونَ",
        "numberInSurah": 36,
        "juz": 22,
        "manzil": 5,
        "page": 432,
        "ruku": 373,
        "hizbQuarter": 173,
        "sajda": false,
        "audioArabic": [
          "https://cdn.jsdelivr.net/gh/Salimbd71/ArabicQuran@main/34/36.mp3"
        ],
        "audioBangla": [
          "https://cdn.jsdelivr.net/gh/Salimbd71/BanglaQuran@main/34/36.mp3"
        ]
      },
      {
        "number": 3643,
        "audio": "https://everyayah.com/data/Minshawy_Mujawwad_64kbps/034037.mp3",
        "audioSecondary": [],
        "text": "وَمَآ أَمْوَٰلُكُمْ وَلَآ أَوْلَٰدُكُم بِٱلَّتِى تُقَرِّبُكُمْ عِندَنَا زُلْفَىٰٓ إِلَّا مَنْ ءَامَنَ وَعَمِلَ صَٰلِحًۭا فَأُو۟لَٰٓئِكَ لَهُمْ جَزَآءُ ٱلضِّعْفِ بِمَا عَمِلُوا۟ وَهُمْ فِى ٱلْغُرُفَٰتِ ءَامِنُونَ",
        "numberInSurah": 37,
        "juz": 22,
        "manzil": 5,
        "page": 432,
        "ruku": 374,
        "hizbQuarter": 173,
        "sajda": false,
        "audioArabic": [
          "https://cdn.jsdelivr.net/gh/Salimbd71/ArabicQuran@main/34/37.mp3"
        ],
        "audioBangla": [
          "https://cdn.jsdelivr.net/gh/Salimbd71/BanglaQuran@main/34/37.mp3"
        ]
      },
      {
        "number": 3644,
        "audio": "https://everyayah.com/data/Minshawy_Mujawwad_64kbps/034038.mp3",
        "audioSecondary": [],
        "text": "وَٱلَّذِينَ يَسْعَوْنَ فِىٓ ءَايَٰتِنَا مُعَٰجِزِينَ أُو۟لَٰٓئِكَ فِى ٱلْعَذَابِ مُحْضَرُونَ",
        "numberInSurah": 38,
        "juz": 22,
        "manzil": 5,
        "page": 432,
        "ruku": 374,
        "hizbQuarter": 173,
        "sajda": false,
        "audioArabic": [
          "https://cdn.jsdelivr.net/gh/Salimbd71/ArabicQuran@main/34/38.mp3"
        ],
        "audioBangla": [
          "https://cdn.jsdelivr.net/gh/Salimbd71/BanglaQuran@main/34/38.mp3"
        ]
      },
      {
        "number": 3645,
        "audio": "https://everyayah.com/data/Minshawy_Mujawwad_64kbps/034039.mp3",
        "audioSecondary": [],
        "text": "قُلْ إِنَّ رَبِّى يَبْسُطُ ٱلرِّزْقَ لِمَن يَشَآءُ مِنْ عِبَادِهِۦ وَيَقْدِرُ لَهُۥ ۚ وَمَآ أَنفَقْتُم مِّن شَىْءٍۢ فَهُوَ يُخْلِفُهُۥ ۖ وَهُوَ خَيْرُ ٱلرَّٰزِقِينَ",
        "numberInSurah": 39,
        "juz": 22,
        "manzil": 5,
        "page": 432,
        "ruku": 374,
        "hizbQuarter": 173,
        "sajda": false,
        "audioArabic": [
          "https://cdn.jsdelivr.net/gh/Salimbd71/ArabicQuran@main/34/39.mp3"
        ],
        "audioBangla": [
          "https://cdn.jsdelivr.net/gh/Salimbd71/BanglaQuran@main/34/39.mp3"
        ]
      },
      {
        "number": 3646,
        "audio": "https://everyayah.com/data/Minshawy_Mujawwad_64kbps/034040.mp3",
        "audioSecondary": [],
        "text": "وَيَوْمَ يَحْشُرُهُمْ جَمِيعًۭا ثُمَّ يَقُولُ لِلْمَلَٰٓئِكَةِ أَهَٰٓؤُلَآءِ إِيَّاكُمْ كَانُوا۟ يَعْبُدُونَ",
        "numberInSurah": 40,
        "juz": 22,
        "manzil": 5,
        "page": 433,
        "ruku": 374,
        "hizbQuarter": 173,
        "sajda": false,
        "audioArabic": [
          "https://cdn.jsdelivr.net/gh/Salimbd71/ArabicQuran@main/34/40.mp3"
        ],
        "audioBangla": [
          "https://cdn.jsdelivr.net/gh/Salimbd71/BanglaQuran@main/34/40.mp3"
        ]
      },
      {
        "number": 3647,
        "audio": "https://everyayah.com/data/Minshawy_Mujawwad_64kbps/034041.mp3",
        "audioSecondary": [],
        "text": "قَالُوا۟ سُبْحَٰنَكَ أَنتَ وَلِيُّنَا مِن دُونِهِم ۖ بَلْ كَانُوا۟ يَعْبُدُونَ ٱلْجِنَّ ۖ أَكْثَرُهُم بِهِم مُّؤْمِنُونَ",
        "numberInSurah": 41,
        "juz": 22,
        "manzil": 5,
        "page": 433,
        "ruku": 374,
        "hizbQuarter": 173,
        "sajda": false,
        "audioArabic": [
          "https://cdn.jsdelivr.net/gh/Salimbd71/ArabicQuran@main/34/41.mp3"
        ],
        "audioBangla": [
          "https://cdn.jsdelivr.net/gh/Salimbd71/BanglaQuran@main/34/41.mp3"
        ]
      },
      {
        "number": 3648,
        "audio": "https://everyayah.com/data/Minshawy_Mujawwad_64kbps/034042.mp3",
        "audioSecondary": [],
        "text": "فَٱلْيَوْمَ لَا يَمْلِكُ بَعْضُكُمْ لِبَعْضٍۢ نَّفْعًۭا وَلَا ضَرًّۭا وَنَقُولُ لِلَّذِينَ ظَلَمُوا۟ ذُوقُوا۟ عَذَابَ ٱلنَّارِ ٱلَّتِى كُنتُم بِهَا تُكَذِّبُونَ",
        "numberInSurah": 42,
        "juz": 22,
        "manzil": 5,
        "page": 433,
        "ruku": 374,
        "hizbQuarter": 173,
        "sajda": false,
        "audioArabic": [
          "https://cdn.jsdelivr.net/gh/Salimbd71/ArabicQuran@main/34/42.mp3"
        ],
        "audioBangla": [
          "https://cdn.jsdelivr.net/gh/Salimbd71/BanglaQuran@main/34/42.mp3"
        ]
      },
      {
        "number": 3649,
        "audio": "https://everyayah.com/data/Minshawy_Mujawwad_64kbps/034043.mp3",
        "audioSecondary": [],
        "text": "وَإِذَا تُتْلَىٰ عَلَيْهِمْ ءَايَٰتُنَا بَيِّنَٰتٍۢ قَالُوا۟ مَا هَٰذَآ إِلَّا رَجُلٌۭ يُرِيدُ أَن يَصُدَّكُمْ عَمَّا كَانَ يَعْبُدُ ءَابَآؤُكُمْ وَقَالُوا۟ مَا هَٰذَآ إِلَّآ إِفْكٌۭ مُّفْتَرًۭى ۚ وَقَالَ ٱلَّذِينَ كَفَرُوا۟ لِلْحَقِّ لَمَّا جَآءَهُمْ إِنْ هَٰذَآ إِلَّا سِحْرٌۭ مُّبِينٌۭ",
        "numberInSurah": 43,
        "juz": 22,
        "manzil": 5,
        "page": 433,
        "ruku": 374,
        "hizbQuarter": 173,
        "sajda": false,
        "audioArabic": [
          "https://cdn.jsdelivr.net/gh/Salimbd71/ArabicQuran@main/34/43.mp3"
        ],
        "audioBangla": [
          "https://cdn.jsdelivr.net/gh/Salimbd71/BanglaQuran@main/34/43.mp3"
        ]
      },
      {
        "number": 3650,
        "audio": "https://everyayah.com/data/Minshawy_Mujawwad_64kbps/034044.mp3",
        "audioSecondary": [],
        "text": "وَمَآ ءَاتَيْنَٰهُم مِّن كُتُبٍۢ يَدْرُسُونَهَا ۖ وَمَآ أَرْسَلْنَآ إِلَيْهِمْ قَبْلَكَ مِن نَّذِيرٍۢ",
        "numberInSurah": 44,
        "juz": 22,
        "manzil": 5,
        "page": 433,
        "ruku": 374,
        "hizbQuarter": 173,
        "sajda": false,
        "audioArabic": [
          "https://cdn.jsdelivr.net/gh/Salimbd71/ArabicQuran@main/34/44.mp3"
        ],
        "audioBangla": [
          "https://cdn.jsdelivr.net/gh/Salimbd71/BanglaQuran@main/34/44.mp3"
        ]
      },
      {
        "number": 3651,
        "audio": "https://everyayah.com/data/Minshawy_Mujawwad_64kbps/034045.mp3",
        "audioSecondary": [],
        "text": "وَكَذَّبَ ٱلَّذِينَ مِن قَبْلِهِمْ وَمَا بَلَغُوا۟ مِعْشَارَ مَآ ءَاتَيْنَٰهُمْ فَكَذَّبُوا۟ رُسُلِى ۖ فَكَيْفَ كَانَ نَكِيرِ",
        "numberInSurah": 45,
        "juz": 22,
        "manzil": 5,
        "page": 433,
        "ruku": 374,
        "hizbQuarter": 173,
        "sajda": false,
        "audioArabic": [
          "https://cdn.jsdelivr.net/gh/Salimbd71/ArabicQuran@main/34/45.mp3"
        ],
        "audioBangla": [
          "https://cdn.jsdelivr.net/gh/Salimbd71/BanglaQuran@main/34/45.mp3"
        ]
      },
      {
        "number": 3652,
        "audio": "https://everyayah.com/data/Minshawy_Mujawwad_64kbps/034046.mp3",
        "audioSecondary": [],
        "text": "۞ قُلْ إِنَّمَآ أَعِظُكُم بِوَٰحِدَةٍ ۖ أَن تَقُومُوا۟ لِلَّهِ مَثْنَىٰ وَفُرَٰدَىٰ ثُمَّ تَتَفَكَّرُوا۟ ۚ مَا بِصَاحِبِكُم مِّن جِنَّةٍ ۚ إِنْ هُوَ إِلَّا نَذِيرٌۭ لَّكُم بَيْنَ يَدَىْ عَذَابٍۢ شَدِيدٍۢ",
        "numberInSurah": 46,
        "juz": 22,
        "manzil": 5,
        "page": 433,
        "ruku": 375,
        "hizbQuarter": 174,
        "sajda": false,
        "audioArabic": [
          "https://cdn.jsdelivr.net/gh/Salimbd71/ArabicQuran@main/34/46.mp3"
        ],
        "audioBangla": [
          "https://cdn.jsdelivr.net/gh/Salimbd71/BanglaQuran@main/34/46.mp3"
        ]
      },
      {
        "number": 3653,
        "audio": "https://everyayah.com/data/Minshawy_Mujawwad_64kbps/034047.mp3",
        "audioSecondary": [],
        "text": "قُلْ مَا سَأَلْتُكُم مِّنْ أَجْرٍۢ فَهُوَ لَكُمْ ۖ إِنْ أَجْرِىَ إِلَّا عَلَى ٱللَّهِ ۖ وَهُوَ عَلَىٰ كُلِّ شَىْءٍۢ شَهِيدٌۭ",
        "numberInSurah": 47,
        "juz": 22,
        "manzil": 5,
        "page": 433,
        "ruku": 375,
        "hizbQuarter": 174,
        "sajda": false,
        "audioArabic": [
          "https://cdn.jsdelivr.net/gh/Salimbd71/ArabicQuran@main/34/47.mp3"
        ],
        "audioBangla": [
          "https://cdn.jsdelivr.net/gh/Salimbd71/BanglaQuran@main/34/47.mp3"
        ]
      },
      {
        "number": 3654,
        "audio": "https://everyayah.com/data/Minshawy_Mujawwad_64kbps/034048.mp3",
        "audioSecondary": [],
        "text": "قُلْ إِنَّ رَبِّى يَقْذِفُ بِٱلْحَقِّ عَلَّٰمُ ٱلْغُيُوبِ",
        "numberInSurah": 48,
        "juz": 22,
        "manzil": 5,
        "page": 433,
        "ruku": 375,
        "hizbQuarter": 174,
        "sajda": false,
        "audioArabic": [
          "https://cdn.jsdelivr.net/gh/Salimbd71/ArabicQuran@main/34/48.mp3"
        ],
        "audioBangla": [
          "https://cdn.jsdelivr.net/gh/Salimbd71/BanglaQuran@main/34/48.mp3"
        ]
      },
      {
        "number": 3655,
        "audio": "https://everyayah.com/data/Minshawy_Mujawwad_64kbps/034049.mp3",
        "audioSecondary": [],
        "text": "قُلْ جَآءَ ٱلْحَقُّ وَمَا يُبْدِئُ ٱلْبَٰطِلُ وَمَا يُعِيدُ",
        "numberInSurah": 49,
        "juz": 22,
        "manzil": 5,
        "page": 434,
        "ruku": 375,
        "hizbQuarter": 174,
        "sajda": false,
        "audioArabic": [
          "https://cdn.jsdelivr.net/gh/Salimbd71/ArabicQuran@main/34/49.mp3"
        ],
        "audioBangla": [
          "https://cdn.jsdelivr.net/gh/Salimbd71/BanglaQuran@main/34/49.mp3"
        ]
      },
      {
        "number": 3656,
        "audio": "https://everyayah.com/data/Minshawy_Mujawwad_64kbps/034050.mp3",
        "audioSecondary": [],
        "text": "قُلْ إِن ضَلَلْتُ فَإِنَّمَآ أَضِلُّ عَلَىٰ نَفْسِى ۖ وَإِنِ ٱهْتَدَيْتُ فَبِمَا يُوحِىٓ إِلَىَّ رَبِّىٓ ۚ إِنَّهُۥ سَمِيعٌۭ قَرِيبٌۭ",
        "numberInSurah": 50,
        "juz": 22,
        "manzil": 5,
        "page": 434,
        "ruku": 375,
        "hizbQuarter": 174,
        "sajda": false,
        "audioArabic": [
          "https://cdn.jsdelivr.net/gh/Salimbd71/ArabicQuran@main/34/50.mp3"
        ],
        "audioBangla": [
          "https://cdn.jsdelivr.net/gh/Salimbd71/BanglaQuran@main/34/50.mp3"
        ]
      },
      {
        "number": 3657,
        "audio": "https://everyayah.com/data/Minshawy_Mujawwad_64kbps/034051.mp3",
        "audioSecondary": [],
        "text": "وَلَوْ تَرَىٰٓ إِذْ فَزِعُوا۟ فَلَا فَوْتَ وَأُخِذُوا۟ مِن مَّكَانٍۢ قَرِيبٍۢ",
        "numberInSurah": 51,
        "juz": 22,
        "manzil": 5,
        "page": 434,
        "ruku": 375,
        "hizbQuarter": 174,
        "sajda": false,
        "audioArabic": [
          "https://cdn.jsdelivr.net/gh/Salimbd71/ArabicQuran@main/34/51.mp3"
        ],
        "audioBangla": [
          "https://cdn.jsdelivr.net/gh/Salimbd71/BanglaQuran@main/34/51.mp3"
        ]
      },
      {
        "number": 3658,
        "audio": "https://everyayah.com/data/Minshawy_Mujawwad_64kbps/034052.mp3",
        "audioSecondary": [],
        "text": "وَقَالُوٓا۟ ءَامَنَّا بِهِۦ وَأَنَّىٰ لَهُمُ ٱلتَّنَاوُشُ مِن مَّكَانٍۭ بَعِيدٍۢ",
        "numberInSurah": 52,
        "juz": 22,
        "manzil": 5,
        "page": 434,
        "ruku": 375,
        "hizbQuarter": 174,
        "sajda": false,
        "audioArabic": [
          "https://cdn.jsdelivr.net/gh/Salimbd71/ArabicQuran@main/34/52.mp3"
        ],
        "audioBangla": [
          "https://cdn.jsdelivr.net/gh/Salimbd71/BanglaQuran@main/34/52.mp3"
        ]
      },
      {
        "number": 3659,
        "audio": "https://everyayah.com/data/Minshawy_Mujawwad_64kbps/034053.mp3",
        "audioSecondary": [],
        "text": "وَقَدْ كَفَرُوا۟ بِهِۦ مِن قَبْلُ ۖ وَيَقْذِفُونَ بِٱلْغَيْبِ مِن مَّكَانٍۭ بَعِيدٍۢ",
        "numberInSurah": 53,
        "juz": 22,
        "manzil": 5,
        "page": 434,
        "ruku": 375,
        "hizbQuarter": 174,
        "sajda": false,
        "audioArabic": [
          "https://cdn.jsdelivr.net/gh/Salimbd71/ArabicQuran@main/34/53.mp3"
        ],
        "audioBangla": [
          "https://cdn.jsdelivr.net/gh/Salimbd71/BanglaQuran@main/34/53.mp3"
        ]
      },
      {
        "number": 3660,
        "audio": "https://everyayah.com/data/Minshawy_Mujawwad_64kbps/034054.mp3",
        "audioSecondary": [],
        "text": "وَحِيلَ بَيْنَهُمْ وَبَيْنَ مَا يَشْتَهُونَ كَمَا فُعِلَ بِأَشْيَاعِهِم مِّن قَبْلُ ۚ إِنَّهُمْ كَانُوا۟ فِى شَكٍّۢ مُّرِيبٍۭ",
        "numberInSurah": 54,
        "juz": 22,
        "manzil": 5,
        "page": 434,
        "ruku": 375,
        "hizbQuarter": 174,
        "sajda": false,
        "audioArabic": [
          "https://cdn.jsdelivr.net/gh/Salimbd71/ArabicQuran@main/34/54.mp3"
        ],
        "audioBangla": [
          "https://cdn.jsdelivr.net/gh/Salimbd71/BanglaQuran@main/34/54.mp3"
        ]
      }
    ],
    "edition": {
      "identifier": "ar.minshawi",
      "language": "ar",
      "name": "محمد صديق المنشاوي",
      "englishName": "Minshawi",
      "format": "audio",
      "type": "translation",
      "direction": null
    }
  }
}