{
  "code": 200,
  "status": "OK",
  "data": {
    "number": 32,
    "name": "سُورَةُ السَّجۡدَةِ",
    "englishName": "As-Sajda",
    "englishNameTranslation": "The Prostration",
    "revelationType": "Meccan",
    "numberOfAyahs": 30,
    "ayahs": [
      {
        "number": 3504,
        "audio": "https://cdn.islamic.network/quran/audio/192/ar.abdullahbasfar/3504.mp3",
        "audioSecondary": [
          "https://cdn.islamic.network/quran/audio/192/ar.abdullahbasfar/3504.mp3"
        ],
        "text": "بِسْمِ ٱللَّهِ ٱلرَّحْمَٰنِ ٱلرَّحِيمِ الٓمٓ",
        "numberInSurah": 1,
        "juz": 21,
        "manzil": 5,
        "page": 415,
        "ruku": 358,
        "hizbQuarter": 165,
        "sajda": false,
        "audioArabic": [
          "https://cdn.jsdelivr.net/gh/Salimbd71/ArabicQuran@main/32/1.mp3"
        ],
        "audioBangla": [
          "https://cdn.jsdelivr.net/gh/Salimbd71/BanglaQuran@main/32/1.mp3"
        ]
      },
      {
        "number": 3505,
        "audio": "https://cdn.islamic.network/quran/audio/192/ar.abdullahbasfar/3505.mp3",
        "audioSecondary": [
          "https://cdn.islamic.network/quran/audio/192/ar.abdullahbasfar/3505.mp3"
        ],
        "text": "تَنزِيلُ ٱلْكِتَٰبِ لَا رَيْبَ فِيهِ مِن رَّبِّ ٱلْعَٰلَمِينَ",
        "numberInSurah": 2,
        "juz": 21,
        "manzil": 5,
        "page": 415,
        "ruku": 358,
        "hizbQuarter": 165,
        "sajda": false,
        "audioArabic": [
          "https://cdn.jsdelivr.net/gh/Salimbd71/ArabicQuran@main/32/2.mp3"
        ],
        "audioBangla": [
          "https://cdn.jsdelivr.net/gh/Salimbd71/BanglaQuran@main/32/2.mp3"
        ]
      },
      {
        "number": 3506,
        "audio": "https://cdn.islamic.network/quran/audio/192/ar.abdullahbasfar/3506.mp3",
        "audioSecondary": [
          "https://cdn.islamic.network/quran/audio/192/ar.abdullahbasfar/3506.mp3"
        ],
        "text": "أَمْ يَقُولُونَ ٱفْتَرَىٰهُ ۚ بَلْ هُوَ ٱلْحَقُّ مِن رَّبِّكَ لِتُنذِرَ قَوْمًۭا مَّآ أَتَىٰهُم مِّن نَّذِيرٍۢ مِّن قَبْلِكَ لَعَلَّهُمْ يَهْتَدُونَ",
        "numberInSurah": 3,
        "juz": 21,
        "manzil": 5,
        "page": 415,
        "ruku": 358,
        "hizbQuarter": 165,
        "sajda": false,
        "audioArabic": [
          "https://cdn.jsdelivr.net/gh/Salimbd71/ArabicQuran@main/32/3.mp3"
        ],
        "audioBangla": [
          "https://cdn.jsdelivr.net/gh/Salimbd71/BanglaQuran@main/32/3.mp3"
        ]
      },
      {
        "number": 3507,
        "audio": "https://cdn.islamic.network/quran/audio/192/ar.abdullahbasfar/3507.mp3",
        "audioSecondary": [
          "https://cdn.islamic.network/quran/audio/192/ar.abdullahbasfar/3507.mp3"
        ],
        "text": "ٱللَّهُ ٱلَّذِى خَلَقَ ٱلسَّمَٰوَٰتِ وَٱلْأَرْضَ وَمَا بَيْنَهُمَا فِى سِتَّةِ أَيَّامٍۢ ثُمَّ ٱسْتَوَىٰ عَلَى ٱلْعَرْشِ ۖ مَا لَكُم مِّن دُونِهِۦ مِن وَلِىٍّۢ وَلَا شَفِيعٍ ۚ أَفَلَا تَتَذَكَّرُونَ",
        "numberInSurah": 4,
        "juz": 21,
        "manzil": 5,
        "page": 415,
        "ruku": 358,
        "hizbQuarter": 165,
        "sajda": false,
        "audioArabic": [
          "https://cdn.jsdelivr.net/gh/Salimbd71/ArabicQuran@main/32/4.mp3"
        ],
        "audioBangla": [
          "https://cdn.jsdelivr.net/gh/Salimbd71/BanglaQuran@main/32/4.mp3"
        ]
      },
      {
        "number": 3508,
        "audio": "https://cdn.islamic.network/quran/audio/192/ar.abdullahbasfar/3508.mp3",
        "audioSecondary": [
          "https://cdn.islamic.network/quran/audio/192/ar.abdullahbasfar/3508.mp3"
        ],
        "text": "يُدَبِّرُ ٱلْأَمْرَ مِنَ ٱلسَّمَآءِ إِلَى ٱلْأَرْضِ ثُمَّ يَعْرُجُ إِلَيْهِ فِى يَوْمٍۢ كَانَ مِقْدَارُهُۥٓ أَلْفَ سَنَةٍۢ مِّمَّا تَعُدُّونَ",
        "numberInSurah": 5,
        "juz": 21,
        "manzil": 5,
        "page": 415,
        "ruku": 358,
        "hizbQuarter": 165,
        "sajda": false,
        "audioArabic": [
          "https://cdn.jsdelivr.net/gh/Salimbd71/ArabicQuran@main/32/5.mp3"
        ],
        "audioBangla": [
          "https://cdn.jsdelivr.net/gh/Salimbd71/BanglaQuran@main/32/5.mp3"
        ]
      },
      {
        "number": 3509,
        "audio": "https://cdn.islamic.network/quran/audio/192/ar.abdullahbasfar/3509.mp3",
        "audioSecondary": [
          "https://cdn.islamic.network/quran/audio/192/ar.abdullahbasfar/3509.mp3"
        ],
        "text": "ذَٰلِكَ عَٰلِمُ ٱلْغَيْبِ وَٱلشَّهَٰدَةِ ٱلْعَزِيزُ ٱلرَّحِيمُ",
        "numberInSurah": 6,
        "juz": 21,
        "manzil": 5,
        "page": 415,
        "ruku": 358,
        "hizbQuarter": 165,
        "sajda": false,
        "audioArabic": [
          "https://cdn.jsdelivr.net/gh/Salimbd71/ArabicQuran@main/32/6.mp3"
        ],
        "audioBangla": [
          "https://cdn.jsdelivr.net/gh/Salimbd71/BanglaQuran@main/32/6.mp3"
        ]
      },
      {
        "number": 3510,
        "audio": "https://cdn.islamic.network/quran/audio/192/ar.abdullahbasfar/3510.mp3",
        "audioSecondary": [
          "https://cdn.islamic.network/quran/audio/192/ar.abdullahbasfar/3510.mp3"
        ],
        "text": "ٱلَّذِىٓ أَحْسَنَ كُلَّ شَىْءٍ خَلَقَهُۥ ۖ وَبَدَأَ خَلْقَ ٱلْإِنسَٰنِ مِن طِينٍۢ",
        "numberInSurah": 7,
        "juz": 21,
        "manzil": 5,
        "page": 415,
        "ruku": 358,
        "hizbQuarter": 165,
        "sajda": false,
        "audioArabic": [
          "https://cdn.jsdelivr.net/gh/Salimbd71/ArabicQuran@main/32/7.mp3"
        ],
        "audioBangla": [
          "https://cdn.jsdelivr.net/gh/Salimbd71/BanglaQuran@main/32/7.mp3"
        ]
      },
      {
        "number": 3511,
        "audio": "https://cdn.islamic.network/quran/audio/192/ar.abdullahbasfar/3511.mp3",
        "audioSecondary": [
          "https://cdn.islamic.network/quran/audio/192/ar.abdullahbasfar/3511.mp3"
        ],
        "text": "ثُمَّ جَعَلَ نَسْلَهُۥ مِن سُلَٰلَةٍۢ مِّن مَّآءٍۢ مَّهِينٍۢ",
        "numberInSurah": 8,
        "juz": 21,
        "manzil": 5,
        "page": 415,
        "ruku": 358,
        "hizbQuarter": 165,
        "sajda": false,
        "audioArabic": [
          "https://cdn.jsdelivr.net/gh/Salimbd71/ArabicQuran@main/32/8.mp3"
        ],
        "audioBangla": [
          "https://cdn.jsdelivr.net/gh/Salimbd71/BanglaQuran@main/32/8.mp3"
        ]
      },
      {
        "number": 3512,
        "audio": "https://cdn.islamic.network/quran/audio/192/ar.abdullahbasfar/3512.mp3",
        "audioSecondary": [
          "https://cdn.islamic.network/quran/audio/192/ar.abdullahbasfar/3512.mp3"
        ],
        "text": "ثُمَّ سَوَّىٰهُ وَنَفَخَ فِيهِ مِن رُّوحِهِۦ ۖ وَجَعَلَ لَكُمُ ٱلسَّمْعَ وَٱلْأَبْصَٰرَ وَٱلْأَفْـِٔدَةَ ۚ قَلِيلًۭا مَّا تَشْكُرُونَ",
        "numberInSurah": 9,
        "juz": 21,
        "manzil": 5,
        "page": 415,
        "ruku": 358,
        "hizbQuarter": 165,
        "sajda": false,
        "audioArabic": [
          "https://cdn.jsdelivr.net/gh/Salimbd71/ArabicQuran@main/32/9.mp3"
        ],
        "audioBangla": [
          "https://cdn.jsdelivr.net/gh/Salimbd71/BanglaQuran@main/32/9.mp3"
        ]
      },
      {
        "number": 3513,
        "audio": "https://cdn.islamic.network/quran/audio/192/ar.abdullahbasfar/3513.mp3",
        "audioSecondary": [
          "https://cdn.islamic.network/quran/audio/192/ar.abdullahbasfar/3513.mp3"
        ],
        "text": "وَقَالُوٓا۟ أَءِذَا ضَلَلْنَا فِى ٱلْأَرْضِ أَءِنَّا لَفِى خَلْقٍۢ جَدِيدٍۭ ۚ بَلْ هُم بِلِقَآءِ رَبِّهِمْ كَٰفِرُونَ",
        "numberInSurah": 10,
        "juz": 21,
        "manzil": 5,
        "page": 415,
        "ruku": 358,
        "hizbQuarter": 165,
        "sajda": false,
        "audioArabic": [
          "https://cdn.jsdelivr.net/gh/Salimbd71/ArabicQuran@main/32/10.mp3"
        ],
        "audioBangla": [
          "https://cdn.jsdelivr.net/gh/Salimbd71/BanglaQuran@main/32/10.mp3"
        ]
      },
      {
        "number": 3514,
        "audio": "https://cdn.islamic.network/quran/audio/192/ar.abdullahbasfar/3514.mp3",
        "audioSecondary": [
          "https://cdn.islamic.network/quran/audio/192/ar.abdullahbasfar/3514.mp3"
        ],
        "text": "۞ قُلْ يَتَوَفَّىٰكُم مَّلَكُ ٱلْمَوْتِ ٱلَّذِى وُكِّلَ بِكُمْ ثُمَّ إِلَىٰ رَبِّكُمْ تُرْجَعُونَ",
        "numberInSurah": 11,
        "juz": 21,
        "manzil": 5,
        "page": 415,
        "ruku": 358,
        "hizbQuarter": 166,
        "sajda": false,
        "audioArabic": [
          "https://cdn.jsdelivr.net/gh/Salimbd71/ArabicQuran@main/32/11.mp3"
        ],
        "audioBangla": [
          "https://cdn.jsdelivr.net/gh/Salimbd71/BanglaQuran@main/32/11.mp3"
        ]
      },
      {
        "number": 3515,
        "audio": "https://cdn.islamic.network/quran/audio/192/ar.abdullahbasfar/3515.mp3",
        "audioSecondary": [
          "https://cdn.islamic.network/quran/audio/192/ar.abdullahbasfar/3515.mp3"
        ],
        "text": "وَلَوْ تَرَىٰٓ إِذِ ٱلْمُجْرِمُونَ نَاكِسُوا۟ رُءُوسِهِمْ عِندَ رَبِّهِمْ رَبَّنَآ أَبْصَرْنَا وَسَمِعْنَا فَٱرْجِعْنَا نَعْمَلْ صَٰلِحًا إِنَّا مُوقِنُونَ",
        "numberInSurah": 12,
        "juz": 21,
        "manzil": 5,
        "page": 416,
        "ruku": 359,
        "hizbQuarter": 166,
        "sajda": false,
        "audioArabic": [
          "https://cdn.jsdelivr.net/gh/Salimbd71/ArabicQuran@main/32/12.mp3"
        ],
        "audioBangla": [
          "https://cdn.jsdelivr.net/gh/Salimbd71/BanglaQuran@main/32/12.mp3"
        ]
      },
      {
        "number": 3516,
        "audio": "https://cdn.islamic.network/quran/audio/192/ar.abdullahbasfar/3516.mp3",
        "audioSecondary": [
          "https://cdn.islamic.network/quran/audio/192/ar.abdullahbasfar/3516.mp3"
        ],
        "text": "وَلَوْ شِئْنَا لَءَاتَيْنَا كُلَّ نَفْسٍ هُدَىٰهَا وَلَٰكِنْ حَقَّ ٱلْقَوْلُ مِنِّى لَأَمْلَأَنَّ جَهَنَّمَ مِنَ ٱلْجِنَّةِ وَٱلنَّاسِ أَجْمَعِينَ",
        "numberInSurah": 13,
        "juz": 21,
        "manzil": 5,
        "page": 416,
        "ruku": 359,
        "hizbQuarter": 166,
        "sajda": false,
        "audioArabic": [
          "https://cdn.jsdelivr.net/gh/Salimbd71/ArabicQuran@main/32/13.mp3"
        ],
        "audioBangla": [
          "https://cdn.jsdelivr.net/gh/Salimbd71/BanglaQuran@main/32/13.mp3"
        ]
      },
      {
        "number": 3517,
        "audio": "https://cdn.islamic.network/quran/audio/192/ar.abdullahbasfar/3517.mp3",
        "audioSecondary": [
          "https://cdn.islamic.network/quran/audio/192/ar.abdullahbasfar/3517.mp3"
        ],
        "text": "فَذُوقُوا۟ بِمَا نَسِيتُمْ لِقَآءَ يَوْمِكُمْ هَٰذَآ إِنَّا نَسِينَٰكُمْ ۖ وَذُوقُوا۟ عَذَابَ ٱلْخُلْدِ بِمَا كُنتُمْ تَعْمَلُونَ",
        "numberInSurah": 14,
        "juz": 21,
        "manzil": 5,
        "page": 416,
        "ruku": 359,
        "hizbQuarter": 166,
        "sajda": false,
        "audioArabic": [
          "https://cdn.jsdelivr.net/gh/Salimbd71/ArabicQuran@main/32/14.mp3"
        ],
        "audioBangla": [
          "https://cdn.jsdelivr.net/gh/Salimbd71/BanglaQuran@main/32/14.mp3"
        ]
      },
      {
        "number": 3518,
        "audio": "https://cdn.islamic.network/quran/audio/192/ar.abdullahbasfar/3518.mp3",
        "audioSecondary": [
          "https://cdn.islamic.network/quran/audio/192/ar.abdullahbasfar/3518.mp3"
        ],
        "text": "إِنَّمَا يُؤْمِنُ بِـَٔايَٰتِنَا ٱلَّذِينَ إِذَا ذُكِّرُوا۟ بِهَا خَرُّوا۟ سُجَّدًۭا وَسَبَّحُوا۟ بِحَمْدِ رَبِّهِمْ وَهُمْ لَا يَسْتَكْبِرُونَ ۩",
        "numberInSurah": 15,
        "juz": 21,
        "manzil": 5,
        "page": 416,
        "ruku": 359,
        "hizbQuarter": 166,
        "sajda": {
          "id": 10,
          "recommended": false,
          "obligatory": true
        },
        "audioArabic": [
          "https://cdn.jsdelivr.net/gh/Salimbd71/ArabicQuran@main/32/15.mp3"
        ],
        "audioBangla": [
          "https://cdn.jsdelivr.net/gh/Salimbd71/BanglaQuran@main/32/15.mp3"
        ]
      },
      {
        "number": 3519,
        "audio": "https://cdn.islamic.network/quran/audio/192/ar.abdullahbasfar/3519.mp3",
        "audioSecondary": [
          "https://cdn.islamic.network/quran/audio/192/ar.abdullahbasfar/3519.mp3"
        ],
        "text": "تَتَجَافَىٰ جُنُوبُهُمْ عَنِ ٱلْمَضَاجِعِ يَدْعُونَ رَبَّهُمْ خَوْفًۭا وَطَمَعًۭا وَمِمَّا رَزَقْنَٰهُمْ يُنفِقُونَ",
        "numberInSurah": 16,
        "juz": 21,
        "manzil": 5,
        "page": 416,
        "ruku": 359,
        "hizbQuarter": 166,
        "sajda": false,
        "audioArabic": [
          "https://cdn.jsdelivr.net/gh/Salimbd71/ArabicQuran@main/32/16.mp3"
        ],
        "audioBangla": [
          "https://cdn.jsdelivr.net/gh/Salimbd71/BanglaQuran@main/32/16.mp3"
        ]
      },
      {
        "number": 3520,
        "audio": "https://cdn.islamic.network/quran/audio/192/ar.abdullahbasfar/3520.mp3",
        "audioSecondary": [
          "https://cdn.islamic.network/quran/audio/192/ar.abdullahbasfar/3520.mp3"
        ],
        "text": "فَلَا تَعْلَمُ نَفْسٌۭ مَّآ أُخْفِىَ لَهُم مِّن قُرَّةِ أَعْيُنٍۢ جَزَآءًۢ بِمَا كَانُوا۟ يَعْمَلُونَ",
        "numberInSurah": 17,
        "juz": 21,
        "manzil": 5,
        "page": 416,
        "ruku": 359,
        "hizbQuarter": 166,
        "sajda": false,
        "audioArabic": [
          "https://cdn.jsdelivr.net/gh/Salimbd71/ArabicQuran@main/32/17.mp3"
        ],
        "audioBangla": [
          "https://cdn.jsdelivr.net/gh/Salimbd71/BanglaQuran@main/32/17.mp3"
        ]
      },
      {
        "number": 3521,
        "audio": "https://cdn.islamic.network/quran/audio/192/ar.abdullahbasfar/3521.mp3",
        "audioSecondary": [
          "https://cdn.islamic.network/quran/audio/192/ar.abdullahbasfar/3521.mp3"
        ],
        "text": "أَفَمَن كَانَ مُؤْمِنًۭا كَمَن كَانَ فَاسِقًۭا ۚ لَّا يَسْتَوُۥنَ",
        "numberInSurah": 18,
        "juz": 21,
        "manzil": 5,
        "page": 416,
        "ruku": 359,
        "hizbQuarter": 166,
        "sajda": false,
        "audioArabic": [
          "https://cdn.jsdelivr.net/gh/Salimbd71/ArabicQuran@main/32/18.mp3"
        ],
        "audioBangla": [
          "https://cdn.jsdelivr.net/gh/Salimbd71/BanglaQuran@main/32/18.mp3"
        ]
      },
      {
        "number": 3522,
        "audio": "https://cdn.islamic.network/quran/audio/192/ar.abdullahbasfar/3522.mp3",
        "audioSecondary": [
          "https://cdn.islamic.network/quran/audio/192/ar.abdullahbasfar/3522.mp3"
        ],
        "text": "أَمَّا ٱلَّذِينَ ءَامَنُوا۟ وَعَمِلُوا۟ ٱلصَّٰلِحَٰتِ فَلَهُمْ جَنَّٰتُ ٱلْمَأْوَىٰ نُزُلًۢا بِمَا كَانُوا۟ يَعْمَلُونَ",
        "numberInSurah": 19,
        "juz": 21,
        "manzil": 5,
        "page": 416,
        "ruku": 359,
        "hizbQuarter": 166,
        "sajda": false,
        "audioArabic": [
          "https://cdn.jsdelivr.net/gh/Salimbd71/ArabicQuran@main/32/19.mp3"
        ],
        "audioBangla": [
          "https://cdn.jsdelivr.net/gh/Salimbd71/BanglaQuran@main/32/19.mp3"
        ]
      },
      {
        "number": 3523,
        "audio": "https://cdn.islamic.network/quran/audio/192/ar.abdullahbasfar/3523.mp3",
        "audioSecondary": [
          "https://cdn.islamic.network/quran/audio/192/ar.abdullahbasfar/3523.mp3"
        ],
        "text": "وَأَمَّا ٱلَّذِينَ فَسَقُوا۟ فَمَأْوَىٰهُمُ ٱلنَّارُ ۖ كُلَّمَآ أَرَادُوٓا۟ أَن يَخْرُجُوا۟ مِنْهَآ أُعِيدُوا۟ فِيهَا وَقِيلَ لَهُمْ ذُوقُوا۟ عَذَابَ ٱلنَّارِ ٱلَّذِى كُنتُم بِهِۦ تُكَذِّبُونَ",
        "numberInSurah": 20,
        "juz": 21,
        "manzil": 5,
        "page": 416,
        "ruku": 359,
        "hizbQuarter": 166,
        "sajda": false,
        "audioArabic": [
          "https://cdn.jsdelivr.net/gh/Salimbd71/ArabicQuran@main/32/20.mp3"
        ],
        "audioBangla": [
          "https://cdn.jsdelivr.net/gh/Salimbd71/BanglaQuran@main/32/20.mp3"
        ]
      },
      {
        "number": 3524,
        "audio": "https://cdn.islamic.network/quran/audio/192/ar.abdullahbasfar/3524.mp3",
        "audioSecondary": [
          "https://cdn.islamic.network/quran/audio/192/ar.abdullahbasfar/3524.mp3"
        ],
        "text": "وَلَنُذِيقَنَّهُم مِّنَ ٱلْعَذَابِ ٱلْأَدْنَىٰ دُونَ ٱلْعَذَابِ ٱلْأَكْبَرِ لَعَلَّهُمْ يَرْجِعُونَ",
        "numberInSurah": 21,
        "juz": 21,
        "manzil": 5,
        "page": 417,
        "ruku": 359,
        "hizbQuarter": 166,
        "sajda": false,
        "audioArabic": [
          "https://cdn.jsdelivr.net/gh/Salimbd71/ArabicQuran@main/32/21.mp3"
        ],
        "audioBangla": [
          "https://cdn.jsdelivr.net/gh/Salimbd71/BanglaQuran@main/32/21.mp3"
        ]
      },
      {
        "number": 3525,
        "audio": "https://cdn.islamic.network/quran/audio/192/ar.abdullahbasfar/3525.mp3",
        "audioSecondary": [
          "https://cdn.islamic.network/quran/audio/192/ar.abdullahbasfar/3525.mp3"
        ],
        "text": "وَمَنْ أَظْلَمُ مِمَّن ذُكِّرَ بِـَٔايَٰتِ رَبِّهِۦ ثُمَّ أَعْرَضَ عَنْهَآ ۚ إِنَّا مِنَ ٱلْمُجْرِمِينَ مُنتَقِمُونَ",
        "numberInSurah": 22,
        "juz": 21,
        "manzil": 5,
        "page": 417,
        "ruku": 359,
        "hizbQuarter": 166,
        "sajda": false,
        "audioArabic": [
          "https://cdn.jsdelivr.net/gh/Salimbd71/ArabicQuran@main/32/22.mp3"
        ],
        "audioBangla": [
          "https://cdn.jsdelivr.net/gh/Salimbd71/BanglaQuran@main/32/22.mp3"
        ]
      },
      {
        "number": 3526,
        "audio": "https://cdn.islamic.network/quran/audio/192/ar.abdullahbasfar/3526.mp3",
        "audioSecondary": [
          "https://cdn.islamic.network/quran/audio/192/ar.abdullahbasfar/3526.mp3"
        ],
        "text": "وَلَقَدْ ءَاتَيْنَا مُوسَى ٱلْكِتَٰبَ فَلَا تَكُن فِى مِرْيَةٍۢ مِّن لِّقَآئِهِۦ ۖ وَجَعَلْنَٰهُ هُدًۭى لِّبَنِىٓ إِسْرَٰٓءِيلَ",
        "numberInSurah": 23,
        "juz": 21,
        "manzil": 5,
        "page": 417,
        "ruku": 360,
        "hizbQuarter": 166,
        "sajda": false,
        "audioArabic": [
          "https://cdn.jsdelivr.net/gh/Salimbd71/ArabicQuran@main/32/23.mp3"
        ],
        "audioBangla": [
          "https://cdn.jsdelivr.net/gh/Salimbd71/BanglaQuran@main/32/23.mp3"
        ]
      },
      {
        "number": 3527,
        "audio": "https://cdn.islamic.network/quran/audio/192/ar.abdullahbasfar/3527.mp3",
        "audioSecondary": [
          "https://cdn.islamic.network/quran/audio/192/ar.abdullahbasfar/3527.mp3"
        ],
        "text": "وَجَعَلْنَا مِنْهُمْ أَئِمَّةًۭ يَهْدُونَ بِأَمْرِنَا لَمَّا صَبَرُوا۟ ۖ وَكَانُوا۟ بِـَٔايَٰتِنَا يُوقِنُونَ",
        "numberInSurah": 24,
        "juz": 21,
        "manzil": 5,
        "page": 417,
        "ruku": 360,
        "hizbQuarter": 166,
        "sajda": false,
        "audioArabic": [
          "https://cdn.jsdelivr.net/gh/Salimbd71/ArabicQuran@main/32/24.mp3"
        ],
        "audioBangla": [
          "https://cdn.jsdelivr.net/gh/Salimbd71/BanglaQuran@main/32/24.mp3"
        ]
      },
      {
        "number": 3528,
        "audio": "https://cdn.islamic.network/quran/audio/192/ar.abdullahbasfar/3528.mp3",
        "audioSecondary": [
          "https://cdn.islamic.network/quran/audio/192/ar.abdullahbasfar/3528.mp3"
        ],
        "text": "إِنَّ رَبَّكَ هُوَ يَفْصِلُ بَيْنَهُمْ يَوْمَ ٱلْقِيَٰمَةِ فِيمَا كَانُوا۟ فِيهِ يَخْتَلِفُونَ",
        "numberInSurah": 25,
        "juz": 21,
        "manzil": 5,
        "page": 417,
        "ruku": 360,
        "hizbQuarter": 166,
        "sajda": false,
        "audioArabic": [
          "https://cdn.jsdelivr.net/gh/Salimbd71/ArabicQuran@main/32/25.mp3"
        ],
        "audioBangla": [
          "https://cdn.jsdelivr.net/gh/Salimbd71/BanglaQuran@main/32/25.mp3"
        ]
      },
      {
        "number": 3529,
        "audio": "https://cdn.islamic.network/quran/audio/192/ar.abdullahbasfar/3529.mp3",
        "audioSecondary": [
          "https://cdn.islamic.network/quran/audio/192/ar.abdullahbasfar/3529.mp3"
        ],
        "text": "أَوَلَمْ يَهْدِ لَهُمْ كَمْ أَهْلَكْنَا مِن قَبْلِهِم مِّنَ ٱلْقُرُونِ يَمْشُونَ فِى مَسَٰكِنِهِمْ ۚ إِنَّ فِى ذَٰلِكَ لَءَايَٰتٍ ۖ أَفَلَا يَسْمَعُونَ",
        "numberInSurah": 26,
        "juz": 21,
        "manzil": 5,
        "page": 417,
        "ruku": 360,
        "hizbQuarter": 166,
        "sajda": false,
        "audioArabic": [
          "https://cdn.jsdelivr.net/gh/Salimbd71/ArabicQuran@main/32/26.mp3"
        ],
        "audioBangla": [
          "https://cdn.jsdelivr.net/gh/Salimbd71/BanglaQuran@main/32/26.mp3"
        ]
      },
      {
        "number": 3530,
        "audio": "https://cdn.islamic.network/quran/audio/192/ar.abdullahbasfar/3530.mp3",
        "audioSecondary": [
          "https://cdn.islamic.network/quran/audio/192/ar.abdullahbasfar/3530.mp3"
        ],
        "text": "أَوَلَمْ يَرَوْا۟ أَنَّا نَسُوقُ ٱلْمَآءَ إِلَى ٱلْأَرْضِ ٱلْجُرُزِ فَنُخْرِجُ بِهِۦ زَرْعًۭا تَأْكُلُ مِنْهُ أَنْعَٰمُهُمْ وَأَنفُسُهُمْ ۖ أَفَلَا يُبْصِرُونَ",
        "numberInSurah": 27,
        "juz": 21,
        "manzil": 5,
        "page": 417,
        "ruku": 360,
        "hizbQuarter": 166,
        "sajda": false,
        "audioArabic": [
          "https://cdn.jsdelivr.net/gh/Salimbd71/ArabicQuran@main/32/27.mp3"
        ],
        "audioBangla": [
          "https://cdn.jsdelivr.net/gh/Salimbd71/BanglaQuran@main/32/27.mp3"
        ]
      },
      {
        "number": 3531,
        "audio": "https://cdn.islamic.network/quran/audio/192/ar.abdullahbasfar/3531.mp3",
        "audioSecondary": [
          "https://cdn.islamic.network/quran/audio/192/ar.abdullahbasfar/3531.mp3"
        ],
        "text": "وَيَقُولُونَ مَتَىٰ هَٰذَا ٱلْفَتْحُ إِن كُنتُمْ صَٰدِقِينَ",
        "numberInSurah": 28,
        "juz": 21,
        "manzil": 5,
        "page": 417,
        "ruku": 360,
        "hizbQuarter": 166,
        "sajda": false,
        "audioArabic": [
          "https://cdn.jsdelivr.net/gh/Salimbd71/ArabicQuran@main/32/28.mp3"
        ],
        "audioBangla": [
          "https://cdn.jsdelivr.net/gh/Salimbd71/BanglaQuran@main/32/28.mp3"
        ]
      },
      {
        "number": 3532,
        "audio": "https://cdn.islamic.network/quran/audio/192/ar.abdullahbasfar/3532.mp3",
        "audioSecondary": [
          "https://cdn.islamic.network/quran/audio/192/ar.abdullahbasfar/3532.mp3"
        ],
        "text": "قُلْ يَوْمَ ٱلْفَتْحِ لَا يَنفَعُ ٱلَّذِينَ كَفَرُوٓا۟ إِيمَٰنُهُمْ وَلَا هُمْ يُنظَرُونَ",
        "numberInSurah": 29,
        "juz": 21,
        "manzil": 5,
        "page": 417,
        "ruku": 360,
        "hizbQuarter": 166,
        "sajda": false,
        "audioArabic": [
          "https://cdn.jsdelivr.net/gh/Salimbd71/ArabicQuran@main/32/29.mp3"
        ],
        "audioBangla": [
          "https://cdn.jsdelivr.net/gh/Salimbd71/BanglaQuran@main/32/29.mp3"
        ]
      },
      {
        "number": 3533,
        "audio": "https://cdn.islamic.network/quran/audio/192/ar.abdullahbasfar/3533.mp3",
        "audioSecondary": [
          "https://cdn.islamic.network/quran/audio/192/ar.abdullahbasfar/3533.mp3"
        ],
        "text": "فَأَعْرِضْ عَنْهُمْ وَٱنتَظِرْ إِنَّهُم مُّنتَظِرُونَ",
        "numberInSurah": 30,
        "juz": 21,
        "manzil": 5,
        "page": 417,
        "ruku": 360,
        "hizbQuarter": 166,
        "sajda": false,
        "audioArabic": [
          "https://cdn.jsdelivr.net/gh/Salimbd71/ArabicQuran@main/32/30.mp3"
        ],
        "audioBangla": [
          "https://cdn.jsdelivr.net/gh/Salimbd71/BanglaQuran@main/32/30.mp3"
        ]
      }
    ],
    "edition": {
      "identifier": "ar.abdullahbasfar",
      "language": "ar",
      "name": "عبد الله بصفر",
      "englishName": "Abdullah Basfar",
      "format": "audio",
      "type": "versebyverse",
      "direction": null
    }
  }
}