{
  "code": 200,
  "status": "OK",
  "data": {
    "number": 13,
    "name": "سُورَةُ الرَّعۡدِ",
    "englishName": "Ar-Ra'd",
    "englishNameTranslation": "The Thunder",
    "revelationType": "Medinan",
    "numberOfAyahs": 43,
    "ayahs": [
      {
        "number": 1708,
        "audio": "https://cdn.islamic.network/quran/audio/128/ar.mahermuaiqly/1708.mp3",
        "audioSecondary": [
          "https://cdn.islamic.network/quran/audio/64/ar.mahermuaiqly/1708.mp3"
        ],
        "text": "بِسْمِ ٱللَّهِ ٱلرَّحْمَٰنِ ٱلرَّحِيمِ الٓمٓر ۚ تِلْكَ ءَايَٰتُ ٱلْكِتَٰبِ ۗ وَٱلَّذِىٓ أُنزِلَ إِلَيْكَ مِن رَّبِّكَ ٱلْحَقُّ وَلَٰكِنَّ أَكْثَرَ ٱلنَّاسِ لَا يُؤْمِنُونَ",
        "numberInSurah": 1,
        "juz": 13,
        "manzil": 3,
        "page": 249,
        "ruku": 205,
        "hizbQuarter": 99,
        "sajda": false,
        "audioArabic": [
          "https://cdn.jsdelivr.net/gh/Salimbd71/ArabicQuran@main/13/1.mp3"
        ],
        "audioBangla": [
          "https://cdn.jsdelivr.net/gh/Salimbd71/BanglaQuran@main/13/1.mp3"
        ]
      },
      {
        "number": 1709,
        "audio": "https://cdn.islamic.network/quran/audio/128/ar.mahermuaiqly/1709.mp3",
        "audioSecondary": [
          "https://cdn.islamic.network/quran/audio/64/ar.mahermuaiqly/1709.mp3"
        ],
        "text": "ٱللَّهُ ٱلَّذِى رَفَعَ ٱلسَّمَٰوَٰتِ بِغَيْرِ عَمَدٍۢ تَرَوْنَهَا ۖ ثُمَّ ٱسْتَوَىٰ عَلَى ٱلْعَرْشِ ۖ وَسَخَّرَ ٱلشَّمْسَ وَٱلْقَمَرَ ۖ كُلٌّۭ يَجْرِى لِأَجَلٍۢ مُّسَمًّۭى ۚ يُدَبِّرُ ٱلْأَمْرَ يُفَصِّلُ ٱلْءَايَٰتِ لَعَلَّكُم بِلِقَآءِ رَبِّكُمْ تُوقِنُونَ",
        "numberInSurah": 2,
        "juz": 13,
        "manzil": 3,
        "page": 249,
        "ruku": 205,
        "hizbQuarter": 99,
        "sajda": false,
        "audioArabic": [
          "https://cdn.jsdelivr.net/gh/Salimbd71/ArabicQuran@main/13/2.mp3"
        ],
        "audioBangla": [
          "https://cdn.jsdelivr.net/gh/Salimbd71/BanglaQuran@main/13/2.mp3"
        ]
      },
      {
        "number": 1710,
        "audio": "https://cdn.islamic.network/quran/audio/128/ar.mahermuaiqly/1710.mp3",
        "audioSecondary": [
          "https://cdn.islamic.network/quran/audio/64/ar.mahermuaiqly/1710.mp3"
        ],
        "text": "وَهُوَ ٱلَّذِى مَدَّ ٱلْأَرْضَ وَجَعَلَ فِيهَا رَوَٰسِىَ وَأَنْهَٰرًۭا ۖ وَمِن كُلِّ ٱلثَّمَرَٰتِ جَعَلَ فِيهَا زَوْجَيْنِ ٱثْنَيْنِ ۖ يُغْشِى ٱلَّيْلَ ٱلنَّهَارَ ۚ إِنَّ فِى ذَٰلِكَ لَءَايَٰتٍۢ لِّقَوْمٍۢ يَتَفَكَّرُونَ",
        "numberInSurah": 3,
        "juz": 13,
        "manzil": 3,
        "page": 249,
        "ruku": 205,
        "hizbQuarter": 99,
        "sajda": false,
        "audioArabic": [
          "https://cdn.jsdelivr.net/gh/Salimbd71/ArabicQuran@main/13/3.mp3"
        ],
        "audioBangla": [
          "https://cdn.jsdelivr.net/gh/Salimbd71/BanglaQuran@main/13/3.mp3"
        ]
      },
      {
        "number": 1711,
        "audio": "https://cdn.islamic.network/quran/audio/128/ar.mahermuaiqly/1711.mp3",
        "audioSecondary": [
          "https://cdn.islamic.network/quran/audio/64/ar.mahermuaiqly/1711.mp3"
        ],
        "text": "وَفِى ٱلْأَرْضِ قِطَعٌۭ مُّتَجَٰوِرَٰتٌۭ وَجَنَّٰتٌۭ مِّنْ أَعْنَٰبٍۢ وَزَرْعٌۭ وَنَخِيلٌۭ صِنْوَانٌۭ وَغَيْرُ صِنْوَانٍۢ يُسْقَىٰ بِمَآءٍۢ وَٰحِدٍۢ وَنُفَضِّلُ بَعْضَهَا عَلَىٰ بَعْضٍۢ فِى ٱلْأُكُلِ ۚ إِنَّ فِى ذَٰلِكَ لَءَايَٰتٍۢ لِّقَوْمٍۢ يَعْقِلُونَ",
        "numberInSurah": 4,
        "juz": 13,
        "manzil": 3,
        "page": 249,
        "ruku": 205,
        "hizbQuarter": 99,
        "sajda": false,
        "audioArabic": [
          "https://cdn.jsdelivr.net/gh/Salimbd71/ArabicQuran@main/13/4.mp3"
        ],
        "audioBangla": [
          "https://cdn.jsdelivr.net/gh/Salimbd71/BanglaQuran@main/13/4.mp3"
        ]
      },
      {
        "number": 1712,
        "audio": "https://cdn.islamic.network/quran/audio/128/ar.mahermuaiqly/1712.mp3",
        "audioSecondary": [
          "https://cdn.islamic.network/quran/audio/64/ar.mahermuaiqly/1712.mp3"
        ],
        "text": "۞ وَإِن تَعْجَبْ فَعَجَبٌۭ قَوْلُهُمْ أَءِذَا كُنَّا تُرَٰبًا أَءِنَّا لَفِى خَلْقٍۢ جَدِيدٍ ۗ أُو۟لَٰٓئِكَ ٱلَّذِينَ كَفَرُوا۟ بِرَبِّهِمْ ۖ وَأُو۟لَٰٓئِكَ ٱلْأَغْلَٰلُ فِىٓ أَعْنَاقِهِمْ ۖ وَأُو۟لَٰٓئِكَ أَصْحَٰبُ ٱلنَّارِ ۖ هُمْ فِيهَا خَٰلِدُونَ",
        "numberInSurah": 5,
        "juz": 13,
        "manzil": 3,
        "page": 249,
        "ruku": 205,
        "hizbQuarter": 100,
        "sajda": false,
        "audioArabic": [
          "https://cdn.jsdelivr.net/gh/Salimbd71/ArabicQuran@main/13/5.mp3"
        ],
        "audioBangla": [
          "https://cdn.jsdelivr.net/gh/Salimbd71/BanglaQuran@main/13/5.mp3"
        ]
      },
      {
        "number": 1713,
        "audio": "https://cdn.islamic.network/quran/audio/128/ar.mahermuaiqly/1713.mp3",
        "audioSecondary": [
          "https://cdn.islamic.network/quran/audio/64/ar.mahermuaiqly/1713.mp3"
        ],
        "text": "وَيَسْتَعْجِلُونَكَ بِٱلسَّيِّئَةِ قَبْلَ ٱلْحَسَنَةِ وَقَدْ خَلَتْ مِن قَبْلِهِمُ ٱلْمَثُلَٰتُ ۗ وَإِنَّ رَبَّكَ لَذُو مَغْفِرَةٍۢ لِّلنَّاسِ عَلَىٰ ظُلْمِهِمْ ۖ وَإِنَّ رَبَّكَ لَشَدِيدُ ٱلْعِقَابِ",
        "numberInSurah": 6,
        "juz": 13,
        "manzil": 3,
        "page": 250,
        "ruku": 205,
        "hizbQuarter": 100,
        "sajda": false,
        "audioArabic": [
          "https://cdn.jsdelivr.net/gh/Salimbd71/ArabicQuran@main/13/6.mp3"
        ],
        "audioBangla": [
          "https://cdn.jsdelivr.net/gh/Salimbd71/BanglaQuran@main/13/6.mp3"
        ]
      },
      {
        "number": 1714,
        "audio": "https://cdn.islamic.network/quran/audio/128/ar.mahermuaiqly/1714.mp3",
        "audioSecondary": [
          "https://cdn.islamic.network/quran/audio/64/ar.mahermuaiqly/1714.mp3"
        ],
        "text": "وَيَقُولُ ٱلَّذِينَ كَفَرُوا۟ لَوْلَآ أُنزِلَ عَلَيْهِ ءَايَةٌۭ مِّن رَّبِّهِۦٓ ۗ إِنَّمَآ أَنتَ مُنذِرٌۭ ۖ وَلِكُلِّ قَوْمٍ هَادٍ",
        "numberInSurah": 7,
        "juz": 13,
        "manzil": 3,
        "page": 250,
        "ruku": 205,
        "hizbQuarter": 100,
        "sajda": false,
        "audioArabic": [
          "https://cdn.jsdelivr.net/gh/Salimbd71/ArabicQuran@main/13/7.mp3"
        ],
        "audioBangla": [
          "https://cdn.jsdelivr.net/gh/Salimbd71/BanglaQuran@main/13/7.mp3"
        ]
      },
      {
        "number": 1715,
        "audio": "https://cdn.islamic.network/quran/audio/128/ar.mahermuaiqly/1715.mp3",
        "audioSecondary": [
          "https://cdn.islamic.network/quran/audio/64/ar.mahermuaiqly/1715.mp3"
        ],
        "text": "ٱللَّهُ يَعْلَمُ مَا تَحْمِلُ كُلُّ أُنثَىٰ وَمَا تَغِيضُ ٱلْأَرْحَامُ وَمَا تَزْدَادُ ۖ وَكُلُّ شَىْءٍ عِندَهُۥ بِمِقْدَارٍ",
        "numberInSurah": 8,
        "juz": 13,
        "manzil": 3,
        "page": 250,
        "ruku": 206,
        "hizbQuarter": 100,
        "sajda": false,
        "audioArabic": [
          "https://cdn.jsdelivr.net/gh/Salimbd71/ArabicQuran@main/13/8.mp3"
        ],
        "audioBangla": [
          "https://cdn.jsdelivr.net/gh/Salimbd71/BanglaQuran@main/13/8.mp3"
        ]
      },
      {
        "number": 1716,
        "audio": "https://cdn.islamic.network/quran/audio/128/ar.mahermuaiqly/1716.mp3",
        "audioSecondary": [
          "https://cdn.islamic.network/quran/audio/64/ar.mahermuaiqly/1716.mp3"
        ],
        "text": "عَٰلِمُ ٱلْغَيْبِ وَٱلشَّهَٰدَةِ ٱلْكَبِيرُ ٱلْمُتَعَالِ",
        "numberInSurah": 9,
        "juz": 13,
        "manzil": 3,
        "page": 250,
        "ruku": 206,
        "hizbQuarter": 100,
        "sajda": false,
        "audioArabic": [
          "https://cdn.jsdelivr.net/gh/Salimbd71/ArabicQuran@main/13/9.mp3"
        ],
        "audioBangla": [
          "https://cdn.jsdelivr.net/gh/Salimbd71/BanglaQuran@main/13/9.mp3"
        ]
      },
      {
        "number": 1717,
        "audio": "https://cdn.islamic.network/quran/audio/128/ar.mahermuaiqly/1717.mp3",
        "audioSecondary": [
          "https://cdn.islamic.network/quran/audio/64/ar.mahermuaiqly/1717.mp3"
        ],
        "text": "سَوَآءٌۭ مِّنكُم مَّنْ أَسَرَّ ٱلْقَوْلَ وَمَن جَهَرَ بِهِۦ وَمَنْ هُوَ مُسْتَخْفٍۭ بِٱلَّيْلِ وَسَارِبٌۢ بِٱلنَّهَارِ",
        "numberInSurah": 10,
        "juz": 13,
        "manzil": 3,
        "page": 250,
        "ruku": 206,
        "hizbQuarter": 100,
        "sajda": false,
        "audioArabic": [
          "https://cdn.jsdelivr.net/gh/Salimbd71/ArabicQuran@main/13/10.mp3"
        ],
        "audioBangla": [
          "https://cdn.jsdelivr.net/gh/Salimbd71/BanglaQuran@main/13/10.mp3"
        ]
      },
      {
        "number": 1718,
        "audio": "https://cdn.islamic.network/quran/audio/128/ar.mahermuaiqly/1718.mp3",
        "audioSecondary": [
          "https://cdn.islamic.network/quran/audio/64/ar.mahermuaiqly/1718.mp3"
        ],
        "text": "لَهُۥ مُعَقِّبَٰتٌۭ مِّنۢ بَيْنِ يَدَيْهِ وَمِنْ خَلْفِهِۦ يَحْفَظُونَهُۥ مِنْ أَمْرِ ٱللَّهِ ۗ إِنَّ ٱللَّهَ لَا يُغَيِّرُ مَا بِقَوْمٍ حَتَّىٰ يُغَيِّرُوا۟ مَا بِأَنفُسِهِمْ ۗ وَإِذَآ أَرَادَ ٱللَّهُ بِقَوْمٍۢ سُوٓءًۭا فَلَا مَرَدَّ لَهُۥ ۚ وَمَا لَهُم مِّن دُونِهِۦ مِن وَالٍ",
        "numberInSurah": 11,
        "juz": 13,
        "manzil": 3,
        "page": 250,
        "ruku": 206,
        "hizbQuarter": 100,
        "sajda": false,
        "audioArabic": [
          "https://cdn.jsdelivr.net/gh/Salimbd71/ArabicQuran@main/13/11.mp3"
        ],
        "audioBangla": [
          "https://cdn.jsdelivr.net/gh/Salimbd71/BanglaQuran@main/13/11.mp3"
        ]
      },
      {
        "number": 1719,
        "audio": "https://cdn.islamic.network/quran/audio/128/ar.mahermuaiqly/1719.mp3",
        "audioSecondary": [
          "https://cdn.islamic.network/quran/audio/64/ar.mahermuaiqly/1719.mp3"
        ],
        "text": "هُوَ ٱلَّذِى يُرِيكُمُ ٱلْبَرْقَ خَوْفًۭا وَطَمَعًۭا وَيُنشِئُ ٱلسَّحَابَ ٱلثِّقَالَ",
        "numberInSurah": 12,
        "juz": 13,
        "manzil": 3,
        "page": 250,
        "ruku": 206,
        "hizbQuarter": 100,
        "sajda": false,
        "audioArabic": [
          "https://cdn.jsdelivr.net/gh/Salimbd71/ArabicQuran@main/13/12.mp3"
        ],
        "audioBangla": [
          "https://cdn.jsdelivr.net/gh/Salimbd71/BanglaQuran@main/13/12.mp3"
        ]
      },
      {
        "number": 1720,
        "audio": "https://cdn.islamic.network/quran/audio/128/ar.mahermuaiqly/1720.mp3",
        "audioSecondary": [
          "https://cdn.islamic.network/quran/audio/64/ar.mahermuaiqly/1720.mp3"
        ],
        "text": "وَيُسَبِّحُ ٱلرَّعْدُ بِحَمْدِهِۦ وَٱلْمَلَٰٓئِكَةُ مِنْ خِيفَتِهِۦ وَيُرْسِلُ ٱلصَّوَٰعِقَ فَيُصِيبُ بِهَا مَن يَشَآءُ وَهُمْ يُجَٰدِلُونَ فِى ٱللَّهِ وَهُوَ شَدِيدُ ٱلْمِحَالِ",
        "numberInSurah": 13,
        "juz": 13,
        "manzil": 3,
        "page": 250,
        "ruku": 206,
        "hizbQuarter": 100,
        "sajda": false,
        "audioArabic": [
          "https://cdn.jsdelivr.net/gh/Salimbd71/ArabicQuran@main/13/13.mp3"
        ],
        "audioBangla": [
          "https://cdn.jsdelivr.net/gh/Salimbd71/BanglaQuran@main/13/13.mp3"
        ]
      },
      {
        "number": 1721,
        "audio": "https://cdn.islamic.network/quran/audio/128/ar.mahermuaiqly/1721.mp3",
        "audioSecondary": [
          "https://cdn.islamic.network/quran/audio/64/ar.mahermuaiqly/1721.mp3"
        ],
        "text": "لَهُۥ دَعْوَةُ ٱلْحَقِّ ۖ وَٱلَّذِينَ يَدْعُونَ مِن دُونِهِۦ لَا يَسْتَجِيبُونَ لَهُم بِشَىْءٍ إِلَّا كَبَٰسِطِ كَفَّيْهِ إِلَى ٱلْمَآءِ لِيَبْلُغَ فَاهُ وَمَا هُوَ بِبَٰلِغِهِۦ ۚ وَمَا دُعَآءُ ٱلْكَٰفِرِينَ إِلَّا فِى ضَلَٰلٍۢ",
        "numberInSurah": 14,
        "juz": 13,
        "manzil": 3,
        "page": 251,
        "ruku": 206,
        "hizbQuarter": 100,
        "sajda": false,
        "audioArabic": [
          "https://cdn.jsdelivr.net/gh/Salimbd71/ArabicQuran@main/13/14.mp3"
        ],
        "audioBangla": [
          "https://cdn.jsdelivr.net/gh/Salimbd71/BanglaQuran@main/13/14.mp3"
        ]
      },
      {
        "number": 1722,
        "audio": "https://cdn.islamic.network/quran/audio/128/ar.mahermuaiqly/1722.mp3",
        "audioSecondary": [
          "https://cdn.islamic.network/quran/audio/64/ar.mahermuaiqly/1722.mp3"
        ],
        "text": "وَلِلَّهِ يَسْجُدُ مَن فِى ٱلسَّمَٰوَٰتِ وَٱلْأَرْضِ طَوْعًۭا وَكَرْهًۭا وَظِلَٰلُهُم بِٱلْغُدُوِّ وَٱلْءَاصَالِ ۩",
        "numberInSurah": 15,
        "juz": 13,
        "manzil": 3,
        "page": 251,
        "ruku": 206,
        "hizbQuarter": 100,
        "sajda": {
          "id": 2,
          "recommended": true,
          "obligatory": false
        },
        "audioArabic": [
          "https://cdn.jsdelivr.net/gh/Salimbd71/ArabicQuran@main/13/15.mp3"
        ],
        "audioBangla": [
          "https://cdn.jsdelivr.net/gh/Salimbd71/BanglaQuran@main/13/15.mp3"
        ]
      },
      {
        "number": 1723,
        "audio": "https://cdn.islamic.network/quran/audio/128/ar.mahermuaiqly/1723.mp3",
        "audioSecondary": [
          "https://cdn.islamic.network/quran/audio/64/ar.mahermuaiqly/1723.mp3"
        ],
        "text": "قُلْ مَن رَّبُّ ٱلسَّمَٰوَٰتِ وَٱلْأَرْضِ قُلِ ٱللَّهُ ۚ قُلْ أَفَٱتَّخَذْتُم مِّن دُونِهِۦٓ أَوْلِيَآءَ لَا يَمْلِكُونَ لِأَنفُسِهِمْ نَفْعًۭا وَلَا ضَرًّۭا ۚ قُلْ هَلْ يَسْتَوِى ٱلْأَعْمَىٰ وَٱلْبَصِيرُ أَمْ هَلْ تَسْتَوِى ٱلظُّلُمَٰتُ وَٱلنُّورُ ۗ أَمْ جَعَلُوا۟ لِلَّهِ شُرَكَآءَ خَلَقُوا۟ كَخَلْقِهِۦ فَتَشَٰبَهَ ٱلْخَلْقُ عَلَيْهِمْ ۚ قُلِ ٱللَّهُ خَٰلِقُ كُلِّ شَىْءٍۢ وَهُوَ ٱلْوَٰحِدُ ٱلْقَهَّٰرُ",
        "numberInSurah": 16,
        "juz": 13,
        "manzil": 3,
        "page": 251,
        "ruku": 206,
        "hizbQuarter": 100,
        "sajda": false,
        "audioArabic": [
          "https://cdn.jsdelivr.net/gh/Salimbd71/ArabicQuran@main/13/16.mp3"
        ],
        "audioBangla": [
          "https://cdn.jsdelivr.net/gh/Salimbd71/BanglaQuran@main/13/16.mp3"
        ]
      },
      {
        "number": 1724,
        "audio": "https://cdn.islamic.network/quran/audio/128/ar.mahermuaiqly/1724.mp3",
        "audioSecondary": [
          "https://cdn.islamic.network/quran/audio/64/ar.mahermuaiqly/1724.mp3"
        ],
        "text": "أَنزَلَ مِنَ ٱلسَّمَآءِ مَآءًۭ فَسَالَتْ أَوْدِيَةٌۢ بِقَدَرِهَا فَٱحْتَمَلَ ٱلسَّيْلُ زَبَدًۭا رَّابِيًۭا ۚ وَمِمَّا يُوقِدُونَ عَلَيْهِ فِى ٱلنَّارِ ٱبْتِغَآءَ حِلْيَةٍ أَوْ مَتَٰعٍۢ زَبَدٌۭ مِّثْلُهُۥ ۚ كَذَٰلِكَ يَضْرِبُ ٱللَّهُ ٱلْحَقَّ وَٱلْبَٰطِلَ ۚ فَأَمَّا ٱلزَّبَدُ فَيَذْهَبُ جُفَآءًۭ ۖ وَأَمَّا مَا يَنفَعُ ٱلنَّاسَ فَيَمْكُثُ فِى ٱلْأَرْضِ ۚ كَذَٰلِكَ يَضْرِبُ ٱللَّهُ ٱلْأَمْثَالَ",
        "numberInSurah": 17,
        "juz": 13,
        "manzil": 3,
        "page": 251,
        "ruku": 206,
        "hizbQuarter": 100,
        "sajda": false,
        "audioArabic": [
          "https://cdn.jsdelivr.net/gh/Salimbd71/ArabicQuran@main/13/17.mp3"
        ],
        "audioBangla": [
          "https://cdn.jsdelivr.net/gh/Salimbd71/BanglaQuran@main/13/17.mp3"
        ]
      },
      {
        "number": 1725,
        "audio": "https://cdn.islamic.network/quran/audio/128/ar.mahermuaiqly/1725.mp3",
        "audioSecondary": [
          "https://cdn.islamic.network/quran/audio/64/ar.mahermuaiqly/1725.mp3"
        ],
        "text": "لِلَّذِينَ ٱسْتَجَابُوا۟ لِرَبِّهِمُ ٱلْحُسْنَىٰ ۚ وَٱلَّذِينَ لَمْ يَسْتَجِيبُوا۟ لَهُۥ لَوْ أَنَّ لَهُم مَّا فِى ٱلْأَرْضِ جَمِيعًۭا وَمِثْلَهُۥ مَعَهُۥ لَٱفْتَدَوْا۟ بِهِۦٓ ۚ أُو۟لَٰٓئِكَ لَهُمْ سُوٓءُ ٱلْحِسَابِ وَمَأْوَىٰهُمْ جَهَنَّمُ ۖ وَبِئْسَ ٱلْمِهَادُ",
        "numberInSurah": 18,
        "juz": 13,
        "manzil": 3,
        "page": 251,
        "ruku": 206,
        "hizbQuarter": 100,
        "sajda": false,
        "audioArabic": [
          "https://cdn.jsdelivr.net/gh/Salimbd71/ArabicQuran@main/13/18.mp3"
        ],
        "audioBangla": [
          "https://cdn.jsdelivr.net/gh/Salimbd71/BanglaQuran@main/13/18.mp3"
        ]
      },
      {
        "number": 1726,
        "audio": "https://cdn.islamic.network/quran/audio/128/ar.mahermuaiqly/1726.mp3",
        "audioSecondary": [
          "https://cdn.islamic.network/quran/audio/64/ar.mahermuaiqly/1726.mp3"
        ],
        "text": "۞ أَفَمَن يَعْلَمُ أَنَّمَآ أُنزِلَ إِلَيْكَ مِن رَّبِّكَ ٱلْحَقُّ كَمَنْ هُوَ أَعْمَىٰٓ ۚ إِنَّمَا يَتَذَكَّرُ أُو۟لُوا۟ ٱلْأَلْبَٰبِ",
        "numberInSurah": 19,
        "juz": 13,
        "manzil": 3,
        "page": 252,
        "ruku": 207,
        "hizbQuarter": 101,
        "sajda": false,
        "audioArabic": [
          "https://cdn.jsdelivr.net/gh/Salimbd71/ArabicQuran@main/13/19.mp3"
        ],
        "audioBangla": [
          "https://cdn.jsdelivr.net/gh/Salimbd71/BanglaQuran@main/13/19.mp3"
        ]
      },
      {
        "number": 1727,
        "audio": "https://cdn.islamic.network/quran/audio/128/ar.mahermuaiqly/1727.mp3",
        "audioSecondary": [
          "https://cdn.islamic.network/quran/audio/64/ar.mahermuaiqly/1727.mp3"
        ],
        "text": "ٱلَّذِينَ يُوفُونَ بِعَهْدِ ٱللَّهِ وَلَا يَنقُضُونَ ٱلْمِيثَٰقَ",
        "numberInSurah": 20,
        "juz": 13,
        "manzil": 3,
        "page": 252,
        "ruku": 207,
        "hizbQuarter": 101,
        "sajda": false,
        "audioArabic": [
          "https://cdn.jsdelivr.net/gh/Salimbd71/ArabicQuran@main/13/20.mp3"
        ],
        "audioBangla": [
          "https://cdn.jsdelivr.net/gh/Salimbd71/BanglaQuran@main/13/20.mp3"
        ]
      },
      {
        "number": 1728,
        "audio": "https://cdn.islamic.network/quran/audio/128/ar.mahermuaiqly/1728.mp3",
        "audioSecondary": [
          "https://cdn.islamic.network/quran/audio/64/ar.mahermuaiqly/1728.mp3"
        ],
        "text": "وَٱلَّذِينَ يَصِلُونَ مَآ أَمَرَ ٱللَّهُ بِهِۦٓ أَن يُوصَلَ وَيَخْشَوْنَ رَبَّهُمْ وَيَخَافُونَ سُوٓءَ ٱلْحِسَابِ",
        "numberInSurah": 21,
        "juz": 13,
        "manzil": 3,
        "page": 252,
        "ruku": 207,
        "hizbQuarter": 101,
        "sajda": false,
        "audioArabic": [
          "https://cdn.jsdelivr.net/gh/Salimbd71/ArabicQuran@main/13/21.mp3"
        ],
        "audioBangla": [
          "https://cdn.jsdelivr.net/gh/Salimbd71/BanglaQuran@main/13/21.mp3"
        ]
      },
      {
        "number": 1729,
        "audio": "https://cdn.islamic.network/quran/audio/128/ar.mahermuaiqly/1729.mp3",
        "audioSecondary": [
          "https://cdn.islamic.network/quran/audio/64/ar.mahermuaiqly/1729.mp3"
        ],
        "text": "وَٱلَّذِينَ صَبَرُوا۟ ٱبْتِغَآءَ وَجْهِ رَبِّهِمْ وَأَقَامُوا۟ ٱلصَّلَوٰةَ وَأَنفَقُوا۟ مِمَّا رَزَقْنَٰهُمْ سِرًّۭا وَعَلَانِيَةًۭ وَيَدْرَءُونَ بِٱلْحَسَنَةِ ٱلسَّيِّئَةَ أُو۟لَٰٓئِكَ لَهُمْ عُقْبَى ٱلدَّارِ",
        "numberInSurah": 22,
        "juz": 13,
        "manzil": 3,
        "page": 252,
        "ruku": 207,
        "hizbQuarter": 101,
        "sajda": false,
        "audioArabic": [
          "https://cdn.jsdelivr.net/gh/Salimbd71/ArabicQuran@main/13/22.mp3"
        ],
        "audioBangla": [
          "https://cdn.jsdelivr.net/gh/Salimbd71/BanglaQuran@main/13/22.mp3"
        ]
      },
      {
        "number": 1730,
        "audio": "https://cdn.islamic.network/quran/audio/128/ar.mahermuaiqly/1730.mp3",
        "audioSecondary": [
          "https://cdn.islamic.network/quran/audio/64/ar.mahermuaiqly/1730.mp3"
        ],
        "text": "جَنَّٰتُ عَدْنٍۢ يَدْخُلُونَهَا وَمَن صَلَحَ مِنْ ءَابَآئِهِمْ وَأَزْوَٰجِهِمْ وَذُرِّيَّٰتِهِمْ ۖ وَٱلْمَلَٰٓئِكَةُ يَدْخُلُونَ عَلَيْهِم مِّن كُلِّ بَابٍۢ",
        "numberInSurah": 23,
        "juz": 13,
        "manzil": 3,
        "page": 252,
        "ruku": 207,
        "hizbQuarter": 101,
        "sajda": false,
        "audioArabic": [
          "https://cdn.jsdelivr.net/gh/Salimbd71/ArabicQuran@main/13/23.mp3"
        ],
        "audioBangla": [
          "https://cdn.jsdelivr.net/gh/Salimbd71/BanglaQuran@main/13/23.mp3"
        ]
      },
      {
        "number": 1731,
        "audio": "https://cdn.islamic.network/quran/audio/128/ar.mahermuaiqly/1731.mp3",
        "audioSecondary": [
          "https://cdn.islamic.network/quran/audio/64/ar.mahermuaiqly/1731.mp3"
        ],
        "text": "سَلَٰمٌ عَلَيْكُم بِمَا صَبَرْتُمْ ۚ فَنِعْمَ عُقْبَى ٱلدَّارِ",
        "numberInSurah": 24,
        "juz": 13,
        "manzil": 3,
        "page": 252,
        "ruku": 207,
        "hizbQuarter": 101,
        "sajda": false,
        "audioArabic": [
          "https://cdn.jsdelivr.net/gh/Salimbd71/ArabicQuran@main/13/24.mp3"
        ],
        "audioBangla": [
          "https://cdn.jsdelivr.net/gh/Salimbd71/BanglaQuran@main/13/24.mp3"
        ]
      },
      {
        "number": 1732,
        "audio": "https://cdn.islamic.network/quran/audio/128/ar.mahermuaiqly/1732.mp3",
        "audioSecondary": [
          "https://cdn.islamic.network/quran/audio/64/ar.mahermuaiqly/1732.mp3"
        ],
        "text": "وَٱلَّذِينَ يَنقُضُونَ عَهْدَ ٱللَّهِ مِنۢ بَعْدِ مِيثَٰقِهِۦ وَيَقْطَعُونَ مَآ أَمَرَ ٱللَّهُ بِهِۦٓ أَن يُوصَلَ وَيُفْسِدُونَ فِى ٱلْأَرْضِ ۙ أُو۟لَٰٓئِكَ لَهُمُ ٱللَّعْنَةُ وَلَهُمْ سُوٓءُ ٱلدَّارِ",
        "numberInSurah": 25,
        "juz": 13,
        "manzil": 3,
        "page": 252,
        "ruku": 207,
        "hizbQuarter": 101,
        "sajda": false,
        "audioArabic": [
          "https://cdn.jsdelivr.net/gh/Salimbd71/ArabicQuran@main/13/25.mp3"
        ],
        "audioBangla": [
          "https://cdn.jsdelivr.net/gh/Salimbd71/BanglaQuran@main/13/25.mp3"
        ]
      },
      {
        "number": 1733,
        "audio": "https://cdn.islamic.network/quran/audio/128/ar.mahermuaiqly/1733.mp3",
        "audioSecondary": [
          "https://cdn.islamic.network/quran/audio/64/ar.mahermuaiqly/1733.mp3"
        ],
        "text": "ٱللَّهُ يَبْسُطُ ٱلرِّزْقَ لِمَن يَشَآءُ وَيَقْدِرُ ۚ وَفَرِحُوا۟ بِٱلْحَيَوٰةِ ٱلدُّنْيَا وَمَا ٱلْحَيَوٰةُ ٱلدُّنْيَا فِى ٱلْءَاخِرَةِ إِلَّا مَتَٰعٌۭ",
        "numberInSurah": 26,
        "juz": 13,
        "manzil": 3,
        "page": 252,
        "ruku": 207,
        "hizbQuarter": 101,
        "sajda": false,
        "audioArabic": [
          "https://cdn.jsdelivr.net/gh/Salimbd71/ArabicQuran@main/13/26.mp3"
        ],
        "audioBangla": [
          "https://cdn.jsdelivr.net/gh/Salimbd71/BanglaQuran@main/13/26.mp3"
        ]
      },
      {
        "number": 1734,
        "audio": "https://cdn.islamic.network/quran/audio/128/ar.mahermuaiqly/1734.mp3",
        "audioSecondary": [
          "https://cdn.islamic.network/quran/audio/64/ar.mahermuaiqly/1734.mp3"
        ],
        "text": "وَيَقُولُ ٱلَّذِينَ كَفَرُوا۟ لَوْلَآ أُنزِلَ عَلَيْهِ ءَايَةٌۭ مِّن رَّبِّهِۦ ۗ قُلْ إِنَّ ٱللَّهَ يُضِلُّ مَن يَشَآءُ وَيَهْدِىٓ إِلَيْهِ مَنْ أَنَابَ",
        "numberInSurah": 27,
        "juz": 13,
        "manzil": 3,
        "page": 252,
        "ruku": 208,
        "hizbQuarter": 101,
        "sajda": false,
        "audioArabic": [
          "https://cdn.jsdelivr.net/gh/Salimbd71/ArabicQuran@main/13/27.mp3"
        ],
        "audioBangla": [
          "https://cdn.jsdelivr.net/gh/Salimbd71/BanglaQuran@main/13/27.mp3"
        ]
      },
      {
        "number": 1735,
        "audio": "https://cdn.islamic.network/quran/audio/128/ar.mahermuaiqly/1735.mp3",
        "audioSecondary": [
          "https://cdn.islamic.network/quran/audio/64/ar.mahermuaiqly/1735.mp3"
        ],
        "text": "ٱلَّذِينَ ءَامَنُوا۟ وَتَطْمَئِنُّ قُلُوبُهُم بِذِكْرِ ٱللَّهِ ۗ أَلَا بِذِكْرِ ٱللَّهِ تَطْمَئِنُّ ٱلْقُلُوبُ",
        "numberInSurah": 28,
        "juz": 13,
        "manzil": 3,
        "page": 252,
        "ruku": 208,
        "hizbQuarter": 101,
        "sajda": false,
        "audioArabic": [
          "https://cdn.jsdelivr.net/gh/Salimbd71/ArabicQuran@main/13/28.mp3"
        ],
        "audioBangla": [
          "https://cdn.jsdelivr.net/gh/Salimbd71/BanglaQuran@main/13/28.mp3"
        ]
      },
      {
        "number": 1736,
        "audio": "https://cdn.islamic.network/quran/audio/128/ar.mahermuaiqly/1736.mp3",
        "audioSecondary": [
          "https://cdn.islamic.network/quran/audio/64/ar.mahermuaiqly/1736.mp3"
        ],
        "text": "ٱلَّذِينَ ءَامَنُوا۟ وَعَمِلُوا۟ ٱلصَّٰلِحَٰتِ طُوبَىٰ لَهُمْ وَحُسْنُ مَـَٔابٍۢ",
        "numberInSurah": 29,
        "juz": 13,
        "manzil": 3,
        "page": 253,
        "ruku": 208,
        "hizbQuarter": 101,
        "sajda": false,
        "audioArabic": [
          "https://cdn.jsdelivr.net/gh/Salimbd71/ArabicQuran@main/13/29.mp3"
        ],
        "audioBangla": [
          "https://cdn.jsdelivr.net/gh/Salimbd71/BanglaQuran@main/13/29.mp3"
        ]
      },
      {
        "number": 1737,
        "audio": "https://cdn.islamic.network/quran/audio/128/ar.mahermuaiqly/1737.mp3",
        "audioSecondary": [
          "https://cdn.islamic.network/quran/audio/64/ar.mahermuaiqly/1737.mp3"
        ],
        "text": "كَذَٰلِكَ أَرْسَلْنَٰكَ فِىٓ أُمَّةٍۢ قَدْ خَلَتْ مِن قَبْلِهَآ أُمَمٌۭ لِّتَتْلُوَا۟ عَلَيْهِمُ ٱلَّذِىٓ أَوْحَيْنَآ إِلَيْكَ وَهُمْ يَكْفُرُونَ بِٱلرَّحْمَٰنِ ۚ قُلْ هُوَ رَبِّى لَآ إِلَٰهَ إِلَّا هُوَ عَلَيْهِ تَوَكَّلْتُ وَإِلَيْهِ مَتَابِ",
        "numberInSurah": 30,
        "juz": 13,
        "manzil": 3,
        "page": 253,
        "ruku": 208,
        "hizbQuarter": 101,
        "sajda": false,
        "audioArabic": [
          "https://cdn.jsdelivr.net/gh/Salimbd71/ArabicQuran@main/13/30.mp3"
        ],
        "audioBangla": [
          "https://cdn.jsdelivr.net/gh/Salimbd71/BanglaQuran@main/13/30.mp3"
        ]
      },
      {
        "number": 1738,
        "audio": "https://cdn.islamic.network/quran/audio/128/ar.mahermuaiqly/1738.mp3",
        "audioSecondary": [
          "https://cdn.islamic.network/quran/audio/64/ar.mahermuaiqly/1738.mp3"
        ],
        "text": "وَلَوْ أَنَّ قُرْءَانًۭا سُيِّرَتْ بِهِ ٱلْجِبَالُ أَوْ قُطِّعَتْ بِهِ ٱلْأَرْضُ أَوْ كُلِّمَ بِهِ ٱلْمَوْتَىٰ ۗ بَل لِّلَّهِ ٱلْأَمْرُ جَمِيعًا ۗ أَفَلَمْ يَا۟يْـَٔسِ ٱلَّذِينَ ءَامَنُوٓا۟ أَن لَّوْ يَشَآءُ ٱللَّهُ لَهَدَى ٱلنَّاسَ جَمِيعًۭا ۗ وَلَا يَزَالُ ٱلَّذِينَ كَفَرُوا۟ تُصِيبُهُم بِمَا صَنَعُوا۟ قَارِعَةٌ أَوْ تَحُلُّ قَرِيبًۭا مِّن دَارِهِمْ حَتَّىٰ يَأْتِىَ وَعْدُ ٱللَّهِ ۚ إِنَّ ٱللَّهَ لَا يُخْلِفُ ٱلْمِيعَادَ",
        "numberInSurah": 31,
        "juz": 13,
        "manzil": 3,
        "page": 253,
        "ruku": 208,
        "hizbQuarter": 101,
        "sajda": false,
        "audioArabic": [
          "https://cdn.jsdelivr.net/gh/Salimbd71/ArabicQuran@main/13/31.mp3"
        ],
        "audioBangla": [
          "https://cdn.jsdelivr.net/gh/Salimbd71/BanglaQuran@main/13/31.mp3"
        ]
      },
      {
        "number": 1739,
        "audio": "https://cdn.islamic.network/quran/audio/128/ar.mahermuaiqly/1739.mp3",
        "audioSecondary": [
          "https://cdn.islamic.network/quran/audio/64/ar.mahermuaiqly/1739.mp3"
        ],
        "text": "وَلَقَدِ ٱسْتُهْزِئَ بِرُسُلٍۢ مِّن قَبْلِكَ فَأَمْلَيْتُ لِلَّذِينَ كَفَرُوا۟ ثُمَّ أَخَذْتُهُمْ ۖ فَكَيْفَ كَانَ عِقَابِ",
        "numberInSurah": 32,
        "juz": 13,
        "manzil": 3,
        "page": 253,
        "ruku": 209,
        "hizbQuarter": 101,
        "sajda": false,
        "audioArabic": [
          "https://cdn.jsdelivr.net/gh/Salimbd71/ArabicQuran@main/13/32.mp3"
        ],
        "audioBangla": [
          "https://cdn.jsdelivr.net/gh/Salimbd71/BanglaQuran@main/13/32.mp3"
        ]
      },
      {
        "number": 1740,
        "audio": "https://cdn.islamic.network/quran/audio/128/ar.mahermuaiqly/1740.mp3",
        "audioSecondary": [
          "https://cdn.islamic.network/quran/audio/64/ar.mahermuaiqly/1740.mp3"
        ],
        "text": "أَفَمَنْ هُوَ قَآئِمٌ عَلَىٰ كُلِّ نَفْسٍۭ بِمَا كَسَبَتْ ۗ وَجَعَلُوا۟ لِلَّهِ شُرَكَآءَ قُلْ سَمُّوهُمْ ۚ أَمْ تُنَبِّـُٔونَهُۥ بِمَا لَا يَعْلَمُ فِى ٱلْأَرْضِ أَم بِظَٰهِرٍۢ مِّنَ ٱلْقَوْلِ ۗ بَلْ زُيِّنَ لِلَّذِينَ كَفَرُوا۟ مَكْرُهُمْ وَصُدُّوا۟ عَنِ ٱلسَّبِيلِ ۗ وَمَن يُضْلِلِ ٱللَّهُ فَمَا لَهُۥ مِنْ هَادٍۢ",
        "numberInSurah": 33,
        "juz": 13,
        "manzil": 3,
        "page": 253,
        "ruku": 209,
        "hizbQuarter": 101,
        "sajda": false,
        "audioArabic": [
          "https://cdn.jsdelivr.net/gh/Salimbd71/ArabicQuran@main/13/33.mp3"
        ],
        "audioBangla": [
          "https://cdn.jsdelivr.net/gh/Salimbd71/BanglaQuran@main/13/33.mp3"
        ]
      },
      {
        "number": 1741,
        "audio": "https://cdn.islamic.network/quran/audio/128/ar.mahermuaiqly/1741.mp3",
        "audioSecondary": [
          "https://cdn.islamic.network/quran/audio/64/ar.mahermuaiqly/1741.mp3"
        ],
        "text": "لَّهُمْ عَذَابٌۭ فِى ٱلْحَيَوٰةِ ٱلدُّنْيَا ۖ وَلَعَذَابُ ٱلْءَاخِرَةِ أَشَقُّ ۖ وَمَا لَهُم مِّنَ ٱللَّهِ مِن وَاقٍۢ",
        "numberInSurah": 34,
        "juz": 13,
        "manzil": 3,
        "page": 253,
        "ruku": 209,
        "hizbQuarter": 101,
        "sajda": false,
        "audioArabic": [
          "https://cdn.jsdelivr.net/gh/Salimbd71/ArabicQuran@main/13/34.mp3"
        ],
        "audioBangla": [
          "https://cdn.jsdelivr.net/gh/Salimbd71/BanglaQuran@main/13/34.mp3"
        ]
      },
      {
        "number": 1742,
        "audio": "https://cdn.islamic.network/quran/audio/128/ar.mahermuaiqly/1742.mp3",
        "audioSecondary": [
          "https://cdn.islamic.network/quran/audio/64/ar.mahermuaiqly/1742.mp3"
        ],
        "text": "۞ مَّثَلُ ٱلْجَنَّةِ ٱلَّتِى وُعِدَ ٱلْمُتَّقُونَ ۖ تَجْرِى مِن تَحْتِهَا ٱلْأَنْهَٰرُ ۖ أُكُلُهَا دَآئِمٌۭ وَظِلُّهَا ۚ تِلْكَ عُقْبَى ٱلَّذِينَ ٱتَّقَوا۟ ۖ وَّعُقْبَى ٱلْكَٰفِرِينَ ٱلنَّارُ",
        "numberInSurah": 35,
        "juz": 13,
        "manzil": 3,
        "page": 254,
        "ruku": 209,
        "hizbQuarter": 102,
        "sajda": false,
        "audioArabic": [
          "https://cdn.jsdelivr.net/gh/Salimbd71/ArabicQuran@main/13/35.mp3"
        ],
        "audioBangla": [
          "https://cdn.jsdelivr.net/gh/Salimbd71/BanglaQuran@main/13/35.mp3"
        ]
      },
      {
        "number": 1743,
        "audio": "https://cdn.islamic.network/quran/audio/128/ar.mahermuaiqly/1743.mp3",
        "audioSecondary": [
          "https://cdn.islamic.network/quran/audio/64/ar.mahermuaiqly/1743.mp3"
        ],
        "text": "وَٱلَّذِينَ ءَاتَيْنَٰهُمُ ٱلْكِتَٰبَ يَفْرَحُونَ بِمَآ أُنزِلَ إِلَيْكَ ۖ وَمِنَ ٱلْأَحْزَابِ مَن يُنكِرُ بَعْضَهُۥ ۚ قُلْ إِنَّمَآ أُمِرْتُ أَنْ أَعْبُدَ ٱللَّهَ وَلَآ أُشْرِكَ بِهِۦٓ ۚ إِلَيْهِ أَدْعُوا۟ وَإِلَيْهِ مَـَٔابِ",
        "numberInSurah": 36,
        "juz": 13,
        "manzil": 3,
        "page": 254,
        "ruku": 209,
        "hizbQuarter": 102,
        "sajda": false,
        "audioArabic": [
          "https://cdn.jsdelivr.net/gh/Salimbd71/ArabicQuran@main/13/36.mp3"
        ],
        "audioBangla": [
          "https://cdn.jsdelivr.net/gh/Salimbd71/BanglaQuran@main/13/36.mp3"
        ]
      },
      {
        "number": 1744,
        "audio": "https://cdn.islamic.network/quran/audio/128/ar.mahermuaiqly/1744.mp3",
        "audioSecondary": [
          "https://cdn.islamic.network/quran/audio/64/ar.mahermuaiqly/1744.mp3"
        ],
        "text": "وَكَذَٰلِكَ أَنزَلْنَٰهُ حُكْمًا عَرَبِيًّۭا ۚ وَلَئِنِ ٱتَّبَعْتَ أَهْوَآءَهُم بَعْدَمَا جَآءَكَ مِنَ ٱلْعِلْمِ مَا لَكَ مِنَ ٱللَّهِ مِن وَلِىٍّۢ وَلَا وَاقٍۢ",
        "numberInSurah": 37,
        "juz": 13,
        "manzil": 3,
        "page": 254,
        "ruku": 209,
        "hizbQuarter": 102,
        "sajda": false,
        "audioArabic": [
          "https://cdn.jsdelivr.net/gh/Salimbd71/ArabicQuran@main/13/37.mp3"
        ],
        "audioBangla": [
          "https://cdn.jsdelivr.net/gh/Salimbd71/BanglaQuran@main/13/37.mp3"
        ]
      },
      {
        "number": 1745,
        "audio": "https://cdn.islamic.network/quran/audio/128/ar.mahermuaiqly/1745.mp3",
        "audioSecondary": [
          "https://cdn.islamic.network/quran/audio/64/ar.mahermuaiqly/1745.mp3"
        ],
        "text": "وَلَقَدْ أَرْسَلْنَا رُسُلًۭا مِّن قَبْلِكَ وَجَعَلْنَا لَهُمْ أَزْوَٰجًۭا وَذُرِّيَّةًۭ ۚ وَمَا كَانَ لِرَسُولٍ أَن يَأْتِىَ بِـَٔايَةٍ إِلَّا بِإِذْنِ ٱللَّهِ ۗ لِكُلِّ أَجَلٍۢ كِتَابٌۭ",
        "numberInSurah": 38,
        "juz": 13,
        "manzil": 3,
        "page": 254,
        "ruku": 210,
        "hizbQuarter": 102,
        "sajda": false,
        "audioArabic": [
          "https://cdn.jsdelivr.net/gh/Salimbd71/ArabicQuran@main/13/38.mp3"
        ],
        "audioBangla": [
          "https://cdn.jsdelivr.net/gh/Salimbd71/BanglaQuran@main/13/38.mp3"
        ]
      },
      {
        "number": 1746,
        "audio": "https://cdn.islamic.network/quran/audio/128/ar.mahermuaiqly/1746.mp3",
        "audioSecondary": [
          "https://cdn.islamic.network/quran/audio/64/ar.mahermuaiqly/1746.mp3"
        ],
        "text": "يَمْحُوا۟ ٱللَّهُ مَا يَشَآءُ وَيُثْبِتُ ۖ وَعِندَهُۥٓ أُمُّ ٱلْكِتَٰبِ",
        "numberInSurah": 39,
        "juz": 13,
        "manzil": 3,
        "page": 254,
        "ruku": 210,
        "hizbQuarter": 102,
        "sajda": false,
        "audioArabic": [
          "https://cdn.jsdelivr.net/gh/Salimbd71/ArabicQuran@main/13/39.mp3"
        ],
        "audioBangla": [
          "https://cdn.jsdelivr.net/gh/Salimbd71/BanglaQuran@main/13/39.mp3"
        ]
      },
      {
        "number": 1747,
        "audio": "https://cdn.islamic.network/quran/audio/128/ar.mahermuaiqly/1747.mp3",
        "audioSecondary": [
          "https://cdn.islamic.network/quran/audio/64/ar.mahermuaiqly/1747.mp3"
        ],
        "text": "وَإِن مَّا نُرِيَنَّكَ بَعْضَ ٱلَّذِى نَعِدُهُمْ أَوْ نَتَوَفَّيَنَّكَ فَإِنَّمَا عَلَيْكَ ٱلْبَلَٰغُ وَعَلَيْنَا ٱلْحِسَابُ",
        "numberInSurah": 40,
        "juz": 13,
        "manzil": 3,
        "page": 254,
        "ruku": 210,
        "hizbQuarter": 102,
        "sajda": false,
        "audioArabic": [
          "https://cdn.jsdelivr.net/gh/Salimbd71/ArabicQuran@main/13/40.mp3"
        ],
        "audioBangla": [
          "https://cdn.jsdelivr.net/gh/Salimbd71/BanglaQuran@main/13/40.mp3"
        ]
      },
      {
        "number": 1748,
        "audio": "https://cdn.islamic.network/quran/audio/128/ar.mahermuaiqly/1748.mp3",
        "audioSecondary": [
          "https://cdn.islamic.network/quran/audio/64/ar.mahermuaiqly/1748.mp3"
        ],
        "text": "أَوَلَمْ يَرَوْا۟ أَنَّا نَأْتِى ٱلْأَرْضَ نَنقُصُهَا مِنْ أَطْرَافِهَا ۚ وَٱللَّهُ يَحْكُمُ لَا مُعَقِّبَ لِحُكْمِهِۦ ۚ وَهُوَ سَرِيعُ ٱلْحِسَابِ",
        "numberInSurah": 41,
        "juz": 13,
        "manzil": 3,
        "page": 254,
        "ruku": 210,
        "hizbQuarter": 102,
        "sajda": false,
        "audioArabic": [
          "https://cdn.jsdelivr.net/gh/Salimbd71/ArabicQuran@main/13/41.mp3"
        ],
        "audioBangla": [
          "https://cdn.jsdelivr.net/gh/Salimbd71/BanglaQuran@main/13/41.mp3"
        ]
      },
      {
        "number": 1749,
        "audio": "https://cdn.islamic.network/quran/audio/128/ar.mahermuaiqly/1749.mp3",
        "audioSecondary": [
          "https://cdn.islamic.network/quran/audio/64/ar.mahermuaiqly/1749.mp3"
        ],
        "text": "وَقَدْ مَكَرَ ٱلَّذِينَ مِن قَبْلِهِمْ فَلِلَّهِ ٱلْمَكْرُ جَمِيعًۭا ۖ يَعْلَمُ مَا تَكْسِبُ كُلُّ نَفْسٍۢ ۗ وَسَيَعْلَمُ ٱلْكُفَّٰرُ لِمَنْ عُقْبَى ٱلدَّارِ",
        "numberInSurah": 42,
        "juz": 13,
        "manzil": 3,
        "page": 254,
        "ruku": 210,
        "hizbQuarter": 102,
        "sajda": false,
        "audioArabic": [
          "https://cdn.jsdelivr.net/gh/Salimbd71/ArabicQuran@main/13/42.mp3"
        ],
        "audioBangla": [
          "https://cdn.jsdelivr.net/gh/Salimbd71/BanglaQuran@main/13/42.mp3"
        ]
      },
      {
        "number": 1750,
        "audio": "https://cdn.islamic.network/quran/audio/128/ar.mahermuaiqly/1750.mp3",
        "audioSecondary": [
          "https://cdn.islamic.network/quran/audio/64/ar.mahermuaiqly/1750.mp3"
        ],
        "text": "وَيَقُولُ ٱلَّذِينَ كَفَرُوا۟ لَسْتَ مُرْسَلًۭا ۚ قُلْ كَفَىٰ بِٱللَّهِ شَهِيدًۢا بَيْنِى وَبَيْنَكُمْ وَمَنْ عِندَهُۥ عِلْمُ ٱلْكِتَٰبِ",
        "numberInSurah": 43,
        "juz": 13,
        "manzil": 3,
        "page": 255,
        "ruku": 210,
        "hizbQuarter": 102,
        "sajda": false,
        "audioArabic": [
          "https://cdn.jsdelivr.net/gh/Salimbd71/ArabicQuran@main/13/43.mp3"
        ],
        "audioBangla": [
          "https://cdn.jsdelivr.net/gh/Salimbd71/BanglaQuran@main/13/43.mp3"
        ]
      }
    ],
    "edition": {
      "identifier": "ar.mahermuaiqly",
      "language": "ar",
      "name": "ماهر المعيقلي",
      "englishName": "Maher Al Muaiqly",
      "format": "audio",
      "type": "versebyverse",
      "direction": null
    }
  }
}