{
  "code": 200,
  "status": "OK",
  "data": {
    "number": 49,
    "name": "سُورَةُ الحُجُرَاتِ",
    "englishName": "Al-Hujuraat",
    "englishNameTranslation": "The Inner Apartments",
    "revelationType": "Medinan",
    "numberOfAyahs": 18,
    "ayahs": [
      {
        "number": 4613,
        "audio": "https://everyayah.com/data/Alafasy_64kbps/049001.mp3",
        "audioSecondary": [
          "https://cdn.islamic.network/quran/audio/64/ar.alafasy/4613.mp3"
        ],
        "text": "بِسْمِ ٱللَّهِ ٱلرَّحْمَٰنِ ٱلرَّحِيمِ يَٰٓأَيُّهَا ٱلَّذِينَ ءَامَنُوا۟ لَا تُقَدِّمُوا۟ بَيْنَ يَدَىِ ٱللَّهِ وَرَسُولِهِۦ ۖ وَٱتَّقُوا۟ ٱللَّهَ ۚ إِنَّ ٱللَّهَ سَمِيعٌ عَلِيمٌۭ",
        "numberInSurah": 1,
        "juz": 26,
        "manzil": 6,
        "page": 515,
        "ruku": 450,
        "hizbQuarter": 206,
        "sajda": false,
        "audioArabic": [
          "https://cdn.jsdelivr.net/gh/Salimbd71/ArabicQuran@main/49/1.mp3"
        ],
        "audioBangla": [
          "https://cdn.jsdelivr.net/gh/Salimbd71/BanglaQuran@main/49/1.mp3"
        ]
      },
      {
        "number": 4614,
        "audio": "https://everyayah.com/data/Alafasy_64kbps/049002.mp3",
        "audioSecondary": [
          "https://cdn.islamic.network/quran/audio/64/ar.alafasy/4614.mp3"
        ],
        "text": "يَٰٓأَيُّهَا ٱلَّذِينَ ءَامَنُوا۟ لَا تَرْفَعُوٓا۟ أَصْوَٰتَكُمْ فَوْقَ صَوْتِ ٱلنَّبِىِّ وَلَا تَجْهَرُوا۟ لَهُۥ بِٱلْقَوْلِ كَجَهْرِ بَعْضِكُمْ لِبَعْضٍ أَن تَحْبَطَ أَعْمَٰلُكُمْ وَأَنتُمْ لَا تَشْعُرُونَ",
        "numberInSurah": 2,
        "juz": 26,
        "manzil": 6,
        "page": 515,
        "ruku": 450,
        "hizbQuarter": 206,
        "sajda": false,
        "audioArabic": [
          "https://cdn.jsdelivr.net/gh/Salimbd71/ArabicQuran@main/49/2.mp3"
        ],
        "audioBangla": [
          "https://cdn.jsdelivr.net/gh/Salimbd71/BanglaQuran@main/49/2.mp3"
        ]
      },
      {
        "number": 4615,
        "audio": "https://everyayah.com/data/Alafasy_64kbps/049003.mp3",
        "audioSecondary": [
          "https://cdn.islamic.network/quran/audio/64/ar.alafasy/4615.mp3"
        ],
        "text": "إِنَّ ٱلَّذِينَ يَغُضُّونَ أَصْوَٰتَهُمْ عِندَ رَسُولِ ٱللَّهِ أُو۟لَٰٓئِكَ ٱلَّذِينَ ٱمْتَحَنَ ٱللَّهُ قُلُوبَهُمْ لِلتَّقْوَىٰ ۚ لَهُم مَّغْفِرَةٌۭ وَأَجْرٌ عَظِيمٌ",
        "numberInSurah": 3,
        "juz": 26,
        "manzil": 6,
        "page": 515,
        "ruku": 450,
        "hizbQuarter": 206,
        "sajda": false,
        "audioArabic": [
          "https://cdn.jsdelivr.net/gh/Salimbd71/ArabicQuran@main/49/3.mp3"
        ],
        "audioBangla": [
          "https://cdn.jsdelivr.net/gh/Salimbd71/BanglaQuran@main/49/3.mp3"
        ]
      },
      {
        "number": 4616,
        "audio": "https://everyayah.com/data/Alafasy_64kbps/049004.mp3",
        "audioSecondary": [
          "https://cdn.islamic.network/quran/audio/64/ar.alafasy/4616.mp3"
        ],
        "text": "إِنَّ ٱلَّذِينَ يُنَادُونَكَ مِن وَرَآءِ ٱلْحُجُرَٰتِ أَكْثَرُهُمْ لَا يَعْقِلُونَ",
        "numberInSurah": 4,
        "juz": 26,
        "manzil": 6,
        "page": 515,
        "ruku": 450,
        "hizbQuarter": 206,
        "sajda": false,
        "audioArabic": [
          "https://cdn.jsdelivr.net/gh/Salimbd71/ArabicQuran@main/49/4.mp3"
        ],
        "audioBangla": [
          "https://cdn.jsdelivr.net/gh/Salimbd71/BanglaQuran@main/49/4.mp3"
        ]
      },
      {
        "number": 4617,
        "audio": "https://everyayah.com/data/Alafasy_64kbps/049005.mp3",
        "audioSecondary": [
          "https://cdn.islamic.network/quran/audio/64/ar.alafasy/4617.mp3"
        ],
        "text": "وَلَوْ أَنَّهُمْ صَبَرُوا۟ حَتَّىٰ تَخْرُجَ إِلَيْهِمْ لَكَانَ خَيْرًۭا لَّهُمْ ۚ وَٱللَّهُ غَفُورٌۭ رَّحِيمٌۭ",
        "numberInSurah": 5,
        "juz": 26,
        "manzil": 6,
        "page": 516,
        "ruku": 450,
        "hizbQuarter": 206,
        "sajda": false,
        "audioArabic": [
          "https://cdn.jsdelivr.net/gh/Salimbd71/ArabicQuran@main/49/5.mp3"
        ],
        "audioBangla": [
          "https://cdn.jsdelivr.net/gh/Salimbd71/BanglaQuran@main/49/5.mp3"
        ]
      },
      {
        "number": 4618,
        "audio": "https://everyayah.com/data/Alafasy_64kbps/049006.mp3",
        "audioSecondary": [
          "https://cdn.islamic.network/quran/audio/64/ar.alafasy/4618.mp3"
        ],
        "text": "يَٰٓأَيُّهَا ٱلَّذِينَ ءَامَنُوٓا۟ إِن جَآءَكُمْ فَاسِقٌۢ بِنَبَإٍۢ فَتَبَيَّنُوٓا۟ أَن تُصِيبُوا۟ قَوْمًۢا بِجَهَٰلَةٍۢ فَتُصْبِحُوا۟ عَلَىٰ مَا فَعَلْتُمْ نَٰدِمِينَ",
        "numberInSurah": 6,
        "juz": 26,
        "manzil": 6,
        "page": 516,
        "ruku": 450,
        "hizbQuarter": 206,
        "sajda": false,
        "audioArabic": [
          "https://cdn.jsdelivr.net/gh/Salimbd71/ArabicQuran@main/49/6.mp3"
        ],
        "audioBangla": [
          "https://cdn.jsdelivr.net/gh/Salimbd71/BanglaQuran@main/49/6.mp3"
        ]
      },
      {
        "number": 4619,
        "audio": "https://everyayah.com/data/Alafasy_64kbps/049007.mp3",
        "audioSecondary": [
          "https://cdn.islamic.network/quran/audio/64/ar.alafasy/4619.mp3"
        ],
        "text": "وَٱعْلَمُوٓا۟ أَنَّ فِيكُمْ رَسُولَ ٱللَّهِ ۚ لَوْ يُطِيعُكُمْ فِى كَثِيرٍۢ مِّنَ ٱلْأَمْرِ لَعَنِتُّمْ وَلَٰكِنَّ ٱللَّهَ حَبَّبَ إِلَيْكُمُ ٱلْإِيمَٰنَ وَزَيَّنَهُۥ فِى قُلُوبِكُمْ وَكَرَّهَ إِلَيْكُمُ ٱلْكُفْرَ وَٱلْفُسُوقَ وَٱلْعِصْيَانَ ۚ أُو۟لَٰٓئِكَ هُمُ ٱلرَّٰشِدُونَ",
        "numberInSurah": 7,
        "juz": 26,
        "manzil": 6,
        "page": 516,
        "ruku": 450,
        "hizbQuarter": 206,
        "sajda": false,
        "audioArabic": [
          "https://cdn.jsdelivr.net/gh/Salimbd71/ArabicQuran@main/49/7.mp3"
        ],
        "audioBangla": [
          "https://cdn.jsdelivr.net/gh/Salimbd71/BanglaQuran@main/49/7.mp3"
        ]
      },
      {
        "number": 4620,
        "audio": "https://everyayah.com/data/Alafasy_64kbps/049008.mp3",
        "audioSecondary": [
          "https://cdn.islamic.network/quran/audio/64/ar.alafasy/4620.mp3"
        ],
        "text": "فَضْلًۭا مِّنَ ٱللَّهِ وَنِعْمَةًۭ ۚ وَٱللَّهُ عَلِيمٌ حَكِيمٌۭ",
        "numberInSurah": 8,
        "juz": 26,
        "manzil": 6,
        "page": 516,
        "ruku": 450,
        "hizbQuarter": 206,
        "sajda": false,
        "audioArabic": [
          "https://cdn.jsdelivr.net/gh/Salimbd71/ArabicQuran@main/49/8.mp3"
        ],
        "audioBangla": [
          "https://cdn.jsdelivr.net/gh/Salimbd71/BanglaQuran@main/49/8.mp3"
        ]
      },
      {
        "number": 4621,
        "audio": "https://everyayah.com/data/Alafasy_64kbps/049009.mp3",
        "audioSecondary": [
          "https://cdn.islamic.network/quran/audio/64/ar.alafasy/4621.mp3"
        ],
        "text": "وَإِن طَآئِفَتَانِ مِنَ ٱلْمُؤْمِنِينَ ٱقْتَتَلُوا۟ فَأَصْلِحُوا۟ بَيْنَهُمَا ۖ فَإِنۢ بَغَتْ إِحْدَىٰهُمَا عَلَى ٱلْأُخْرَىٰ فَقَٰتِلُوا۟ ٱلَّتِى تَبْغِى حَتَّىٰ تَفِىٓءَ إِلَىٰٓ أَمْرِ ٱللَّهِ ۚ فَإِن فَآءَتْ فَأَصْلِحُوا۟ بَيْنَهُمَا بِٱلْعَدْلِ وَأَقْسِطُوٓا۟ ۖ إِنَّ ٱللَّهَ يُحِبُّ ٱلْمُقْسِطِينَ",
        "numberInSurah": 9,
        "juz": 26,
        "manzil": 6,
        "page": 516,
        "ruku": 450,
        "hizbQuarter": 206,
        "sajda": false,
        "audioArabic": [
          "https://cdn.jsdelivr.net/gh/Salimbd71/ArabicQuran@main/49/9.mp3"
        ],
        "audioBangla": [
          "https://cdn.jsdelivr.net/gh/Salimbd71/BanglaQuran@main/49/9.mp3"
        ]
      },
      {
        "number": 4622,
        "audio": "https://everyayah.com/data/Alafasy_64kbps/049010.mp3",
        "audioSecondary": [
          "https://cdn.islamic.network/quran/audio/64/ar.alafasy/4622.mp3"
        ],
        "text": "إِنَّمَا ٱلْمُؤْمِنُونَ إِخْوَةٌۭ فَأَصْلِحُوا۟ بَيْنَ أَخَوَيْكُمْ ۚ وَٱتَّقُوا۟ ٱللَّهَ لَعَلَّكُمْ تُرْحَمُونَ",
        "numberInSurah": 10,
        "juz": 26,
        "manzil": 6,
        "page": 516,
        "ruku": 450,
        "hizbQuarter": 206,
        "sajda": false,
        "audioArabic": [
          "https://cdn.jsdelivr.net/gh/Salimbd71/ArabicQuran@main/49/10.mp3"
        ],
        "audioBangla": [
          "https://cdn.jsdelivr.net/gh/Salimbd71/BanglaQuran@main/49/10.mp3"
        ]
      },
      {
        "number": 4623,
        "audio": "https://everyayah.com/data/Alafasy_64kbps/049011.mp3",
        "audioSecondary": [
          "https://cdn.islamic.network/quran/audio/64/ar.alafasy/4623.mp3"
        ],
        "text": "يَٰٓأَيُّهَا ٱلَّذِينَ ءَامَنُوا۟ لَا يَسْخَرْ قَوْمٌۭ مِّن قَوْمٍ عَسَىٰٓ أَن يَكُونُوا۟ خَيْرًۭا مِّنْهُمْ وَلَا نِسَآءٌۭ مِّن نِّسَآءٍ عَسَىٰٓ أَن يَكُنَّ خَيْرًۭا مِّنْهُنَّ ۖ وَلَا تَلْمِزُوٓا۟ أَنفُسَكُمْ وَلَا تَنَابَزُوا۟ بِٱلْأَلْقَٰبِ ۖ بِئْسَ ٱلِٱسْمُ ٱلْفُسُوقُ بَعْدَ ٱلْإِيمَٰنِ ۚ وَمَن لَّمْ يَتُبْ فَأُو۟لَٰٓئِكَ هُمُ ٱلظَّٰلِمُونَ",
        "numberInSurah": 11,
        "juz": 26,
        "manzil": 6,
        "page": 516,
        "ruku": 451,
        "hizbQuarter": 206,
        "sajda": false,
        "audioArabic": [
          "https://cdn.jsdelivr.net/gh/Salimbd71/ArabicQuran@main/49/11.mp3"
        ],
        "audioBangla": [
          "https://cdn.jsdelivr.net/gh/Salimbd71/BanglaQuran@main/49/11.mp3"
        ]
      },
      {
        "number": 4624,
        "audio": "https://everyayah.com/data/Alafasy_64kbps/049012.mp3",
        "audioSecondary": [
          "https://cdn.islamic.network/quran/audio/64/ar.alafasy/4624.mp3"
        ],
        "text": "يَٰٓأَيُّهَا ٱلَّذِينَ ءَامَنُوا۟ ٱجْتَنِبُوا۟ كَثِيرًۭا مِّنَ ٱلظَّنِّ إِنَّ بَعْضَ ٱلظَّنِّ إِثْمٌۭ ۖ وَلَا تَجَسَّسُوا۟ وَلَا يَغْتَب بَّعْضُكُم بَعْضًا ۚ أَيُحِبُّ أَحَدُكُمْ أَن يَأْكُلَ لَحْمَ أَخِيهِ مَيْتًۭا فَكَرِهْتُمُوهُ ۚ وَٱتَّقُوا۟ ٱللَّهَ ۚ إِنَّ ٱللَّهَ تَوَّابٌۭ رَّحِيمٌۭ",
        "numberInSurah": 12,
        "juz": 26,
        "manzil": 6,
        "page": 517,
        "ruku": 451,
        "hizbQuarter": 206,
        "sajda": false,
        "audioArabic": [
          "https://cdn.jsdelivr.net/gh/Salimbd71/ArabicQuran@main/49/12.mp3"
        ],
        "audioBangla": [
          "https://cdn.jsdelivr.net/gh/Salimbd71/BanglaQuran@main/49/12.mp3"
        ]
      },
      {
        "number": 4625,
        "audio": "https://everyayah.com/data/Alafasy_64kbps/049013.mp3",
        "audioSecondary": [
          "https://cdn.islamic.network/quran/audio/64/ar.alafasy/4625.mp3"
        ],
        "text": "يَٰٓأَيُّهَا ٱلنَّاسُ إِنَّا خَلَقْنَٰكُم مِّن ذَكَرٍۢ وَأُنثَىٰ وَجَعَلْنَٰكُمْ شُعُوبًۭا وَقَبَآئِلَ لِتَعَارَفُوٓا۟ ۚ إِنَّ أَكْرَمَكُمْ عِندَ ٱللَّهِ أَتْقَىٰكُمْ ۚ إِنَّ ٱللَّهَ عَلِيمٌ خَبِيرٌۭ",
        "numberInSurah": 13,
        "juz": 26,
        "manzil": 6,
        "page": 517,
        "ruku": 451,
        "hizbQuarter": 206,
        "sajda": false,
        "audioArabic": [
          "https://cdn.jsdelivr.net/gh/Salimbd71/ArabicQuran@main/49/13.mp3"
        ],
        "audioBangla": [
          "https://cdn.jsdelivr.net/gh/Salimbd71/BanglaQuran@main/49/13.mp3"
        ]
      },
      {
        "number": 4626,
        "audio": "https://everyayah.com/data/Alafasy_64kbps/049014.mp3",
        "audioSecondary": [
          "https://cdn.islamic.network/quran/audio/64/ar.alafasy/4626.mp3"
        ],
        "text": "۞ قَالَتِ ٱلْأَعْرَابُ ءَامَنَّا ۖ قُل لَّمْ تُؤْمِنُوا۟ وَلَٰكِن قُولُوٓا۟ أَسْلَمْنَا وَلَمَّا يَدْخُلِ ٱلْإِيمَٰنُ فِى قُلُوبِكُمْ ۖ وَإِن تُطِيعُوا۟ ٱللَّهَ وَرَسُولَهُۥ لَا يَلِتْكُم مِّنْ أَعْمَٰلِكُمْ شَيْـًٔا ۚ إِنَّ ٱللَّهَ غَفُورٌۭ رَّحِيمٌ",
        "numberInSurah": 14,
        "juz": 26,
        "manzil": 6,
        "page": 517,
        "ruku": 451,
        "hizbQuarter": 207,
        "sajda": false,
        "audioArabic": [
          "https://cdn.jsdelivr.net/gh/Salimbd71/ArabicQuran@main/49/14.mp3"
        ],
        "audioBangla": [
          "https://cdn.jsdelivr.net/gh/Salimbd71/BanglaQuran@main/49/14.mp3"
        ]
      },
      {
        "number": 4627,
        "audio": "https://everyayah.com/data/Alafasy_64kbps/049015.mp3",
        "audioSecondary": [
          "https://cdn.islamic.network/quran/audio/64/ar.alafasy/4627.mp3"
        ],
        "text": "إِنَّمَا ٱلْمُؤْمِنُونَ ٱلَّذِينَ ءَامَنُوا۟ بِٱللَّهِ وَرَسُولِهِۦ ثُمَّ لَمْ يَرْتَابُوا۟ وَجَٰهَدُوا۟ بِأَمْوَٰلِهِمْ وَأَنفُسِهِمْ فِى سَبِيلِ ٱللَّهِ ۚ أُو۟لَٰٓئِكَ هُمُ ٱلصَّٰدِقُونَ",
        "numberInSurah": 15,
        "juz": 26,
        "manzil": 6,
        "page": 517,
        "ruku": 451,
        "hizbQuarter": 207,
        "sajda": false,
        "audioArabic": [
          "https://cdn.jsdelivr.net/gh/Salimbd71/ArabicQuran@main/49/15.mp3"
        ],
        "audioBangla": [
          "https://cdn.jsdelivr.net/gh/Salimbd71/BanglaQuran@main/49/15.mp3"
        ]
      },
      {
        "number": 4628,
        "audio": "https://everyayah.com/data/Alafasy_64kbps/049016.mp3",
        "audioSecondary": [
          "https://cdn.islamic.network/quran/audio/64/ar.alafasy/4628.mp3"
        ],
        "text": "قُلْ أَتُعَلِّمُونَ ٱللَّهَ بِدِينِكُمْ وَٱللَّهُ يَعْلَمُ مَا فِى ٱلسَّمَٰوَٰتِ وَمَا فِى ٱلْأَرْضِ ۚ وَٱللَّهُ بِكُلِّ شَىْءٍ عَلِيمٌۭ",
        "numberInSurah": 16,
        "juz": 26,
        "manzil": 6,
        "page": 517,
        "ruku": 451,
        "hizbQuarter": 207,
        "sajda": false,
        "audioArabic": [
          "https://cdn.jsdelivr.net/gh/Salimbd71/ArabicQuran@main/49/16.mp3"
        ],
        "audioBangla": [
          "https://cdn.jsdelivr.net/gh/Salimbd71/BanglaQuran@main/49/16.mp3"
        ]
      },
      {
        "number": 4629,
        "audio": "https://everyayah.com/data/Alafasy_64kbps/049017.mp3",
        "audioSecondary": [
          "https://cdn.islamic.network/quran/audio/64/ar.alafasy/4629.mp3"
        ],
        "text": "يَمُنُّونَ عَلَيْكَ أَنْ أَسْلَمُوا۟ ۖ قُل لَّا تَمُنُّوا۟ عَلَىَّ إِسْلَٰمَكُم ۖ بَلِ ٱللَّهُ يَمُنُّ عَلَيْكُمْ أَنْ هَدَىٰكُمْ لِلْإِيمَٰنِ إِن كُنتُمْ صَٰدِقِينَ",
        "numberInSurah": 17,
        "juz": 26,
        "manzil": 6,
        "page": 517,
        "ruku": 451,
        "hizbQuarter": 207,
        "sajda": false,
        "audioArabic": [
          "https://cdn.jsdelivr.net/gh/Salimbd71/ArabicQuran@main/49/17.mp3"
        ],
        "audioBangla": [
          "https://cdn.jsdelivr.net/gh/Salimbd71/BanglaQuran@main/49/17.mp3"
        ]
      },
      {
        "number": 4630,
        "audio": "https://everyayah.com/data/Alafasy_64kbps/049018.mp3",
        "audioSecondary": [
          "https://cdn.islamic.network/quran/audio/64/ar.alafasy/4630.mp3"
        ],
        "text": "إِنَّ ٱللَّهَ يَعْلَمُ غَيْبَ ٱلسَّمَٰوَٰتِ وَٱلْأَرْضِ ۚ وَٱللَّهُ بَصِيرٌۢ بِمَا تَعْمَلُونَ",
        "numberInSurah": 18,
        "juz": 26,
        "manzil": 6,
        "page": 517,
        "ruku": 451,
        "hizbQuarter": 207,
        "sajda": false,
        "audioArabic": [
          "https://cdn.jsdelivr.net/gh/Salimbd71/ArabicQuran@main/49/18.mp3"
        ],
        "audioBangla": [
          "https://cdn.jsdelivr.net/gh/Salimbd71/BanglaQuran@main/49/18.mp3"
        ]
      }
    ],
    "edition": {
      "identifier": "ar.alafasy",
      "language": "ar",
      "name": "مشاري العفاسي",
      "englishName": "Alafasy",
      "format": "audio",
      "type": "versebyverse",
      "direction": null
    }
  }
}