{
  "code": 200,
  "status": "OK",
  "data": {
    "number": 27,
    "name": "سُورَةُ النَّمۡلِ",
    "englishName": "An-Naml",
    "englishNameTranslation": "The Ant",
    "revelationType": "Meccan",
    "numberOfAyahs": 93,
    "ayahs": [
      {
        "number": 3160,
        "audio": "https://everyayah.com/data/Saood_ash-Shuraym_64kbps/027001.mp3",
        "audioSecondary": [
          "https://cdn.islamic.network/quran/audio/64/ar.shaatree/3160.mp3"
        ],
        "text": "بِسْمِ ٱللَّهِ ٱلرَّحْمَٰنِ ٱلرَّحِيمِ طسٓ ۚ تِلْكَ ءَايَٰتُ ٱلْقُرْءَانِ وَكِتَابٍۢ مُّبِينٍ",
        "numberInSurah": 1,
        "juz": 19,
        "manzil": 5,
        "page": 377,
        "ruku": 327,
        "hizbQuarter": 151,
        "sajda": false,
        "audioArabic": [
          "https://cdn.jsdelivr.net/gh/Salimbd71/ArabicQuran@main/27/1.mp3"
        ],
        "audioBangla": [
          "https://cdn.jsdelivr.net/gh/Salimbd71/BanglaQuran@main/27/1.mp3"
        ]
      },
      {
        "number": 3161,
        "audio": "https://everyayah.com/data/Saood_ash-Shuraym_64kbps/027002.mp3",
        "audioSecondary": [
          "https://cdn.islamic.network/quran/audio/64/ar.shaatree/3161.mp3"
        ],
        "text": "هُدًۭى وَبُشْرَىٰ لِلْمُؤْمِنِينَ",
        "numberInSurah": 2,
        "juz": 19,
        "manzil": 5,
        "page": 377,
        "ruku": 327,
        "hizbQuarter": 151,
        "sajda": false,
        "audioArabic": [
          "https://cdn.jsdelivr.net/gh/Salimbd71/ArabicQuran@main/27/2.mp3"
        ],
        "audioBangla": [
          "https://cdn.jsdelivr.net/gh/Salimbd71/BanglaQuran@main/27/2.mp3"
        ]
      },
      {
        "number": 3162,
        "audio": "https://everyayah.com/data/Saood_ash-Shuraym_64kbps/027003.mp3",
        "audioSecondary": [
          "https://cdn.islamic.network/quran/audio/64/ar.shaatree/3162.mp3"
        ],
        "text": "ٱلَّذِينَ يُقِيمُونَ ٱلصَّلَوٰةَ وَيُؤْتُونَ ٱلزَّكَوٰةَ وَهُم بِٱلْءَاخِرَةِ هُمْ يُوقِنُونَ",
        "numberInSurah": 3,
        "juz": 19,
        "manzil": 5,
        "page": 377,
        "ruku": 327,
        "hizbQuarter": 151,
        "sajda": false,
        "audioArabic": [
          "https://cdn.jsdelivr.net/gh/Salimbd71/ArabicQuran@main/27/3.mp3"
        ],
        "audioBangla": [
          "https://cdn.jsdelivr.net/gh/Salimbd71/BanglaQuran@main/27/3.mp3"
        ]
      },
      {
        "number": 3163,
        "audio": "https://everyayah.com/data/Saood_ash-Shuraym_64kbps/027004.mp3",
        "audioSecondary": [
          "https://cdn.islamic.network/quran/audio/64/ar.shaatree/3163.mp3"
        ],
        "text": "إِنَّ ٱلَّذِينَ لَا يُؤْمِنُونَ بِٱلْءَاخِرَةِ زَيَّنَّا لَهُمْ أَعْمَٰلَهُمْ فَهُمْ يَعْمَهُونَ",
        "numberInSurah": 4,
        "juz": 19,
        "manzil": 5,
        "page": 377,
        "ruku": 327,
        "hizbQuarter": 151,
        "sajda": false,
        "audioArabic": [
          "https://cdn.jsdelivr.net/gh/Salimbd71/ArabicQuran@main/27/4.mp3"
        ],
        "audioBangla": [
          "https://cdn.jsdelivr.net/gh/Salimbd71/BanglaQuran@main/27/4.mp3"
        ]
      },
      {
        "number": 3164,
        "audio": "https://everyayah.com/data/Saood_ash-Shuraym_64kbps/027005.mp3",
        "audioSecondary": [
          "https://cdn.islamic.network/quran/audio/64/ar.shaatree/3164.mp3"
        ],
        "text": "أُو۟لَٰٓئِكَ ٱلَّذِينَ لَهُمْ سُوٓءُ ٱلْعَذَابِ وَهُمْ فِى ٱلْءَاخِرَةِ هُمُ ٱلْأَخْسَرُونَ",
        "numberInSurah": 5,
        "juz": 19,
        "manzil": 5,
        "page": 377,
        "ruku": 327,
        "hizbQuarter": 151,
        "sajda": false,
        "audioArabic": [
          "https://cdn.jsdelivr.net/gh/Salimbd71/ArabicQuran@main/27/5.mp3"
        ],
        "audioBangla": [
          "https://cdn.jsdelivr.net/gh/Salimbd71/BanglaQuran@main/27/5.mp3"
        ]
      },
      {
        "number": 3165,
        "audio": "https://everyayah.com/data/Saood_ash-Shuraym_64kbps/027006.mp3",
        "audioSecondary": [
          "https://cdn.islamic.network/quran/audio/64/ar.shaatree/3165.mp3"
        ],
        "text": "وَإِنَّكَ لَتُلَقَّى ٱلْقُرْءَانَ مِن لَّدُنْ حَكِيمٍ عَلِيمٍ",
        "numberInSurah": 6,
        "juz": 19,
        "manzil": 5,
        "page": 377,
        "ruku": 327,
        "hizbQuarter": 151,
        "sajda": false,
        "audioArabic": [
          "https://cdn.jsdelivr.net/gh/Salimbd71/ArabicQuran@main/27/6.mp3"
        ],
        "audioBangla": [
          "https://cdn.jsdelivr.net/gh/Salimbd71/BanglaQuran@main/27/6.mp3"
        ]
      },
      {
        "number": 3166,
        "audio": "https://everyayah.com/data/Saood_ash-Shuraym_64kbps/027007.mp3",
        "audioSecondary": [
          "https://cdn.islamic.network/quran/audio/64/ar.shaatree/3166.mp3"
        ],
        "text": "إِذْ قَالَ مُوسَىٰ لِأَهْلِهِۦٓ إِنِّىٓ ءَانَسْتُ نَارًۭا سَـَٔاتِيكُم مِّنْهَا بِخَبَرٍ أَوْ ءَاتِيكُم بِشِهَابٍۢ قَبَسٍۢ لَّعَلَّكُمْ تَصْطَلُونَ",
        "numberInSurah": 7,
        "juz": 19,
        "manzil": 5,
        "page": 377,
        "ruku": 327,
        "hizbQuarter": 151,
        "sajda": false,
        "audioArabic": [
          "https://cdn.jsdelivr.net/gh/Salimbd71/ArabicQuran@main/27/7.mp3"
        ],
        "audioBangla": [
          "https://cdn.jsdelivr.net/gh/Salimbd71/BanglaQuran@main/27/7.mp3"
        ]
      },
      {
        "number": 3167,
        "audio": "https://everyayah.com/data/Saood_ash-Shuraym_64kbps/027008.mp3",
        "audioSecondary": [
          "https://cdn.islamic.network/quran/audio/64/ar.shaatree/3167.mp3"
        ],
        "text": "فَلَمَّا جَآءَهَا نُودِىَ أَنۢ بُورِكَ مَن فِى ٱلنَّارِ وَمَنْ حَوْلَهَا وَسُبْحَٰنَ ٱللَّهِ رَبِّ ٱلْعَٰلَمِينَ",
        "numberInSurah": 8,
        "juz": 19,
        "manzil": 5,
        "page": 377,
        "ruku": 327,
        "hizbQuarter": 151,
        "sajda": false,
        "audioArabic": [
          "https://cdn.jsdelivr.net/gh/Salimbd71/ArabicQuran@main/27/8.mp3"
        ],
        "audioBangla": [
          "https://cdn.jsdelivr.net/gh/Salimbd71/BanglaQuran@main/27/8.mp3"
        ]
      },
      {
        "number": 3168,
        "audio": "https://everyayah.com/data/Saood_ash-Shuraym_64kbps/027009.mp3",
        "audioSecondary": [
          "https://cdn.islamic.network/quran/audio/64/ar.shaatree/3168.mp3"
        ],
        "text": "يَٰمُوسَىٰٓ إِنَّهُۥٓ أَنَا ٱللَّهُ ٱلْعَزِيزُ ٱلْحَكِيمُ",
        "numberInSurah": 9,
        "juz": 19,
        "manzil": 5,
        "page": 377,
        "ruku": 327,
        "hizbQuarter": 151,
        "sajda": false,
        "audioArabic": [
          "https://cdn.jsdelivr.net/gh/Salimbd71/ArabicQuran@main/27/9.mp3"
        ],
        "audioBangla": [
          "https://cdn.jsdelivr.net/gh/Salimbd71/BanglaQuran@main/27/9.mp3"
        ]
      },
      {
        "number": 3169,
        "audio": "https://everyayah.com/data/Saood_ash-Shuraym_64kbps/027010.mp3",
        "audioSecondary": [
          "https://cdn.islamic.network/quran/audio/64/ar.shaatree/3169.mp3"
        ],
        "text": "وَأَلْقِ عَصَاكَ ۚ فَلَمَّا رَءَاهَا تَهْتَزُّ كَأَنَّهَا جَآنٌّۭ وَلَّىٰ مُدْبِرًۭا وَلَمْ يُعَقِّبْ ۚ يَٰمُوسَىٰ لَا تَخَفْ إِنِّى لَا يَخَافُ لَدَىَّ ٱلْمُرْسَلُونَ",
        "numberInSurah": 10,
        "juz": 19,
        "manzil": 5,
        "page": 377,
        "ruku": 327,
        "hizbQuarter": 151,
        "sajda": false,
        "audioArabic": [
          "https://cdn.jsdelivr.net/gh/Salimbd71/ArabicQuran@main/27/10.mp3"
        ],
        "audioBangla": [
          "https://cdn.jsdelivr.net/gh/Salimbd71/BanglaQuran@main/27/10.mp3"
        ]
      },
      {
        "number": 3170,
        "audio": "https://everyayah.com/data/Saood_ash-Shuraym_64kbps/027011.mp3",
        "audioSecondary": [
          "https://cdn.islamic.network/quran/audio/64/ar.shaatree/3170.mp3"
        ],
        "text": "إِلَّا مَن ظَلَمَ ثُمَّ بَدَّلَ حُسْنًۢا بَعْدَ سُوٓءٍۢ فَإِنِّى غَفُورٌۭ رَّحِيمٌۭ",
        "numberInSurah": 11,
        "juz": 19,
        "manzil": 5,
        "page": 377,
        "ruku": 327,
        "hizbQuarter": 151,
        "sajda": false,
        "audioArabic": [
          "https://cdn.jsdelivr.net/gh/Salimbd71/ArabicQuran@main/27/11.mp3"
        ],
        "audioBangla": [
          "https://cdn.jsdelivr.net/gh/Salimbd71/BanglaQuran@main/27/11.mp3"
        ]
      },
      {
        "number": 3171,
        "audio": "https://everyayah.com/data/Saood_ash-Shuraym_64kbps/027012.mp3",
        "audioSecondary": [
          "https://cdn.islamic.network/quran/audio/64/ar.shaatree/3171.mp3"
        ],
        "text": "وَأَدْخِلْ يَدَكَ فِى جَيْبِكَ تَخْرُجْ بَيْضَآءَ مِنْ غَيْرِ سُوٓءٍۢ ۖ فِى تِسْعِ ءَايَٰتٍ إِلَىٰ فِرْعَوْنَ وَقَوْمِهِۦٓ ۚ إِنَّهُمْ كَانُوا۟ قَوْمًۭا فَٰسِقِينَ",
        "numberInSurah": 12,
        "juz": 19,
        "manzil": 5,
        "page": 377,
        "ruku": 327,
        "hizbQuarter": 151,
        "sajda": false,
        "audioArabic": [
          "https://cdn.jsdelivr.net/gh/Salimbd71/ArabicQuran@main/27/12.mp3"
        ],
        "audioBangla": [
          "https://cdn.jsdelivr.net/gh/Salimbd71/BanglaQuran@main/27/12.mp3"
        ]
      },
      {
        "number": 3172,
        "audio": "https://everyayah.com/data/Saood_ash-Shuraym_64kbps/027013.mp3",
        "audioSecondary": [
          "https://cdn.islamic.network/quran/audio/64/ar.shaatree/3172.mp3"
        ],
        "text": "فَلَمَّا جَآءَتْهُمْ ءَايَٰتُنَا مُبْصِرَةًۭ قَالُوا۟ هَٰذَا سِحْرٌۭ مُّبِينٌۭ",
        "numberInSurah": 13,
        "juz": 19,
        "manzil": 5,
        "page": 377,
        "ruku": 327,
        "hizbQuarter": 151,
        "sajda": false,
        "audioArabic": [
          "https://cdn.jsdelivr.net/gh/Salimbd71/ArabicQuran@main/27/13.mp3"
        ],
        "audioBangla": [
          "https://cdn.jsdelivr.net/gh/Salimbd71/BanglaQuran@main/27/13.mp3"
        ]
      },
      {
        "number": 3173,
        "audio": "https://everyayah.com/data/Saood_ash-Shuraym_64kbps/027014.mp3",
        "audioSecondary": [
          "https://cdn.islamic.network/quran/audio/64/ar.shaatree/3173.mp3"
        ],
        "text": "وَجَحَدُوا۟ بِهَا وَٱسْتَيْقَنَتْهَآ أَنفُسُهُمْ ظُلْمًۭا وَعُلُوًّۭا ۚ فَٱنظُرْ كَيْفَ كَانَ عَٰقِبَةُ ٱلْمُفْسِدِينَ",
        "numberInSurah": 14,
        "juz": 19,
        "manzil": 5,
        "page": 378,
        "ruku": 327,
        "hizbQuarter": 151,
        "sajda": false,
        "audioArabic": [
          "https://cdn.jsdelivr.net/gh/Salimbd71/ArabicQuran@main/27/14.mp3"
        ],
        "audioBangla": [
          "https://cdn.jsdelivr.net/gh/Salimbd71/BanglaQuran@main/27/14.mp3"
        ]
      },
      {
        "number": 3174,
        "audio": "https://everyayah.com/data/Saood_ash-Shuraym_64kbps/027015.mp3",
        "audioSecondary": [
          "https://cdn.islamic.network/quran/audio/64/ar.shaatree/3174.mp3"
        ],
        "text": "وَلَقَدْ ءَاتَيْنَا دَاوُۥدَ وَسُلَيْمَٰنَ عِلْمًۭا ۖ وَقَالَا ٱلْحَمْدُ لِلَّهِ ٱلَّذِى فَضَّلَنَا عَلَىٰ كَثِيرٍۢ مِّنْ عِبَادِهِ ٱلْمُؤْمِنِينَ",
        "numberInSurah": 15,
        "juz": 19,
        "manzil": 5,
        "page": 378,
        "ruku": 328,
        "hizbQuarter": 151,
        "sajda": false,
        "audioArabic": [
          "https://cdn.jsdelivr.net/gh/Salimbd71/ArabicQuran@main/27/15.mp3"
        ],
        "audioBangla": [
          "https://cdn.jsdelivr.net/gh/Salimbd71/BanglaQuran@main/27/15.mp3"
        ]
      },
      {
        "number": 3175,
        "audio": "https://everyayah.com/data/Saood_ash-Shuraym_64kbps/027016.mp3",
        "audioSecondary": [
          "https://cdn.islamic.network/quran/audio/64/ar.shaatree/3175.mp3"
        ],
        "text": "وَوَرِثَ سُلَيْمَٰنُ دَاوُۥدَ ۖ وَقَالَ يَٰٓأَيُّهَا ٱلنَّاسُ عُلِّمْنَا مَنطِقَ ٱلطَّيْرِ وَأُوتِينَا مِن كُلِّ شَىْءٍ ۖ إِنَّ هَٰذَا لَهُوَ ٱلْفَضْلُ ٱلْمُبِينُ",
        "numberInSurah": 16,
        "juz": 19,
        "manzil": 5,
        "page": 378,
        "ruku": 328,
        "hizbQuarter": 151,
        "sajda": false,
        "audioArabic": [
          "https://cdn.jsdelivr.net/gh/Salimbd71/ArabicQuran@main/27/16.mp3"
        ],
        "audioBangla": [
          "https://cdn.jsdelivr.net/gh/Salimbd71/BanglaQuran@main/27/16.mp3"
        ]
      },
      {
        "number": 3176,
        "audio": "https://everyayah.com/data/Saood_ash-Shuraym_64kbps/027017.mp3",
        "audioSecondary": [
          "https://cdn.islamic.network/quran/audio/64/ar.shaatree/3176.mp3"
        ],
        "text": "وَحُشِرَ لِسُلَيْمَٰنَ جُنُودُهُۥ مِنَ ٱلْجِنِّ وَٱلْإِنسِ وَٱلطَّيْرِ فَهُمْ يُوزَعُونَ",
        "numberInSurah": 17,
        "juz": 19,
        "manzil": 5,
        "page": 378,
        "ruku": 328,
        "hizbQuarter": 151,
        "sajda": false,
        "audioArabic": [
          "https://cdn.jsdelivr.net/gh/Salimbd71/ArabicQuran@main/27/17.mp3"
        ],
        "audioBangla": [
          "https://cdn.jsdelivr.net/gh/Salimbd71/BanglaQuran@main/27/17.mp3"
        ]
      },
      {
        "number": 3177,
        "audio": "https://everyayah.com/data/Saood_ash-Shuraym_64kbps/027018.mp3",
        "audioSecondary": [
          "https://cdn.islamic.network/quran/audio/64/ar.shaatree/3177.mp3"
        ],
        "text": "حَتَّىٰٓ إِذَآ أَتَوْا۟ عَلَىٰ وَادِ ٱلنَّمْلِ قَالَتْ نَمْلَةٌۭ يَٰٓأَيُّهَا ٱلنَّمْلُ ٱدْخُلُوا۟ مَسَٰكِنَكُمْ لَا يَحْطِمَنَّكُمْ سُلَيْمَٰنُ وَجُنُودُهُۥ وَهُمْ لَا يَشْعُرُونَ",
        "numberInSurah": 18,
        "juz": 19,
        "manzil": 5,
        "page": 378,
        "ruku": 328,
        "hizbQuarter": 151,
        "sajda": false,
        "audioArabic": [
          "https://cdn.jsdelivr.net/gh/Salimbd71/ArabicQuran@main/27/18.mp3"
        ],
        "audioBangla": [
          "https://cdn.jsdelivr.net/gh/Salimbd71/BanglaQuran@main/27/18.mp3"
        ]
      },
      {
        "number": 3178,
        "audio": "https://everyayah.com/data/Saood_ash-Shuraym_64kbps/027019.mp3",
        "audioSecondary": [
          "https://cdn.islamic.network/quran/audio/64/ar.shaatree/3178.mp3"
        ],
        "text": "فَتَبَسَّمَ ضَاحِكًۭا مِّن قَوْلِهَا وَقَالَ رَبِّ أَوْزِعْنِىٓ أَنْ أَشْكُرَ نِعْمَتَكَ ٱلَّتِىٓ أَنْعَمْتَ عَلَىَّ وَعَلَىٰ وَٰلِدَىَّ وَأَنْ أَعْمَلَ صَٰلِحًۭا تَرْضَىٰهُ وَأَدْخِلْنِى بِرَحْمَتِكَ فِى عِبَادِكَ ٱلصَّٰلِحِينَ",
        "numberInSurah": 19,
        "juz": 19,
        "manzil": 5,
        "page": 378,
        "ruku": 328,
        "hizbQuarter": 151,
        "sajda": false,
        "audioArabic": [
          "https://cdn.jsdelivr.net/gh/Salimbd71/ArabicQuran@main/27/19.mp3"
        ],
        "audioBangla": [
          "https://cdn.jsdelivr.net/gh/Salimbd71/BanglaQuran@main/27/19.mp3"
        ]
      },
      {
        "number": 3179,
        "audio": "https://everyayah.com/data/Saood_ash-Shuraym_64kbps/027020.mp3",
        "audioSecondary": [
          "https://cdn.islamic.network/quran/audio/64/ar.shaatree/3179.mp3"
        ],
        "text": "وَتَفَقَّدَ ٱلطَّيْرَ فَقَالَ مَا لِىَ لَآ أَرَى ٱلْهُدْهُدَ أَمْ كَانَ مِنَ ٱلْغَآئِبِينَ",
        "numberInSurah": 20,
        "juz": 19,
        "manzil": 5,
        "page": 378,
        "ruku": 328,
        "hizbQuarter": 151,
        "sajda": false,
        "audioArabic": [
          "https://cdn.jsdelivr.net/gh/Salimbd71/ArabicQuran@main/27/20.mp3"
        ],
        "audioBangla": [
          "https://cdn.jsdelivr.net/gh/Salimbd71/BanglaQuran@main/27/20.mp3"
        ]
      },
      {
        "number": 3180,
        "audio": "https://everyayah.com/data/Saood_ash-Shuraym_64kbps/027021.mp3",
        "audioSecondary": [
          "https://cdn.islamic.network/quran/audio/64/ar.shaatree/3180.mp3"
        ],
        "text": "لَأُعَذِّبَنَّهُۥ عَذَابًۭا شَدِيدًا أَوْ لَأَا۟ذْبَحَنَّهُۥٓ أَوْ لَيَأْتِيَنِّى بِسُلْطَٰنٍۢ مُّبِينٍۢ",
        "numberInSurah": 21,
        "juz": 19,
        "manzil": 5,
        "page": 378,
        "ruku": 328,
        "hizbQuarter": 151,
        "sajda": false,
        "audioArabic": [
          "https://cdn.jsdelivr.net/gh/Salimbd71/ArabicQuran@main/27/21.mp3"
        ],
        "audioBangla": [
          "https://cdn.jsdelivr.net/gh/Salimbd71/BanglaQuran@main/27/21.mp3"
        ]
      },
      {
        "number": 3181,
        "audio": "https://everyayah.com/data/Saood_ash-Shuraym_64kbps/027022.mp3",
        "audioSecondary": [
          "https://cdn.islamic.network/quran/audio/64/ar.shaatree/3181.mp3"
        ],
        "text": "فَمَكَثَ غَيْرَ بَعِيدٍۢ فَقَالَ أَحَطتُ بِمَا لَمْ تُحِطْ بِهِۦ وَجِئْتُكَ مِن سَبَإٍۭ بِنَبَإٍۢ يَقِينٍ",
        "numberInSurah": 22,
        "juz": 19,
        "manzil": 5,
        "page": 378,
        "ruku": 328,
        "hizbQuarter": 151,
        "sajda": false,
        "audioArabic": [
          "https://cdn.jsdelivr.net/gh/Salimbd71/ArabicQuran@main/27/22.mp3"
        ],
        "audioBangla": [
          "https://cdn.jsdelivr.net/gh/Salimbd71/BanglaQuran@main/27/22.mp3"
        ]
      },
      {
        "number": 3182,
        "audio": "https://everyayah.com/data/Saood_ash-Shuraym_64kbps/027023.mp3",
        "audioSecondary": [
          "https://cdn.islamic.network/quran/audio/64/ar.shaatree/3182.mp3"
        ],
        "text": "إِنِّى وَجَدتُّ ٱمْرَأَةًۭ تَمْلِكُهُمْ وَأُوتِيَتْ مِن كُلِّ شَىْءٍۢ وَلَهَا عَرْشٌ عَظِيمٌۭ",
        "numberInSurah": 23,
        "juz": 19,
        "manzil": 5,
        "page": 379,
        "ruku": 328,
        "hizbQuarter": 151,
        "sajda": false,
        "audioArabic": [
          "https://cdn.jsdelivr.net/gh/Salimbd71/ArabicQuran@main/27/23.mp3"
        ],
        "audioBangla": [
          "https://cdn.jsdelivr.net/gh/Salimbd71/BanglaQuran@main/27/23.mp3"
        ]
      },
      {
        "number": 3183,
        "audio": "https://everyayah.com/data/Saood_ash-Shuraym_64kbps/027024.mp3",
        "audioSecondary": [
          "https://cdn.islamic.network/quran/audio/64/ar.shaatree/3183.mp3"
        ],
        "text": "وَجَدتُّهَا وَقَوْمَهَا يَسْجُدُونَ لِلشَّمْسِ مِن دُونِ ٱللَّهِ وَزَيَّنَ لَهُمُ ٱلشَّيْطَٰنُ أَعْمَٰلَهُمْ فَصَدَّهُمْ عَنِ ٱلسَّبِيلِ فَهُمْ لَا يَهْتَدُونَ",
        "numberInSurah": 24,
        "juz": 19,
        "manzil": 5,
        "page": 379,
        "ruku": 328,
        "hizbQuarter": 151,
        "sajda": false,
        "audioArabic": [
          "https://cdn.jsdelivr.net/gh/Salimbd71/ArabicQuran@main/27/24.mp3"
        ],
        "audioBangla": [
          "https://cdn.jsdelivr.net/gh/Salimbd71/BanglaQuran@main/27/24.mp3"
        ]
      },
      {
        "number": 3184,
        "audio": "https://everyayah.com/data/Saood_ash-Shuraym_64kbps/027025.mp3",
        "audioSecondary": [
          "https://cdn.islamic.network/quran/audio/64/ar.shaatree/3184.mp3"
        ],
        "text": "أَلَّا يَسْجُدُوا۟ لِلَّهِ ٱلَّذِى يُخْرِجُ ٱلْخَبْءَ فِى ٱلسَّمَٰوَٰتِ وَٱلْأَرْضِ وَيَعْلَمُ مَا تُخْفُونَ وَمَا تُعْلِنُونَ",
        "numberInSurah": 25,
        "juz": 19,
        "manzil": 5,
        "page": 379,
        "ruku": 328,
        "hizbQuarter": 151,
        "sajda": false,
        "audioArabic": [
          "https://cdn.jsdelivr.net/gh/Salimbd71/ArabicQuran@main/27/25.mp3"
        ],
        "audioBangla": [
          "https://cdn.jsdelivr.net/gh/Salimbd71/BanglaQuran@main/27/25.mp3"
        ]
      },
      {
        "number": 3185,
        "audio": "https://everyayah.com/data/Saood_ash-Shuraym_64kbps/027026.mp3",
        "audioSecondary": [
          "https://cdn.islamic.network/quran/audio/64/ar.shaatree/3185.mp3"
        ],
        "text": "ٱللَّهُ لَآ إِلَٰهَ إِلَّا هُوَ رَبُّ ٱلْعَرْشِ ٱلْعَظِيمِ ۩",
        "numberInSurah": 26,
        "juz": 19,
        "manzil": 5,
        "page": 379,
        "ruku": 328,
        "hizbQuarter": 151,
        "sajda": {
          "id": 9,
          "recommended": true,
          "obligatory": false
        },
        "audioArabic": [
          "https://cdn.jsdelivr.net/gh/Salimbd71/ArabicQuran@main/27/26.mp3"
        ],
        "audioBangla": [
          "https://cdn.jsdelivr.net/gh/Salimbd71/BanglaQuran@main/27/26.mp3"
        ]
      },
      {
        "number": 3186,
        "audio": "https://everyayah.com/data/Saood_ash-Shuraym_64kbps/027027.mp3",
        "audioSecondary": [
          "https://cdn.islamic.network/quran/audio/64/ar.shaatree/3186.mp3"
        ],
        "text": "۞ قَالَ سَنَنظُرُ أَصَدَقْتَ أَمْ كُنتَ مِنَ ٱلْكَٰذِبِينَ",
        "numberInSurah": 27,
        "juz": 19,
        "manzil": 5,
        "page": 379,
        "ruku": 328,
        "hizbQuarter": 152,
        "sajda": false,
        "audioArabic": [
          "https://cdn.jsdelivr.net/gh/Salimbd71/ArabicQuran@main/27/27.mp3"
        ],
        "audioBangla": [
          "https://cdn.jsdelivr.net/gh/Salimbd71/BanglaQuran@main/27/27.mp3"
        ]
      },
      {
        "number": 3187,
        "audio": "https://everyayah.com/data/Saood_ash-Shuraym_64kbps/027028.mp3",
        "audioSecondary": [
          "https://cdn.islamic.network/quran/audio/64/ar.shaatree/3187.mp3"
        ],
        "text": "ٱذْهَب بِّكِتَٰبِى هَٰذَا فَأَلْقِهْ إِلَيْهِمْ ثُمَّ تَوَلَّ عَنْهُمْ فَٱنظُرْ مَاذَا يَرْجِعُونَ",
        "numberInSurah": 28,
        "juz": 19,
        "manzil": 5,
        "page": 379,
        "ruku": 328,
        "hizbQuarter": 152,
        "sajda": false,
        "audioArabic": [
          "https://cdn.jsdelivr.net/gh/Salimbd71/ArabicQuran@main/27/28.mp3"
        ],
        "audioBangla": [
          "https://cdn.jsdelivr.net/gh/Salimbd71/BanglaQuran@main/27/28.mp3"
        ]
      },
      {
        "number": 3188,
        "audio": "https://everyayah.com/data/Saood_ash-Shuraym_64kbps/027029.mp3",
        "audioSecondary": [
          "https://cdn.islamic.network/quran/audio/64/ar.shaatree/3188.mp3"
        ],
        "text": "قَالَتْ يَٰٓأَيُّهَا ٱلْمَلَؤُا۟ إِنِّىٓ أُلْقِىَ إِلَىَّ كِتَٰبٌۭ كَرِيمٌ",
        "numberInSurah": 29,
        "juz": 19,
        "manzil": 5,
        "page": 379,
        "ruku": 328,
        "hizbQuarter": 152,
        "sajda": false,
        "audioArabic": [
          "https://cdn.jsdelivr.net/gh/Salimbd71/ArabicQuran@main/27/29.mp3"
        ],
        "audioBangla": [
          "https://cdn.jsdelivr.net/gh/Salimbd71/BanglaQuran@main/27/29.mp3"
        ]
      },
      {
        "number": 3189,
        "audio": "https://everyayah.com/data/Saood_ash-Shuraym_64kbps/027030.mp3",
        "audioSecondary": [
          "https://cdn.islamic.network/quran/audio/64/ar.shaatree/3189.mp3"
        ],
        "text": "إِنَّهُۥ مِن سُلَيْمَٰنَ وَإِنَّهُۥ بِسْمِ ٱللَّهِ ٱلرَّحْمَٰنِ ٱلرَّحِيمِ",
        "numberInSurah": 30,
        "juz": 19,
        "manzil": 5,
        "page": 379,
        "ruku": 328,
        "hizbQuarter": 152,
        "sajda": false,
        "audioArabic": [
          "https://cdn.jsdelivr.net/gh/Salimbd71/ArabicQuran@main/27/30.mp3"
        ],
        "audioBangla": [
          "https://cdn.jsdelivr.net/gh/Salimbd71/BanglaQuran@main/27/30.mp3"
        ]
      },
      {
        "number": 3190,
        "audio": "https://everyayah.com/data/Saood_ash-Shuraym_64kbps/027031.mp3",
        "audioSecondary": [
          "https://cdn.islamic.network/quran/audio/64/ar.shaatree/3190.mp3"
        ],
        "text": "أَلَّا تَعْلُوا۟ عَلَىَّ وَأْتُونِى مُسْلِمِينَ",
        "numberInSurah": 31,
        "juz": 19,
        "manzil": 5,
        "page": 379,
        "ruku": 328,
        "hizbQuarter": 152,
        "sajda": false,
        "audioArabic": [
          "https://cdn.jsdelivr.net/gh/Salimbd71/ArabicQuran@main/27/31.mp3"
        ],
        "audioBangla": [
          "https://cdn.jsdelivr.net/gh/Salimbd71/BanglaQuran@main/27/31.mp3"
        ]
      },
      {
        "number": 3191,
        "audio": "https://everyayah.com/data/Saood_ash-Shuraym_64kbps/027032.mp3",
        "audioSecondary": [
          "https://cdn.islamic.network/quran/audio/64/ar.shaatree/3191.mp3"
        ],
        "text": "قَالَتْ يَٰٓأَيُّهَا ٱلْمَلَؤُا۟ أَفْتُونِى فِىٓ أَمْرِى مَا كُنتُ قَاطِعَةً أَمْرًا حَتَّىٰ تَشْهَدُونِ",
        "numberInSurah": 32,
        "juz": 19,
        "manzil": 5,
        "page": 379,
        "ruku": 329,
        "hizbQuarter": 152,
        "sajda": false,
        "audioArabic": [
          "https://cdn.jsdelivr.net/gh/Salimbd71/ArabicQuran@main/27/32.mp3"
        ],
        "audioBangla": [
          "https://cdn.jsdelivr.net/gh/Salimbd71/BanglaQuran@main/27/32.mp3"
        ]
      },
      {
        "number": 3192,
        "audio": "https://everyayah.com/data/Saood_ash-Shuraym_64kbps/027033.mp3",
        "audioSecondary": [
          "https://cdn.islamic.network/quran/audio/64/ar.shaatree/3192.mp3"
        ],
        "text": "قَالُوا۟ نَحْنُ أُو۟لُوا۟ قُوَّةٍۢ وَأُو۟لُوا۟ بَأْسٍۢ شَدِيدٍۢ وَٱلْأَمْرُ إِلَيْكِ فَٱنظُرِى مَاذَا تَأْمُرِينَ",
        "numberInSurah": 33,
        "juz": 19,
        "manzil": 5,
        "page": 379,
        "ruku": 329,
        "hizbQuarter": 152,
        "sajda": false,
        "audioArabic": [
          "https://cdn.jsdelivr.net/gh/Salimbd71/ArabicQuran@main/27/33.mp3"
        ],
        "audioBangla": [
          "https://cdn.jsdelivr.net/gh/Salimbd71/BanglaQuran@main/27/33.mp3"
        ]
      },
      {
        "number": 3193,
        "audio": "https://everyayah.com/data/Saood_ash-Shuraym_64kbps/027034.mp3",
        "audioSecondary": [
          "https://cdn.islamic.network/quran/audio/64/ar.shaatree/3193.mp3"
        ],
        "text": "قَالَتْ إِنَّ ٱلْمُلُوكَ إِذَا دَخَلُوا۟ قَرْيَةً أَفْسَدُوهَا وَجَعَلُوٓا۟ أَعِزَّةَ أَهْلِهَآ أَذِلَّةًۭ ۖ وَكَذَٰلِكَ يَفْعَلُونَ",
        "numberInSurah": 34,
        "juz": 19,
        "manzil": 5,
        "page": 379,
        "ruku": 329,
        "hizbQuarter": 152,
        "sajda": false,
        "audioArabic": [
          "https://cdn.jsdelivr.net/gh/Salimbd71/ArabicQuran@main/27/34.mp3"
        ],
        "audioBangla": [
          "https://cdn.jsdelivr.net/gh/Salimbd71/BanglaQuran@main/27/34.mp3"
        ]
      },
      {
        "number": 3194,
        "audio": "https://everyayah.com/data/Saood_ash-Shuraym_64kbps/027035.mp3",
        "audioSecondary": [
          "https://cdn.islamic.network/quran/audio/64/ar.shaatree/3194.mp3"
        ],
        "text": "وَإِنِّى مُرْسِلَةٌ إِلَيْهِم بِهَدِيَّةٍۢ فَنَاظِرَةٌۢ بِمَ يَرْجِعُ ٱلْمُرْسَلُونَ",
        "numberInSurah": 35,
        "juz": 19,
        "manzil": 5,
        "page": 379,
        "ruku": 329,
        "hizbQuarter": 152,
        "sajda": false,
        "audioArabic": [
          "https://cdn.jsdelivr.net/gh/Salimbd71/ArabicQuran@main/27/35.mp3"
        ],
        "audioBangla": [
          "https://cdn.jsdelivr.net/gh/Salimbd71/BanglaQuran@main/27/35.mp3"
        ]
      },
      {
        "number": 3195,
        "audio": "https://everyayah.com/data/Saood_ash-Shuraym_64kbps/027036.mp3",
        "audioSecondary": [
          "https://cdn.islamic.network/quran/audio/64/ar.shaatree/3195.mp3"
        ],
        "text": "فَلَمَّا جَآءَ سُلَيْمَٰنَ قَالَ أَتُمِدُّونَنِ بِمَالٍۢ فَمَآ ءَاتَىٰنِۦَ ٱللَّهُ خَيْرٌۭ مِّمَّآ ءَاتَىٰكُم بَلْ أَنتُم بِهَدِيَّتِكُمْ تَفْرَحُونَ",
        "numberInSurah": 36,
        "juz": 19,
        "manzil": 5,
        "page": 380,
        "ruku": 329,
        "hizbQuarter": 152,
        "sajda": false,
        "audioArabic": [
          "https://cdn.jsdelivr.net/gh/Salimbd71/ArabicQuran@main/27/36.mp3"
        ],
        "audioBangla": [
          "https://cdn.jsdelivr.net/gh/Salimbd71/BanglaQuran@main/27/36.mp3"
        ]
      },
      {
        "number": 3196,
        "audio": "https://everyayah.com/data/Saood_ash-Shuraym_64kbps/027037.mp3",
        "audioSecondary": [
          "https://cdn.islamic.network/quran/audio/64/ar.shaatree/3196.mp3"
        ],
        "text": "ٱرْجِعْ إِلَيْهِمْ فَلَنَأْتِيَنَّهُم بِجُنُودٍۢ لَّا قِبَلَ لَهُم بِهَا وَلَنُخْرِجَنَّهُم مِّنْهَآ أَذِلَّةًۭ وَهُمْ صَٰغِرُونَ",
        "numberInSurah": 37,
        "juz": 19,
        "manzil": 5,
        "page": 380,
        "ruku": 329,
        "hizbQuarter": 152,
        "sajda": false,
        "audioArabic": [
          "https://cdn.jsdelivr.net/gh/Salimbd71/ArabicQuran@main/27/37.mp3"
        ],
        "audioBangla": [
          "https://cdn.jsdelivr.net/gh/Salimbd71/BanglaQuran@main/27/37.mp3"
        ]
      },
      {
        "number": 3197,
        "audio": "https://everyayah.com/data/Saood_ash-Shuraym_64kbps/027038.mp3",
        "audioSecondary": [
          "https://cdn.islamic.network/quran/audio/64/ar.shaatree/3197.mp3"
        ],
        "text": "قَالَ يَٰٓأَيُّهَا ٱلْمَلَؤُا۟ أَيُّكُمْ يَأْتِينِى بِعَرْشِهَا قَبْلَ أَن يَأْتُونِى مُسْلِمِينَ",
        "numberInSurah": 38,
        "juz": 19,
        "manzil": 5,
        "page": 380,
        "ruku": 329,
        "hizbQuarter": 152,
        "sajda": false,
        "audioArabic": [
          "https://cdn.jsdelivr.net/gh/Salimbd71/ArabicQuran@main/27/38.mp3"
        ],
        "audioBangla": [
          "https://cdn.jsdelivr.net/gh/Salimbd71/BanglaQuran@main/27/38.mp3"
        ]
      },
      {
        "number": 3198,
        "audio": "https://everyayah.com/data/Saood_ash-Shuraym_64kbps/027039.mp3",
        "audioSecondary": [
          "https://cdn.islamic.network/quran/audio/64/ar.shaatree/3198.mp3"
        ],
        "text": "قَالَ عِفْرِيتٌۭ مِّنَ ٱلْجِنِّ أَنَا۠ ءَاتِيكَ بِهِۦ قَبْلَ أَن تَقُومَ مِن مَّقَامِكَ ۖ وَإِنِّى عَلَيْهِ لَقَوِىٌّ أَمِينٌۭ",
        "numberInSurah": 39,
        "juz": 19,
        "manzil": 5,
        "page": 380,
        "ruku": 329,
        "hizbQuarter": 152,
        "sajda": false,
        "audioArabic": [
          "https://cdn.jsdelivr.net/gh/Salimbd71/ArabicQuran@main/27/39.mp3"
        ],
        "audioBangla": [
          "https://cdn.jsdelivr.net/gh/Salimbd71/BanglaQuran@main/27/39.mp3"
        ]
      },
      {
        "number": 3199,
        "audio": "https://everyayah.com/data/Saood_ash-Shuraym_64kbps/027040.mp3",
        "audioSecondary": [
          "https://cdn.islamic.network/quran/audio/64/ar.shaatree/3199.mp3"
        ],
        "text": "قَالَ ٱلَّذِى عِندَهُۥ عِلْمٌۭ مِّنَ ٱلْكِتَٰبِ أَنَا۠ ءَاتِيكَ بِهِۦ قَبْلَ أَن يَرْتَدَّ إِلَيْكَ طَرْفُكَ ۚ فَلَمَّا رَءَاهُ مُسْتَقِرًّا عِندَهُۥ قَالَ هَٰذَا مِن فَضْلِ رَبِّى لِيَبْلُوَنِىٓ ءَأَشْكُرُ أَمْ أَكْفُرُ ۖ وَمَن شَكَرَ فَإِنَّمَا يَشْكُرُ لِنَفْسِهِۦ ۖ وَمَن كَفَرَ فَإِنَّ رَبِّى غَنِىٌّۭ كَرِيمٌۭ",
        "numberInSurah": 40,
        "juz": 19,
        "manzil": 5,
        "page": 380,
        "ruku": 329,
        "hizbQuarter": 152,
        "sajda": false,
        "audioArabic": [
          "https://cdn.jsdelivr.net/gh/Salimbd71/ArabicQuran@main/27/40.mp3"
        ],
        "audioBangla": [
          "https://cdn.jsdelivr.net/gh/Salimbd71/BanglaQuran@main/27/40.mp3"
        ]
      },
      {
        "number": 3200,
        "audio": "https://everyayah.com/data/Saood_ash-Shuraym_64kbps/027041.mp3",
        "audioSecondary": [
          "https://cdn.islamic.network/quran/audio/64/ar.shaatree/3200.mp3"
        ],
        "text": "قَالَ نَكِّرُوا۟ لَهَا عَرْشَهَا نَنظُرْ أَتَهْتَدِىٓ أَمْ تَكُونُ مِنَ ٱلَّذِينَ لَا يَهْتَدُونَ",
        "numberInSurah": 41,
        "juz": 19,
        "manzil": 5,
        "page": 380,
        "ruku": 329,
        "hizbQuarter": 152,
        "sajda": false,
        "audioArabic": [
          "https://cdn.jsdelivr.net/gh/Salimbd71/ArabicQuran@main/27/41.mp3"
        ],
        "audioBangla": [
          "https://cdn.jsdelivr.net/gh/Salimbd71/BanglaQuran@main/27/41.mp3"
        ]
      },
      {
        "number": 3201,
        "audio": "https://everyayah.com/data/Saood_ash-Shuraym_64kbps/027042.mp3",
        "audioSecondary": [
          "https://cdn.islamic.network/quran/audio/64/ar.shaatree/3201.mp3"
        ],
        "text": "فَلَمَّا جَآءَتْ قِيلَ أَهَٰكَذَا عَرْشُكِ ۖ قَالَتْ كَأَنَّهُۥ هُوَ ۚ وَأُوتِينَا ٱلْعِلْمَ مِن قَبْلِهَا وَكُنَّا مُسْلِمِينَ",
        "numberInSurah": 42,
        "juz": 19,
        "manzil": 5,
        "page": 380,
        "ruku": 329,
        "hizbQuarter": 152,
        "sajda": false,
        "audioArabic": [
          "https://cdn.jsdelivr.net/gh/Salimbd71/ArabicQuran@main/27/42.mp3"
        ],
        "audioBangla": [
          "https://cdn.jsdelivr.net/gh/Salimbd71/BanglaQuran@main/27/42.mp3"
        ]
      },
      {
        "number": 3202,
        "audio": "https://everyayah.com/data/Saood_ash-Shuraym_64kbps/027043.mp3",
        "audioSecondary": [
          "https://cdn.islamic.network/quran/audio/64/ar.shaatree/3202.mp3"
        ],
        "text": "وَصَدَّهَا مَا كَانَت تَّعْبُدُ مِن دُونِ ٱللَّهِ ۖ إِنَّهَا كَانَتْ مِن قَوْمٍۢ كَٰفِرِينَ",
        "numberInSurah": 43,
        "juz": 19,
        "manzil": 5,
        "page": 380,
        "ruku": 329,
        "hizbQuarter": 152,
        "sajda": false,
        "audioArabic": [
          "https://cdn.jsdelivr.net/gh/Salimbd71/ArabicQuran@main/27/43.mp3"
        ],
        "audioBangla": [
          "https://cdn.jsdelivr.net/gh/Salimbd71/BanglaQuran@main/27/43.mp3"
        ]
      },
      {
        "number": 3203,
        "audio": "https://everyayah.com/data/Saood_ash-Shuraym_64kbps/027044.mp3",
        "audioSecondary": [
          "https://cdn.islamic.network/quran/audio/64/ar.shaatree/3203.mp3"
        ],
        "text": "قِيلَ لَهَا ٱدْخُلِى ٱلصَّرْحَ ۖ فَلَمَّا رَأَتْهُ حَسِبَتْهُ لُجَّةًۭ وَكَشَفَتْ عَن سَاقَيْهَا ۚ قَالَ إِنَّهُۥ صَرْحٌۭ مُّمَرَّدٌۭ مِّن قَوَارِيرَ ۗ قَالَتْ رَبِّ إِنِّى ظَلَمْتُ نَفْسِى وَأَسْلَمْتُ مَعَ سُلَيْمَٰنَ لِلَّهِ رَبِّ ٱلْعَٰلَمِينَ",
        "numberInSurah": 44,
        "juz": 19,
        "manzil": 5,
        "page": 380,
        "ruku": 329,
        "hizbQuarter": 152,
        "sajda": false,
        "audioArabic": [
          "https://cdn.jsdelivr.net/gh/Salimbd71/ArabicQuran@main/27/44.mp3"
        ],
        "audioBangla": [
          "https://cdn.jsdelivr.net/gh/Salimbd71/BanglaQuran@main/27/44.mp3"
        ]
      },
      {
        "number": 3204,
        "audio": "https://everyayah.com/data/Saood_ash-Shuraym_64kbps/027045.mp3",
        "audioSecondary": [
          "https://cdn.islamic.network/quran/audio/64/ar.shaatree/3204.mp3"
        ],
        "text": "وَلَقَدْ أَرْسَلْنَآ إِلَىٰ ثَمُودَ أَخَاهُمْ صَٰلِحًا أَنِ ٱعْبُدُوا۟ ٱللَّهَ فَإِذَا هُمْ فَرِيقَانِ يَخْتَصِمُونَ",
        "numberInSurah": 45,
        "juz": 19,
        "manzil": 5,
        "page": 381,
        "ruku": 330,
        "hizbQuarter": 152,
        "sajda": false,
        "audioArabic": [
          "https://cdn.jsdelivr.net/gh/Salimbd71/ArabicQuran@main/27/45.mp3"
        ],
        "audioBangla": [
          "https://cdn.jsdelivr.net/gh/Salimbd71/BanglaQuran@main/27/45.mp3"
        ]
      },
      {
        "number": 3205,
        "audio": "https://everyayah.com/data/Saood_ash-Shuraym_64kbps/027046.mp3",
        "audioSecondary": [
          "https://cdn.islamic.network/quran/audio/64/ar.shaatree/3205.mp3"
        ],
        "text": "قَالَ يَٰقَوْمِ لِمَ تَسْتَعْجِلُونَ بِٱلسَّيِّئَةِ قَبْلَ ٱلْحَسَنَةِ ۖ لَوْلَا تَسْتَغْفِرُونَ ٱللَّهَ لَعَلَّكُمْ تُرْحَمُونَ",
        "numberInSurah": 46,
        "juz": 19,
        "manzil": 5,
        "page": 381,
        "ruku": 330,
        "hizbQuarter": 152,
        "sajda": false,
        "audioArabic": [
          "https://cdn.jsdelivr.net/gh/Salimbd71/ArabicQuran@main/27/46.mp3"
        ],
        "audioBangla": [
          "https://cdn.jsdelivr.net/gh/Salimbd71/BanglaQuran@main/27/46.mp3"
        ]
      },
      {
        "number": 3206,
        "audio": "https://everyayah.com/data/Saood_ash-Shuraym_64kbps/027047.mp3",
        "audioSecondary": [
          "https://cdn.islamic.network/quran/audio/64/ar.shaatree/3206.mp3"
        ],
        "text": "قَالُوا۟ ٱطَّيَّرْنَا بِكَ وَبِمَن مَّعَكَ ۚ قَالَ طَٰٓئِرُكُمْ عِندَ ٱللَّهِ ۖ بَلْ أَنتُمْ قَوْمٌۭ تُفْتَنُونَ",
        "numberInSurah": 47,
        "juz": 19,
        "manzil": 5,
        "page": 381,
        "ruku": 330,
        "hizbQuarter": 152,
        "sajda": false,
        "audioArabic": [
          "https://cdn.jsdelivr.net/gh/Salimbd71/ArabicQuran@main/27/47.mp3"
        ],
        "audioBangla": [
          "https://cdn.jsdelivr.net/gh/Salimbd71/BanglaQuran@main/27/47.mp3"
        ]
      },
      {
        "number": 3207,
        "audio": "https://everyayah.com/data/Saood_ash-Shuraym_64kbps/027048.mp3",
        "audioSecondary": [
          "https://cdn.islamic.network/quran/audio/64/ar.shaatree/3207.mp3"
        ],
        "text": "وَكَانَ فِى ٱلْمَدِينَةِ تِسْعَةُ رَهْطٍۢ يُفْسِدُونَ فِى ٱلْأَرْضِ وَلَا يُصْلِحُونَ",
        "numberInSurah": 48,
        "juz": 19,
        "manzil": 5,
        "page": 381,
        "ruku": 330,
        "hizbQuarter": 152,
        "sajda": false,
        "audioArabic": [
          "https://cdn.jsdelivr.net/gh/Salimbd71/ArabicQuran@main/27/48.mp3"
        ],
        "audioBangla": [
          "https://cdn.jsdelivr.net/gh/Salimbd71/BanglaQuran@main/27/48.mp3"
        ]
      },
      {
        "number": 3208,
        "audio": "https://everyayah.com/data/Saood_ash-Shuraym_64kbps/027049.mp3",
        "audioSecondary": [
          "https://cdn.islamic.network/quran/audio/64/ar.shaatree/3208.mp3"
        ],
        "text": "قَالُوا۟ تَقَاسَمُوا۟ بِٱللَّهِ لَنُبَيِّتَنَّهُۥ وَأَهْلَهُۥ ثُمَّ لَنَقُولَنَّ لِوَلِيِّهِۦ مَا شَهِدْنَا مَهْلِكَ أَهْلِهِۦ وَإِنَّا لَصَٰدِقُونَ",
        "numberInSurah": 49,
        "juz": 19,
        "manzil": 5,
        "page": 381,
        "ruku": 330,
        "hizbQuarter": 152,
        "sajda": false,
        "audioArabic": [
          "https://cdn.jsdelivr.net/gh/Salimbd71/ArabicQuran@main/27/49.mp3"
        ],
        "audioBangla": [
          "https://cdn.jsdelivr.net/gh/Salimbd71/BanglaQuran@main/27/49.mp3"
        ]
      },
      {
        "number": 3209,
        "audio": "https://everyayah.com/data/Saood_ash-Shuraym_64kbps/027050.mp3",
        "audioSecondary": [
          "https://cdn.islamic.network/quran/audio/64/ar.shaatree/3209.mp3"
        ],
        "text": "وَمَكَرُوا۟ مَكْرًۭا وَمَكَرْنَا مَكْرًۭا وَهُمْ لَا يَشْعُرُونَ",
        "numberInSurah": 50,
        "juz": 19,
        "manzil": 5,
        "page": 381,
        "ruku": 330,
        "hizbQuarter": 152,
        "sajda": false,
        "audioArabic": [
          "https://cdn.jsdelivr.net/gh/Salimbd71/ArabicQuran@main/27/50.mp3"
        ],
        "audioBangla": [
          "https://cdn.jsdelivr.net/gh/Salimbd71/BanglaQuran@main/27/50.mp3"
        ]
      },
      {
        "number": 3210,
        "audio": "https://everyayah.com/data/Saood_ash-Shuraym_64kbps/027051.mp3",
        "audioSecondary": [
          "https://cdn.islamic.network/quran/audio/64/ar.shaatree/3210.mp3"
        ],
        "text": "فَٱنظُرْ كَيْفَ كَانَ عَٰقِبَةُ مَكْرِهِمْ أَنَّا دَمَّرْنَٰهُمْ وَقَوْمَهُمْ أَجْمَعِينَ",
        "numberInSurah": 51,
        "juz": 19,
        "manzil": 5,
        "page": 381,
        "ruku": 330,
        "hizbQuarter": 152,
        "sajda": false,
        "audioArabic": [
          "https://cdn.jsdelivr.net/gh/Salimbd71/ArabicQuran@main/27/51.mp3"
        ],
        "audioBangla": [
          "https://cdn.jsdelivr.net/gh/Salimbd71/BanglaQuran@main/27/51.mp3"
        ]
      },
      {
        "number": 3211,
        "audio": "https://everyayah.com/data/Saood_ash-Shuraym_64kbps/027052.mp3",
        "audioSecondary": [
          "https://cdn.islamic.network/quran/audio/64/ar.shaatree/3211.mp3"
        ],
        "text": "فَتِلْكَ بُيُوتُهُمْ خَاوِيَةًۢ بِمَا ظَلَمُوٓا۟ ۗ إِنَّ فِى ذَٰلِكَ لَءَايَةًۭ لِّقَوْمٍۢ يَعْلَمُونَ",
        "numberInSurah": 52,
        "juz": 19,
        "manzil": 5,
        "page": 381,
        "ruku": 330,
        "hizbQuarter": 152,
        "sajda": false,
        "audioArabic": [
          "https://cdn.jsdelivr.net/gh/Salimbd71/ArabicQuran@main/27/52.mp3"
        ],
        "audioBangla": [
          "https://cdn.jsdelivr.net/gh/Salimbd71/BanglaQuran@main/27/52.mp3"
        ]
      },
      {
        "number": 3212,
        "audio": "https://everyayah.com/data/Saood_ash-Shuraym_64kbps/027053.mp3",
        "audioSecondary": [
          "https://cdn.islamic.network/quran/audio/64/ar.shaatree/3212.mp3"
        ],
        "text": "وَأَنجَيْنَا ٱلَّذِينَ ءَامَنُوا۟ وَكَانُوا۟ يَتَّقُونَ",
        "numberInSurah": 53,
        "juz": 19,
        "manzil": 5,
        "page": 381,
        "ruku": 330,
        "hizbQuarter": 152,
        "sajda": false,
        "audioArabic": [
          "https://cdn.jsdelivr.net/gh/Salimbd71/ArabicQuran@main/27/53.mp3"
        ],
        "audioBangla": [
          "https://cdn.jsdelivr.net/gh/Salimbd71/BanglaQuran@main/27/53.mp3"
        ]
      },
      {
        "number": 3213,
        "audio": "https://everyayah.com/data/Saood_ash-Shuraym_64kbps/027054.mp3",
        "audioSecondary": [
          "https://cdn.islamic.network/quran/audio/64/ar.shaatree/3213.mp3"
        ],
        "text": "وَلُوطًا إِذْ قَالَ لِقَوْمِهِۦٓ أَتَأْتُونَ ٱلْفَٰحِشَةَ وَأَنتُمْ تُبْصِرُونَ",
        "numberInSurah": 54,
        "juz": 19,
        "manzil": 5,
        "page": 381,
        "ruku": 330,
        "hizbQuarter": 152,
        "sajda": false,
        "audioArabic": [
          "https://cdn.jsdelivr.net/gh/Salimbd71/ArabicQuran@main/27/54.mp3"
        ],
        "audioBangla": [
          "https://cdn.jsdelivr.net/gh/Salimbd71/BanglaQuran@main/27/54.mp3"
        ]
      },
      {
        "number": 3214,
        "audio": "https://everyayah.com/data/Saood_ash-Shuraym_64kbps/027055.mp3",
        "audioSecondary": [
          "https://cdn.islamic.network/quran/audio/64/ar.shaatree/3214.mp3"
        ],
        "text": "أَئِنَّكُمْ لَتَأْتُونَ ٱلرِّجَالَ شَهْوَةًۭ مِّن دُونِ ٱلنِّسَآءِ ۚ بَلْ أَنتُمْ قَوْمٌۭ تَجْهَلُونَ",
        "numberInSurah": 55,
        "juz": 19,
        "manzil": 5,
        "page": 381,
        "ruku": 330,
        "hizbQuarter": 152,
        "sajda": false,
        "audioArabic": [
          "https://cdn.jsdelivr.net/gh/Salimbd71/ArabicQuran@main/27/55.mp3"
        ],
        "audioBangla": [
          "https://cdn.jsdelivr.net/gh/Salimbd71/BanglaQuran@main/27/55.mp3"
        ]
      },
      {
        "number": 3215,
        "audio": "https://everyayah.com/data/Saood_ash-Shuraym_64kbps/027056.mp3",
        "audioSecondary": [
          "https://cdn.islamic.network/quran/audio/64/ar.shaatree/3215.mp3"
        ],
        "text": "۞ فَمَا كَانَ جَوَابَ قَوْمِهِۦٓ إِلَّآ أَن قَالُوٓا۟ أَخْرِجُوٓا۟ ءَالَ لُوطٍۢ مِّن قَرْيَتِكُمْ ۖ إِنَّهُمْ أُنَاسٌۭ يَتَطَهَّرُونَ",
        "numberInSurah": 56,
        "juz": 20,
        "manzil": 5,
        "page": 382,
        "ruku": 330,
        "hizbQuarter": 153,
        "sajda": false,
        "audioArabic": [
          "https://cdn.jsdelivr.net/gh/Salimbd71/ArabicQuran@main/27/56.mp3"
        ],
        "audioBangla": [
          "https://cdn.jsdelivr.net/gh/Salimbd71/BanglaQuran@main/27/56.mp3"
        ]
      },
      {
        "number": 3216,
        "audio": "https://everyayah.com/data/Saood_ash-Shuraym_64kbps/027057.mp3",
        "audioSecondary": [
          "https://cdn.islamic.network/quran/audio/64/ar.shaatree/3216.mp3"
        ],
        "text": "فَأَنجَيْنَٰهُ وَأَهْلَهُۥٓ إِلَّا ٱمْرَأَتَهُۥ قَدَّرْنَٰهَا مِنَ ٱلْغَٰبِرِينَ",
        "numberInSurah": 57,
        "juz": 20,
        "manzil": 5,
        "page": 382,
        "ruku": 330,
        "hizbQuarter": 153,
        "sajda": false,
        "audioArabic": [
          "https://cdn.jsdelivr.net/gh/Salimbd71/ArabicQuran@main/27/57.mp3"
        ],
        "audioBangla": [
          "https://cdn.jsdelivr.net/gh/Salimbd71/BanglaQuran@main/27/57.mp3"
        ]
      },
      {
        "number": 3217,
        "audio": "https://everyayah.com/data/Saood_ash-Shuraym_64kbps/027058.mp3",
        "audioSecondary": [
          "https://cdn.islamic.network/quran/audio/64/ar.shaatree/3217.mp3"
        ],
        "text": "وَأَمْطَرْنَا عَلَيْهِم مَّطَرًۭا ۖ فَسَآءَ مَطَرُ ٱلْمُنذَرِينَ",
        "numberInSurah": 58,
        "juz": 20,
        "manzil": 5,
        "page": 382,
        "ruku": 330,
        "hizbQuarter": 153,
        "sajda": false,
        "audioArabic": [
          "https://cdn.jsdelivr.net/gh/Salimbd71/ArabicQuran@main/27/58.mp3"
        ],
        "audioBangla": [
          "https://cdn.jsdelivr.net/gh/Salimbd71/BanglaQuran@main/27/58.mp3"
        ]
      },
      {
        "number": 3218,
        "audio": "https://everyayah.com/data/Saood_ash-Shuraym_64kbps/027059.mp3",
        "audioSecondary": [
          "https://cdn.islamic.network/quran/audio/64/ar.shaatree/3218.mp3"
        ],
        "text": "قُلِ ٱلْحَمْدُ لِلَّهِ وَسَلَٰمٌ عَلَىٰ عِبَادِهِ ٱلَّذِينَ ٱصْطَفَىٰٓ ۗ ءَآللَّهُ خَيْرٌ أَمَّا يُشْرِكُونَ",
        "numberInSurah": 59,
        "juz": 20,
        "manzil": 5,
        "page": 382,
        "ruku": 331,
        "hizbQuarter": 153,
        "sajda": false,
        "audioArabic": [
          "https://cdn.jsdelivr.net/gh/Salimbd71/ArabicQuran@main/27/59.mp3"
        ],
        "audioBangla": [
          "https://cdn.jsdelivr.net/gh/Salimbd71/BanglaQuran@main/27/59.mp3"
        ]
      },
      {
        "number": 3219,
        "audio": "https://everyayah.com/data/Saood_ash-Shuraym_64kbps/027060.mp3",
        "audioSecondary": [
          "https://cdn.islamic.network/quran/audio/64/ar.shaatree/3219.mp3"
        ],
        "text": "أَمَّنْ خَلَقَ ٱلسَّمَٰوَٰتِ وَٱلْأَرْضَ وَأَنزَلَ لَكُم مِّنَ ٱلسَّمَآءِ مَآءًۭ فَأَنۢبَتْنَا بِهِۦ حَدَآئِقَ ذَاتَ بَهْجَةٍۢ مَّا كَانَ لَكُمْ أَن تُنۢبِتُوا۟ شَجَرَهَآ ۗ أَءِلَٰهٌۭ مَّعَ ٱللَّهِ ۚ بَلْ هُمْ قَوْمٌۭ يَعْدِلُونَ",
        "numberInSurah": 60,
        "juz": 20,
        "manzil": 5,
        "page": 382,
        "ruku": 331,
        "hizbQuarter": 153,
        "sajda": false,
        "audioArabic": [
          "https://cdn.jsdelivr.net/gh/Salimbd71/ArabicQuran@main/27/60.mp3"
        ],
        "audioBangla": [
          "https://cdn.jsdelivr.net/gh/Salimbd71/BanglaQuran@main/27/60.mp3"
        ]
      },
      {
        "number": 3220,
        "audio": "https://everyayah.com/data/Saood_ash-Shuraym_64kbps/027061.mp3",
        "audioSecondary": [
          "https://cdn.islamic.network/quran/audio/64/ar.shaatree/3220.mp3"
        ],
        "text": "أَمَّن جَعَلَ ٱلْأَرْضَ قَرَارًۭا وَجَعَلَ خِلَٰلَهَآ أَنْهَٰرًۭا وَجَعَلَ لَهَا رَوَٰسِىَ وَجَعَلَ بَيْنَ ٱلْبَحْرَيْنِ حَاجِزًا ۗ أَءِلَٰهٌۭ مَّعَ ٱللَّهِ ۚ بَلْ أَكْثَرُهُمْ لَا يَعْلَمُونَ",
        "numberInSurah": 61,
        "juz": 20,
        "manzil": 5,
        "page": 382,
        "ruku": 331,
        "hizbQuarter": 153,
        "sajda": false,
        "audioArabic": [
          "https://cdn.jsdelivr.net/gh/Salimbd71/ArabicQuran@main/27/61.mp3"
        ],
        "audioBangla": [
          "https://cdn.jsdelivr.net/gh/Salimbd71/BanglaQuran@main/27/61.mp3"
        ]
      },
      {
        "number": 3221,
        "audio": "https://everyayah.com/data/Saood_ash-Shuraym_64kbps/027062.mp3",
        "audioSecondary": [
          "https://cdn.islamic.network/quran/audio/64/ar.shaatree/3221.mp3"
        ],
        "text": "أَمَّن يُجِيبُ ٱلْمُضْطَرَّ إِذَا دَعَاهُ وَيَكْشِفُ ٱلسُّوٓءَ وَيَجْعَلُكُمْ خُلَفَآءَ ٱلْأَرْضِ ۗ أَءِلَٰهٌۭ مَّعَ ٱللَّهِ ۚ قَلِيلًۭا مَّا تَذَكَّرُونَ",
        "numberInSurah": 62,
        "juz": 20,
        "manzil": 5,
        "page": 382,
        "ruku": 331,
        "hizbQuarter": 153,
        "sajda": false,
        "audioArabic": [
          "https://cdn.jsdelivr.net/gh/Salimbd71/ArabicQuran@main/27/62.mp3"
        ],
        "audioBangla": [
          "https://cdn.jsdelivr.net/gh/Salimbd71/BanglaQuran@main/27/62.mp3"
        ]
      },
      {
        "number": 3222,
        "audio": "https://everyayah.com/data/Saood_ash-Shuraym_64kbps/027063.mp3",
        "audioSecondary": [
          "https://cdn.islamic.network/quran/audio/64/ar.shaatree/3222.mp3"
        ],
        "text": "أَمَّن يَهْدِيكُمْ فِى ظُلُمَٰتِ ٱلْبَرِّ وَٱلْبَحْرِ وَمَن يُرْسِلُ ٱلرِّيَٰحَ بُشْرًۢا بَيْنَ يَدَىْ رَحْمَتِهِۦٓ ۗ أَءِلَٰهٌۭ مَّعَ ٱللَّهِ ۚ تَعَٰلَى ٱللَّهُ عَمَّا يُشْرِكُونَ",
        "numberInSurah": 63,
        "juz": 20,
        "manzil": 5,
        "page": 382,
        "ruku": 331,
        "hizbQuarter": 153,
        "sajda": false,
        "audioArabic": [
          "https://cdn.jsdelivr.net/gh/Salimbd71/ArabicQuran@main/27/63.mp3"
        ],
        "audioBangla": [
          "https://cdn.jsdelivr.net/gh/Salimbd71/BanglaQuran@main/27/63.mp3"
        ]
      },
      {
        "number": 3223,
        "audio": "https://everyayah.com/data/Saood_ash-Shuraym_64kbps/027064.mp3",
        "audioSecondary": [
          "https://cdn.islamic.network/quran/audio/64/ar.shaatree/3223.mp3"
        ],
        "text": "أَمَّن يَبْدَؤُا۟ ٱلْخَلْقَ ثُمَّ يُعِيدُهُۥ وَمَن يَرْزُقُكُم مِّنَ ٱلسَّمَآءِ وَٱلْأَرْضِ ۗ أَءِلَٰهٌۭ مَّعَ ٱللَّهِ ۚ قُلْ هَاتُوا۟ بُرْهَٰنَكُمْ إِن كُنتُمْ صَٰدِقِينَ",
        "numberInSurah": 64,
        "juz": 20,
        "manzil": 5,
        "page": 383,
        "ruku": 331,
        "hizbQuarter": 153,
        "sajda": false,
        "audioArabic": [
          "https://cdn.jsdelivr.net/gh/Salimbd71/ArabicQuran@main/27/64.mp3"
        ],
        "audioBangla": [
          "https://cdn.jsdelivr.net/gh/Salimbd71/BanglaQuran@main/27/64.mp3"
        ]
      },
      {
        "number": 3224,
        "audio": "https://everyayah.com/data/Saood_ash-Shuraym_64kbps/027065.mp3",
        "audioSecondary": [
          "https://cdn.islamic.network/quran/audio/64/ar.shaatree/3224.mp3"
        ],
        "text": "قُل لَّا يَعْلَمُ مَن فِى ٱلسَّمَٰوَٰتِ وَٱلْأَرْضِ ٱلْغَيْبَ إِلَّا ٱللَّهُ ۚ وَمَا يَشْعُرُونَ أَيَّانَ يُبْعَثُونَ",
        "numberInSurah": 65,
        "juz": 20,
        "manzil": 5,
        "page": 383,
        "ruku": 331,
        "hizbQuarter": 153,
        "sajda": false,
        "audioArabic": [
          "https://cdn.jsdelivr.net/gh/Salimbd71/ArabicQuran@main/27/65.mp3"
        ],
        "audioBangla": [
          "https://cdn.jsdelivr.net/gh/Salimbd71/BanglaQuran@main/27/65.mp3"
        ]
      },
      {
        "number": 3225,
        "audio": "https://everyayah.com/data/Saood_ash-Shuraym_64kbps/027066.mp3",
        "audioSecondary": [
          "https://cdn.islamic.network/quran/audio/64/ar.shaatree/3225.mp3"
        ],
        "text": "بَلِ ٱدَّٰرَكَ عِلْمُهُمْ فِى ٱلْءَاخِرَةِ ۚ بَلْ هُمْ فِى شَكٍّۢ مِّنْهَا ۖ بَلْ هُم مِّنْهَا عَمُونَ",
        "numberInSurah": 66,
        "juz": 20,
        "manzil": 5,
        "page": 383,
        "ruku": 331,
        "hizbQuarter": 153,
        "sajda": false,
        "audioArabic": [
          "https://cdn.jsdelivr.net/gh/Salimbd71/ArabicQuran@main/27/66.mp3"
        ],
        "audioBangla": [
          "https://cdn.jsdelivr.net/gh/Salimbd71/BanglaQuran@main/27/66.mp3"
        ]
      },
      {
        "number": 3226,
        "audio": "https://everyayah.com/data/Saood_ash-Shuraym_64kbps/027067.mp3",
        "audioSecondary": [
          "https://cdn.islamic.network/quran/audio/64/ar.shaatree/3226.mp3"
        ],
        "text": "وَقَالَ ٱلَّذِينَ كَفَرُوٓا۟ أَءِذَا كُنَّا تُرَٰبًۭا وَءَابَآؤُنَآ أَئِنَّا لَمُخْرَجُونَ",
        "numberInSurah": 67,
        "juz": 20,
        "manzil": 5,
        "page": 383,
        "ruku": 332,
        "hizbQuarter": 153,
        "sajda": false,
        "audioArabic": [
          "https://cdn.jsdelivr.net/gh/Salimbd71/ArabicQuran@main/27/67.mp3"
        ],
        "audioBangla": [
          "https://cdn.jsdelivr.net/gh/Salimbd71/BanglaQuran@main/27/67.mp3"
        ]
      },
      {
        "number": 3227,
        "audio": "https://everyayah.com/data/Saood_ash-Shuraym_64kbps/027068.mp3",
        "audioSecondary": [
          "https://cdn.islamic.network/quran/audio/64/ar.shaatree/3227.mp3"
        ],
        "text": "لَقَدْ وُعِدْنَا هَٰذَا نَحْنُ وَءَابَآؤُنَا مِن قَبْلُ إِنْ هَٰذَآ إِلَّآ أَسَٰطِيرُ ٱلْأَوَّلِينَ",
        "numberInSurah": 68,
        "juz": 20,
        "manzil": 5,
        "page": 383,
        "ruku": 332,
        "hizbQuarter": 153,
        "sajda": false,
        "audioArabic": [
          "https://cdn.jsdelivr.net/gh/Salimbd71/ArabicQuran@main/27/68.mp3"
        ],
        "audioBangla": [
          "https://cdn.jsdelivr.net/gh/Salimbd71/BanglaQuran@main/27/68.mp3"
        ]
      },
      {
        "number": 3228,
        "audio": "https://everyayah.com/data/Saood_ash-Shuraym_64kbps/027069.mp3",
        "audioSecondary": [
          "https://cdn.islamic.network/quran/audio/64/ar.shaatree/3228.mp3"
        ],
        "text": "قُلْ سِيرُوا۟ فِى ٱلْأَرْضِ فَٱنظُرُوا۟ كَيْفَ كَانَ عَٰقِبَةُ ٱلْمُجْرِمِينَ",
        "numberInSurah": 69,
        "juz": 20,
        "manzil": 5,
        "page": 383,
        "ruku": 332,
        "hizbQuarter": 153,
        "sajda": false,
        "audioArabic": [
          "https://cdn.jsdelivr.net/gh/Salimbd71/ArabicQuran@main/27/69.mp3"
        ],
        "audioBangla": [
          "https://cdn.jsdelivr.net/gh/Salimbd71/BanglaQuran@main/27/69.mp3"
        ]
      },
      {
        "number": 3229,
        "audio": "https://everyayah.com/data/Saood_ash-Shuraym_64kbps/027070.mp3",
        "audioSecondary": [
          "https://cdn.islamic.network/quran/audio/64/ar.shaatree/3229.mp3"
        ],
        "text": "وَلَا تَحْزَنْ عَلَيْهِمْ وَلَا تَكُن فِى ضَيْقٍۢ مِّمَّا يَمْكُرُونَ",
        "numberInSurah": 70,
        "juz": 20,
        "manzil": 5,
        "page": 383,
        "ruku": 332,
        "hizbQuarter": 153,
        "sajda": false,
        "audioArabic": [
          "https://cdn.jsdelivr.net/gh/Salimbd71/ArabicQuran@main/27/70.mp3"
        ],
        "audioBangla": [
          "https://cdn.jsdelivr.net/gh/Salimbd71/BanglaQuran@main/27/70.mp3"
        ]
      },
      {
        "number": 3230,
        "audio": "https://everyayah.com/data/Saood_ash-Shuraym_64kbps/027071.mp3",
        "audioSecondary": [
          "https://cdn.islamic.network/quran/audio/64/ar.shaatree/3230.mp3"
        ],
        "text": "وَيَقُولُونَ مَتَىٰ هَٰذَا ٱلْوَعْدُ إِن كُنتُمْ صَٰدِقِينَ",
        "numberInSurah": 71,
        "juz": 20,
        "manzil": 5,
        "page": 383,
        "ruku": 332,
        "hizbQuarter": 153,
        "sajda": false,
        "audioArabic": [
          "https://cdn.jsdelivr.net/gh/Salimbd71/ArabicQuran@main/27/71.mp3"
        ],
        "audioBangla": [
          "https://cdn.jsdelivr.net/gh/Salimbd71/BanglaQuran@main/27/71.mp3"
        ]
      },
      {
        "number": 3231,
        "audio": "https://everyayah.com/data/Saood_ash-Shuraym_64kbps/027072.mp3",
        "audioSecondary": [
          "https://cdn.islamic.network/quran/audio/64/ar.shaatree/3231.mp3"
        ],
        "text": "قُلْ عَسَىٰٓ أَن يَكُونَ رَدِفَ لَكُم بَعْضُ ٱلَّذِى تَسْتَعْجِلُونَ",
        "numberInSurah": 72,
        "juz": 20,
        "manzil": 5,
        "page": 383,
        "ruku": 332,
        "hizbQuarter": 153,
        "sajda": false,
        "audioArabic": [
          "https://cdn.jsdelivr.net/gh/Salimbd71/ArabicQuran@main/27/72.mp3"
        ],
        "audioBangla": [
          "https://cdn.jsdelivr.net/gh/Salimbd71/BanglaQuran@main/27/72.mp3"
        ]
      },
      {
        "number": 3232,
        "audio": "https://everyayah.com/data/Saood_ash-Shuraym_64kbps/027073.mp3",
        "audioSecondary": [
          "https://cdn.islamic.network/quran/audio/64/ar.shaatree/3232.mp3"
        ],
        "text": "وَإِنَّ رَبَّكَ لَذُو فَضْلٍ عَلَى ٱلنَّاسِ وَلَٰكِنَّ أَكْثَرَهُمْ لَا يَشْكُرُونَ",
        "numberInSurah": 73,
        "juz": 20,
        "manzil": 5,
        "page": 383,
        "ruku": 332,
        "hizbQuarter": 153,
        "sajda": false,
        "audioArabic": [
          "https://cdn.jsdelivr.net/gh/Salimbd71/ArabicQuran@main/27/73.mp3"
        ],
        "audioBangla": [
          "https://cdn.jsdelivr.net/gh/Salimbd71/BanglaQuran@main/27/73.mp3"
        ]
      },
      {
        "number": 3233,
        "audio": "https://everyayah.com/data/Saood_ash-Shuraym_64kbps/027074.mp3",
        "audioSecondary": [
          "https://cdn.islamic.network/quran/audio/64/ar.shaatree/3233.mp3"
        ],
        "text": "وَإِنَّ رَبَّكَ لَيَعْلَمُ مَا تُكِنُّ صُدُورُهُمْ وَمَا يُعْلِنُونَ",
        "numberInSurah": 74,
        "juz": 20,
        "manzil": 5,
        "page": 383,
        "ruku": 332,
        "hizbQuarter": 153,
        "sajda": false,
        "audioArabic": [
          "https://cdn.jsdelivr.net/gh/Salimbd71/ArabicQuran@main/27/74.mp3"
        ],
        "audioBangla": [
          "https://cdn.jsdelivr.net/gh/Salimbd71/BanglaQuran@main/27/74.mp3"
        ]
      },
      {
        "number": 3234,
        "audio": "https://everyayah.com/data/Saood_ash-Shuraym_64kbps/027075.mp3",
        "audioSecondary": [
          "https://cdn.islamic.network/quran/audio/64/ar.shaatree/3234.mp3"
        ],
        "text": "وَمَا مِنْ غَآئِبَةٍۢ فِى ٱلسَّمَآءِ وَٱلْأَرْضِ إِلَّا فِى كِتَٰبٍۢ مُّبِينٍ",
        "numberInSurah": 75,
        "juz": 20,
        "manzil": 5,
        "page": 383,
        "ruku": 332,
        "hizbQuarter": 153,
        "sajda": false,
        "audioArabic": [
          "https://cdn.jsdelivr.net/gh/Salimbd71/ArabicQuran@main/27/75.mp3"
        ],
        "audioBangla": [
          "https://cdn.jsdelivr.net/gh/Salimbd71/BanglaQuran@main/27/75.mp3"
        ]
      },
      {
        "number": 3235,
        "audio": "https://everyayah.com/data/Saood_ash-Shuraym_64kbps/027076.mp3",
        "audioSecondary": [
          "https://cdn.islamic.network/quran/audio/64/ar.shaatree/3235.mp3"
        ],
        "text": "إِنَّ هَٰذَا ٱلْقُرْءَانَ يَقُصُّ عَلَىٰ بَنِىٓ إِسْرَٰٓءِيلَ أَكْثَرَ ٱلَّذِى هُمْ فِيهِ يَخْتَلِفُونَ",
        "numberInSurah": 76,
        "juz": 20,
        "manzil": 5,
        "page": 383,
        "ruku": 332,
        "hizbQuarter": 153,
        "sajda": false,
        "audioArabic": [
          "https://cdn.jsdelivr.net/gh/Salimbd71/ArabicQuran@main/27/76.mp3"
        ],
        "audioBangla": [
          "https://cdn.jsdelivr.net/gh/Salimbd71/BanglaQuran@main/27/76.mp3"
        ]
      },
      {
        "number": 3236,
        "audio": "https://everyayah.com/data/Saood_ash-Shuraym_64kbps/027077.mp3",
        "audioSecondary": [
          "https://cdn.islamic.network/quran/audio/64/ar.shaatree/3236.mp3"
        ],
        "text": "وَإِنَّهُۥ لَهُدًۭى وَرَحْمَةٌۭ لِّلْمُؤْمِنِينَ",
        "numberInSurah": 77,
        "juz": 20,
        "manzil": 5,
        "page": 384,
        "ruku": 332,
        "hizbQuarter": 153,
        "sajda": false,
        "audioArabic": [
          "https://cdn.jsdelivr.net/gh/Salimbd71/ArabicQuran@main/27/77.mp3"
        ],
        "audioBangla": [
          "https://cdn.jsdelivr.net/gh/Salimbd71/BanglaQuran@main/27/77.mp3"
        ]
      },
      {
        "number": 3237,
        "audio": "https://everyayah.com/data/Saood_ash-Shuraym_64kbps/027078.mp3",
        "audioSecondary": [
          "https://cdn.islamic.network/quran/audio/64/ar.shaatree/3237.mp3"
        ],
        "text": "إِنَّ رَبَّكَ يَقْضِى بَيْنَهُم بِحُكْمِهِۦ ۚ وَهُوَ ٱلْعَزِيزُ ٱلْعَلِيمُ",
        "numberInSurah": 78,
        "juz": 20,
        "manzil": 5,
        "page": 384,
        "ruku": 332,
        "hizbQuarter": 153,
        "sajda": false,
        "audioArabic": [
          "https://cdn.jsdelivr.net/gh/Salimbd71/ArabicQuran@main/27/78.mp3"
        ],
        "audioBangla": [
          "https://cdn.jsdelivr.net/gh/Salimbd71/BanglaQuran@main/27/78.mp3"
        ]
      },
      {
        "number": 3238,
        "audio": "https://everyayah.com/data/Saood_ash-Shuraym_64kbps/027079.mp3",
        "audioSecondary": [
          "https://cdn.islamic.network/quran/audio/64/ar.shaatree/3238.mp3"
        ],
        "text": "فَتَوَكَّلْ عَلَى ٱللَّهِ ۖ إِنَّكَ عَلَى ٱلْحَقِّ ٱلْمُبِينِ",
        "numberInSurah": 79,
        "juz": 20,
        "manzil": 5,
        "page": 384,
        "ruku": 332,
        "hizbQuarter": 153,
        "sajda": false,
        "audioArabic": [
          "https://cdn.jsdelivr.net/gh/Salimbd71/ArabicQuran@main/27/79.mp3"
        ],
        "audioBangla": [
          "https://cdn.jsdelivr.net/gh/Salimbd71/BanglaQuran@main/27/79.mp3"
        ]
      },
      {
        "number": 3239,
        "audio": "https://everyayah.com/data/Saood_ash-Shuraym_64kbps/027080.mp3",
        "audioSecondary": [
          "https://cdn.islamic.network/quran/audio/64/ar.shaatree/3239.mp3"
        ],
        "text": "إِنَّكَ لَا تُسْمِعُ ٱلْمَوْتَىٰ وَلَا تُسْمِعُ ٱلصُّمَّ ٱلدُّعَآءَ إِذَا وَلَّوْا۟ مُدْبِرِينَ",
        "numberInSurah": 80,
        "juz": 20,
        "manzil": 5,
        "page": 384,
        "ruku": 332,
        "hizbQuarter": 153,
        "sajda": false,
        "audioArabic": [
          "https://cdn.jsdelivr.net/gh/Salimbd71/ArabicQuran@main/27/80.mp3"
        ],
        "audioBangla": [
          "https://cdn.jsdelivr.net/gh/Salimbd71/BanglaQuran@main/27/80.mp3"
        ]
      },
      {
        "number": 3240,
        "audio": "https://everyayah.com/data/Saood_ash-Shuraym_64kbps/027081.mp3",
        "audioSecondary": [
          "https://cdn.islamic.network/quran/audio/64/ar.shaatree/3240.mp3"
        ],
        "text": "وَمَآ أَنتَ بِهَٰدِى ٱلْعُمْىِ عَن ضَلَٰلَتِهِمْ ۖ إِن تُسْمِعُ إِلَّا مَن يُؤْمِنُ بِـَٔايَٰتِنَا فَهُم مُّسْلِمُونَ",
        "numberInSurah": 81,
        "juz": 20,
        "manzil": 5,
        "page": 384,
        "ruku": 332,
        "hizbQuarter": 153,
        "sajda": false,
        "audioArabic": [
          "https://cdn.jsdelivr.net/gh/Salimbd71/ArabicQuran@main/27/81.mp3"
        ],
        "audioBangla": [
          "https://cdn.jsdelivr.net/gh/Salimbd71/BanglaQuran@main/27/81.mp3"
        ]
      },
      {
        "number": 3241,
        "audio": "https://everyayah.com/data/Saood_ash-Shuraym_64kbps/027082.mp3",
        "audioSecondary": [
          "https://cdn.islamic.network/quran/audio/64/ar.shaatree/3241.mp3"
        ],
        "text": "۞ وَإِذَا وَقَعَ ٱلْقَوْلُ عَلَيْهِمْ أَخْرَجْنَا لَهُمْ دَآبَّةًۭ مِّنَ ٱلْأَرْضِ تُكَلِّمُهُمْ أَنَّ ٱلنَّاسَ كَانُوا۟ بِـَٔايَٰتِنَا لَا يُوقِنُونَ",
        "numberInSurah": 82,
        "juz": 20,
        "manzil": 5,
        "page": 384,
        "ruku": 332,
        "hizbQuarter": 154,
        "sajda": false,
        "audioArabic": [
          "https://cdn.jsdelivr.net/gh/Salimbd71/ArabicQuran@main/27/82.mp3"
        ],
        "audioBangla": [
          "https://cdn.jsdelivr.net/gh/Salimbd71/BanglaQuran@main/27/82.mp3"
        ]
      },
      {
        "number": 3242,
        "audio": "https://everyayah.com/data/Saood_ash-Shuraym_64kbps/027083.mp3",
        "audioSecondary": [
          "https://cdn.islamic.network/quran/audio/64/ar.shaatree/3242.mp3"
        ],
        "text": "وَيَوْمَ نَحْشُرُ مِن كُلِّ أُمَّةٍۢ فَوْجًۭا مِّمَّن يُكَذِّبُ بِـَٔايَٰتِنَا فَهُمْ يُوزَعُونَ",
        "numberInSurah": 83,
        "juz": 20,
        "manzil": 5,
        "page": 384,
        "ruku": 333,
        "hizbQuarter": 154,
        "sajda": false,
        "audioArabic": [
          "https://cdn.jsdelivr.net/gh/Salimbd71/ArabicQuran@main/27/83.mp3"
        ],
        "audioBangla": [
          "https://cdn.jsdelivr.net/gh/Salimbd71/BanglaQuran@main/27/83.mp3"
        ]
      },
      {
        "number": 3243,
        "audio": "https://everyayah.com/data/Saood_ash-Shuraym_64kbps/027084.mp3",
        "audioSecondary": [
          "https://cdn.islamic.network/quran/audio/64/ar.shaatree/3243.mp3"
        ],
        "text": "حَتَّىٰٓ إِذَا جَآءُو قَالَ أَكَذَّبْتُم بِـَٔايَٰتِى وَلَمْ تُحِيطُوا۟ بِهَا عِلْمًا أَمَّاذَا كُنتُمْ تَعْمَلُونَ",
        "numberInSurah": 84,
        "juz": 20,
        "manzil": 5,
        "page": 384,
        "ruku": 333,
        "hizbQuarter": 154,
        "sajda": false,
        "audioArabic": [
          "https://cdn.jsdelivr.net/gh/Salimbd71/ArabicQuran@main/27/84.mp3"
        ],
        "audioBangla": [
          "https://cdn.jsdelivr.net/gh/Salimbd71/BanglaQuran@main/27/84.mp3"
        ]
      },
      {
        "number": 3244,
        "audio": "https://everyayah.com/data/Saood_ash-Shuraym_64kbps/027085.mp3",
        "audioSecondary": [
          "https://cdn.islamic.network/quran/audio/64/ar.shaatree/3244.mp3"
        ],
        "text": "وَوَقَعَ ٱلْقَوْلُ عَلَيْهِم بِمَا ظَلَمُوا۟ فَهُمْ لَا يَنطِقُونَ",
        "numberInSurah": 85,
        "juz": 20,
        "manzil": 5,
        "page": 384,
        "ruku": 333,
        "hizbQuarter": 154,
        "sajda": false,
        "audioArabic": [
          "https://cdn.jsdelivr.net/gh/Salimbd71/ArabicQuran@main/27/85.mp3"
        ],
        "audioBangla": [
          "https://cdn.jsdelivr.net/gh/Salimbd71/BanglaQuran@main/27/85.mp3"
        ]
      },
      {
        "number": 3245,
        "audio": "https://everyayah.com/data/Saood_ash-Shuraym_64kbps/027086.mp3",
        "audioSecondary": [
          "https://cdn.islamic.network/quran/audio/64/ar.shaatree/3245.mp3"
        ],
        "text": "أَلَمْ يَرَوْا۟ أَنَّا جَعَلْنَا ٱلَّيْلَ لِيَسْكُنُوا۟ فِيهِ وَٱلنَّهَارَ مُبْصِرًا ۚ إِنَّ فِى ذَٰلِكَ لَءَايَٰتٍۢ لِّقَوْمٍۢ يُؤْمِنُونَ",
        "numberInSurah": 86,
        "juz": 20,
        "manzil": 5,
        "page": 384,
        "ruku": 333,
        "hizbQuarter": 154,
        "sajda": false,
        "audioArabic": [
          "https://cdn.jsdelivr.net/gh/Salimbd71/ArabicQuran@main/27/86.mp3"
        ],
        "audioBangla": [
          "https://cdn.jsdelivr.net/gh/Salimbd71/BanglaQuran@main/27/86.mp3"
        ]
      },
      {
        "number": 3246,
        "audio": "https://everyayah.com/data/Saood_ash-Shuraym_64kbps/027087.mp3",
        "audioSecondary": [
          "https://cdn.islamic.network/quran/audio/64/ar.shaatree/3246.mp3"
        ],
        "text": "وَيَوْمَ يُنفَخُ فِى ٱلصُّورِ فَفَزِعَ مَن فِى ٱلسَّمَٰوَٰتِ وَمَن فِى ٱلْأَرْضِ إِلَّا مَن شَآءَ ٱللَّهُ ۚ وَكُلٌّ أَتَوْهُ دَٰخِرِينَ",
        "numberInSurah": 87,
        "juz": 20,
        "manzil": 5,
        "page": 384,
        "ruku": 333,
        "hizbQuarter": 154,
        "sajda": false,
        "audioArabic": [
          "https://cdn.jsdelivr.net/gh/Salimbd71/ArabicQuran@main/27/87.mp3"
        ],
        "audioBangla": [
          "https://cdn.jsdelivr.net/gh/Salimbd71/BanglaQuran@main/27/87.mp3"
        ]
      },
      {
        "number": 3247,
        "audio": "https://everyayah.com/data/Saood_ash-Shuraym_64kbps/027088.mp3",
        "audioSecondary": [
          "https://cdn.islamic.network/quran/audio/64/ar.shaatree/3247.mp3"
        ],
        "text": "وَتَرَى ٱلْجِبَالَ تَحْسَبُهَا جَامِدَةًۭ وَهِىَ تَمُرُّ مَرَّ ٱلسَّحَابِ ۚ صُنْعَ ٱللَّهِ ٱلَّذِىٓ أَتْقَنَ كُلَّ شَىْءٍ ۚ إِنَّهُۥ خَبِيرٌۢ بِمَا تَفْعَلُونَ",
        "numberInSurah": 88,
        "juz": 20,
        "manzil": 5,
        "page": 384,
        "ruku": 333,
        "hizbQuarter": 154,
        "sajda": false,
        "audioArabic": [
          "https://cdn.jsdelivr.net/gh/Salimbd71/ArabicQuran@main/27/88.mp3"
        ],
        "audioBangla": [
          "https://cdn.jsdelivr.net/gh/Salimbd71/BanglaQuran@main/27/88.mp3"
        ]
      },
      {
        "number": 3248,
        "audio": "https://everyayah.com/data/Saood_ash-Shuraym_64kbps/027089.mp3",
        "audioSecondary": [
          "https://cdn.islamic.network/quran/audio/64/ar.shaatree/3248.mp3"
        ],
        "text": "مَن جَآءَ بِٱلْحَسَنَةِ فَلَهُۥ خَيْرٌۭ مِّنْهَا وَهُم مِّن فَزَعٍۢ يَوْمَئِذٍ ءَامِنُونَ",
        "numberInSurah": 89,
        "juz": 20,
        "manzil": 5,
        "page": 385,
        "ruku": 333,
        "hizbQuarter": 154,
        "sajda": false,
        "audioArabic": [
          "https://cdn.jsdelivr.net/gh/Salimbd71/ArabicQuran@main/27/89.mp3"
        ],
        "audioBangla": [
          "https://cdn.jsdelivr.net/gh/Salimbd71/BanglaQuran@main/27/89.mp3"
        ]
      },
      {
        "number": 3249,
        "audio": "https://everyayah.com/data/Saood_ash-Shuraym_64kbps/027090.mp3",
        "audioSecondary": [
          "https://cdn.islamic.network/quran/audio/64/ar.shaatree/3249.mp3"
        ],
        "text": "وَمَن جَآءَ بِٱلسَّيِّئَةِ فَكُبَّتْ وُجُوهُهُمْ فِى ٱلنَّارِ هَلْ تُجْزَوْنَ إِلَّا مَا كُنتُمْ تَعْمَلُونَ",
        "numberInSurah": 90,
        "juz": 20,
        "manzil": 5,
        "page": 385,
        "ruku": 333,
        "hizbQuarter": 154,
        "sajda": false,
        "audioArabic": [
          "https://cdn.jsdelivr.net/gh/Salimbd71/ArabicQuran@main/27/90.mp3"
        ],
        "audioBangla": [
          "https://cdn.jsdelivr.net/gh/Salimbd71/BanglaQuran@main/27/90.mp3"
        ]
      },
      {
        "number": 3250,
        "audio": "https://everyayah.com/data/Saood_ash-Shuraym_64kbps/027091.mp3",
        "audioSecondary": [
          "https://cdn.islamic.network/quran/audio/64/ar.shaatree/3250.mp3"
        ],
        "text": "إِنَّمَآ أُمِرْتُ أَنْ أَعْبُدَ رَبَّ هَٰذِهِ ٱلْبَلْدَةِ ٱلَّذِى حَرَّمَهَا وَلَهُۥ كُلُّ شَىْءٍۢ ۖ وَأُمِرْتُ أَنْ أَكُونَ مِنَ ٱلْمُسْلِمِينَ",
        "numberInSurah": 91,
        "juz": 20,
        "manzil": 5,
        "page": 385,
        "ruku": 333,
        "hizbQuarter": 154,
        "sajda": false,
        "audioArabic": [
          "https://cdn.jsdelivr.net/gh/Salimbd71/ArabicQuran@main/27/91.mp3"
        ],
        "audioBangla": [
          "https://cdn.jsdelivr.net/gh/Salimbd71/BanglaQuran@main/27/91.mp3"
        ]
      },
      {
        "number": 3251,
        "audio": "https://everyayah.com/data/Saood_ash-Shuraym_64kbps/027092.mp3",
        "audioSecondary": [
          "https://cdn.islamic.network/quran/audio/64/ar.shaatree/3251.mp3"
        ],
        "text": "وَأَنْ أَتْلُوَا۟ ٱلْقُرْءَانَ ۖ فَمَنِ ٱهْتَدَىٰ فَإِنَّمَا يَهْتَدِى لِنَفْسِهِۦ ۖ وَمَن ضَلَّ فَقُلْ إِنَّمَآ أَنَا۠ مِنَ ٱلْمُنذِرِينَ",
        "numberInSurah": 92,
        "juz": 20,
        "manzil": 5,
        "page": 385,
        "ruku": 333,
        "hizbQuarter": 154,
        "sajda": false,
        "audioArabic": [
          "https://cdn.jsdelivr.net/gh/Salimbd71/ArabicQuran@main/27/92.mp3"
        ],
        "audioBangla": [
          "https://cdn.jsdelivr.net/gh/Salimbd71/BanglaQuran@main/27/92.mp3"
        ]
      },
      {
        "number": 3252,
        "audio": "https://everyayah.com/data/Saood_ash-Shuraym_64kbps/027093.mp3",
        "audioSecondary": [
          "https://cdn.islamic.network/quran/audio/64/ar.shaatree/3252.mp3"
        ],
        "text": "وَقُلِ ٱلْحَمْدُ لِلَّهِ سَيُرِيكُمْ ءَايَٰتِهِۦ فَتَعْرِفُونَهَا ۚ وَمَا رَبُّكَ بِغَٰفِلٍ عَمَّا تَعْمَلُونَ",
        "numberInSurah": 93,
        "juz": 20,
        "manzil": 5,
        "page": 385,
        "ruku": 333,
        "hizbQuarter": 154,
        "sajda": false,
        "audioArabic": [
          "https://cdn.jsdelivr.net/gh/Salimbd71/ArabicQuran@main/27/93.mp3"
        ],
        "audioBangla": [
          "https://cdn.jsdelivr.net/gh/Salimbd71/BanglaQuran@main/27/93.mp3"
        ]
      }
    ],
    "edition": {
      "identifier": "ar.shaatree",
      "language": "ar",
      "name": "أبو بكر الشاطري",
      "englishName": "Abu Bakr Ash-Shaatree",
      "format": "audio",
      "type": "versebyverse",
      "direction": null
    }
  }
}