{
  "code": 200,
  "status": "OK",
  "data": {
    "number": 25,
    "name": "سُورَةُ الفُرۡقَانِ",
    "englishName": "Al-Furqaan",
    "englishNameTranslation": "The Criterion",
    "revelationType": "Meccan",
    "numberOfAyahs": 77,
    "ayahs": [
      {
        "number": 2856,
        "audio": "https://cdn.islamic.network/quran/audio/128/ar.mahermuaiqly/2856.mp3",
        "audioSecondary": [
          "https://cdn.islamic.network/quran/audio/64/ar.mahermuaiqly/2856.mp3"
        ],
        "text": "بِسْمِ ٱللَّهِ ٱلرَّحْمَٰنِ ٱلرَّحِيمِ تَبَارَكَ ٱلَّذِى نَزَّلَ ٱلْفُرْقَانَ عَلَىٰ عَبْدِهِۦ لِيَكُونَ لِلْعَٰلَمِينَ نَذِيرًا",
        "numberInSurah": 1,
        "juz": 18,
        "manzil": 4,
        "page": 359,
        "ruku": 310,
        "hizbQuarter": 144,
        "sajda": false,
        "audioArabic": [
          "https://cdn.jsdelivr.net/gh/Salimbd71/ArabicQuran@main/25/1.mp3"
        ],
        "audioBangla": [
          "https://cdn.jsdelivr.net/gh/Salimbd71/BanglaQuran@main/25/1.mp3"
        ]
      },
      {
        "number": 2857,
        "audio": "https://cdn.islamic.network/quran/audio/128/ar.mahermuaiqly/2857.mp3",
        "audioSecondary": [
          "https://cdn.islamic.network/quran/audio/64/ar.mahermuaiqly/2857.mp3"
        ],
        "text": "ٱلَّذِى لَهُۥ مُلْكُ ٱلسَّمَٰوَٰتِ وَٱلْأَرْضِ وَلَمْ يَتَّخِذْ وَلَدًۭا وَلَمْ يَكُن لَّهُۥ شَرِيكٌۭ فِى ٱلْمُلْكِ وَخَلَقَ كُلَّ شَىْءٍۢ فَقَدَّرَهُۥ تَقْدِيرًۭا",
        "numberInSurah": 2,
        "juz": 18,
        "manzil": 4,
        "page": 359,
        "ruku": 310,
        "hizbQuarter": 144,
        "sajda": false,
        "audioArabic": [
          "https://cdn.jsdelivr.net/gh/Salimbd71/ArabicQuran@main/25/2.mp3"
        ],
        "audioBangla": [
          "https://cdn.jsdelivr.net/gh/Salimbd71/BanglaQuran@main/25/2.mp3"
        ]
      },
      {
        "number": 2858,
        "audio": "https://cdn.islamic.network/quran/audio/128/ar.mahermuaiqly/2858.mp3",
        "audioSecondary": [
          "https://cdn.islamic.network/quran/audio/64/ar.mahermuaiqly/2858.mp3"
        ],
        "text": "وَٱتَّخَذُوا۟ مِن دُونِهِۦٓ ءَالِهَةًۭ لَّا يَخْلُقُونَ شَيْـًۭٔا وَهُمْ يُخْلَقُونَ وَلَا يَمْلِكُونَ لِأَنفُسِهِمْ ضَرًّۭا وَلَا نَفْعًۭا وَلَا يَمْلِكُونَ مَوْتًۭا وَلَا حَيَوٰةًۭ وَلَا نُشُورًۭا",
        "numberInSurah": 3,
        "juz": 18,
        "manzil": 4,
        "page": 360,
        "ruku": 310,
        "hizbQuarter": 144,
        "sajda": false,
        "audioArabic": [
          "https://cdn.jsdelivr.net/gh/Salimbd71/ArabicQuran@main/25/3.mp3"
        ],
        "audioBangla": [
          "https://cdn.jsdelivr.net/gh/Salimbd71/BanglaQuran@main/25/3.mp3"
        ]
      },
      {
        "number": 2859,
        "audio": "https://cdn.islamic.network/quran/audio/128/ar.mahermuaiqly/2859.mp3",
        "audioSecondary": [
          "https://cdn.islamic.network/quran/audio/64/ar.mahermuaiqly/2859.mp3"
        ],
        "text": "وَقَالَ ٱلَّذِينَ كَفَرُوٓا۟ إِنْ هَٰذَآ إِلَّآ إِفْكٌ ٱفْتَرَىٰهُ وَأَعَانَهُۥ عَلَيْهِ قَوْمٌ ءَاخَرُونَ ۖ فَقَدْ جَآءُو ظُلْمًۭا وَزُورًۭا",
        "numberInSurah": 4,
        "juz": 18,
        "manzil": 4,
        "page": 360,
        "ruku": 310,
        "hizbQuarter": 144,
        "sajda": false,
        "audioArabic": [
          "https://cdn.jsdelivr.net/gh/Salimbd71/ArabicQuran@main/25/4.mp3"
        ],
        "audioBangla": [
          "https://cdn.jsdelivr.net/gh/Salimbd71/BanglaQuran@main/25/4.mp3"
        ]
      },
      {
        "number": 2860,
        "audio": "https://cdn.islamic.network/quran/audio/128/ar.mahermuaiqly/2860.mp3",
        "audioSecondary": [
          "https://cdn.islamic.network/quran/audio/64/ar.mahermuaiqly/2860.mp3"
        ],
        "text": "وَقَالُوٓا۟ أَسَٰطِيرُ ٱلْأَوَّلِينَ ٱكْتَتَبَهَا فَهِىَ تُمْلَىٰ عَلَيْهِ بُكْرَةًۭ وَأَصِيلًۭا",
        "numberInSurah": 5,
        "juz": 18,
        "manzil": 4,
        "page": 360,
        "ruku": 310,
        "hizbQuarter": 144,
        "sajda": false,
        "audioArabic": [
          "https://cdn.jsdelivr.net/gh/Salimbd71/ArabicQuran@main/25/5.mp3"
        ],
        "audioBangla": [
          "https://cdn.jsdelivr.net/gh/Salimbd71/BanglaQuran@main/25/5.mp3"
        ]
      },
      {
        "number": 2861,
        "audio": "https://cdn.islamic.network/quran/audio/128/ar.mahermuaiqly/2861.mp3",
        "audioSecondary": [
          "https://cdn.islamic.network/quran/audio/64/ar.mahermuaiqly/2861.mp3"
        ],
        "text": "قُلْ أَنزَلَهُ ٱلَّذِى يَعْلَمُ ٱلسِّرَّ فِى ٱلسَّمَٰوَٰتِ وَٱلْأَرْضِ ۚ إِنَّهُۥ كَانَ غَفُورًۭا رَّحِيمًۭا",
        "numberInSurah": 6,
        "juz": 18,
        "manzil": 4,
        "page": 360,
        "ruku": 310,
        "hizbQuarter": 144,
        "sajda": false,
        "audioArabic": [
          "https://cdn.jsdelivr.net/gh/Salimbd71/ArabicQuran@main/25/6.mp3"
        ],
        "audioBangla": [
          "https://cdn.jsdelivr.net/gh/Salimbd71/BanglaQuran@main/25/6.mp3"
        ]
      },
      {
        "number": 2862,
        "audio": "https://cdn.islamic.network/quran/audio/128/ar.mahermuaiqly/2862.mp3",
        "audioSecondary": [
          "https://cdn.islamic.network/quran/audio/64/ar.mahermuaiqly/2862.mp3"
        ],
        "text": "وَقَالُوا۟ مَالِ هَٰذَا ٱلرَّسُولِ يَأْكُلُ ٱلطَّعَامَ وَيَمْشِى فِى ٱلْأَسْوَاقِ ۙ لَوْلَآ أُنزِلَ إِلَيْهِ مَلَكٌۭ فَيَكُونَ مَعَهُۥ نَذِيرًا",
        "numberInSurah": 7,
        "juz": 18,
        "manzil": 4,
        "page": 360,
        "ruku": 310,
        "hizbQuarter": 144,
        "sajda": false,
        "audioArabic": [
          "https://cdn.jsdelivr.net/gh/Salimbd71/ArabicQuran@main/25/7.mp3"
        ],
        "audioBangla": [
          "https://cdn.jsdelivr.net/gh/Salimbd71/BanglaQuran@main/25/7.mp3"
        ]
      },
      {
        "number": 2863,
        "audio": "https://cdn.islamic.network/quran/audio/128/ar.mahermuaiqly/2863.mp3",
        "audioSecondary": [
          "https://cdn.islamic.network/quran/audio/64/ar.mahermuaiqly/2863.mp3"
        ],
        "text": "أَوْ يُلْقَىٰٓ إِلَيْهِ كَنزٌ أَوْ تَكُونُ لَهُۥ جَنَّةٌۭ يَأْكُلُ مِنْهَا ۚ وَقَالَ ٱلظَّٰلِمُونَ إِن تَتَّبِعُونَ إِلَّا رَجُلًۭا مَّسْحُورًا",
        "numberInSurah": 8,
        "juz": 18,
        "manzil": 4,
        "page": 360,
        "ruku": 310,
        "hizbQuarter": 144,
        "sajda": false,
        "audioArabic": [
          "https://cdn.jsdelivr.net/gh/Salimbd71/ArabicQuran@main/25/8.mp3"
        ],
        "audioBangla": [
          "https://cdn.jsdelivr.net/gh/Salimbd71/BanglaQuran@main/25/8.mp3"
        ]
      },
      {
        "number": 2864,
        "audio": "https://cdn.islamic.network/quran/audio/128/ar.mahermuaiqly/2864.mp3",
        "audioSecondary": [
          "https://cdn.islamic.network/quran/audio/64/ar.mahermuaiqly/2864.mp3"
        ],
        "text": "ٱنظُرْ كَيْفَ ضَرَبُوا۟ لَكَ ٱلْأَمْثَٰلَ فَضَلُّوا۟ فَلَا يَسْتَطِيعُونَ سَبِيلًۭا",
        "numberInSurah": 9,
        "juz": 18,
        "manzil": 4,
        "page": 360,
        "ruku": 310,
        "hizbQuarter": 144,
        "sajda": false,
        "audioArabic": [
          "https://cdn.jsdelivr.net/gh/Salimbd71/ArabicQuran@main/25/9.mp3"
        ],
        "audioBangla": [
          "https://cdn.jsdelivr.net/gh/Salimbd71/BanglaQuran@main/25/9.mp3"
        ]
      },
      {
        "number": 2865,
        "audio": "https://cdn.islamic.network/quran/audio/128/ar.mahermuaiqly/2865.mp3",
        "audioSecondary": [
          "https://cdn.islamic.network/quran/audio/64/ar.mahermuaiqly/2865.mp3"
        ],
        "text": "تَبَارَكَ ٱلَّذِىٓ إِن شَآءَ جَعَلَ لَكَ خَيْرًۭا مِّن ذَٰلِكَ جَنَّٰتٍۢ تَجْرِى مِن تَحْتِهَا ٱلْأَنْهَٰرُ وَيَجْعَل لَّكَ قُصُورًۢا",
        "numberInSurah": 10,
        "juz": 18,
        "manzil": 4,
        "page": 360,
        "ruku": 311,
        "hizbQuarter": 144,
        "sajda": false,
        "audioArabic": [
          "https://cdn.jsdelivr.net/gh/Salimbd71/ArabicQuran@main/25/10.mp3"
        ],
        "audioBangla": [
          "https://cdn.jsdelivr.net/gh/Salimbd71/BanglaQuran@main/25/10.mp3"
        ]
      },
      {
        "number": 2866,
        "audio": "https://cdn.islamic.network/quran/audio/128/ar.mahermuaiqly/2866.mp3",
        "audioSecondary": [
          "https://cdn.islamic.network/quran/audio/64/ar.mahermuaiqly/2866.mp3"
        ],
        "text": "بَلْ كَذَّبُوا۟ بِٱلسَّاعَةِ ۖ وَأَعْتَدْنَا لِمَن كَذَّبَ بِٱلسَّاعَةِ سَعِيرًا",
        "numberInSurah": 11,
        "juz": 18,
        "manzil": 4,
        "page": 360,
        "ruku": 311,
        "hizbQuarter": 144,
        "sajda": false,
        "audioArabic": [
          "https://cdn.jsdelivr.net/gh/Salimbd71/ArabicQuran@main/25/11.mp3"
        ],
        "audioBangla": [
          "https://cdn.jsdelivr.net/gh/Salimbd71/BanglaQuran@main/25/11.mp3"
        ]
      },
      {
        "number": 2867,
        "audio": "https://cdn.islamic.network/quran/audio/128/ar.mahermuaiqly/2867.mp3",
        "audioSecondary": [
          "https://cdn.islamic.network/quran/audio/64/ar.mahermuaiqly/2867.mp3"
        ],
        "text": "إِذَا رَأَتْهُم مِّن مَّكَانٍۭ بَعِيدٍۢ سَمِعُوا۟ لَهَا تَغَيُّظًۭا وَزَفِيرًۭا",
        "numberInSurah": 12,
        "juz": 18,
        "manzil": 4,
        "page": 361,
        "ruku": 311,
        "hizbQuarter": 144,
        "sajda": false,
        "audioArabic": [
          "https://cdn.jsdelivr.net/gh/Salimbd71/ArabicQuran@main/25/12.mp3"
        ],
        "audioBangla": [
          "https://cdn.jsdelivr.net/gh/Salimbd71/BanglaQuran@main/25/12.mp3"
        ]
      },
      {
        "number": 2868,
        "audio": "https://cdn.islamic.network/quran/audio/128/ar.mahermuaiqly/2868.mp3",
        "audioSecondary": [
          "https://cdn.islamic.network/quran/audio/64/ar.mahermuaiqly/2868.mp3"
        ],
        "text": "وَإِذَآ أُلْقُوا۟ مِنْهَا مَكَانًۭا ضَيِّقًۭا مُّقَرَّنِينَ دَعَوْا۟ هُنَالِكَ ثُبُورًۭا",
        "numberInSurah": 13,
        "juz": 18,
        "manzil": 4,
        "page": 361,
        "ruku": 311,
        "hizbQuarter": 144,
        "sajda": false,
        "audioArabic": [
          "https://cdn.jsdelivr.net/gh/Salimbd71/ArabicQuran@main/25/13.mp3"
        ],
        "audioBangla": [
          "https://cdn.jsdelivr.net/gh/Salimbd71/BanglaQuran@main/25/13.mp3"
        ]
      },
      {
        "number": 2869,
        "audio": "https://cdn.islamic.network/quran/audio/128/ar.mahermuaiqly/2869.mp3",
        "audioSecondary": [
          "https://cdn.islamic.network/quran/audio/64/ar.mahermuaiqly/2869.mp3"
        ],
        "text": "لَّا تَدْعُوا۟ ٱلْيَوْمَ ثُبُورًۭا وَٰحِدًۭا وَٱدْعُوا۟ ثُبُورًۭا كَثِيرًۭا",
        "numberInSurah": 14,
        "juz": 18,
        "manzil": 4,
        "page": 361,
        "ruku": 311,
        "hizbQuarter": 144,
        "sajda": false,
        "audioArabic": [
          "https://cdn.jsdelivr.net/gh/Salimbd71/ArabicQuran@main/25/14.mp3"
        ],
        "audioBangla": [
          "https://cdn.jsdelivr.net/gh/Salimbd71/BanglaQuran@main/25/14.mp3"
        ]
      },
      {
        "number": 2870,
        "audio": "https://cdn.islamic.network/quran/audio/128/ar.mahermuaiqly/2870.mp3",
        "audioSecondary": [
          "https://cdn.islamic.network/quran/audio/64/ar.mahermuaiqly/2870.mp3"
        ],
        "text": "قُلْ أَذَٰلِكَ خَيْرٌ أَمْ جَنَّةُ ٱلْخُلْدِ ٱلَّتِى وُعِدَ ٱلْمُتَّقُونَ ۚ كَانَتْ لَهُمْ جَزَآءًۭ وَمَصِيرًۭا",
        "numberInSurah": 15,
        "juz": 18,
        "manzil": 4,
        "page": 361,
        "ruku": 311,
        "hizbQuarter": 144,
        "sajda": false,
        "audioArabic": [
          "https://cdn.jsdelivr.net/gh/Salimbd71/ArabicQuran@main/25/15.mp3"
        ],
        "audioBangla": [
          "https://cdn.jsdelivr.net/gh/Salimbd71/BanglaQuran@main/25/15.mp3"
        ]
      },
      {
        "number": 2871,
        "audio": "https://cdn.islamic.network/quran/audio/128/ar.mahermuaiqly/2871.mp3",
        "audioSecondary": [
          "https://cdn.islamic.network/quran/audio/64/ar.mahermuaiqly/2871.mp3"
        ],
        "text": "لَّهُمْ فِيهَا مَا يَشَآءُونَ خَٰلِدِينَ ۚ كَانَ عَلَىٰ رَبِّكَ وَعْدًۭا مَّسْـُٔولًۭا",
        "numberInSurah": 16,
        "juz": 18,
        "manzil": 4,
        "page": 361,
        "ruku": 311,
        "hizbQuarter": 144,
        "sajda": false,
        "audioArabic": [
          "https://cdn.jsdelivr.net/gh/Salimbd71/ArabicQuran@main/25/16.mp3"
        ],
        "audioBangla": [
          "https://cdn.jsdelivr.net/gh/Salimbd71/BanglaQuran@main/25/16.mp3"
        ]
      },
      {
        "number": 2872,
        "audio": "https://cdn.islamic.network/quran/audio/128/ar.mahermuaiqly/2872.mp3",
        "audioSecondary": [
          "https://cdn.islamic.network/quran/audio/64/ar.mahermuaiqly/2872.mp3"
        ],
        "text": "وَيَوْمَ يَحْشُرُهُمْ وَمَا يَعْبُدُونَ مِن دُونِ ٱللَّهِ فَيَقُولُ ءَأَنتُمْ أَضْلَلْتُمْ عِبَادِى هَٰٓؤُلَآءِ أَمْ هُمْ ضَلُّوا۟ ٱلسَّبِيلَ",
        "numberInSurah": 17,
        "juz": 18,
        "manzil": 4,
        "page": 361,
        "ruku": 311,
        "hizbQuarter": 144,
        "sajda": false,
        "audioArabic": [
          "https://cdn.jsdelivr.net/gh/Salimbd71/ArabicQuran@main/25/17.mp3"
        ],
        "audioBangla": [
          "https://cdn.jsdelivr.net/gh/Salimbd71/BanglaQuran@main/25/17.mp3"
        ]
      },
      {
        "number": 2873,
        "audio": "https://cdn.islamic.network/quran/audio/128/ar.mahermuaiqly/2873.mp3",
        "audioSecondary": [
          "https://cdn.islamic.network/quran/audio/64/ar.mahermuaiqly/2873.mp3"
        ],
        "text": "قَالُوا۟ سُبْحَٰنَكَ مَا كَانَ يَنۢبَغِى لَنَآ أَن نَّتَّخِذَ مِن دُونِكَ مِنْ أَوْلِيَآءَ وَلَٰكِن مَّتَّعْتَهُمْ وَءَابَآءَهُمْ حَتَّىٰ نَسُوا۟ ٱلذِّكْرَ وَكَانُوا۟ قَوْمًۢا بُورًۭا",
        "numberInSurah": 18,
        "juz": 18,
        "manzil": 4,
        "page": 361,
        "ruku": 311,
        "hizbQuarter": 144,
        "sajda": false,
        "audioArabic": [
          "https://cdn.jsdelivr.net/gh/Salimbd71/ArabicQuran@main/25/18.mp3"
        ],
        "audioBangla": [
          "https://cdn.jsdelivr.net/gh/Salimbd71/BanglaQuran@main/25/18.mp3"
        ]
      },
      {
        "number": 2874,
        "audio": "https://cdn.islamic.network/quran/audio/128/ar.mahermuaiqly/2874.mp3",
        "audioSecondary": [
          "https://cdn.islamic.network/quran/audio/64/ar.mahermuaiqly/2874.mp3"
        ],
        "text": "فَقَدْ كَذَّبُوكُم بِمَا تَقُولُونَ فَمَا تَسْتَطِيعُونَ صَرْفًۭا وَلَا نَصْرًۭا ۚ وَمَن يَظْلِم مِّنكُمْ نُذِقْهُ عَذَابًۭا كَبِيرًۭا",
        "numberInSurah": 19,
        "juz": 18,
        "manzil": 4,
        "page": 361,
        "ruku": 311,
        "hizbQuarter": 144,
        "sajda": false,
        "audioArabic": [
          "https://cdn.jsdelivr.net/gh/Salimbd71/ArabicQuran@main/25/19.mp3"
        ],
        "audioBangla": [
          "https://cdn.jsdelivr.net/gh/Salimbd71/BanglaQuran@main/25/19.mp3"
        ]
      },
      {
        "number": 2875,
        "audio": "https://cdn.islamic.network/quran/audio/128/ar.mahermuaiqly/2875.mp3",
        "audioSecondary": [
          "https://cdn.islamic.network/quran/audio/64/ar.mahermuaiqly/2875.mp3"
        ],
        "text": "وَمَآ أَرْسَلْنَا قَبْلَكَ مِنَ ٱلْمُرْسَلِينَ إِلَّآ إِنَّهُمْ لَيَأْكُلُونَ ٱلطَّعَامَ وَيَمْشُونَ فِى ٱلْأَسْوَاقِ ۗ وَجَعَلْنَا بَعْضَكُمْ لِبَعْضٍۢ فِتْنَةً أَتَصْبِرُونَ ۗ وَكَانَ رَبُّكَ بَصِيرًۭا",
        "numberInSurah": 20,
        "juz": 18,
        "manzil": 4,
        "page": 361,
        "ruku": 311,
        "hizbQuarter": 144,
        "sajda": false,
        "audioArabic": [
          "https://cdn.jsdelivr.net/gh/Salimbd71/ArabicQuran@main/25/20.mp3"
        ],
        "audioBangla": [
          "https://cdn.jsdelivr.net/gh/Salimbd71/BanglaQuran@main/25/20.mp3"
        ]
      },
      {
        "number": 2876,
        "audio": "https://cdn.islamic.network/quran/audio/128/ar.mahermuaiqly/2876.mp3",
        "audioSecondary": [
          "https://cdn.islamic.network/quran/audio/64/ar.mahermuaiqly/2876.mp3"
        ],
        "text": "۞ وَقَالَ ٱلَّذِينَ لَا يَرْجُونَ لِقَآءَنَا لَوْلَآ أُنزِلَ عَلَيْنَا ٱلْمَلَٰٓئِكَةُ أَوْ نَرَىٰ رَبَّنَا ۗ لَقَدِ ٱسْتَكْبَرُوا۟ فِىٓ أَنفُسِهِمْ وَعَتَوْ عُتُوًّۭا كَبِيرًۭا",
        "numberInSurah": 21,
        "juz": 19,
        "manzil": 4,
        "page": 362,
        "ruku": 312,
        "hizbQuarter": 145,
        "sajda": false,
        "audioArabic": [
          "https://cdn.jsdelivr.net/gh/Salimbd71/ArabicQuran@main/25/21.mp3"
        ],
        "audioBangla": [
          "https://cdn.jsdelivr.net/gh/Salimbd71/BanglaQuran@main/25/21.mp3"
        ]
      },
      {
        "number": 2877,
        "audio": "https://cdn.islamic.network/quran/audio/128/ar.mahermuaiqly/2877.mp3",
        "audioSecondary": [
          "https://cdn.islamic.network/quran/audio/64/ar.mahermuaiqly/2877.mp3"
        ],
        "text": "يَوْمَ يَرَوْنَ ٱلْمَلَٰٓئِكَةَ لَا بُشْرَىٰ يَوْمَئِذٍۢ لِّلْمُجْرِمِينَ وَيَقُولُونَ حِجْرًۭا مَّحْجُورًۭا",
        "numberInSurah": 22,
        "juz": 19,
        "manzil": 4,
        "page": 362,
        "ruku": 312,
        "hizbQuarter": 145,
        "sajda": false,
        "audioArabic": [
          "https://cdn.jsdelivr.net/gh/Salimbd71/ArabicQuran@main/25/22.mp3"
        ],
        "audioBangla": [
          "https://cdn.jsdelivr.net/gh/Salimbd71/BanglaQuran@main/25/22.mp3"
        ]
      },
      {
        "number": 2878,
        "audio": "https://cdn.islamic.network/quran/audio/128/ar.mahermuaiqly/2878.mp3",
        "audioSecondary": [
          "https://cdn.islamic.network/quran/audio/64/ar.mahermuaiqly/2878.mp3"
        ],
        "text": "وَقَدِمْنَآ إِلَىٰ مَا عَمِلُوا۟ مِنْ عَمَلٍۢ فَجَعَلْنَٰهُ هَبَآءًۭ مَّنثُورًا",
        "numberInSurah": 23,
        "juz": 19,
        "manzil": 4,
        "page": 362,
        "ruku": 312,
        "hizbQuarter": 145,
        "sajda": false,
        "audioArabic": [
          "https://cdn.jsdelivr.net/gh/Salimbd71/ArabicQuran@main/25/23.mp3"
        ],
        "audioBangla": [
          "https://cdn.jsdelivr.net/gh/Salimbd71/BanglaQuran@main/25/23.mp3"
        ]
      },
      {
        "number": 2879,
        "audio": "https://cdn.islamic.network/quran/audio/128/ar.mahermuaiqly/2879.mp3",
        "audioSecondary": [
          "https://cdn.islamic.network/quran/audio/64/ar.mahermuaiqly/2879.mp3"
        ],
        "text": "أَصْحَٰبُ ٱلْجَنَّةِ يَوْمَئِذٍ خَيْرٌۭ مُّسْتَقَرًّۭا وَأَحْسَنُ مَقِيلًۭا",
        "numberInSurah": 24,
        "juz": 19,
        "manzil": 4,
        "page": 362,
        "ruku": 312,
        "hizbQuarter": 145,
        "sajda": false,
        "audioArabic": [
          "https://cdn.jsdelivr.net/gh/Salimbd71/ArabicQuran@main/25/24.mp3"
        ],
        "audioBangla": [
          "https://cdn.jsdelivr.net/gh/Salimbd71/BanglaQuran@main/25/24.mp3"
        ]
      },
      {
        "number": 2880,
        "audio": "https://cdn.islamic.network/quran/audio/128/ar.mahermuaiqly/2880.mp3",
        "audioSecondary": [
          "https://cdn.islamic.network/quran/audio/64/ar.mahermuaiqly/2880.mp3"
        ],
        "text": "وَيَوْمَ تَشَقَّقُ ٱلسَّمَآءُ بِٱلْغَمَٰمِ وَنُزِّلَ ٱلْمَلَٰٓئِكَةُ تَنزِيلًا",
        "numberInSurah": 25,
        "juz": 19,
        "manzil": 4,
        "page": 362,
        "ruku": 312,
        "hizbQuarter": 145,
        "sajda": false,
        "audioArabic": [
          "https://cdn.jsdelivr.net/gh/Salimbd71/ArabicQuran@main/25/25.mp3"
        ],
        "audioBangla": [
          "https://cdn.jsdelivr.net/gh/Salimbd71/BanglaQuran@main/25/25.mp3"
        ]
      },
      {
        "number": 2881,
        "audio": "https://cdn.islamic.network/quran/audio/128/ar.mahermuaiqly/2881.mp3",
        "audioSecondary": [
          "https://cdn.islamic.network/quran/audio/64/ar.mahermuaiqly/2881.mp3"
        ],
        "text": "ٱلْمُلْكُ يَوْمَئِذٍ ٱلْحَقُّ لِلرَّحْمَٰنِ ۚ وَكَانَ يَوْمًا عَلَى ٱلْكَٰفِرِينَ عَسِيرًۭا",
        "numberInSurah": 26,
        "juz": 19,
        "manzil": 4,
        "page": 362,
        "ruku": 312,
        "hizbQuarter": 145,
        "sajda": false,
        "audioArabic": [
          "https://cdn.jsdelivr.net/gh/Salimbd71/ArabicQuran@main/25/26.mp3"
        ],
        "audioBangla": [
          "https://cdn.jsdelivr.net/gh/Salimbd71/BanglaQuran@main/25/26.mp3"
        ]
      },
      {
        "number": 2882,
        "audio": "https://cdn.islamic.network/quran/audio/128/ar.mahermuaiqly/2882.mp3",
        "audioSecondary": [
          "https://cdn.islamic.network/quran/audio/64/ar.mahermuaiqly/2882.mp3"
        ],
        "text": "وَيَوْمَ يَعَضُّ ٱلظَّالِمُ عَلَىٰ يَدَيْهِ يَقُولُ يَٰلَيْتَنِى ٱتَّخَذْتُ مَعَ ٱلرَّسُولِ سَبِيلًۭا",
        "numberInSurah": 27,
        "juz": 19,
        "manzil": 4,
        "page": 362,
        "ruku": 312,
        "hizbQuarter": 145,
        "sajda": false,
        "audioArabic": [
          "https://cdn.jsdelivr.net/gh/Salimbd71/ArabicQuran@main/25/27.mp3"
        ],
        "audioBangla": [
          "https://cdn.jsdelivr.net/gh/Salimbd71/BanglaQuran@main/25/27.mp3"
        ]
      },
      {
        "number": 2883,
        "audio": "https://cdn.islamic.network/quran/audio/128/ar.mahermuaiqly/2883.mp3",
        "audioSecondary": [
          "https://cdn.islamic.network/quran/audio/64/ar.mahermuaiqly/2883.mp3"
        ],
        "text": "يَٰوَيْلَتَىٰ لَيْتَنِى لَمْ أَتَّخِذْ فُلَانًا خَلِيلًۭا",
        "numberInSurah": 28,
        "juz": 19,
        "manzil": 4,
        "page": 362,
        "ruku": 312,
        "hizbQuarter": 145,
        "sajda": false,
        "audioArabic": [
          "https://cdn.jsdelivr.net/gh/Salimbd71/ArabicQuran@main/25/28.mp3"
        ],
        "audioBangla": [
          "https://cdn.jsdelivr.net/gh/Salimbd71/BanglaQuran@main/25/28.mp3"
        ]
      },
      {
        "number": 2884,
        "audio": "https://cdn.islamic.network/quran/audio/128/ar.mahermuaiqly/2884.mp3",
        "audioSecondary": [
          "https://cdn.islamic.network/quran/audio/64/ar.mahermuaiqly/2884.mp3"
        ],
        "text": "لَّقَدْ أَضَلَّنِى عَنِ ٱلذِّكْرِ بَعْدَ إِذْ جَآءَنِى ۗ وَكَانَ ٱلشَّيْطَٰنُ لِلْإِنسَٰنِ خَذُولًۭا",
        "numberInSurah": 29,
        "juz": 19,
        "manzil": 4,
        "page": 362,
        "ruku": 312,
        "hizbQuarter": 145,
        "sajda": false,
        "audioArabic": [
          "https://cdn.jsdelivr.net/gh/Salimbd71/ArabicQuran@main/25/29.mp3"
        ],
        "audioBangla": [
          "https://cdn.jsdelivr.net/gh/Salimbd71/BanglaQuran@main/25/29.mp3"
        ]
      },
      {
        "number": 2885,
        "audio": "https://cdn.islamic.network/quran/audio/128/ar.mahermuaiqly/2885.mp3",
        "audioSecondary": [
          "https://cdn.islamic.network/quran/audio/64/ar.mahermuaiqly/2885.mp3"
        ],
        "text": "وَقَالَ ٱلرَّسُولُ يَٰرَبِّ إِنَّ قَوْمِى ٱتَّخَذُوا۟ هَٰذَا ٱلْقُرْءَانَ مَهْجُورًۭا",
        "numberInSurah": 30,
        "juz": 19,
        "manzil": 4,
        "page": 362,
        "ruku": 312,
        "hizbQuarter": 145,
        "sajda": false,
        "audioArabic": [
          "https://cdn.jsdelivr.net/gh/Salimbd71/ArabicQuran@main/25/30.mp3"
        ],
        "audioBangla": [
          "https://cdn.jsdelivr.net/gh/Salimbd71/BanglaQuran@main/25/30.mp3"
        ]
      },
      {
        "number": 2886,
        "audio": "https://cdn.islamic.network/quran/audio/128/ar.mahermuaiqly/2886.mp3",
        "audioSecondary": [
          "https://cdn.islamic.network/quran/audio/64/ar.mahermuaiqly/2886.mp3"
        ],
        "text": "وَكَذَٰلِكَ جَعَلْنَا لِكُلِّ نَبِىٍّ عَدُوًّۭا مِّنَ ٱلْمُجْرِمِينَ ۗ وَكَفَىٰ بِرَبِّكَ هَادِيًۭا وَنَصِيرًۭا",
        "numberInSurah": 31,
        "juz": 19,
        "manzil": 4,
        "page": 362,
        "ruku": 312,
        "hizbQuarter": 145,
        "sajda": false,
        "audioArabic": [
          "https://cdn.jsdelivr.net/gh/Salimbd71/ArabicQuran@main/25/31.mp3"
        ],
        "audioBangla": [
          "https://cdn.jsdelivr.net/gh/Salimbd71/BanglaQuran@main/25/31.mp3"
        ]
      },
      {
        "number": 2887,
        "audio": "https://cdn.islamic.network/quran/audio/128/ar.mahermuaiqly/2887.mp3",
        "audioSecondary": [
          "https://cdn.islamic.network/quran/audio/64/ar.mahermuaiqly/2887.mp3"
        ],
        "text": "وَقَالَ ٱلَّذِينَ كَفَرُوا۟ لَوْلَا نُزِّلَ عَلَيْهِ ٱلْقُرْءَانُ جُمْلَةًۭ وَٰحِدَةًۭ ۚ كَذَٰلِكَ لِنُثَبِّتَ بِهِۦ فُؤَادَكَ ۖ وَرَتَّلْنَٰهُ تَرْتِيلًۭا",
        "numberInSurah": 32,
        "juz": 19,
        "manzil": 4,
        "page": 362,
        "ruku": 312,
        "hizbQuarter": 145,
        "sajda": false,
        "audioArabic": [
          "https://cdn.jsdelivr.net/gh/Salimbd71/ArabicQuran@main/25/32.mp3"
        ],
        "audioBangla": [
          "https://cdn.jsdelivr.net/gh/Salimbd71/BanglaQuran@main/25/32.mp3"
        ]
      },
      {
        "number": 2888,
        "audio": "https://cdn.islamic.network/quran/audio/128/ar.mahermuaiqly/2888.mp3",
        "audioSecondary": [
          "https://cdn.islamic.network/quran/audio/64/ar.mahermuaiqly/2888.mp3"
        ],
        "text": "وَلَا يَأْتُونَكَ بِمَثَلٍ إِلَّا جِئْنَٰكَ بِٱلْحَقِّ وَأَحْسَنَ تَفْسِيرًا",
        "numberInSurah": 33,
        "juz": 19,
        "manzil": 4,
        "page": 363,
        "ruku": 312,
        "hizbQuarter": 145,
        "sajda": false,
        "audioArabic": [
          "https://cdn.jsdelivr.net/gh/Salimbd71/ArabicQuran@main/25/33.mp3"
        ],
        "audioBangla": [
          "https://cdn.jsdelivr.net/gh/Salimbd71/BanglaQuran@main/25/33.mp3"
        ]
      },
      {
        "number": 2889,
        "audio": "https://cdn.islamic.network/quran/audio/128/ar.mahermuaiqly/2889.mp3",
        "audioSecondary": [
          "https://cdn.islamic.network/quran/audio/64/ar.mahermuaiqly/2889.mp3"
        ],
        "text": "ٱلَّذِينَ يُحْشَرُونَ عَلَىٰ وُجُوهِهِمْ إِلَىٰ جَهَنَّمَ أُو۟لَٰٓئِكَ شَرٌّۭ مَّكَانًۭا وَأَضَلُّ سَبِيلًۭا",
        "numberInSurah": 34,
        "juz": 19,
        "manzil": 4,
        "page": 363,
        "ruku": 312,
        "hizbQuarter": 145,
        "sajda": false,
        "audioArabic": [
          "https://cdn.jsdelivr.net/gh/Salimbd71/ArabicQuran@main/25/34.mp3"
        ],
        "audioBangla": [
          "https://cdn.jsdelivr.net/gh/Salimbd71/BanglaQuran@main/25/34.mp3"
        ]
      },
      {
        "number": 2890,
        "audio": "https://cdn.islamic.network/quran/audio/128/ar.mahermuaiqly/2890.mp3",
        "audioSecondary": [
          "https://cdn.islamic.network/quran/audio/64/ar.mahermuaiqly/2890.mp3"
        ],
        "text": "وَلَقَدْ ءَاتَيْنَا مُوسَى ٱلْكِتَٰبَ وَجَعَلْنَا مَعَهُۥٓ أَخَاهُ هَٰرُونَ وَزِيرًۭا",
        "numberInSurah": 35,
        "juz": 19,
        "manzil": 4,
        "page": 363,
        "ruku": 313,
        "hizbQuarter": 145,
        "sajda": false,
        "audioArabic": [
          "https://cdn.jsdelivr.net/gh/Salimbd71/ArabicQuran@main/25/35.mp3"
        ],
        "audioBangla": [
          "https://cdn.jsdelivr.net/gh/Salimbd71/BanglaQuran@main/25/35.mp3"
        ]
      },
      {
        "number": 2891,
        "audio": "https://cdn.islamic.network/quran/audio/128/ar.mahermuaiqly/2891.mp3",
        "audioSecondary": [
          "https://cdn.islamic.network/quran/audio/64/ar.mahermuaiqly/2891.mp3"
        ],
        "text": "فَقُلْنَا ٱذْهَبَآ إِلَى ٱلْقَوْمِ ٱلَّذِينَ كَذَّبُوا۟ بِـَٔايَٰتِنَا فَدَمَّرْنَٰهُمْ تَدْمِيرًۭا",
        "numberInSurah": 36,
        "juz": 19,
        "manzil": 4,
        "page": 363,
        "ruku": 313,
        "hizbQuarter": 145,
        "sajda": false,
        "audioArabic": [
          "https://cdn.jsdelivr.net/gh/Salimbd71/ArabicQuran@main/25/36.mp3"
        ],
        "audioBangla": [
          "https://cdn.jsdelivr.net/gh/Salimbd71/BanglaQuran@main/25/36.mp3"
        ]
      },
      {
        "number": 2892,
        "audio": "https://cdn.islamic.network/quran/audio/128/ar.mahermuaiqly/2892.mp3",
        "audioSecondary": [
          "https://cdn.islamic.network/quran/audio/64/ar.mahermuaiqly/2892.mp3"
        ],
        "text": "وَقَوْمَ نُوحٍۢ لَّمَّا كَذَّبُوا۟ ٱلرُّسُلَ أَغْرَقْنَٰهُمْ وَجَعَلْنَٰهُمْ لِلنَّاسِ ءَايَةًۭ ۖ وَأَعْتَدْنَا لِلظَّٰلِمِينَ عَذَابًا أَلِيمًۭا",
        "numberInSurah": 37,
        "juz": 19,
        "manzil": 4,
        "page": 363,
        "ruku": 313,
        "hizbQuarter": 145,
        "sajda": false,
        "audioArabic": [
          "https://cdn.jsdelivr.net/gh/Salimbd71/ArabicQuran@main/25/37.mp3"
        ],
        "audioBangla": [
          "https://cdn.jsdelivr.net/gh/Salimbd71/BanglaQuran@main/25/37.mp3"
        ]
      },
      {
        "number": 2893,
        "audio": "https://cdn.islamic.network/quran/audio/128/ar.mahermuaiqly/2893.mp3",
        "audioSecondary": [
          "https://cdn.islamic.network/quran/audio/64/ar.mahermuaiqly/2893.mp3"
        ],
        "text": "وَعَادًۭا وَثَمُودَا۟ وَأَصْحَٰبَ ٱلرَّسِّ وَقُرُونًۢا بَيْنَ ذَٰلِكَ كَثِيرًۭا",
        "numberInSurah": 38,
        "juz": 19,
        "manzil": 4,
        "page": 363,
        "ruku": 313,
        "hizbQuarter": 145,
        "sajda": false,
        "audioArabic": [
          "https://cdn.jsdelivr.net/gh/Salimbd71/ArabicQuran@main/25/38.mp3"
        ],
        "audioBangla": [
          "https://cdn.jsdelivr.net/gh/Salimbd71/BanglaQuran@main/25/38.mp3"
        ]
      },
      {
        "number": 2894,
        "audio": "https://cdn.islamic.network/quran/audio/128/ar.mahermuaiqly/2894.mp3",
        "audioSecondary": [
          "https://cdn.islamic.network/quran/audio/64/ar.mahermuaiqly/2894.mp3"
        ],
        "text": "وَكُلًّۭا ضَرَبْنَا لَهُ ٱلْأَمْثَٰلَ ۖ وَكُلًّۭا تَبَّرْنَا تَتْبِيرًۭا",
        "numberInSurah": 39,
        "juz": 19,
        "manzil": 4,
        "page": 363,
        "ruku": 313,
        "hizbQuarter": 145,
        "sajda": false,
        "audioArabic": [
          "https://cdn.jsdelivr.net/gh/Salimbd71/ArabicQuran@main/25/39.mp3"
        ],
        "audioBangla": [
          "https://cdn.jsdelivr.net/gh/Salimbd71/BanglaQuran@main/25/39.mp3"
        ]
      },
      {
        "number": 2895,
        "audio": "https://cdn.islamic.network/quran/audio/128/ar.mahermuaiqly/2895.mp3",
        "audioSecondary": [
          "https://cdn.islamic.network/quran/audio/64/ar.mahermuaiqly/2895.mp3"
        ],
        "text": "وَلَقَدْ أَتَوْا۟ عَلَى ٱلْقَرْيَةِ ٱلَّتِىٓ أُمْطِرَتْ مَطَرَ ٱلسَّوْءِ ۚ أَفَلَمْ يَكُونُوا۟ يَرَوْنَهَا ۚ بَلْ كَانُوا۟ لَا يَرْجُونَ نُشُورًۭا",
        "numberInSurah": 40,
        "juz": 19,
        "manzil": 4,
        "page": 363,
        "ruku": 313,
        "hizbQuarter": 145,
        "sajda": false,
        "audioArabic": [
          "https://cdn.jsdelivr.net/gh/Salimbd71/ArabicQuran@main/25/40.mp3"
        ],
        "audioBangla": [
          "https://cdn.jsdelivr.net/gh/Salimbd71/BanglaQuran@main/25/40.mp3"
        ]
      },
      {
        "number": 2896,
        "audio": "https://cdn.islamic.network/quran/audio/128/ar.mahermuaiqly/2896.mp3",
        "audioSecondary": [
          "https://cdn.islamic.network/quran/audio/64/ar.mahermuaiqly/2896.mp3"
        ],
        "text": "وَإِذَا رَأَوْكَ إِن يَتَّخِذُونَكَ إِلَّا هُزُوًا أَهَٰذَا ٱلَّذِى بَعَثَ ٱللَّهُ رَسُولًا",
        "numberInSurah": 41,
        "juz": 19,
        "manzil": 4,
        "page": 363,
        "ruku": 313,
        "hizbQuarter": 145,
        "sajda": false,
        "audioArabic": [
          "https://cdn.jsdelivr.net/gh/Salimbd71/ArabicQuran@main/25/41.mp3"
        ],
        "audioBangla": [
          "https://cdn.jsdelivr.net/gh/Salimbd71/BanglaQuran@main/25/41.mp3"
        ]
      },
      {
        "number": 2897,
        "audio": "https://cdn.islamic.network/quran/audio/128/ar.mahermuaiqly/2897.mp3",
        "audioSecondary": [
          "https://cdn.islamic.network/quran/audio/64/ar.mahermuaiqly/2897.mp3"
        ],
        "text": "إِن كَادَ لَيُضِلُّنَا عَنْ ءَالِهَتِنَا لَوْلَآ أَن صَبَرْنَا عَلَيْهَا ۚ وَسَوْفَ يَعْلَمُونَ حِينَ يَرَوْنَ ٱلْعَذَابَ مَنْ أَضَلُّ سَبِيلًا",
        "numberInSurah": 42,
        "juz": 19,
        "manzil": 4,
        "page": 363,
        "ruku": 313,
        "hizbQuarter": 145,
        "sajda": false,
        "audioArabic": [
          "https://cdn.jsdelivr.net/gh/Salimbd71/ArabicQuran@main/25/42.mp3"
        ],
        "audioBangla": [
          "https://cdn.jsdelivr.net/gh/Salimbd71/BanglaQuran@main/25/42.mp3"
        ]
      },
      {
        "number": 2898,
        "audio": "https://cdn.islamic.network/quran/audio/128/ar.mahermuaiqly/2898.mp3",
        "audioSecondary": [
          "https://cdn.islamic.network/quran/audio/64/ar.mahermuaiqly/2898.mp3"
        ],
        "text": "أَرَءَيْتَ مَنِ ٱتَّخَذَ إِلَٰهَهُۥ هَوَىٰهُ أَفَأَنتَ تَكُونُ عَلَيْهِ وَكِيلًا",
        "numberInSurah": 43,
        "juz": 19,
        "manzil": 4,
        "page": 363,
        "ruku": 313,
        "hizbQuarter": 145,
        "sajda": false,
        "audioArabic": [
          "https://cdn.jsdelivr.net/gh/Salimbd71/ArabicQuran@main/25/43.mp3"
        ],
        "audioBangla": [
          "https://cdn.jsdelivr.net/gh/Salimbd71/BanglaQuran@main/25/43.mp3"
        ]
      },
      {
        "number": 2899,
        "audio": "https://cdn.islamic.network/quran/audio/128/ar.mahermuaiqly/2899.mp3",
        "audioSecondary": [
          "https://cdn.islamic.network/quran/audio/64/ar.mahermuaiqly/2899.mp3"
        ],
        "text": "أَمْ تَحْسَبُ أَنَّ أَكْثَرَهُمْ يَسْمَعُونَ أَوْ يَعْقِلُونَ ۚ إِنْ هُمْ إِلَّا كَٱلْأَنْعَٰمِ ۖ بَلْ هُمْ أَضَلُّ سَبِيلًا",
        "numberInSurah": 44,
        "juz": 19,
        "manzil": 4,
        "page": 364,
        "ruku": 313,
        "hizbQuarter": 145,
        "sajda": false,
        "audioArabic": [
          "https://cdn.jsdelivr.net/gh/Salimbd71/ArabicQuran@main/25/44.mp3"
        ],
        "audioBangla": [
          "https://cdn.jsdelivr.net/gh/Salimbd71/BanglaQuran@main/25/44.mp3"
        ]
      },
      {
        "number": 2900,
        "audio": "https://cdn.islamic.network/quran/audio/128/ar.mahermuaiqly/2900.mp3",
        "audioSecondary": [
          "https://cdn.islamic.network/quran/audio/64/ar.mahermuaiqly/2900.mp3"
        ],
        "text": "أَلَمْ تَرَ إِلَىٰ رَبِّكَ كَيْفَ مَدَّ ٱلظِّلَّ وَلَوْ شَآءَ لَجَعَلَهُۥ سَاكِنًۭا ثُمَّ جَعَلْنَا ٱلشَّمْسَ عَلَيْهِ دَلِيلًۭا",
        "numberInSurah": 45,
        "juz": 19,
        "manzil": 4,
        "page": 364,
        "ruku": 314,
        "hizbQuarter": 145,
        "sajda": false,
        "audioArabic": [
          "https://cdn.jsdelivr.net/gh/Salimbd71/ArabicQuran@main/25/45.mp3"
        ],
        "audioBangla": [
          "https://cdn.jsdelivr.net/gh/Salimbd71/BanglaQuran@main/25/45.mp3"
        ]
      },
      {
        "number": 2901,
        "audio": "https://cdn.islamic.network/quran/audio/128/ar.mahermuaiqly/2901.mp3",
        "audioSecondary": [
          "https://cdn.islamic.network/quran/audio/64/ar.mahermuaiqly/2901.mp3"
        ],
        "text": "ثُمَّ قَبَضْنَٰهُ إِلَيْنَا قَبْضًۭا يَسِيرًۭا",
        "numberInSurah": 46,
        "juz": 19,
        "manzil": 4,
        "page": 364,
        "ruku": 314,
        "hizbQuarter": 145,
        "sajda": false,
        "audioArabic": [
          "https://cdn.jsdelivr.net/gh/Salimbd71/ArabicQuran@main/25/46.mp3"
        ],
        "audioBangla": [
          "https://cdn.jsdelivr.net/gh/Salimbd71/BanglaQuran@main/25/46.mp3"
        ]
      },
      {
        "number": 2902,
        "audio": "https://cdn.islamic.network/quran/audio/128/ar.mahermuaiqly/2902.mp3",
        "audioSecondary": [
          "https://cdn.islamic.network/quran/audio/64/ar.mahermuaiqly/2902.mp3"
        ],
        "text": "وَهُوَ ٱلَّذِى جَعَلَ لَكُمُ ٱلَّيْلَ لِبَاسًۭا وَٱلنَّوْمَ سُبَاتًۭا وَجَعَلَ ٱلنَّهَارَ نُشُورًۭا",
        "numberInSurah": 47,
        "juz": 19,
        "manzil": 4,
        "page": 364,
        "ruku": 314,
        "hizbQuarter": 145,
        "sajda": false,
        "audioArabic": [
          "https://cdn.jsdelivr.net/gh/Salimbd71/ArabicQuran@main/25/47.mp3"
        ],
        "audioBangla": [
          "https://cdn.jsdelivr.net/gh/Salimbd71/BanglaQuran@main/25/47.mp3"
        ]
      },
      {
        "number": 2903,
        "audio": "https://cdn.islamic.network/quran/audio/128/ar.mahermuaiqly/2903.mp3",
        "audioSecondary": [
          "https://cdn.islamic.network/quran/audio/64/ar.mahermuaiqly/2903.mp3"
        ],
        "text": "وَهُوَ ٱلَّذِىٓ أَرْسَلَ ٱلرِّيَٰحَ بُشْرًۢا بَيْنَ يَدَىْ رَحْمَتِهِۦ ۚ وَأَنزَلْنَا مِنَ ٱلسَّمَآءِ مَآءًۭ طَهُورًۭا",
        "numberInSurah": 48,
        "juz": 19,
        "manzil": 4,
        "page": 364,
        "ruku": 314,
        "hizbQuarter": 145,
        "sajda": false,
        "audioArabic": [
          "https://cdn.jsdelivr.net/gh/Salimbd71/ArabicQuran@main/25/48.mp3"
        ],
        "audioBangla": [
          "https://cdn.jsdelivr.net/gh/Salimbd71/BanglaQuran@main/25/48.mp3"
        ]
      },
      {
        "number": 2904,
        "audio": "https://cdn.islamic.network/quran/audio/128/ar.mahermuaiqly/2904.mp3",
        "audioSecondary": [
          "https://cdn.islamic.network/quran/audio/64/ar.mahermuaiqly/2904.mp3"
        ],
        "text": "لِّنُحْۦِىَ بِهِۦ بَلْدَةًۭ مَّيْتًۭا وَنُسْقِيَهُۥ مِمَّا خَلَقْنَآ أَنْعَٰمًۭا وَأَنَاسِىَّ كَثِيرًۭا",
        "numberInSurah": 49,
        "juz": 19,
        "manzil": 4,
        "page": 364,
        "ruku": 314,
        "hizbQuarter": 145,
        "sajda": false,
        "audioArabic": [
          "https://cdn.jsdelivr.net/gh/Salimbd71/ArabicQuran@main/25/49.mp3"
        ],
        "audioBangla": [
          "https://cdn.jsdelivr.net/gh/Salimbd71/BanglaQuran@main/25/49.mp3"
        ]
      },
      {
        "number": 2905,
        "audio": "https://cdn.islamic.network/quran/audio/128/ar.mahermuaiqly/2905.mp3",
        "audioSecondary": [
          "https://cdn.islamic.network/quran/audio/64/ar.mahermuaiqly/2905.mp3"
        ],
        "text": "وَلَقَدْ صَرَّفْنَٰهُ بَيْنَهُمْ لِيَذَّكَّرُوا۟ فَأَبَىٰٓ أَكْثَرُ ٱلنَّاسِ إِلَّا كُفُورًۭا",
        "numberInSurah": 50,
        "juz": 19,
        "manzil": 4,
        "page": 364,
        "ruku": 314,
        "hizbQuarter": 145,
        "sajda": false,
        "audioArabic": [
          "https://cdn.jsdelivr.net/gh/Salimbd71/ArabicQuran@main/25/50.mp3"
        ],
        "audioBangla": [
          "https://cdn.jsdelivr.net/gh/Salimbd71/BanglaQuran@main/25/50.mp3"
        ]
      },
      {
        "number": 2906,
        "audio": "https://cdn.islamic.network/quran/audio/128/ar.mahermuaiqly/2906.mp3",
        "audioSecondary": [
          "https://cdn.islamic.network/quran/audio/64/ar.mahermuaiqly/2906.mp3"
        ],
        "text": "وَلَوْ شِئْنَا لَبَعَثْنَا فِى كُلِّ قَرْيَةٍۢ نَّذِيرًۭا",
        "numberInSurah": 51,
        "juz": 19,
        "manzil": 4,
        "page": 364,
        "ruku": 314,
        "hizbQuarter": 145,
        "sajda": false,
        "audioArabic": [
          "https://cdn.jsdelivr.net/gh/Salimbd71/ArabicQuran@main/25/51.mp3"
        ],
        "audioBangla": [
          "https://cdn.jsdelivr.net/gh/Salimbd71/BanglaQuran@main/25/51.mp3"
        ]
      },
      {
        "number": 2907,
        "audio": "https://cdn.islamic.network/quran/audio/128/ar.mahermuaiqly/2907.mp3",
        "audioSecondary": [
          "https://cdn.islamic.network/quran/audio/64/ar.mahermuaiqly/2907.mp3"
        ],
        "text": "فَلَا تُطِعِ ٱلْكَٰفِرِينَ وَجَٰهِدْهُم بِهِۦ جِهَادًۭا كَبِيرًۭا",
        "numberInSurah": 52,
        "juz": 19,
        "manzil": 4,
        "page": 364,
        "ruku": 314,
        "hizbQuarter": 145,
        "sajda": false,
        "audioArabic": [
          "https://cdn.jsdelivr.net/gh/Salimbd71/ArabicQuran@main/25/52.mp3"
        ],
        "audioBangla": [
          "https://cdn.jsdelivr.net/gh/Salimbd71/BanglaQuran@main/25/52.mp3"
        ]
      },
      {
        "number": 2908,
        "audio": "https://cdn.islamic.network/quran/audio/128/ar.mahermuaiqly/2908.mp3",
        "audioSecondary": [
          "https://cdn.islamic.network/quran/audio/64/ar.mahermuaiqly/2908.mp3"
        ],
        "text": "۞ وَهُوَ ٱلَّذِى مَرَجَ ٱلْبَحْرَيْنِ هَٰذَا عَذْبٌۭ فُرَاتٌۭ وَهَٰذَا مِلْحٌ أُجَاجٌۭ وَجَعَلَ بَيْنَهُمَا بَرْزَخًۭا وَحِجْرًۭا مَّحْجُورًۭا",
        "numberInSurah": 53,
        "juz": 19,
        "manzil": 4,
        "page": 364,
        "ruku": 314,
        "hizbQuarter": 146,
        "sajda": false,
        "audioArabic": [
          "https://cdn.jsdelivr.net/gh/Salimbd71/ArabicQuran@main/25/53.mp3"
        ],
        "audioBangla": [
          "https://cdn.jsdelivr.net/gh/Salimbd71/BanglaQuran@main/25/53.mp3"
        ]
      },
      {
        "number": 2909,
        "audio": "https://cdn.islamic.network/quran/audio/128/ar.mahermuaiqly/2909.mp3",
        "audioSecondary": [
          "https://cdn.islamic.network/quran/audio/64/ar.mahermuaiqly/2909.mp3"
        ],
        "text": "وَهُوَ ٱلَّذِى خَلَقَ مِنَ ٱلْمَآءِ بَشَرًۭا فَجَعَلَهُۥ نَسَبًۭا وَصِهْرًۭا ۗ وَكَانَ رَبُّكَ قَدِيرًۭا",
        "numberInSurah": 54,
        "juz": 19,
        "manzil": 4,
        "page": 364,
        "ruku": 314,
        "hizbQuarter": 146,
        "sajda": false,
        "audioArabic": [
          "https://cdn.jsdelivr.net/gh/Salimbd71/ArabicQuran@main/25/54.mp3"
        ],
        "audioBangla": [
          "https://cdn.jsdelivr.net/gh/Salimbd71/BanglaQuran@main/25/54.mp3"
        ]
      },
      {
        "number": 2910,
        "audio": "https://cdn.islamic.network/quran/audio/128/ar.mahermuaiqly/2910.mp3",
        "audioSecondary": [
          "https://cdn.islamic.network/quran/audio/64/ar.mahermuaiqly/2910.mp3"
        ],
        "text": "وَيَعْبُدُونَ مِن دُونِ ٱللَّهِ مَا لَا يَنفَعُهُمْ وَلَا يَضُرُّهُمْ ۗ وَكَانَ ٱلْكَافِرُ عَلَىٰ رَبِّهِۦ ظَهِيرًۭا",
        "numberInSurah": 55,
        "juz": 19,
        "manzil": 4,
        "page": 364,
        "ruku": 314,
        "hizbQuarter": 146,
        "sajda": false,
        "audioArabic": [
          "https://cdn.jsdelivr.net/gh/Salimbd71/ArabicQuran@main/25/55.mp3"
        ],
        "audioBangla": [
          "https://cdn.jsdelivr.net/gh/Salimbd71/BanglaQuran@main/25/55.mp3"
        ]
      },
      {
        "number": 2911,
        "audio": "https://cdn.islamic.network/quran/audio/128/ar.mahermuaiqly/2911.mp3",
        "audioSecondary": [
          "https://cdn.islamic.network/quran/audio/64/ar.mahermuaiqly/2911.mp3"
        ],
        "text": "وَمَآ أَرْسَلْنَٰكَ إِلَّا مُبَشِّرًۭا وَنَذِيرًۭا",
        "numberInSurah": 56,
        "juz": 19,
        "manzil": 4,
        "page": 365,
        "ruku": 314,
        "hizbQuarter": 146,
        "sajda": false,
        "audioArabic": [
          "https://cdn.jsdelivr.net/gh/Salimbd71/ArabicQuran@main/25/56.mp3"
        ],
        "audioBangla": [
          "https://cdn.jsdelivr.net/gh/Salimbd71/BanglaQuran@main/25/56.mp3"
        ]
      },
      {
        "number": 2912,
        "audio": "https://cdn.islamic.network/quran/audio/128/ar.mahermuaiqly/2912.mp3",
        "audioSecondary": [
          "https://cdn.islamic.network/quran/audio/64/ar.mahermuaiqly/2912.mp3"
        ],
        "text": "قُلْ مَآ أَسْـَٔلُكُمْ عَلَيْهِ مِنْ أَجْرٍ إِلَّا مَن شَآءَ أَن يَتَّخِذَ إِلَىٰ رَبِّهِۦ سَبِيلًۭا",
        "numberInSurah": 57,
        "juz": 19,
        "manzil": 4,
        "page": 365,
        "ruku": 314,
        "hizbQuarter": 146,
        "sajda": false,
        "audioArabic": [
          "https://cdn.jsdelivr.net/gh/Salimbd71/ArabicQuran@main/25/57.mp3"
        ],
        "audioBangla": [
          "https://cdn.jsdelivr.net/gh/Salimbd71/BanglaQuran@main/25/57.mp3"
        ]
      },
      {
        "number": 2913,
        "audio": "https://cdn.islamic.network/quran/audio/128/ar.mahermuaiqly/2913.mp3",
        "audioSecondary": [
          "https://cdn.islamic.network/quran/audio/64/ar.mahermuaiqly/2913.mp3"
        ],
        "text": "وَتَوَكَّلْ عَلَى ٱلْحَىِّ ٱلَّذِى لَا يَمُوتُ وَسَبِّحْ بِحَمْدِهِۦ ۚ وَكَفَىٰ بِهِۦ بِذُنُوبِ عِبَادِهِۦ خَبِيرًا",
        "numberInSurah": 58,
        "juz": 19,
        "manzil": 4,
        "page": 365,
        "ruku": 314,
        "hizbQuarter": 146,
        "sajda": false,
        "audioArabic": [
          "https://cdn.jsdelivr.net/gh/Salimbd71/ArabicQuran@main/25/58.mp3"
        ],
        "audioBangla": [
          "https://cdn.jsdelivr.net/gh/Salimbd71/BanglaQuran@main/25/58.mp3"
        ]
      },
      {
        "number": 2914,
        "audio": "https://cdn.islamic.network/quran/audio/128/ar.mahermuaiqly/2914.mp3",
        "audioSecondary": [
          "https://cdn.islamic.network/quran/audio/64/ar.mahermuaiqly/2914.mp3"
        ],
        "text": "ٱلَّذِى خَلَقَ ٱلسَّمَٰوَٰتِ وَٱلْأَرْضَ وَمَا بَيْنَهُمَا فِى سِتَّةِ أَيَّامٍۢ ثُمَّ ٱسْتَوَىٰ عَلَى ٱلْعَرْشِ ۚ ٱلرَّحْمَٰنُ فَسْـَٔلْ بِهِۦ خَبِيرًۭا",
        "numberInSurah": 59,
        "juz": 19,
        "manzil": 4,
        "page": 365,
        "ruku": 314,
        "hizbQuarter": 146,
        "sajda": false,
        "audioArabic": [
          "https://cdn.jsdelivr.net/gh/Salimbd71/ArabicQuran@main/25/59.mp3"
        ],
        "audioBangla": [
          "https://cdn.jsdelivr.net/gh/Salimbd71/BanglaQuran@main/25/59.mp3"
        ]
      },
      {
        "number": 2915,
        "audio": "https://cdn.islamic.network/quran/audio/128/ar.mahermuaiqly/2915.mp3",
        "audioSecondary": [
          "https://cdn.islamic.network/quran/audio/64/ar.mahermuaiqly/2915.mp3"
        ],
        "text": "وَإِذَا قِيلَ لَهُمُ ٱسْجُدُوا۟ لِلرَّحْمَٰنِ قَالُوا۟ وَمَا ٱلرَّحْمَٰنُ أَنَسْجُدُ لِمَا تَأْمُرُنَا وَزَادَهُمْ نُفُورًۭا ۩",
        "numberInSurah": 60,
        "juz": 19,
        "manzil": 4,
        "page": 365,
        "ruku": 314,
        "hizbQuarter": 146,
        "sajda": {
          "id": 8,
          "recommended": true,
          "obligatory": false
        },
        "audioArabic": [
          "https://cdn.jsdelivr.net/gh/Salimbd71/ArabicQuran@main/25/60.mp3"
        ],
        "audioBangla": [
          "https://cdn.jsdelivr.net/gh/Salimbd71/BanglaQuran@main/25/60.mp3"
        ]
      },
      {
        "number": 2916,
        "audio": "https://cdn.islamic.network/quran/audio/128/ar.mahermuaiqly/2916.mp3",
        "audioSecondary": [
          "https://cdn.islamic.network/quran/audio/64/ar.mahermuaiqly/2916.mp3"
        ],
        "text": "تَبَارَكَ ٱلَّذِى جَعَلَ فِى ٱلسَّمَآءِ بُرُوجًۭا وَجَعَلَ فِيهَا سِرَٰجًۭا وَقَمَرًۭا مُّنِيرًۭا",
        "numberInSurah": 61,
        "juz": 19,
        "manzil": 4,
        "page": 365,
        "ruku": 315,
        "hizbQuarter": 146,
        "sajda": false,
        "audioArabic": [
          "https://cdn.jsdelivr.net/gh/Salimbd71/ArabicQuran@main/25/61.mp3"
        ],
        "audioBangla": [
          "https://cdn.jsdelivr.net/gh/Salimbd71/BanglaQuran@main/25/61.mp3"
        ]
      },
      {
        "number": 2917,
        "audio": "https://cdn.islamic.network/quran/audio/128/ar.mahermuaiqly/2917.mp3",
        "audioSecondary": [
          "https://cdn.islamic.network/quran/audio/64/ar.mahermuaiqly/2917.mp3"
        ],
        "text": "وَهُوَ ٱلَّذِى جَعَلَ ٱلَّيْلَ وَٱلنَّهَارَ خِلْفَةًۭ لِّمَنْ أَرَادَ أَن يَذَّكَّرَ أَوْ أَرَادَ شُكُورًۭا",
        "numberInSurah": 62,
        "juz": 19,
        "manzil": 4,
        "page": 365,
        "ruku": 315,
        "hizbQuarter": 146,
        "sajda": false,
        "audioArabic": [
          "https://cdn.jsdelivr.net/gh/Salimbd71/ArabicQuran@main/25/62.mp3"
        ],
        "audioBangla": [
          "https://cdn.jsdelivr.net/gh/Salimbd71/BanglaQuran@main/25/62.mp3"
        ]
      },
      {
        "number": 2918,
        "audio": "https://cdn.islamic.network/quran/audio/128/ar.mahermuaiqly/2918.mp3",
        "audioSecondary": [
          "https://cdn.islamic.network/quran/audio/64/ar.mahermuaiqly/2918.mp3"
        ],
        "text": "وَعِبَادُ ٱلرَّحْمَٰنِ ٱلَّذِينَ يَمْشُونَ عَلَى ٱلْأَرْضِ هَوْنًۭا وَإِذَا خَاطَبَهُمُ ٱلْجَٰهِلُونَ قَالُوا۟ سَلَٰمًۭا",
        "numberInSurah": 63,
        "juz": 19,
        "manzil": 4,
        "page": 365,
        "ruku": 315,
        "hizbQuarter": 146,
        "sajda": false,
        "audioArabic": [
          "https://cdn.jsdelivr.net/gh/Salimbd71/ArabicQuran@main/25/63.mp3"
        ],
        "audioBangla": [
          "https://cdn.jsdelivr.net/gh/Salimbd71/BanglaQuran@main/25/63.mp3"
        ]
      },
      {
        "number": 2919,
        "audio": "https://cdn.islamic.network/quran/audio/128/ar.mahermuaiqly/2919.mp3",
        "audioSecondary": [
          "https://cdn.islamic.network/quran/audio/64/ar.mahermuaiqly/2919.mp3"
        ],
        "text": "وَٱلَّذِينَ يَبِيتُونَ لِرَبِّهِمْ سُجَّدًۭا وَقِيَٰمًۭا",
        "numberInSurah": 64,
        "juz": 19,
        "manzil": 4,
        "page": 365,
        "ruku": 315,
        "hizbQuarter": 146,
        "sajda": false,
        "audioArabic": [
          "https://cdn.jsdelivr.net/gh/Salimbd71/ArabicQuran@main/25/64.mp3"
        ],
        "audioBangla": [
          "https://cdn.jsdelivr.net/gh/Salimbd71/BanglaQuran@main/25/64.mp3"
        ]
      },
      {
        "number": 2920,
        "audio": "https://cdn.islamic.network/quran/audio/128/ar.mahermuaiqly/2920.mp3",
        "audioSecondary": [
          "https://cdn.islamic.network/quran/audio/64/ar.mahermuaiqly/2920.mp3"
        ],
        "text": "وَٱلَّذِينَ يَقُولُونَ رَبَّنَا ٱصْرِفْ عَنَّا عَذَابَ جَهَنَّمَ ۖ إِنَّ عَذَابَهَا كَانَ غَرَامًا",
        "numberInSurah": 65,
        "juz": 19,
        "manzil": 4,
        "page": 365,
        "ruku": 315,
        "hizbQuarter": 146,
        "sajda": false,
        "audioArabic": [
          "https://cdn.jsdelivr.net/gh/Salimbd71/ArabicQuran@main/25/65.mp3"
        ],
        "audioBangla": [
          "https://cdn.jsdelivr.net/gh/Salimbd71/BanglaQuran@main/25/65.mp3"
        ]
      },
      {
        "number": 2921,
        "audio": "https://cdn.islamic.network/quran/audio/128/ar.mahermuaiqly/2921.mp3",
        "audioSecondary": [
          "https://cdn.islamic.network/quran/audio/64/ar.mahermuaiqly/2921.mp3"
        ],
        "text": "إِنَّهَا سَآءَتْ مُسْتَقَرًّۭا وَمُقَامًۭا",
        "numberInSurah": 66,
        "juz": 19,
        "manzil": 4,
        "page": 365,
        "ruku": 315,
        "hizbQuarter": 146,
        "sajda": false,
        "audioArabic": [
          "https://cdn.jsdelivr.net/gh/Salimbd71/ArabicQuran@main/25/66.mp3"
        ],
        "audioBangla": [
          "https://cdn.jsdelivr.net/gh/Salimbd71/BanglaQuran@main/25/66.mp3"
        ]
      },
      {
        "number": 2922,
        "audio": "https://cdn.islamic.network/quran/audio/128/ar.mahermuaiqly/2922.mp3",
        "audioSecondary": [
          "https://cdn.islamic.network/quran/audio/64/ar.mahermuaiqly/2922.mp3"
        ],
        "text": "وَٱلَّذِينَ إِذَآ أَنفَقُوا۟ لَمْ يُسْرِفُوا۟ وَلَمْ يَقْتُرُوا۟ وَكَانَ بَيْنَ ذَٰلِكَ قَوَامًۭا",
        "numberInSurah": 67,
        "juz": 19,
        "manzil": 4,
        "page": 365,
        "ruku": 315,
        "hizbQuarter": 146,
        "sajda": false,
        "audioArabic": [
          "https://cdn.jsdelivr.net/gh/Salimbd71/ArabicQuran@main/25/67.mp3"
        ],
        "audioBangla": [
          "https://cdn.jsdelivr.net/gh/Salimbd71/BanglaQuran@main/25/67.mp3"
        ]
      },
      {
        "number": 2923,
        "audio": "https://cdn.islamic.network/quran/audio/128/ar.mahermuaiqly/2923.mp3",
        "audioSecondary": [
          "https://cdn.islamic.network/quran/audio/64/ar.mahermuaiqly/2923.mp3"
        ],
        "text": "وَٱلَّذِينَ لَا يَدْعُونَ مَعَ ٱللَّهِ إِلَٰهًا ءَاخَرَ وَلَا يَقْتُلُونَ ٱلنَّفْسَ ٱلَّتِى حَرَّمَ ٱللَّهُ إِلَّا بِٱلْحَقِّ وَلَا يَزْنُونَ ۚ وَمَن يَفْعَلْ ذَٰلِكَ يَلْقَ أَثَامًۭا",
        "numberInSurah": 68,
        "juz": 19,
        "manzil": 4,
        "page": 366,
        "ruku": 315,
        "hizbQuarter": 146,
        "sajda": false,
        "audioArabic": [
          "https://cdn.jsdelivr.net/gh/Salimbd71/ArabicQuran@main/25/68.mp3"
        ],
        "audioBangla": [
          "https://cdn.jsdelivr.net/gh/Salimbd71/BanglaQuran@main/25/68.mp3"
        ]
      },
      {
        "number": 2924,
        "audio": "https://cdn.islamic.network/quran/audio/128/ar.mahermuaiqly/2924.mp3",
        "audioSecondary": [
          "https://cdn.islamic.network/quran/audio/64/ar.mahermuaiqly/2924.mp3"
        ],
        "text": "يُضَٰعَفْ لَهُ ٱلْعَذَابُ يَوْمَ ٱلْقِيَٰمَةِ وَيَخْلُدْ فِيهِۦ مُهَانًا",
        "numberInSurah": 69,
        "juz": 19,
        "manzil": 4,
        "page": 366,
        "ruku": 315,
        "hizbQuarter": 146,
        "sajda": false,
        "audioArabic": [
          "https://cdn.jsdelivr.net/gh/Salimbd71/ArabicQuran@main/25/69.mp3"
        ],
        "audioBangla": [
          "https://cdn.jsdelivr.net/gh/Salimbd71/BanglaQuran@main/25/69.mp3"
        ]
      },
      {
        "number": 2925,
        "audio": "https://cdn.islamic.network/quran/audio/128/ar.mahermuaiqly/2925.mp3",
        "audioSecondary": [
          "https://cdn.islamic.network/quran/audio/64/ar.mahermuaiqly/2925.mp3"
        ],
        "text": "إِلَّا مَن تَابَ وَءَامَنَ وَعَمِلَ عَمَلًۭا صَٰلِحًۭا فَأُو۟لَٰٓئِكَ يُبَدِّلُ ٱللَّهُ سَيِّـَٔاتِهِمْ حَسَنَٰتٍۢ ۗ وَكَانَ ٱللَّهُ غَفُورًۭا رَّحِيمًۭا",
        "numberInSurah": 70,
        "juz": 19,
        "manzil": 4,
        "page": 366,
        "ruku": 315,
        "hizbQuarter": 146,
        "sajda": false,
        "audioArabic": [
          "https://cdn.jsdelivr.net/gh/Salimbd71/ArabicQuran@main/25/70.mp3"
        ],
        "audioBangla": [
          "https://cdn.jsdelivr.net/gh/Salimbd71/BanglaQuran@main/25/70.mp3"
        ]
      },
      {
        "number": 2926,
        "audio": "https://cdn.islamic.network/quran/audio/128/ar.mahermuaiqly/2926.mp3",
        "audioSecondary": [
          "https://cdn.islamic.network/quran/audio/64/ar.mahermuaiqly/2926.mp3"
        ],
        "text": "وَمَن تَابَ وَعَمِلَ صَٰلِحًۭا فَإِنَّهُۥ يَتُوبُ إِلَى ٱللَّهِ مَتَابًۭا",
        "numberInSurah": 71,
        "juz": 19,
        "manzil": 4,
        "page": 366,
        "ruku": 315,
        "hizbQuarter": 146,
        "sajda": false,
        "audioArabic": [
          "https://cdn.jsdelivr.net/gh/Salimbd71/ArabicQuran@main/25/71.mp3"
        ],
        "audioBangla": [
          "https://cdn.jsdelivr.net/gh/Salimbd71/BanglaQuran@main/25/71.mp3"
        ]
      },
      {
        "number": 2927,
        "audio": "https://cdn.islamic.network/quran/audio/128/ar.mahermuaiqly/2927.mp3",
        "audioSecondary": [
          "https://cdn.islamic.network/quran/audio/64/ar.mahermuaiqly/2927.mp3"
        ],
        "text": "وَٱلَّذِينَ لَا يَشْهَدُونَ ٱلزُّورَ وَإِذَا مَرُّوا۟ بِٱللَّغْوِ مَرُّوا۟ كِرَامًۭا",
        "numberInSurah": 72,
        "juz": 19,
        "manzil": 4,
        "page": 366,
        "ruku": 315,
        "hizbQuarter": 146,
        "sajda": false,
        "audioArabic": [
          "https://cdn.jsdelivr.net/gh/Salimbd71/ArabicQuran@main/25/72.mp3"
        ],
        "audioBangla": [
          "https://cdn.jsdelivr.net/gh/Salimbd71/BanglaQuran@main/25/72.mp3"
        ]
      },
      {
        "number": 2928,
        "audio": "https://cdn.islamic.network/quran/audio/128/ar.mahermuaiqly/2928.mp3",
        "audioSecondary": [
          "https://cdn.islamic.network/quran/audio/64/ar.mahermuaiqly/2928.mp3"
        ],
        "text": "وَٱلَّذِينَ إِذَا ذُكِّرُوا۟ بِـَٔايَٰتِ رَبِّهِمْ لَمْ يَخِرُّوا۟ عَلَيْهَا صُمًّۭا وَعُمْيَانًۭا",
        "numberInSurah": 73,
        "juz": 19,
        "manzil": 4,
        "page": 366,
        "ruku": 315,
        "hizbQuarter": 146,
        "sajda": false,
        "audioArabic": [
          "https://cdn.jsdelivr.net/gh/Salimbd71/ArabicQuran@main/25/73.mp3"
        ],
        "audioBangla": [
          "https://cdn.jsdelivr.net/gh/Salimbd71/BanglaQuran@main/25/73.mp3"
        ]
      },
      {
        "number": 2929,
        "audio": "https://cdn.islamic.network/quran/audio/128/ar.mahermuaiqly/2929.mp3",
        "audioSecondary": [
          "https://cdn.islamic.network/quran/audio/64/ar.mahermuaiqly/2929.mp3"
        ],
        "text": "وَٱلَّذِينَ يَقُولُونَ رَبَّنَا هَبْ لَنَا مِنْ أَزْوَٰجِنَا وَذُرِّيَّٰتِنَا قُرَّةَ أَعْيُنٍۢ وَٱجْعَلْنَا لِلْمُتَّقِينَ إِمَامًا",
        "numberInSurah": 74,
        "juz": 19,
        "manzil": 4,
        "page": 366,
        "ruku": 315,
        "hizbQuarter": 146,
        "sajda": false,
        "audioArabic": [
          "https://cdn.jsdelivr.net/gh/Salimbd71/ArabicQuran@main/25/74.mp3"
        ],
        "audioBangla": [
          "https://cdn.jsdelivr.net/gh/Salimbd71/BanglaQuran@main/25/74.mp3"
        ]
      },
      {
        "number": 2930,
        "audio": "https://cdn.islamic.network/quran/audio/128/ar.mahermuaiqly/2930.mp3",
        "audioSecondary": [
          "https://cdn.islamic.network/quran/audio/64/ar.mahermuaiqly/2930.mp3"
        ],
        "text": "أُو۟لَٰٓئِكَ يُجْزَوْنَ ٱلْغُرْفَةَ بِمَا صَبَرُوا۟ وَيُلَقَّوْنَ فِيهَا تَحِيَّةًۭ وَسَلَٰمًا",
        "numberInSurah": 75,
        "juz": 19,
        "manzil": 4,
        "page": 366,
        "ruku": 315,
        "hizbQuarter": 146,
        "sajda": false,
        "audioArabic": [
          "https://cdn.jsdelivr.net/gh/Salimbd71/ArabicQuran@main/25/75.mp3"
        ],
        "audioBangla": [
          "https://cdn.jsdelivr.net/gh/Salimbd71/BanglaQuran@main/25/75.mp3"
        ]
      },
      {
        "number": 2931,
        "audio": "https://cdn.islamic.network/quran/audio/128/ar.mahermuaiqly/2931.mp3",
        "audioSecondary": [
          "https://cdn.islamic.network/quran/audio/64/ar.mahermuaiqly/2931.mp3"
        ],
        "text": "خَٰلِدِينَ فِيهَا ۚ حَسُنَتْ مُسْتَقَرًّۭا وَمُقَامًۭا",
        "numberInSurah": 76,
        "juz": 19,
        "manzil": 4,
        "page": 366,
        "ruku": 315,
        "hizbQuarter": 146,
        "sajda": false,
        "audioArabic": [
          "https://cdn.jsdelivr.net/gh/Salimbd71/ArabicQuran@main/25/76.mp3"
        ],
        "audioBangla": [
          "https://cdn.jsdelivr.net/gh/Salimbd71/BanglaQuran@main/25/76.mp3"
        ]
      },
      {
        "number": 2932,
        "audio": "https://cdn.islamic.network/quran/audio/128/ar.mahermuaiqly/2932.mp3",
        "audioSecondary": [
          "https://cdn.islamic.network/quran/audio/64/ar.mahermuaiqly/2932.mp3"
        ],
        "text": "قُلْ مَا يَعْبَؤُا۟ بِكُمْ رَبِّى لَوْلَا دُعَآؤُكُمْ ۖ فَقَدْ كَذَّبْتُمْ فَسَوْفَ يَكُونُ لِزَامًۢا",
        "numberInSurah": 77,
        "juz": 19,
        "manzil": 4,
        "page": 366,
        "ruku": 315,
        "hizbQuarter": 146,
        "sajda": false,
        "audioArabic": [
          "https://cdn.jsdelivr.net/gh/Salimbd71/ArabicQuran@main/25/77.mp3"
        ],
        "audioBangla": [
          "https://cdn.jsdelivr.net/gh/Salimbd71/BanglaQuran@main/25/77.mp3"
        ]
      }
    ],
    "edition": {
      "identifier": "ar.mahermuaiqly",
      "language": "ar",
      "name": "ماهر المعيقلي",
      "englishName": "Maher Al Muaiqly",
      "format": "audio",
      "type": "versebyverse",
      "direction": null
    }
  }
}