{
  "code": 200,
  "status": "OK",
  "data": {
    "number": 44,
    "name": "سُورَةُ الدُّخَانِ",
    "englishName": "Ad-Dukhaan",
    "englishNameTranslation": "The Smoke",
    "revelationType": "Meccan",
    "numberOfAyahs": 59,
    "ayahs": [
      {
        "number": 4415,
        "audio": "https://everyayah.com/data/Saood_ash-Shuraym_64kbps/044001.mp3",
        "audioSecondary": [
          "https://cdn.islamic.network/quran/audio/64/ar.shaatree/4415.mp3"
        ],
        "text": "بِسْمِ ٱللَّهِ ٱلرَّحْمَٰنِ ٱلرَّحِيمِ حمٓ",
        "numberInSurah": 1,
        "juz": 25,
        "manzil": 6,
        "page": 496,
        "ruku": 431,
        "hizbQuarter": 198,
        "sajda": false,
        "audioArabic": [
          "https://cdn.jsdelivr.net/gh/Salimbd71/ArabicQuran@main/44/1.mp3"
        ],
        "audioBangla": [
          "https://cdn.jsdelivr.net/gh/Salimbd71/BanglaQuran@main/44/1.mp3"
        ]
      },
      {
        "number": 4416,
        "audio": "https://everyayah.com/data/Saood_ash-Shuraym_64kbps/044002.mp3",
        "audioSecondary": [
          "https://cdn.islamic.network/quran/audio/64/ar.shaatree/4416.mp3"
        ],
        "text": "وَٱلْكِتَٰبِ ٱلْمُبِينِ",
        "numberInSurah": 2,
        "juz": 25,
        "manzil": 6,
        "page": 496,
        "ruku": 431,
        "hizbQuarter": 198,
        "sajda": false,
        "audioArabic": [
          "https://cdn.jsdelivr.net/gh/Salimbd71/ArabicQuran@main/44/2.mp3"
        ],
        "audioBangla": [
          "https://cdn.jsdelivr.net/gh/Salimbd71/BanglaQuran@main/44/2.mp3"
        ]
      },
      {
        "number": 4417,
        "audio": "https://everyayah.com/data/Saood_ash-Shuraym_64kbps/044003.mp3",
        "audioSecondary": [
          "https://cdn.islamic.network/quran/audio/64/ar.shaatree/4417.mp3"
        ],
        "text": "إِنَّآ أَنزَلْنَٰهُ فِى لَيْلَةٍۢ مُّبَٰرَكَةٍ ۚ إِنَّا كُنَّا مُنذِرِينَ",
        "numberInSurah": 3,
        "juz": 25,
        "manzil": 6,
        "page": 496,
        "ruku": 431,
        "hizbQuarter": 198,
        "sajda": false,
        "audioArabic": [
          "https://cdn.jsdelivr.net/gh/Salimbd71/ArabicQuran@main/44/3.mp3"
        ],
        "audioBangla": [
          "https://cdn.jsdelivr.net/gh/Salimbd71/BanglaQuran@main/44/3.mp3"
        ]
      },
      {
        "number": 4418,
        "audio": "https://everyayah.com/data/Saood_ash-Shuraym_64kbps/044004.mp3",
        "audioSecondary": [
          "https://cdn.islamic.network/quran/audio/64/ar.shaatree/4418.mp3"
        ],
        "text": "فِيهَا يُفْرَقُ كُلُّ أَمْرٍ حَكِيمٍ",
        "numberInSurah": 4,
        "juz": 25,
        "manzil": 6,
        "page": 496,
        "ruku": 431,
        "hizbQuarter": 198,
        "sajda": false,
        "audioArabic": [
          "https://cdn.jsdelivr.net/gh/Salimbd71/ArabicQuran@main/44/4.mp3"
        ],
        "audioBangla": [
          "https://cdn.jsdelivr.net/gh/Salimbd71/BanglaQuran@main/44/4.mp3"
        ]
      },
      {
        "number": 4419,
        "audio": "https://everyayah.com/data/Saood_ash-Shuraym_64kbps/044005.mp3",
        "audioSecondary": [
          "https://cdn.islamic.network/quran/audio/64/ar.shaatree/4419.mp3"
        ],
        "text": "أَمْرًۭا مِّنْ عِندِنَآ ۚ إِنَّا كُنَّا مُرْسِلِينَ",
        "numberInSurah": 5,
        "juz": 25,
        "manzil": 6,
        "page": 496,
        "ruku": 431,
        "hizbQuarter": 198,
        "sajda": false,
        "audioArabic": [
          "https://cdn.jsdelivr.net/gh/Salimbd71/ArabicQuran@main/44/5.mp3"
        ],
        "audioBangla": [
          "https://cdn.jsdelivr.net/gh/Salimbd71/BanglaQuran@main/44/5.mp3"
        ]
      },
      {
        "number": 4420,
        "audio": "https://everyayah.com/data/Saood_ash-Shuraym_64kbps/044006.mp3",
        "audioSecondary": [
          "https://cdn.islamic.network/quran/audio/64/ar.shaatree/4420.mp3"
        ],
        "text": "رَحْمَةًۭ مِّن رَّبِّكَ ۚ إِنَّهُۥ هُوَ ٱلسَّمِيعُ ٱلْعَلِيمُ",
        "numberInSurah": 6,
        "juz": 25,
        "manzil": 6,
        "page": 496,
        "ruku": 431,
        "hizbQuarter": 198,
        "sajda": false,
        "audioArabic": [
          "https://cdn.jsdelivr.net/gh/Salimbd71/ArabicQuran@main/44/6.mp3"
        ],
        "audioBangla": [
          "https://cdn.jsdelivr.net/gh/Salimbd71/BanglaQuran@main/44/6.mp3"
        ]
      },
      {
        "number": 4421,
        "audio": "https://everyayah.com/data/Saood_ash-Shuraym_64kbps/044007.mp3",
        "audioSecondary": [
          "https://cdn.islamic.network/quran/audio/64/ar.shaatree/4421.mp3"
        ],
        "text": "رَبِّ ٱلسَّمَٰوَٰتِ وَٱلْأَرْضِ وَمَا بَيْنَهُمَآ ۖ إِن كُنتُم مُّوقِنِينَ",
        "numberInSurah": 7,
        "juz": 25,
        "manzil": 6,
        "page": 496,
        "ruku": 431,
        "hizbQuarter": 198,
        "sajda": false,
        "audioArabic": [
          "https://cdn.jsdelivr.net/gh/Salimbd71/ArabicQuran@main/44/7.mp3"
        ],
        "audioBangla": [
          "https://cdn.jsdelivr.net/gh/Salimbd71/BanglaQuran@main/44/7.mp3"
        ]
      },
      {
        "number": 4422,
        "audio": "https://everyayah.com/data/Saood_ash-Shuraym_64kbps/044008.mp3",
        "audioSecondary": [
          "https://cdn.islamic.network/quran/audio/64/ar.shaatree/4422.mp3"
        ],
        "text": "لَآ إِلَٰهَ إِلَّا هُوَ يُحْىِۦ وَيُمِيتُ ۖ رَبُّكُمْ وَرَبُّ ءَابَآئِكُمُ ٱلْأَوَّلِينَ",
        "numberInSurah": 8,
        "juz": 25,
        "manzil": 6,
        "page": 496,
        "ruku": 431,
        "hizbQuarter": 198,
        "sajda": false,
        "audioArabic": [
          "https://cdn.jsdelivr.net/gh/Salimbd71/ArabicQuran@main/44/8.mp3"
        ],
        "audioBangla": [
          "https://cdn.jsdelivr.net/gh/Salimbd71/BanglaQuran@main/44/8.mp3"
        ]
      },
      {
        "number": 4423,
        "audio": "https://everyayah.com/data/Saood_ash-Shuraym_64kbps/044009.mp3",
        "audioSecondary": [
          "https://cdn.islamic.network/quran/audio/64/ar.shaatree/4423.mp3"
        ],
        "text": "بَلْ هُمْ فِى شَكٍّۢ يَلْعَبُونَ",
        "numberInSurah": 9,
        "juz": 25,
        "manzil": 6,
        "page": 496,
        "ruku": 431,
        "hizbQuarter": 198,
        "sajda": false,
        "audioArabic": [
          "https://cdn.jsdelivr.net/gh/Salimbd71/ArabicQuran@main/44/9.mp3"
        ],
        "audioBangla": [
          "https://cdn.jsdelivr.net/gh/Salimbd71/BanglaQuran@main/44/9.mp3"
        ]
      },
      {
        "number": 4424,
        "audio": "https://everyayah.com/data/Saood_ash-Shuraym_64kbps/044010.mp3",
        "audioSecondary": [
          "https://cdn.islamic.network/quran/audio/64/ar.shaatree/4424.mp3"
        ],
        "text": "فَٱرْتَقِبْ يَوْمَ تَأْتِى ٱلسَّمَآءُ بِدُخَانٍۢ مُّبِينٍۢ",
        "numberInSurah": 10,
        "juz": 25,
        "manzil": 6,
        "page": 496,
        "ruku": 431,
        "hizbQuarter": 198,
        "sajda": false,
        "audioArabic": [
          "https://cdn.jsdelivr.net/gh/Salimbd71/ArabicQuran@main/44/10.mp3"
        ],
        "audioBangla": [
          "https://cdn.jsdelivr.net/gh/Salimbd71/BanglaQuran@main/44/10.mp3"
        ]
      },
      {
        "number": 4425,
        "audio": "https://everyayah.com/data/Saood_ash-Shuraym_64kbps/044011.mp3",
        "audioSecondary": [
          "https://cdn.islamic.network/quran/audio/64/ar.shaatree/4425.mp3"
        ],
        "text": "يَغْشَى ٱلنَّاسَ ۖ هَٰذَا عَذَابٌ أَلِيمٌۭ",
        "numberInSurah": 11,
        "juz": 25,
        "manzil": 6,
        "page": 496,
        "ruku": 431,
        "hizbQuarter": 198,
        "sajda": false,
        "audioArabic": [
          "https://cdn.jsdelivr.net/gh/Salimbd71/ArabicQuran@main/44/11.mp3"
        ],
        "audioBangla": [
          "https://cdn.jsdelivr.net/gh/Salimbd71/BanglaQuran@main/44/11.mp3"
        ]
      },
      {
        "number": 4426,
        "audio": "https://everyayah.com/data/Saood_ash-Shuraym_64kbps/044012.mp3",
        "audioSecondary": [
          "https://cdn.islamic.network/quran/audio/64/ar.shaatree/4426.mp3"
        ],
        "text": "رَّبَّنَا ٱكْشِفْ عَنَّا ٱلْعَذَابَ إِنَّا مُؤْمِنُونَ",
        "numberInSurah": 12,
        "juz": 25,
        "manzil": 6,
        "page": 496,
        "ruku": 431,
        "hizbQuarter": 198,
        "sajda": false,
        "audioArabic": [
          "https://cdn.jsdelivr.net/gh/Salimbd71/ArabicQuran@main/44/12.mp3"
        ],
        "audioBangla": [
          "https://cdn.jsdelivr.net/gh/Salimbd71/BanglaQuran@main/44/12.mp3"
        ]
      },
      {
        "number": 4427,
        "audio": "https://everyayah.com/data/Saood_ash-Shuraym_64kbps/044013.mp3",
        "audioSecondary": [
          "https://cdn.islamic.network/quran/audio/64/ar.shaatree/4427.mp3"
        ],
        "text": "أَنَّىٰ لَهُمُ ٱلذِّكْرَىٰ وَقَدْ جَآءَهُمْ رَسُولٌۭ مُّبِينٌۭ",
        "numberInSurah": 13,
        "juz": 25,
        "manzil": 6,
        "page": 496,
        "ruku": 431,
        "hizbQuarter": 198,
        "sajda": false,
        "audioArabic": [
          "https://cdn.jsdelivr.net/gh/Salimbd71/ArabicQuran@main/44/13.mp3"
        ],
        "audioBangla": [
          "https://cdn.jsdelivr.net/gh/Salimbd71/BanglaQuran@main/44/13.mp3"
        ]
      },
      {
        "number": 4428,
        "audio": "https://everyayah.com/data/Saood_ash-Shuraym_64kbps/044014.mp3",
        "audioSecondary": [
          "https://cdn.islamic.network/quran/audio/64/ar.shaatree/4428.mp3"
        ],
        "text": "ثُمَّ تَوَلَّوْا۟ عَنْهُ وَقَالُوا۟ مُعَلَّمٌۭ مَّجْنُونٌ",
        "numberInSurah": 14,
        "juz": 25,
        "manzil": 6,
        "page": 496,
        "ruku": 431,
        "hizbQuarter": 198,
        "sajda": false,
        "audioArabic": [
          "https://cdn.jsdelivr.net/gh/Salimbd71/ArabicQuran@main/44/14.mp3"
        ],
        "audioBangla": [
          "https://cdn.jsdelivr.net/gh/Salimbd71/BanglaQuran@main/44/14.mp3"
        ]
      },
      {
        "number": 4429,
        "audio": "https://everyayah.com/data/Saood_ash-Shuraym_64kbps/044015.mp3",
        "audioSecondary": [
          "https://cdn.islamic.network/quran/audio/64/ar.shaatree/4429.mp3"
        ],
        "text": "إِنَّا كَاشِفُوا۟ ٱلْعَذَابِ قَلِيلًا ۚ إِنَّكُمْ عَآئِدُونَ",
        "numberInSurah": 15,
        "juz": 25,
        "manzil": 6,
        "page": 496,
        "ruku": 431,
        "hizbQuarter": 198,
        "sajda": false,
        "audioArabic": [
          "https://cdn.jsdelivr.net/gh/Salimbd71/ArabicQuran@main/44/15.mp3"
        ],
        "audioBangla": [
          "https://cdn.jsdelivr.net/gh/Salimbd71/BanglaQuran@main/44/15.mp3"
        ]
      },
      {
        "number": 4430,
        "audio": "https://everyayah.com/data/Saood_ash-Shuraym_64kbps/044016.mp3",
        "audioSecondary": [
          "https://cdn.islamic.network/quran/audio/64/ar.shaatree/4430.mp3"
        ],
        "text": "يَوْمَ نَبْطِشُ ٱلْبَطْشَةَ ٱلْكُبْرَىٰٓ إِنَّا مُنتَقِمُونَ",
        "numberInSurah": 16,
        "juz": 25,
        "manzil": 6,
        "page": 496,
        "ruku": 431,
        "hizbQuarter": 198,
        "sajda": false,
        "audioArabic": [
          "https://cdn.jsdelivr.net/gh/Salimbd71/ArabicQuran@main/44/16.mp3"
        ],
        "audioBangla": [
          "https://cdn.jsdelivr.net/gh/Salimbd71/BanglaQuran@main/44/16.mp3"
        ]
      },
      {
        "number": 4431,
        "audio": "https://everyayah.com/data/Saood_ash-Shuraym_64kbps/044017.mp3",
        "audioSecondary": [
          "https://cdn.islamic.network/quran/audio/64/ar.shaatree/4431.mp3"
        ],
        "text": "۞ وَلَقَدْ فَتَنَّا قَبْلَهُمْ قَوْمَ فِرْعَوْنَ وَجَآءَهُمْ رَسُولٌۭ كَرِيمٌ",
        "numberInSurah": 17,
        "juz": 25,
        "manzil": 6,
        "page": 496,
        "ruku": 431,
        "hizbQuarter": 199,
        "sajda": false,
        "audioArabic": [
          "https://cdn.jsdelivr.net/gh/Salimbd71/ArabicQuran@main/44/17.mp3"
        ],
        "audioBangla": [
          "https://cdn.jsdelivr.net/gh/Salimbd71/BanglaQuran@main/44/17.mp3"
        ]
      },
      {
        "number": 4432,
        "audio": "https://everyayah.com/data/Saood_ash-Shuraym_64kbps/044018.mp3",
        "audioSecondary": [
          "https://cdn.islamic.network/quran/audio/64/ar.shaatree/4432.mp3"
        ],
        "text": "أَنْ أَدُّوٓا۟ إِلَىَّ عِبَادَ ٱللَّهِ ۖ إِنِّى لَكُمْ رَسُولٌ أَمِينٌۭ",
        "numberInSurah": 18,
        "juz": 25,
        "manzil": 6,
        "page": 496,
        "ruku": 431,
        "hizbQuarter": 199,
        "sajda": false,
        "audioArabic": [
          "https://cdn.jsdelivr.net/gh/Salimbd71/ArabicQuran@main/44/18.mp3"
        ],
        "audioBangla": [
          "https://cdn.jsdelivr.net/gh/Salimbd71/BanglaQuran@main/44/18.mp3"
        ]
      },
      {
        "number": 4433,
        "audio": "https://everyayah.com/data/Saood_ash-Shuraym_64kbps/044019.mp3",
        "audioSecondary": [
          "https://cdn.islamic.network/quran/audio/64/ar.shaatree/4433.mp3"
        ],
        "text": "وَأَن لَّا تَعْلُوا۟ عَلَى ٱللَّهِ ۖ إِنِّىٓ ءَاتِيكُم بِسُلْطَٰنٍۢ مُّبِينٍۢ",
        "numberInSurah": 19,
        "juz": 25,
        "manzil": 6,
        "page": 497,
        "ruku": 431,
        "hizbQuarter": 199,
        "sajda": false,
        "audioArabic": [
          "https://cdn.jsdelivr.net/gh/Salimbd71/ArabicQuran@main/44/19.mp3"
        ],
        "audioBangla": [
          "https://cdn.jsdelivr.net/gh/Salimbd71/BanglaQuran@main/44/19.mp3"
        ]
      },
      {
        "number": 4434,
        "audio": "https://everyayah.com/data/Saood_ash-Shuraym_64kbps/044020.mp3",
        "audioSecondary": [
          "https://cdn.islamic.network/quran/audio/64/ar.shaatree/4434.mp3"
        ],
        "text": "وَإِنِّى عُذْتُ بِرَبِّى وَرَبِّكُمْ أَن تَرْجُمُونِ",
        "numberInSurah": 20,
        "juz": 25,
        "manzil": 6,
        "page": 497,
        "ruku": 431,
        "hizbQuarter": 199,
        "sajda": false,
        "audioArabic": [
          "https://cdn.jsdelivr.net/gh/Salimbd71/ArabicQuran@main/44/20.mp3"
        ],
        "audioBangla": [
          "https://cdn.jsdelivr.net/gh/Salimbd71/BanglaQuran@main/44/20.mp3"
        ]
      },
      {
        "number": 4435,
        "audio": "https://everyayah.com/data/Saood_ash-Shuraym_64kbps/044021.mp3",
        "audioSecondary": [
          "https://cdn.islamic.network/quran/audio/64/ar.shaatree/4435.mp3"
        ],
        "text": "وَإِن لَّمْ تُؤْمِنُوا۟ لِى فَٱعْتَزِلُونِ",
        "numberInSurah": 21,
        "juz": 25,
        "manzil": 6,
        "page": 497,
        "ruku": 431,
        "hizbQuarter": 199,
        "sajda": false,
        "audioArabic": [
          "https://cdn.jsdelivr.net/gh/Salimbd71/ArabicQuran@main/44/21.mp3"
        ],
        "audioBangla": [
          "https://cdn.jsdelivr.net/gh/Salimbd71/BanglaQuran@main/44/21.mp3"
        ]
      },
      {
        "number": 4436,
        "audio": "https://everyayah.com/data/Saood_ash-Shuraym_64kbps/044022.mp3",
        "audioSecondary": [
          "https://cdn.islamic.network/quran/audio/64/ar.shaatree/4436.mp3"
        ],
        "text": "فَدَعَا رَبَّهُۥٓ أَنَّ هَٰٓؤُلَآءِ قَوْمٌۭ مُّجْرِمُونَ",
        "numberInSurah": 22,
        "juz": 25,
        "manzil": 6,
        "page": 497,
        "ruku": 431,
        "hizbQuarter": 199,
        "sajda": false,
        "audioArabic": [
          "https://cdn.jsdelivr.net/gh/Salimbd71/ArabicQuran@main/44/22.mp3"
        ],
        "audioBangla": [
          "https://cdn.jsdelivr.net/gh/Salimbd71/BanglaQuran@main/44/22.mp3"
        ]
      },
      {
        "number": 4437,
        "audio": "https://everyayah.com/data/Saood_ash-Shuraym_64kbps/044023.mp3",
        "audioSecondary": [
          "https://cdn.islamic.network/quran/audio/64/ar.shaatree/4437.mp3"
        ],
        "text": "فَأَسْرِ بِعِبَادِى لَيْلًا إِنَّكُم مُّتَّبَعُونَ",
        "numberInSurah": 23,
        "juz": 25,
        "manzil": 6,
        "page": 497,
        "ruku": 431,
        "hizbQuarter": 199,
        "sajda": false,
        "audioArabic": [
          "https://cdn.jsdelivr.net/gh/Salimbd71/ArabicQuran@main/44/23.mp3"
        ],
        "audioBangla": [
          "https://cdn.jsdelivr.net/gh/Salimbd71/BanglaQuran@main/44/23.mp3"
        ]
      },
      {
        "number": 4438,
        "audio": "https://everyayah.com/data/Saood_ash-Shuraym_64kbps/044024.mp3",
        "audioSecondary": [
          "https://cdn.islamic.network/quran/audio/64/ar.shaatree/4438.mp3"
        ],
        "text": "وَٱتْرُكِ ٱلْبَحْرَ رَهْوًا ۖ إِنَّهُمْ جُندٌۭ مُّغْرَقُونَ",
        "numberInSurah": 24,
        "juz": 25,
        "manzil": 6,
        "page": 497,
        "ruku": 431,
        "hizbQuarter": 199,
        "sajda": false,
        "audioArabic": [
          "https://cdn.jsdelivr.net/gh/Salimbd71/ArabicQuran@main/44/24.mp3"
        ],
        "audioBangla": [
          "https://cdn.jsdelivr.net/gh/Salimbd71/BanglaQuran@main/44/24.mp3"
        ]
      },
      {
        "number": 4439,
        "audio": "https://everyayah.com/data/Saood_ash-Shuraym_64kbps/044025.mp3",
        "audioSecondary": [
          "https://cdn.islamic.network/quran/audio/64/ar.shaatree/4439.mp3"
        ],
        "text": "كَمْ تَرَكُوا۟ مِن جَنَّٰتٍۢ وَعُيُونٍۢ",
        "numberInSurah": 25,
        "juz": 25,
        "manzil": 6,
        "page": 497,
        "ruku": 431,
        "hizbQuarter": 199,
        "sajda": false,
        "audioArabic": [
          "https://cdn.jsdelivr.net/gh/Salimbd71/ArabicQuran@main/44/25.mp3"
        ],
        "audioBangla": [
          "https://cdn.jsdelivr.net/gh/Salimbd71/BanglaQuran@main/44/25.mp3"
        ]
      },
      {
        "number": 4440,
        "audio": "https://everyayah.com/data/Saood_ash-Shuraym_64kbps/044026.mp3",
        "audioSecondary": [
          "https://cdn.islamic.network/quran/audio/64/ar.shaatree/4440.mp3"
        ],
        "text": "وَزُرُوعٍۢ وَمَقَامٍۢ كَرِيمٍۢ",
        "numberInSurah": 26,
        "juz": 25,
        "manzil": 6,
        "page": 497,
        "ruku": 431,
        "hizbQuarter": 199,
        "sajda": false,
        "audioArabic": [
          "https://cdn.jsdelivr.net/gh/Salimbd71/ArabicQuran@main/44/26.mp3"
        ],
        "audioBangla": [
          "https://cdn.jsdelivr.net/gh/Salimbd71/BanglaQuran@main/44/26.mp3"
        ]
      },
      {
        "number": 4441,
        "audio": "https://everyayah.com/data/Saood_ash-Shuraym_64kbps/044027.mp3",
        "audioSecondary": [
          "https://cdn.islamic.network/quran/audio/64/ar.shaatree/4441.mp3"
        ],
        "text": "وَنَعْمَةٍۢ كَانُوا۟ فِيهَا فَٰكِهِينَ",
        "numberInSurah": 27,
        "juz": 25,
        "manzil": 6,
        "page": 497,
        "ruku": 431,
        "hizbQuarter": 199,
        "sajda": false,
        "audioArabic": [
          "https://cdn.jsdelivr.net/gh/Salimbd71/ArabicQuran@main/44/27.mp3"
        ],
        "audioBangla": [
          "https://cdn.jsdelivr.net/gh/Salimbd71/BanglaQuran@main/44/27.mp3"
        ]
      },
      {
        "number": 4442,
        "audio": "https://everyayah.com/data/Saood_ash-Shuraym_64kbps/044028.mp3",
        "audioSecondary": [
          "https://cdn.islamic.network/quran/audio/64/ar.shaatree/4442.mp3"
        ],
        "text": "كَذَٰلِكَ ۖ وَأَوْرَثْنَٰهَا قَوْمًا ءَاخَرِينَ",
        "numberInSurah": 28,
        "juz": 25,
        "manzil": 6,
        "page": 497,
        "ruku": 431,
        "hizbQuarter": 199,
        "sajda": false,
        "audioArabic": [
          "https://cdn.jsdelivr.net/gh/Salimbd71/ArabicQuran@main/44/28.mp3"
        ],
        "audioBangla": [
          "https://cdn.jsdelivr.net/gh/Salimbd71/BanglaQuran@main/44/28.mp3"
        ]
      },
      {
        "number": 4443,
        "audio": "https://everyayah.com/data/Saood_ash-Shuraym_64kbps/044029.mp3",
        "audioSecondary": [
          "https://cdn.islamic.network/quran/audio/64/ar.shaatree/4443.mp3"
        ],
        "text": "فَمَا بَكَتْ عَلَيْهِمُ ٱلسَّمَآءُ وَٱلْأَرْضُ وَمَا كَانُوا۟ مُنظَرِينَ",
        "numberInSurah": 29,
        "juz": 25,
        "manzil": 6,
        "page": 497,
        "ruku": 431,
        "hizbQuarter": 199,
        "sajda": false,
        "audioArabic": [
          "https://cdn.jsdelivr.net/gh/Salimbd71/ArabicQuran@main/44/29.mp3"
        ],
        "audioBangla": [
          "https://cdn.jsdelivr.net/gh/Salimbd71/BanglaQuran@main/44/29.mp3"
        ]
      },
      {
        "number": 4444,
        "audio": "https://everyayah.com/data/Saood_ash-Shuraym_64kbps/044030.mp3",
        "audioSecondary": [
          "https://cdn.islamic.network/quran/audio/64/ar.shaatree/4444.mp3"
        ],
        "text": "وَلَقَدْ نَجَّيْنَا بَنِىٓ إِسْرَٰٓءِيلَ مِنَ ٱلْعَذَابِ ٱلْمُهِينِ",
        "numberInSurah": 30,
        "juz": 25,
        "manzil": 6,
        "page": 497,
        "ruku": 432,
        "hizbQuarter": 199,
        "sajda": false,
        "audioArabic": [
          "https://cdn.jsdelivr.net/gh/Salimbd71/ArabicQuran@main/44/30.mp3"
        ],
        "audioBangla": [
          "https://cdn.jsdelivr.net/gh/Salimbd71/BanglaQuran@main/44/30.mp3"
        ]
      },
      {
        "number": 4445,
        "audio": "https://everyayah.com/data/Saood_ash-Shuraym_64kbps/044031.mp3",
        "audioSecondary": [
          "https://cdn.islamic.network/quran/audio/64/ar.shaatree/4445.mp3"
        ],
        "text": "مِن فِرْعَوْنَ ۚ إِنَّهُۥ كَانَ عَالِيًۭا مِّنَ ٱلْمُسْرِفِينَ",
        "numberInSurah": 31,
        "juz": 25,
        "manzil": 6,
        "page": 497,
        "ruku": 432,
        "hizbQuarter": 199,
        "sajda": false,
        "audioArabic": [
          "https://cdn.jsdelivr.net/gh/Salimbd71/ArabicQuran@main/44/31.mp3"
        ],
        "audioBangla": [
          "https://cdn.jsdelivr.net/gh/Salimbd71/BanglaQuran@main/44/31.mp3"
        ]
      },
      {
        "number": 4446,
        "audio": "https://everyayah.com/data/Saood_ash-Shuraym_64kbps/044032.mp3",
        "audioSecondary": [
          "https://cdn.islamic.network/quran/audio/64/ar.shaatree/4446.mp3"
        ],
        "text": "وَلَقَدِ ٱخْتَرْنَٰهُمْ عَلَىٰ عِلْمٍ عَلَى ٱلْعَٰلَمِينَ",
        "numberInSurah": 32,
        "juz": 25,
        "manzil": 6,
        "page": 497,
        "ruku": 432,
        "hizbQuarter": 199,
        "sajda": false,
        "audioArabic": [
          "https://cdn.jsdelivr.net/gh/Salimbd71/ArabicQuran@main/44/32.mp3"
        ],
        "audioBangla": [
          "https://cdn.jsdelivr.net/gh/Salimbd71/BanglaQuran@main/44/32.mp3"
        ]
      },
      {
        "number": 4447,
        "audio": "https://everyayah.com/data/Saood_ash-Shuraym_64kbps/044033.mp3",
        "audioSecondary": [
          "https://cdn.islamic.network/quran/audio/64/ar.shaatree/4447.mp3"
        ],
        "text": "وَءَاتَيْنَٰهُم مِّنَ ٱلْءَايَٰتِ مَا فِيهِ بَلَٰٓؤٌۭا۟ مُّبِينٌ",
        "numberInSurah": 33,
        "juz": 25,
        "manzil": 6,
        "page": 497,
        "ruku": 432,
        "hizbQuarter": 199,
        "sajda": false,
        "audioArabic": [
          "https://cdn.jsdelivr.net/gh/Salimbd71/ArabicQuran@main/44/33.mp3"
        ],
        "audioBangla": [
          "https://cdn.jsdelivr.net/gh/Salimbd71/BanglaQuran@main/44/33.mp3"
        ]
      },
      {
        "number": 4448,
        "audio": "https://everyayah.com/data/Saood_ash-Shuraym_64kbps/044034.mp3",
        "audioSecondary": [
          "https://cdn.islamic.network/quran/audio/64/ar.shaatree/4448.mp3"
        ],
        "text": "إِنَّ هَٰٓؤُلَآءِ لَيَقُولُونَ",
        "numberInSurah": 34,
        "juz": 25,
        "manzil": 6,
        "page": 497,
        "ruku": 432,
        "hizbQuarter": 199,
        "sajda": false,
        "audioArabic": [
          "https://cdn.jsdelivr.net/gh/Salimbd71/ArabicQuran@main/44/34.mp3"
        ],
        "audioBangla": [
          "https://cdn.jsdelivr.net/gh/Salimbd71/BanglaQuran@main/44/34.mp3"
        ]
      },
      {
        "number": 4449,
        "audio": "https://everyayah.com/data/Saood_ash-Shuraym_64kbps/044035.mp3",
        "audioSecondary": [
          "https://cdn.islamic.network/quran/audio/64/ar.shaatree/4449.mp3"
        ],
        "text": "إِنْ هِىَ إِلَّا مَوْتَتُنَا ٱلْأُولَىٰ وَمَا نَحْنُ بِمُنشَرِينَ",
        "numberInSurah": 35,
        "juz": 25,
        "manzil": 6,
        "page": 497,
        "ruku": 432,
        "hizbQuarter": 199,
        "sajda": false,
        "audioArabic": [
          "https://cdn.jsdelivr.net/gh/Salimbd71/ArabicQuran@main/44/35.mp3"
        ],
        "audioBangla": [
          "https://cdn.jsdelivr.net/gh/Salimbd71/BanglaQuran@main/44/35.mp3"
        ]
      },
      {
        "number": 4450,
        "audio": "https://everyayah.com/data/Saood_ash-Shuraym_64kbps/044036.mp3",
        "audioSecondary": [
          "https://cdn.islamic.network/quran/audio/64/ar.shaatree/4450.mp3"
        ],
        "text": "فَأْتُوا۟ بِـَٔابَآئِنَآ إِن كُنتُمْ صَٰدِقِينَ",
        "numberInSurah": 36,
        "juz": 25,
        "manzil": 6,
        "page": 497,
        "ruku": 432,
        "hizbQuarter": 199,
        "sajda": false,
        "audioArabic": [
          "https://cdn.jsdelivr.net/gh/Salimbd71/ArabicQuran@main/44/36.mp3"
        ],
        "audioBangla": [
          "https://cdn.jsdelivr.net/gh/Salimbd71/BanglaQuran@main/44/36.mp3"
        ]
      },
      {
        "number": 4451,
        "audio": "https://everyayah.com/data/Saood_ash-Shuraym_64kbps/044037.mp3",
        "audioSecondary": [
          "https://cdn.islamic.network/quran/audio/64/ar.shaatree/4451.mp3"
        ],
        "text": "أَهُمْ خَيْرٌ أَمْ قَوْمُ تُبَّعٍۢ وَٱلَّذِينَ مِن قَبْلِهِمْ ۚ أَهْلَكْنَٰهُمْ ۖ إِنَّهُمْ كَانُوا۟ مُجْرِمِينَ",
        "numberInSurah": 37,
        "juz": 25,
        "manzil": 6,
        "page": 497,
        "ruku": 432,
        "hizbQuarter": 199,
        "sajda": false,
        "audioArabic": [
          "https://cdn.jsdelivr.net/gh/Salimbd71/ArabicQuran@main/44/37.mp3"
        ],
        "audioBangla": [
          "https://cdn.jsdelivr.net/gh/Salimbd71/BanglaQuran@main/44/37.mp3"
        ]
      },
      {
        "number": 4452,
        "audio": "https://everyayah.com/data/Saood_ash-Shuraym_64kbps/044038.mp3",
        "audioSecondary": [
          "https://cdn.islamic.network/quran/audio/64/ar.shaatree/4452.mp3"
        ],
        "text": "وَمَا خَلَقْنَا ٱلسَّمَٰوَٰتِ وَٱلْأَرْضَ وَمَا بَيْنَهُمَا لَٰعِبِينَ",
        "numberInSurah": 38,
        "juz": 25,
        "manzil": 6,
        "page": 497,
        "ruku": 432,
        "hizbQuarter": 199,
        "sajda": false,
        "audioArabic": [
          "https://cdn.jsdelivr.net/gh/Salimbd71/ArabicQuran@main/44/38.mp3"
        ],
        "audioBangla": [
          "https://cdn.jsdelivr.net/gh/Salimbd71/BanglaQuran@main/44/38.mp3"
        ]
      },
      {
        "number": 4453,
        "audio": "https://everyayah.com/data/Saood_ash-Shuraym_64kbps/044039.mp3",
        "audioSecondary": [
          "https://cdn.islamic.network/quran/audio/64/ar.shaatree/4453.mp3"
        ],
        "text": "مَا خَلَقْنَٰهُمَآ إِلَّا بِٱلْحَقِّ وَلَٰكِنَّ أَكْثَرَهُمْ لَا يَعْلَمُونَ",
        "numberInSurah": 39,
        "juz": 25,
        "manzil": 6,
        "page": 497,
        "ruku": 432,
        "hizbQuarter": 199,
        "sajda": false,
        "audioArabic": [
          "https://cdn.jsdelivr.net/gh/Salimbd71/ArabicQuran@main/44/39.mp3"
        ],
        "audioBangla": [
          "https://cdn.jsdelivr.net/gh/Salimbd71/BanglaQuran@main/44/39.mp3"
        ]
      },
      {
        "number": 4454,
        "audio": "https://everyayah.com/data/Saood_ash-Shuraym_64kbps/044040.mp3",
        "audioSecondary": [
          "https://cdn.islamic.network/quran/audio/64/ar.shaatree/4454.mp3"
        ],
        "text": "إِنَّ يَوْمَ ٱلْفَصْلِ مِيقَٰتُهُمْ أَجْمَعِينَ",
        "numberInSurah": 40,
        "juz": 25,
        "manzil": 6,
        "page": 498,
        "ruku": 432,
        "hizbQuarter": 199,
        "sajda": false,
        "audioArabic": [
          "https://cdn.jsdelivr.net/gh/Salimbd71/ArabicQuran@main/44/40.mp3"
        ],
        "audioBangla": [
          "https://cdn.jsdelivr.net/gh/Salimbd71/BanglaQuran@main/44/40.mp3"
        ]
      },
      {
        "number": 4455,
        "audio": "https://everyayah.com/data/Saood_ash-Shuraym_64kbps/044041.mp3",
        "audioSecondary": [
          "https://cdn.islamic.network/quran/audio/64/ar.shaatree/4455.mp3"
        ],
        "text": "يَوْمَ لَا يُغْنِى مَوْلًى عَن مَّوْلًۭى شَيْـًۭٔا وَلَا هُمْ يُنصَرُونَ",
        "numberInSurah": 41,
        "juz": 25,
        "manzil": 6,
        "page": 498,
        "ruku": 432,
        "hizbQuarter": 199,
        "sajda": false,
        "audioArabic": [
          "https://cdn.jsdelivr.net/gh/Salimbd71/ArabicQuran@main/44/41.mp3"
        ],
        "audioBangla": [
          "https://cdn.jsdelivr.net/gh/Salimbd71/BanglaQuran@main/44/41.mp3"
        ]
      },
      {
        "number": 4456,
        "audio": "https://everyayah.com/data/Saood_ash-Shuraym_64kbps/044042.mp3",
        "audioSecondary": [
          "https://cdn.islamic.network/quran/audio/64/ar.shaatree/4456.mp3"
        ],
        "text": "إِلَّا مَن رَّحِمَ ٱللَّهُ ۚ إِنَّهُۥ هُوَ ٱلْعَزِيزُ ٱلرَّحِيمُ",
        "numberInSurah": 42,
        "juz": 25,
        "manzil": 6,
        "page": 498,
        "ruku": 432,
        "hizbQuarter": 199,
        "sajda": false,
        "audioArabic": [
          "https://cdn.jsdelivr.net/gh/Salimbd71/ArabicQuran@main/44/42.mp3"
        ],
        "audioBangla": [
          "https://cdn.jsdelivr.net/gh/Salimbd71/BanglaQuran@main/44/42.mp3"
        ]
      },
      {
        "number": 4457,
        "audio": "https://everyayah.com/data/Saood_ash-Shuraym_64kbps/044043.mp3",
        "audioSecondary": [
          "https://cdn.islamic.network/quran/audio/64/ar.shaatree/4457.mp3"
        ],
        "text": "إِنَّ شَجَرَتَ ٱلزَّقُّومِ",
        "numberInSurah": 43,
        "juz": 25,
        "manzil": 6,
        "page": 498,
        "ruku": 433,
        "hizbQuarter": 199,
        "sajda": false,
        "audioArabic": [
          "https://cdn.jsdelivr.net/gh/Salimbd71/ArabicQuran@main/44/43.mp3"
        ],
        "audioBangla": [
          "https://cdn.jsdelivr.net/gh/Salimbd71/BanglaQuran@main/44/43.mp3"
        ]
      },
      {
        "number": 4458,
        "audio": "https://everyayah.com/data/Saood_ash-Shuraym_64kbps/044044.mp3",
        "audioSecondary": [
          "https://cdn.islamic.network/quran/audio/64/ar.shaatree/4458.mp3"
        ],
        "text": "طَعَامُ ٱلْأَثِيمِ",
        "numberInSurah": 44,
        "juz": 25,
        "manzil": 6,
        "page": 498,
        "ruku": 433,
        "hizbQuarter": 199,
        "sajda": false,
        "audioArabic": [
          "https://cdn.jsdelivr.net/gh/Salimbd71/ArabicQuran@main/44/44.mp3"
        ],
        "audioBangla": [
          "https://cdn.jsdelivr.net/gh/Salimbd71/BanglaQuran@main/44/44.mp3"
        ]
      },
      {
        "number": 4459,
        "audio": "https://everyayah.com/data/Saood_ash-Shuraym_64kbps/044045.mp3",
        "audioSecondary": [
          "https://cdn.islamic.network/quran/audio/64/ar.shaatree/4459.mp3"
        ],
        "text": "كَٱلْمُهْلِ يَغْلِى فِى ٱلْبُطُونِ",
        "numberInSurah": 45,
        "juz": 25,
        "manzil": 6,
        "page": 498,
        "ruku": 433,
        "hizbQuarter": 199,
        "sajda": false,
        "audioArabic": [
          "https://cdn.jsdelivr.net/gh/Salimbd71/ArabicQuran@main/44/45.mp3"
        ],
        "audioBangla": [
          "https://cdn.jsdelivr.net/gh/Salimbd71/BanglaQuran@main/44/45.mp3"
        ]
      },
      {
        "number": 4460,
        "audio": "https://everyayah.com/data/Saood_ash-Shuraym_64kbps/044046.mp3",
        "audioSecondary": [
          "https://cdn.islamic.network/quran/audio/64/ar.shaatree/4460.mp3"
        ],
        "text": "كَغَلْىِ ٱلْحَمِيمِ",
        "numberInSurah": 46,
        "juz": 25,
        "manzil": 6,
        "page": 498,
        "ruku": 433,
        "hizbQuarter": 199,
        "sajda": false,
        "audioArabic": [
          "https://cdn.jsdelivr.net/gh/Salimbd71/ArabicQuran@main/44/46.mp3"
        ],
        "audioBangla": [
          "https://cdn.jsdelivr.net/gh/Salimbd71/BanglaQuran@main/44/46.mp3"
        ]
      },
      {
        "number": 4461,
        "audio": "https://everyayah.com/data/Saood_ash-Shuraym_64kbps/044047.mp3",
        "audioSecondary": [
          "https://cdn.islamic.network/quran/audio/64/ar.shaatree/4461.mp3"
        ],
        "text": "خُذُوهُ فَٱعْتِلُوهُ إِلَىٰ سَوَآءِ ٱلْجَحِيمِ",
        "numberInSurah": 47,
        "juz": 25,
        "manzil": 6,
        "page": 498,
        "ruku": 433,
        "hizbQuarter": 199,
        "sajda": false,
        "audioArabic": [
          "https://cdn.jsdelivr.net/gh/Salimbd71/ArabicQuran@main/44/47.mp3"
        ],
        "audioBangla": [
          "https://cdn.jsdelivr.net/gh/Salimbd71/BanglaQuran@main/44/47.mp3"
        ]
      },
      {
        "number": 4462,
        "audio": "https://everyayah.com/data/Saood_ash-Shuraym_64kbps/044048.mp3",
        "audioSecondary": [
          "https://cdn.islamic.network/quran/audio/64/ar.shaatree/4462.mp3"
        ],
        "text": "ثُمَّ صُبُّوا۟ فَوْقَ رَأْسِهِۦ مِنْ عَذَابِ ٱلْحَمِيمِ",
        "numberInSurah": 48,
        "juz": 25,
        "manzil": 6,
        "page": 498,
        "ruku": 433,
        "hizbQuarter": 199,
        "sajda": false,
        "audioArabic": [
          "https://cdn.jsdelivr.net/gh/Salimbd71/ArabicQuran@main/44/48.mp3"
        ],
        "audioBangla": [
          "https://cdn.jsdelivr.net/gh/Salimbd71/BanglaQuran@main/44/48.mp3"
        ]
      },
      {
        "number": 4463,
        "audio": "https://everyayah.com/data/Saood_ash-Shuraym_64kbps/044049.mp3",
        "audioSecondary": [
          "https://cdn.islamic.network/quran/audio/64/ar.shaatree/4463.mp3"
        ],
        "text": "ذُقْ إِنَّكَ أَنتَ ٱلْعَزِيزُ ٱلْكَرِيمُ",
        "numberInSurah": 49,
        "juz": 25,
        "manzil": 6,
        "page": 498,
        "ruku": 433,
        "hizbQuarter": 199,
        "sajda": false,
        "audioArabic": [
          "https://cdn.jsdelivr.net/gh/Salimbd71/ArabicQuran@main/44/49.mp3"
        ],
        "audioBangla": [
          "https://cdn.jsdelivr.net/gh/Salimbd71/BanglaQuran@main/44/49.mp3"
        ]
      },
      {
        "number": 4464,
        "audio": "https://everyayah.com/data/Saood_ash-Shuraym_64kbps/044050.mp3",
        "audioSecondary": [
          "https://cdn.islamic.network/quran/audio/64/ar.shaatree/4464.mp3"
        ],
        "text": "إِنَّ هَٰذَا مَا كُنتُم بِهِۦ تَمْتَرُونَ",
        "numberInSurah": 50,
        "juz": 25,
        "manzil": 6,
        "page": 498,
        "ruku": 433,
        "hizbQuarter": 199,
        "sajda": false,
        "audioArabic": [
          "https://cdn.jsdelivr.net/gh/Salimbd71/ArabicQuran@main/44/50.mp3"
        ],
        "audioBangla": [
          "https://cdn.jsdelivr.net/gh/Salimbd71/BanglaQuran@main/44/50.mp3"
        ]
      },
      {
        "number": 4465,
        "audio": "https://everyayah.com/data/Saood_ash-Shuraym_64kbps/044051.mp3",
        "audioSecondary": [
          "https://cdn.islamic.network/quran/audio/64/ar.shaatree/4465.mp3"
        ],
        "text": "إِنَّ ٱلْمُتَّقِينَ فِى مَقَامٍ أَمِينٍۢ",
        "numberInSurah": 51,
        "juz": 25,
        "manzil": 6,
        "page": 498,
        "ruku": 433,
        "hizbQuarter": 199,
        "sajda": false,
        "audioArabic": [
          "https://cdn.jsdelivr.net/gh/Salimbd71/ArabicQuran@main/44/51.mp3"
        ],
        "audioBangla": [
          "https://cdn.jsdelivr.net/gh/Salimbd71/BanglaQuran@main/44/51.mp3"
        ]
      },
      {
        "number": 4466,
        "audio": "https://everyayah.com/data/Saood_ash-Shuraym_64kbps/044052.mp3",
        "audioSecondary": [
          "https://cdn.islamic.network/quran/audio/64/ar.shaatree/4466.mp3"
        ],
        "text": "فِى جَنَّٰتٍۢ وَعُيُونٍۢ",
        "numberInSurah": 52,
        "juz": 25,
        "manzil": 6,
        "page": 498,
        "ruku": 433,
        "hizbQuarter": 199,
        "sajda": false,
        "audioArabic": [
          "https://cdn.jsdelivr.net/gh/Salimbd71/ArabicQuran@main/44/52.mp3"
        ],
        "audioBangla": [
          "https://cdn.jsdelivr.net/gh/Salimbd71/BanglaQuran@main/44/52.mp3"
        ]
      },
      {
        "number": 4467,
        "audio": "https://everyayah.com/data/Saood_ash-Shuraym_64kbps/044053.mp3",
        "audioSecondary": [
          "https://cdn.islamic.network/quran/audio/64/ar.shaatree/4467.mp3"
        ],
        "text": "يَلْبَسُونَ مِن سُندُسٍۢ وَإِسْتَبْرَقٍۢ مُّتَقَٰبِلِينَ",
        "numberInSurah": 53,
        "juz": 25,
        "manzil": 6,
        "page": 498,
        "ruku": 433,
        "hizbQuarter": 199,
        "sajda": false,
        "audioArabic": [
          "https://cdn.jsdelivr.net/gh/Salimbd71/ArabicQuran@main/44/53.mp3"
        ],
        "audioBangla": [
          "https://cdn.jsdelivr.net/gh/Salimbd71/BanglaQuran@main/44/53.mp3"
        ]
      },
      {
        "number": 4468,
        "audio": "https://everyayah.com/data/Saood_ash-Shuraym_64kbps/044054.mp3",
        "audioSecondary": [
          "https://cdn.islamic.network/quran/audio/64/ar.shaatree/4468.mp3"
        ],
        "text": "كَذَٰلِكَ وَزَوَّجْنَٰهُم بِحُورٍ عِينٍۢ",
        "numberInSurah": 54,
        "juz": 25,
        "manzil": 6,
        "page": 498,
        "ruku": 433,
        "hizbQuarter": 199,
        "sajda": false,
        "audioArabic": [
          "https://cdn.jsdelivr.net/gh/Salimbd71/ArabicQuran@main/44/54.mp3"
        ],
        "audioBangla": [
          "https://cdn.jsdelivr.net/gh/Salimbd71/BanglaQuran@main/44/54.mp3"
        ]
      },
      {
        "number": 4469,
        "audio": "https://everyayah.com/data/Saood_ash-Shuraym_64kbps/044055.mp3",
        "audioSecondary": [
          "https://cdn.islamic.network/quran/audio/64/ar.shaatree/4469.mp3"
        ],
        "text": "يَدْعُونَ فِيهَا بِكُلِّ فَٰكِهَةٍ ءَامِنِينَ",
        "numberInSurah": 55,
        "juz": 25,
        "manzil": 6,
        "page": 498,
        "ruku": 433,
        "hizbQuarter": 199,
        "sajda": false,
        "audioArabic": [
          "https://cdn.jsdelivr.net/gh/Salimbd71/ArabicQuran@main/44/55.mp3"
        ],
        "audioBangla": [
          "https://cdn.jsdelivr.net/gh/Salimbd71/BanglaQuran@main/44/55.mp3"
        ]
      },
      {
        "number": 4470,
        "audio": "https://everyayah.com/data/Saood_ash-Shuraym_64kbps/044056.mp3",
        "audioSecondary": [
          "https://cdn.islamic.network/quran/audio/64/ar.shaatree/4470.mp3"
        ],
        "text": "لَا يَذُوقُونَ فِيهَا ٱلْمَوْتَ إِلَّا ٱلْمَوْتَةَ ٱلْأُولَىٰ ۖ وَوَقَىٰهُمْ عَذَابَ ٱلْجَحِيمِ",
        "numberInSurah": 56,
        "juz": 25,
        "manzil": 6,
        "page": 498,
        "ruku": 433,
        "hizbQuarter": 199,
        "sajda": false,
        "audioArabic": [
          "https://cdn.jsdelivr.net/gh/Salimbd71/ArabicQuran@main/44/56.mp3"
        ],
        "audioBangla": [
          "https://cdn.jsdelivr.net/gh/Salimbd71/BanglaQuran@main/44/56.mp3"
        ]
      },
      {
        "number": 4471,
        "audio": "https://everyayah.com/data/Saood_ash-Shuraym_64kbps/044057.mp3",
        "audioSecondary": [
          "https://cdn.islamic.network/quran/audio/64/ar.shaatree/4471.mp3"
        ],
        "text": "فَضْلًۭا مِّن رَّبِّكَ ۚ ذَٰلِكَ هُوَ ٱلْفَوْزُ ٱلْعَظِيمُ",
        "numberInSurah": 57,
        "juz": 25,
        "manzil": 6,
        "page": 498,
        "ruku": 433,
        "hizbQuarter": 199,
        "sajda": false,
        "audioArabic": [
          "https://cdn.jsdelivr.net/gh/Salimbd71/ArabicQuran@main/44/57.mp3"
        ],
        "audioBangla": [
          "https://cdn.jsdelivr.net/gh/Salimbd71/BanglaQuran@main/44/57.mp3"
        ]
      },
      {
        "number": 4472,
        "audio": "https://everyayah.com/data/Saood_ash-Shuraym_64kbps/044058.mp3",
        "audioSecondary": [
          "https://cdn.islamic.network/quran/audio/64/ar.shaatree/4472.mp3"
        ],
        "text": "فَإِنَّمَا يَسَّرْنَٰهُ بِلِسَانِكَ لَعَلَّهُمْ يَتَذَكَّرُونَ",
        "numberInSurah": 58,
        "juz": 25,
        "manzil": 6,
        "page": 498,
        "ruku": 433,
        "hizbQuarter": 199,
        "sajda": false,
        "audioArabic": [
          "https://cdn.jsdelivr.net/gh/Salimbd71/ArabicQuran@main/44/58.mp3"
        ],
        "audioBangla": [
          "https://cdn.jsdelivr.net/gh/Salimbd71/BanglaQuran@main/44/58.mp3"
        ]
      },
      {
        "number": 4473,
        "audio": "https://everyayah.com/data/Saood_ash-Shuraym_64kbps/044059.mp3",
        "audioSecondary": [
          "https://cdn.islamic.network/quran/audio/64/ar.shaatree/4473.mp3"
        ],
        "text": "فَٱرْتَقِبْ إِنَّهُم مُّرْتَقِبُونَ",
        "numberInSurah": 59,
        "juz": 25,
        "manzil": 6,
        "page": 498,
        "ruku": 433,
        "hizbQuarter": 199,
        "sajda": false,
        "audioArabic": [
          "https://cdn.jsdelivr.net/gh/Salimbd71/ArabicQuran@main/44/59.mp3"
        ],
        "audioBangla": [
          "https://cdn.jsdelivr.net/gh/Salimbd71/BanglaQuran@main/44/59.mp3"
        ]
      }
    ],
    "edition": {
      "identifier": "ar.shaatree",
      "language": "ar",
      "name": "أبو بكر الشاطري",
      "englishName": "Abu Bakr Ash-Shaatree",
      "format": "audio",
      "type": "versebyverse",
      "direction": null
    }
  }
}