{
  "code": 200,
  "status": "OK",
  "data": {
    "number": 47,
    "name": "سُورَةُ مُحَمَّدٍ",
    "englishName": "Muhammad",
    "englishNameTranslation": "Muhammad",
    "revelationType": "Medinan",
    "numberOfAyahs": 38,
    "ayahs": [
      {
        "number": 4546,
        "audio": "https://cdn.islamic.network/quran/audio/128/ar.alafasy/4546.mp3",
        "audioSecondary": [
          "https://cdn.islamic.network/quran/audio/64/ar.alafasy/4546.mp3"
        ],
        "text": "بِسْمِ ٱللَّهِ ٱلرَّحْمَٰنِ ٱلرَّحِيمِ ٱلَّذِينَ كَفَرُوا۟ وَصَدُّوا۟ عَن سَبِيلِ ٱللَّهِ أَضَلَّ أَعْمَٰلَهُمْ",
        "numberInSurah": 1,
        "juz": 26,
        "manzil": 6,
        "page": 507,
        "ruku": 442,
        "hizbQuarter": 202,
        "sajda": false,
        "audioArabic": [
          "https://cdn.jsdelivr.net/gh/Salimbd71/ArabicQuran@main/47/1.mp3"
        ],
        "audioBangla": [
          "https://cdn.jsdelivr.net/gh/Salimbd71/BanglaQuran@main/47/1.mp3"
        ]
      },
      {
        "number": 4547,
        "audio": "https://cdn.islamic.network/quran/audio/128/ar.alafasy/4547.mp3",
        "audioSecondary": [
          "https://cdn.islamic.network/quran/audio/64/ar.alafasy/4547.mp3"
        ],
        "text": "وَٱلَّذِينَ ءَامَنُوا۟ وَعَمِلُوا۟ ٱلصَّٰلِحَٰتِ وَءَامَنُوا۟ بِمَا نُزِّلَ عَلَىٰ مُحَمَّدٍۢ وَهُوَ ٱلْحَقُّ مِن رَّبِّهِمْ ۙ كَفَّرَ عَنْهُمْ سَيِّـَٔاتِهِمْ وَأَصْلَحَ بَالَهُمْ",
        "numberInSurah": 2,
        "juz": 26,
        "manzil": 6,
        "page": 507,
        "ruku": 442,
        "hizbQuarter": 202,
        "sajda": false,
        "audioArabic": [
          "https://cdn.jsdelivr.net/gh/Salimbd71/ArabicQuran@main/47/2.mp3"
        ],
        "audioBangla": [
          "https://cdn.jsdelivr.net/gh/Salimbd71/BanglaQuran@main/47/2.mp3"
        ]
      },
      {
        "number": 4548,
        "audio": "https://cdn.islamic.network/quran/audio/128/ar.alafasy/4548.mp3",
        "audioSecondary": [
          "https://cdn.islamic.network/quran/audio/64/ar.alafasy/4548.mp3"
        ],
        "text": "ذَٰلِكَ بِأَنَّ ٱلَّذِينَ كَفَرُوا۟ ٱتَّبَعُوا۟ ٱلْبَٰطِلَ وَأَنَّ ٱلَّذِينَ ءَامَنُوا۟ ٱتَّبَعُوا۟ ٱلْحَقَّ مِن رَّبِّهِمْ ۚ كَذَٰلِكَ يَضْرِبُ ٱللَّهُ لِلنَّاسِ أَمْثَٰلَهُمْ",
        "numberInSurah": 3,
        "juz": 26,
        "manzil": 6,
        "page": 507,
        "ruku": 442,
        "hizbQuarter": 202,
        "sajda": false,
        "audioArabic": [
          "https://cdn.jsdelivr.net/gh/Salimbd71/ArabicQuran@main/47/3.mp3"
        ],
        "audioBangla": [
          "https://cdn.jsdelivr.net/gh/Salimbd71/BanglaQuran@main/47/3.mp3"
        ]
      },
      {
        "number": 4549,
        "audio": "https://cdn.islamic.network/quran/audio/128/ar.alafasy/4549.mp3",
        "audioSecondary": [
          "https://cdn.islamic.network/quran/audio/64/ar.alafasy/4549.mp3"
        ],
        "text": "فَإِذَا لَقِيتُمُ ٱلَّذِينَ كَفَرُوا۟ فَضَرْبَ ٱلرِّقَابِ حَتَّىٰٓ إِذَآ أَثْخَنتُمُوهُمْ فَشُدُّوا۟ ٱلْوَثَاقَ فَإِمَّا مَنًّۢا بَعْدُ وَإِمَّا فِدَآءً حَتَّىٰ تَضَعَ ٱلْحَرْبُ أَوْزَارَهَا ۚ ذَٰلِكَ وَلَوْ يَشَآءُ ٱللَّهُ لَٱنتَصَرَ مِنْهُمْ وَلَٰكِن لِّيَبْلُوَا۟ بَعْضَكُم بِبَعْضٍۢ ۗ وَٱلَّذِينَ قُتِلُوا۟ فِى سَبِيلِ ٱللَّهِ فَلَن يُضِلَّ أَعْمَٰلَهُمْ",
        "numberInSurah": 4,
        "juz": 26,
        "manzil": 6,
        "page": 507,
        "ruku": 442,
        "hizbQuarter": 202,
        "sajda": false,
        "audioArabic": [
          "https://cdn.jsdelivr.net/gh/Salimbd71/ArabicQuran@main/47/4.mp3"
        ],
        "audioBangla": [
          "https://cdn.jsdelivr.net/gh/Salimbd71/BanglaQuran@main/47/4.mp3"
        ]
      },
      {
        "number": 4550,
        "audio": "https://cdn.islamic.network/quran/audio/128/ar.alafasy/4550.mp3",
        "audioSecondary": [
          "https://cdn.islamic.network/quran/audio/64/ar.alafasy/4550.mp3"
        ],
        "text": "سَيَهْدِيهِمْ وَيُصْلِحُ بَالَهُمْ",
        "numberInSurah": 5,
        "juz": 26,
        "manzil": 6,
        "page": 507,
        "ruku": 442,
        "hizbQuarter": 202,
        "sajda": false,
        "audioArabic": [
          "https://cdn.jsdelivr.net/gh/Salimbd71/ArabicQuran@main/47/5.mp3"
        ],
        "audioBangla": [
          "https://cdn.jsdelivr.net/gh/Salimbd71/BanglaQuran@main/47/5.mp3"
        ]
      },
      {
        "number": 4551,
        "audio": "https://cdn.islamic.network/quran/audio/128/ar.alafasy/4551.mp3",
        "audioSecondary": [
          "https://cdn.islamic.network/quran/audio/64/ar.alafasy/4551.mp3"
        ],
        "text": "وَيُدْخِلُهُمُ ٱلْجَنَّةَ عَرَّفَهَا لَهُمْ",
        "numberInSurah": 6,
        "juz": 26,
        "manzil": 6,
        "page": 507,
        "ruku": 442,
        "hizbQuarter": 202,
        "sajda": false,
        "audioArabic": [
          "https://cdn.jsdelivr.net/gh/Salimbd71/ArabicQuran@main/47/6.mp3"
        ],
        "audioBangla": [
          "https://cdn.jsdelivr.net/gh/Salimbd71/BanglaQuran@main/47/6.mp3"
        ]
      },
      {
        "number": 4552,
        "audio": "https://cdn.islamic.network/quran/audio/128/ar.alafasy/4552.mp3",
        "audioSecondary": [
          "https://cdn.islamic.network/quran/audio/64/ar.alafasy/4552.mp3"
        ],
        "text": "يَٰٓأَيُّهَا ٱلَّذِينَ ءَامَنُوٓا۟ إِن تَنصُرُوا۟ ٱللَّهَ يَنصُرْكُمْ وَيُثَبِّتْ أَقْدَامَكُمْ",
        "numberInSurah": 7,
        "juz": 26,
        "manzil": 6,
        "page": 507,
        "ruku": 442,
        "hizbQuarter": 202,
        "sajda": false,
        "audioArabic": [
          "https://cdn.jsdelivr.net/gh/Salimbd71/ArabicQuran@main/47/7.mp3"
        ],
        "audioBangla": [
          "https://cdn.jsdelivr.net/gh/Salimbd71/BanglaQuran@main/47/7.mp3"
        ]
      },
      {
        "number": 4553,
        "audio": "https://cdn.islamic.network/quran/audio/128/ar.alafasy/4553.mp3",
        "audioSecondary": [
          "https://cdn.islamic.network/quran/audio/64/ar.alafasy/4553.mp3"
        ],
        "text": "وَٱلَّذِينَ كَفَرُوا۟ فَتَعْسًۭا لَّهُمْ وَأَضَلَّ أَعْمَٰلَهُمْ",
        "numberInSurah": 8,
        "juz": 26,
        "manzil": 6,
        "page": 507,
        "ruku": 442,
        "hizbQuarter": 202,
        "sajda": false,
        "audioArabic": [
          "https://cdn.jsdelivr.net/gh/Salimbd71/ArabicQuran@main/47/8.mp3"
        ],
        "audioBangla": [
          "https://cdn.jsdelivr.net/gh/Salimbd71/BanglaQuran@main/47/8.mp3"
        ]
      },
      {
        "number": 4554,
        "audio": "https://cdn.islamic.network/quran/audio/128/ar.alafasy/4554.mp3",
        "audioSecondary": [
          "https://cdn.islamic.network/quran/audio/64/ar.alafasy/4554.mp3"
        ],
        "text": "ذَٰلِكَ بِأَنَّهُمْ كَرِهُوا۟ مَآ أَنزَلَ ٱللَّهُ فَأَحْبَطَ أَعْمَٰلَهُمْ",
        "numberInSurah": 9,
        "juz": 26,
        "manzil": 6,
        "page": 507,
        "ruku": 442,
        "hizbQuarter": 202,
        "sajda": false,
        "audioArabic": [
          "https://cdn.jsdelivr.net/gh/Salimbd71/ArabicQuran@main/47/9.mp3"
        ],
        "audioBangla": [
          "https://cdn.jsdelivr.net/gh/Salimbd71/BanglaQuran@main/47/9.mp3"
        ]
      },
      {
        "number": 4555,
        "audio": "https://cdn.islamic.network/quran/audio/128/ar.alafasy/4555.mp3",
        "audioSecondary": [
          "https://cdn.islamic.network/quran/audio/64/ar.alafasy/4555.mp3"
        ],
        "text": "۞ أَفَلَمْ يَسِيرُوا۟ فِى ٱلْأَرْضِ فَيَنظُرُوا۟ كَيْفَ كَانَ عَٰقِبَةُ ٱلَّذِينَ مِن قَبْلِهِمْ ۚ دَمَّرَ ٱللَّهُ عَلَيْهِمْ ۖ وَلِلْكَٰفِرِينَ أَمْثَٰلُهَا",
        "numberInSurah": 10,
        "juz": 26,
        "manzil": 6,
        "page": 507,
        "ruku": 442,
        "hizbQuarter": 203,
        "sajda": false,
        "audioArabic": [
          "https://cdn.jsdelivr.net/gh/Salimbd71/ArabicQuran@main/47/10.mp3"
        ],
        "audioBangla": [
          "https://cdn.jsdelivr.net/gh/Salimbd71/BanglaQuran@main/47/10.mp3"
        ]
      },
      {
        "number": 4556,
        "audio": "https://cdn.islamic.network/quran/audio/128/ar.alafasy/4556.mp3",
        "audioSecondary": [
          "https://cdn.islamic.network/quran/audio/64/ar.alafasy/4556.mp3"
        ],
        "text": "ذَٰلِكَ بِأَنَّ ٱللَّهَ مَوْلَى ٱلَّذِينَ ءَامَنُوا۟ وَأَنَّ ٱلْكَٰفِرِينَ لَا مَوْلَىٰ لَهُمْ",
        "numberInSurah": 11,
        "juz": 26,
        "manzil": 6,
        "page": 507,
        "ruku": 442,
        "hizbQuarter": 203,
        "sajda": false,
        "audioArabic": [
          "https://cdn.jsdelivr.net/gh/Salimbd71/ArabicQuran@main/47/11.mp3"
        ],
        "audioBangla": [
          "https://cdn.jsdelivr.net/gh/Salimbd71/BanglaQuran@main/47/11.mp3"
        ]
      },
      {
        "number": 4557,
        "audio": "https://cdn.islamic.network/quran/audio/128/ar.alafasy/4557.mp3",
        "audioSecondary": [
          "https://cdn.islamic.network/quran/audio/64/ar.alafasy/4557.mp3"
        ],
        "text": "إِنَّ ٱللَّهَ يُدْخِلُ ٱلَّذِينَ ءَامَنُوا۟ وَعَمِلُوا۟ ٱلصَّٰلِحَٰتِ جَنَّٰتٍۢ تَجْرِى مِن تَحْتِهَا ٱلْأَنْهَٰرُ ۖ وَٱلَّذِينَ كَفَرُوا۟ يَتَمَتَّعُونَ وَيَأْكُلُونَ كَمَا تَأْكُلُ ٱلْأَنْعَٰمُ وَٱلنَّارُ مَثْوًۭى لَّهُمْ",
        "numberInSurah": 12,
        "juz": 26,
        "manzil": 6,
        "page": 508,
        "ruku": 443,
        "hizbQuarter": 203,
        "sajda": false,
        "audioArabic": [
          "https://cdn.jsdelivr.net/gh/Salimbd71/ArabicQuran@main/47/12.mp3"
        ],
        "audioBangla": [
          "https://cdn.jsdelivr.net/gh/Salimbd71/BanglaQuran@main/47/12.mp3"
        ]
      },
      {
        "number": 4558,
        "audio": "https://cdn.islamic.network/quran/audio/128/ar.alafasy/4558.mp3",
        "audioSecondary": [
          "https://cdn.islamic.network/quran/audio/64/ar.alafasy/4558.mp3"
        ],
        "text": "وَكَأَيِّن مِّن قَرْيَةٍ هِىَ أَشَدُّ قُوَّةًۭ مِّن قَرْيَتِكَ ٱلَّتِىٓ أَخْرَجَتْكَ أَهْلَكْنَٰهُمْ فَلَا نَاصِرَ لَهُمْ",
        "numberInSurah": 13,
        "juz": 26,
        "manzil": 6,
        "page": 508,
        "ruku": 443,
        "hizbQuarter": 203,
        "sajda": false,
        "audioArabic": [
          "https://cdn.jsdelivr.net/gh/Salimbd71/ArabicQuran@main/47/13.mp3"
        ],
        "audioBangla": [
          "https://cdn.jsdelivr.net/gh/Salimbd71/BanglaQuran@main/47/13.mp3"
        ]
      },
      {
        "number": 4559,
        "audio": "https://cdn.islamic.network/quran/audio/128/ar.alafasy/4559.mp3",
        "audioSecondary": [
          "https://cdn.islamic.network/quran/audio/64/ar.alafasy/4559.mp3"
        ],
        "text": "أَفَمَن كَانَ عَلَىٰ بَيِّنَةٍۢ مِّن رَّبِّهِۦ كَمَن زُيِّنَ لَهُۥ سُوٓءُ عَمَلِهِۦ وَٱتَّبَعُوٓا۟ أَهْوَآءَهُم",
        "numberInSurah": 14,
        "juz": 26,
        "manzil": 6,
        "page": 508,
        "ruku": 443,
        "hizbQuarter": 203,
        "sajda": false,
        "audioArabic": [
          "https://cdn.jsdelivr.net/gh/Salimbd71/ArabicQuran@main/47/14.mp3"
        ],
        "audioBangla": [
          "https://cdn.jsdelivr.net/gh/Salimbd71/BanglaQuran@main/47/14.mp3"
        ]
      },
      {
        "number": 4560,
        "audio": "https://cdn.islamic.network/quran/audio/128/ar.alafasy/4560.mp3",
        "audioSecondary": [
          "https://cdn.islamic.network/quran/audio/64/ar.alafasy/4560.mp3"
        ],
        "text": "مَّثَلُ ٱلْجَنَّةِ ٱلَّتِى وُعِدَ ٱلْمُتَّقُونَ ۖ فِيهَآ أَنْهَٰرٌۭ مِّن مَّآءٍ غَيْرِ ءَاسِنٍۢ وَأَنْهَٰرٌۭ مِّن لَّبَنٍۢ لَّمْ يَتَغَيَّرْ طَعْمُهُۥ وَأَنْهَٰرٌۭ مِّنْ خَمْرٍۢ لَّذَّةٍۢ لِّلشَّٰرِبِينَ وَأَنْهَٰرٌۭ مِّنْ عَسَلٍۢ مُّصَفًّۭى ۖ وَلَهُمْ فِيهَا مِن كُلِّ ٱلثَّمَرَٰتِ وَمَغْفِرَةٌۭ مِّن رَّبِّهِمْ ۖ كَمَنْ هُوَ خَٰلِدٌۭ فِى ٱلنَّارِ وَسُقُوا۟ مَآءً حَمِيمًۭا فَقَطَّعَ أَمْعَآءَهُمْ",
        "numberInSurah": 15,
        "juz": 26,
        "manzil": 6,
        "page": 508,
        "ruku": 443,
        "hizbQuarter": 203,
        "sajda": false,
        "audioArabic": [
          "https://cdn.jsdelivr.net/gh/Salimbd71/ArabicQuran@main/47/15.mp3"
        ],
        "audioBangla": [
          "https://cdn.jsdelivr.net/gh/Salimbd71/BanglaQuran@main/47/15.mp3"
        ]
      },
      {
        "number": 4561,
        "audio": "https://cdn.islamic.network/quran/audio/128/ar.alafasy/4561.mp3",
        "audioSecondary": [
          "https://cdn.islamic.network/quran/audio/64/ar.alafasy/4561.mp3"
        ],
        "text": "وَمِنْهُم مَّن يَسْتَمِعُ إِلَيْكَ حَتَّىٰٓ إِذَا خَرَجُوا۟ مِنْ عِندِكَ قَالُوا۟ لِلَّذِينَ أُوتُوا۟ ٱلْعِلْمَ مَاذَا قَالَ ءَانِفًا ۚ أُو۟لَٰٓئِكَ ٱلَّذِينَ طَبَعَ ٱللَّهُ عَلَىٰ قُلُوبِهِمْ وَٱتَّبَعُوٓا۟ أَهْوَآءَهُمْ",
        "numberInSurah": 16,
        "juz": 26,
        "manzil": 6,
        "page": 508,
        "ruku": 443,
        "hizbQuarter": 203,
        "sajda": false,
        "audioArabic": [
          "https://cdn.jsdelivr.net/gh/Salimbd71/ArabicQuran@main/47/16.mp3"
        ],
        "audioBangla": [
          "https://cdn.jsdelivr.net/gh/Salimbd71/BanglaQuran@main/47/16.mp3"
        ]
      },
      {
        "number": 4562,
        "audio": "https://cdn.islamic.network/quran/audio/128/ar.alafasy/4562.mp3",
        "audioSecondary": [
          "https://cdn.islamic.network/quran/audio/64/ar.alafasy/4562.mp3"
        ],
        "text": "وَٱلَّذِينَ ٱهْتَدَوْا۟ زَادَهُمْ هُدًۭى وَءَاتَىٰهُمْ تَقْوَىٰهُمْ",
        "numberInSurah": 17,
        "juz": 26,
        "manzil": 6,
        "page": 508,
        "ruku": 443,
        "hizbQuarter": 203,
        "sajda": false,
        "audioArabic": [
          "https://cdn.jsdelivr.net/gh/Salimbd71/ArabicQuran@main/47/17.mp3"
        ],
        "audioBangla": [
          "https://cdn.jsdelivr.net/gh/Salimbd71/BanglaQuran@main/47/17.mp3"
        ]
      },
      {
        "number": 4563,
        "audio": "https://cdn.islamic.network/quran/audio/128/ar.alafasy/4563.mp3",
        "audioSecondary": [
          "https://cdn.islamic.network/quran/audio/64/ar.alafasy/4563.mp3"
        ],
        "text": "فَهَلْ يَنظُرُونَ إِلَّا ٱلسَّاعَةَ أَن تَأْتِيَهُم بَغْتَةًۭ ۖ فَقَدْ جَآءَ أَشْرَاطُهَا ۚ فَأَنَّىٰ لَهُمْ إِذَا جَآءَتْهُمْ ذِكْرَىٰهُمْ",
        "numberInSurah": 18,
        "juz": 26,
        "manzil": 6,
        "page": 508,
        "ruku": 443,
        "hizbQuarter": 203,
        "sajda": false,
        "audioArabic": [
          "https://cdn.jsdelivr.net/gh/Salimbd71/ArabicQuran@main/47/18.mp3"
        ],
        "audioBangla": [
          "https://cdn.jsdelivr.net/gh/Salimbd71/BanglaQuran@main/47/18.mp3"
        ]
      },
      {
        "number": 4564,
        "audio": "https://cdn.islamic.network/quran/audio/128/ar.alafasy/4564.mp3",
        "audioSecondary": [
          "https://cdn.islamic.network/quran/audio/64/ar.alafasy/4564.mp3"
        ],
        "text": "فَٱعْلَمْ أَنَّهُۥ لَآ إِلَٰهَ إِلَّا ٱللَّهُ وَٱسْتَغْفِرْ لِذَنۢبِكَ وَلِلْمُؤْمِنِينَ وَٱلْمُؤْمِنَٰتِ ۗ وَٱللَّهُ يَعْلَمُ مُتَقَلَّبَكُمْ وَمَثْوَىٰكُمْ",
        "numberInSurah": 19,
        "juz": 26,
        "manzil": 6,
        "page": 508,
        "ruku": 443,
        "hizbQuarter": 203,
        "sajda": false,
        "audioArabic": [
          "https://cdn.jsdelivr.net/gh/Salimbd71/ArabicQuran@main/47/19.mp3"
        ],
        "audioBangla": [
          "https://cdn.jsdelivr.net/gh/Salimbd71/BanglaQuran@main/47/19.mp3"
        ]
      },
      {
        "number": 4565,
        "audio": "https://cdn.islamic.network/quran/audio/128/ar.alafasy/4565.mp3",
        "audioSecondary": [
          "https://cdn.islamic.network/quran/audio/64/ar.alafasy/4565.mp3"
        ],
        "text": "وَيَقُولُ ٱلَّذِينَ ءَامَنُوا۟ لَوْلَا نُزِّلَتْ سُورَةٌۭ ۖ فَإِذَآ أُنزِلَتْ سُورَةٌۭ مُّحْكَمَةٌۭ وَذُكِرَ فِيهَا ٱلْقِتَالُ ۙ رَأَيْتَ ٱلَّذِينَ فِى قُلُوبِهِم مَّرَضٌۭ يَنظُرُونَ إِلَيْكَ نَظَرَ ٱلْمَغْشِىِّ عَلَيْهِ مِنَ ٱلْمَوْتِ ۖ فَأَوْلَىٰ لَهُمْ",
        "numberInSurah": 20,
        "juz": 26,
        "manzil": 6,
        "page": 509,
        "ruku": 444,
        "hizbQuarter": 203,
        "sajda": false,
        "audioArabic": [
          "https://cdn.jsdelivr.net/gh/Salimbd71/ArabicQuran@main/47/20.mp3"
        ],
        "audioBangla": [
          "https://cdn.jsdelivr.net/gh/Salimbd71/BanglaQuran@main/47/20.mp3"
        ]
      },
      {
        "number": 4566,
        "audio": "https://cdn.islamic.network/quran/audio/128/ar.alafasy/4566.mp3",
        "audioSecondary": [
          "https://cdn.islamic.network/quran/audio/64/ar.alafasy/4566.mp3"
        ],
        "text": "طَاعَةٌۭ وَقَوْلٌۭ مَّعْرُوفٌۭ ۚ فَإِذَا عَزَمَ ٱلْأَمْرُ فَلَوْ صَدَقُوا۟ ٱللَّهَ لَكَانَ خَيْرًۭا لَّهُمْ",
        "numberInSurah": 21,
        "juz": 26,
        "manzil": 6,
        "page": 509,
        "ruku": 444,
        "hizbQuarter": 203,
        "sajda": false,
        "audioArabic": [
          "https://cdn.jsdelivr.net/gh/Salimbd71/ArabicQuran@main/47/21.mp3"
        ],
        "audioBangla": [
          "https://cdn.jsdelivr.net/gh/Salimbd71/BanglaQuran@main/47/21.mp3"
        ]
      },
      {
        "number": 4567,
        "audio": "https://cdn.islamic.network/quran/audio/128/ar.alafasy/4567.mp3",
        "audioSecondary": [
          "https://cdn.islamic.network/quran/audio/64/ar.alafasy/4567.mp3"
        ],
        "text": "فَهَلْ عَسَيْتُمْ إِن تَوَلَّيْتُمْ أَن تُفْسِدُوا۟ فِى ٱلْأَرْضِ وَتُقَطِّعُوٓا۟ أَرْحَامَكُمْ",
        "numberInSurah": 22,
        "juz": 26,
        "manzil": 6,
        "page": 509,
        "ruku": 444,
        "hizbQuarter": 203,
        "sajda": false,
        "audioArabic": [
          "https://cdn.jsdelivr.net/gh/Salimbd71/ArabicQuran@main/47/22.mp3"
        ],
        "audioBangla": [
          "https://cdn.jsdelivr.net/gh/Salimbd71/BanglaQuran@main/47/22.mp3"
        ]
      },
      {
        "number": 4568,
        "audio": "https://cdn.islamic.network/quran/audio/128/ar.alafasy/4568.mp3",
        "audioSecondary": [
          "https://cdn.islamic.network/quran/audio/64/ar.alafasy/4568.mp3"
        ],
        "text": "أُو۟لَٰٓئِكَ ٱلَّذِينَ لَعَنَهُمُ ٱللَّهُ فَأَصَمَّهُمْ وَأَعْمَىٰٓ أَبْصَٰرَهُمْ",
        "numberInSurah": 23,
        "juz": 26,
        "manzil": 6,
        "page": 509,
        "ruku": 444,
        "hizbQuarter": 203,
        "sajda": false,
        "audioArabic": [
          "https://cdn.jsdelivr.net/gh/Salimbd71/ArabicQuran@main/47/23.mp3"
        ],
        "audioBangla": [
          "https://cdn.jsdelivr.net/gh/Salimbd71/BanglaQuran@main/47/23.mp3"
        ]
      },
      {
        "number": 4569,
        "audio": "https://cdn.islamic.network/quran/audio/128/ar.alafasy/4569.mp3",
        "audioSecondary": [
          "https://cdn.islamic.network/quran/audio/64/ar.alafasy/4569.mp3"
        ],
        "text": "أَفَلَا يَتَدَبَّرُونَ ٱلْقُرْءَانَ أَمْ عَلَىٰ قُلُوبٍ أَقْفَالُهَآ",
        "numberInSurah": 24,
        "juz": 26,
        "manzil": 6,
        "page": 509,
        "ruku": 444,
        "hizbQuarter": 203,
        "sajda": false,
        "audioArabic": [
          "https://cdn.jsdelivr.net/gh/Salimbd71/ArabicQuran@main/47/24.mp3"
        ],
        "audioBangla": [
          "https://cdn.jsdelivr.net/gh/Salimbd71/BanglaQuran@main/47/24.mp3"
        ]
      },
      {
        "number": 4570,
        "audio": "https://cdn.islamic.network/quran/audio/128/ar.alafasy/4570.mp3",
        "audioSecondary": [
          "https://cdn.islamic.network/quran/audio/64/ar.alafasy/4570.mp3"
        ],
        "text": "إِنَّ ٱلَّذِينَ ٱرْتَدُّوا۟ عَلَىٰٓ أَدْبَٰرِهِم مِّنۢ بَعْدِ مَا تَبَيَّنَ لَهُمُ ٱلْهُدَى ۙ ٱلشَّيْطَٰنُ سَوَّلَ لَهُمْ وَأَمْلَىٰ لَهُمْ",
        "numberInSurah": 25,
        "juz": 26,
        "manzil": 6,
        "page": 509,
        "ruku": 444,
        "hizbQuarter": 203,
        "sajda": false,
        "audioArabic": [
          "https://cdn.jsdelivr.net/gh/Salimbd71/ArabicQuran@main/47/25.mp3"
        ],
        "audioBangla": [
          "https://cdn.jsdelivr.net/gh/Salimbd71/BanglaQuran@main/47/25.mp3"
        ]
      },
      {
        "number": 4571,
        "audio": "https://cdn.islamic.network/quran/audio/128/ar.alafasy/4571.mp3",
        "audioSecondary": [
          "https://cdn.islamic.network/quran/audio/64/ar.alafasy/4571.mp3"
        ],
        "text": "ذَٰلِكَ بِأَنَّهُمْ قَالُوا۟ لِلَّذِينَ كَرِهُوا۟ مَا نَزَّلَ ٱللَّهُ سَنُطِيعُكُمْ فِى بَعْضِ ٱلْأَمْرِ ۖ وَٱللَّهُ يَعْلَمُ إِسْرَارَهُمْ",
        "numberInSurah": 26,
        "juz": 26,
        "manzil": 6,
        "page": 509,
        "ruku": 444,
        "hizbQuarter": 203,
        "sajda": false,
        "audioArabic": [
          "https://cdn.jsdelivr.net/gh/Salimbd71/ArabicQuran@main/47/26.mp3"
        ],
        "audioBangla": [
          "https://cdn.jsdelivr.net/gh/Salimbd71/BanglaQuran@main/47/26.mp3"
        ]
      },
      {
        "number": 4572,
        "audio": "https://cdn.islamic.network/quran/audio/128/ar.alafasy/4572.mp3",
        "audioSecondary": [
          "https://cdn.islamic.network/quran/audio/64/ar.alafasy/4572.mp3"
        ],
        "text": "فَكَيْفَ إِذَا تَوَفَّتْهُمُ ٱلْمَلَٰٓئِكَةُ يَضْرِبُونَ وُجُوهَهُمْ وَأَدْبَٰرَهُمْ",
        "numberInSurah": 27,
        "juz": 26,
        "manzil": 6,
        "page": 509,
        "ruku": 444,
        "hizbQuarter": 203,
        "sajda": false,
        "audioArabic": [
          "https://cdn.jsdelivr.net/gh/Salimbd71/ArabicQuran@main/47/27.mp3"
        ],
        "audioBangla": [
          "https://cdn.jsdelivr.net/gh/Salimbd71/BanglaQuran@main/47/27.mp3"
        ]
      },
      {
        "number": 4573,
        "audio": "https://cdn.islamic.network/quran/audio/128/ar.alafasy/4573.mp3",
        "audioSecondary": [
          "https://cdn.islamic.network/quran/audio/64/ar.alafasy/4573.mp3"
        ],
        "text": "ذَٰلِكَ بِأَنَّهُمُ ٱتَّبَعُوا۟ مَآ أَسْخَطَ ٱللَّهَ وَكَرِهُوا۟ رِضْوَٰنَهُۥ فَأَحْبَطَ أَعْمَٰلَهُمْ",
        "numberInSurah": 28,
        "juz": 26,
        "manzil": 6,
        "page": 509,
        "ruku": 444,
        "hizbQuarter": 203,
        "sajda": false,
        "audioArabic": [
          "https://cdn.jsdelivr.net/gh/Salimbd71/ArabicQuran@main/47/28.mp3"
        ],
        "audioBangla": [
          "https://cdn.jsdelivr.net/gh/Salimbd71/BanglaQuran@main/47/28.mp3"
        ]
      },
      {
        "number": 4574,
        "audio": "https://cdn.islamic.network/quran/audio/128/ar.alafasy/4574.mp3",
        "audioSecondary": [
          "https://cdn.islamic.network/quran/audio/64/ar.alafasy/4574.mp3"
        ],
        "text": "أَمْ حَسِبَ ٱلَّذِينَ فِى قُلُوبِهِم مَّرَضٌ أَن لَّن يُخْرِجَ ٱللَّهُ أَضْغَٰنَهُمْ",
        "numberInSurah": 29,
        "juz": 26,
        "manzil": 6,
        "page": 509,
        "ruku": 445,
        "hizbQuarter": 203,
        "sajda": false,
        "audioArabic": [
          "https://cdn.jsdelivr.net/gh/Salimbd71/ArabicQuran@main/47/29.mp3"
        ],
        "audioBangla": [
          "https://cdn.jsdelivr.net/gh/Salimbd71/BanglaQuran@main/47/29.mp3"
        ]
      },
      {
        "number": 4575,
        "audio": "https://cdn.islamic.network/quran/audio/128/ar.alafasy/4575.mp3",
        "audioSecondary": [
          "https://cdn.islamic.network/quran/audio/64/ar.alafasy/4575.mp3"
        ],
        "text": "وَلَوْ نَشَآءُ لَأَرَيْنَٰكَهُمْ فَلَعَرَفْتَهُم بِسِيمَٰهُمْ ۚ وَلَتَعْرِفَنَّهُمْ فِى لَحْنِ ٱلْقَوْلِ ۚ وَٱللَّهُ يَعْلَمُ أَعْمَٰلَكُمْ",
        "numberInSurah": 30,
        "juz": 26,
        "manzil": 6,
        "page": 510,
        "ruku": 445,
        "hizbQuarter": 203,
        "sajda": false,
        "audioArabic": [
          "https://cdn.jsdelivr.net/gh/Salimbd71/ArabicQuran@main/47/30.mp3"
        ],
        "audioBangla": [
          "https://cdn.jsdelivr.net/gh/Salimbd71/BanglaQuran@main/47/30.mp3"
        ]
      },
      {
        "number": 4576,
        "audio": "https://cdn.islamic.network/quran/audio/128/ar.alafasy/4576.mp3",
        "audioSecondary": [
          "https://cdn.islamic.network/quran/audio/64/ar.alafasy/4576.mp3"
        ],
        "text": "وَلَنَبْلُوَنَّكُمْ حَتَّىٰ نَعْلَمَ ٱلْمُجَٰهِدِينَ مِنكُمْ وَٱلصَّٰبِرِينَ وَنَبْلُوَا۟ أَخْبَارَكُمْ",
        "numberInSurah": 31,
        "juz": 26,
        "manzil": 6,
        "page": 510,
        "ruku": 445,
        "hizbQuarter": 203,
        "sajda": false,
        "audioArabic": [
          "https://cdn.jsdelivr.net/gh/Salimbd71/ArabicQuran@main/47/31.mp3"
        ],
        "audioBangla": [
          "https://cdn.jsdelivr.net/gh/Salimbd71/BanglaQuran@main/47/31.mp3"
        ]
      },
      {
        "number": 4577,
        "audio": "https://cdn.islamic.network/quran/audio/128/ar.alafasy/4577.mp3",
        "audioSecondary": [
          "https://cdn.islamic.network/quran/audio/64/ar.alafasy/4577.mp3"
        ],
        "text": "إِنَّ ٱلَّذِينَ كَفَرُوا۟ وَصَدُّوا۟ عَن سَبِيلِ ٱللَّهِ وَشَآقُّوا۟ ٱلرَّسُولَ مِنۢ بَعْدِ مَا تَبَيَّنَ لَهُمُ ٱلْهُدَىٰ لَن يَضُرُّوا۟ ٱللَّهَ شَيْـًۭٔا وَسَيُحْبِطُ أَعْمَٰلَهُمْ",
        "numberInSurah": 32,
        "juz": 26,
        "manzil": 6,
        "page": 510,
        "ruku": 445,
        "hizbQuarter": 203,
        "sajda": false,
        "audioArabic": [
          "https://cdn.jsdelivr.net/gh/Salimbd71/ArabicQuran@main/47/32.mp3"
        ],
        "audioBangla": [
          "https://cdn.jsdelivr.net/gh/Salimbd71/BanglaQuran@main/47/32.mp3"
        ]
      },
      {
        "number": 4578,
        "audio": "https://cdn.islamic.network/quran/audio/128/ar.alafasy/4578.mp3",
        "audioSecondary": [
          "https://cdn.islamic.network/quran/audio/64/ar.alafasy/4578.mp3"
        ],
        "text": "۞ يَٰٓأَيُّهَا ٱلَّذِينَ ءَامَنُوٓا۟ أَطِيعُوا۟ ٱللَّهَ وَأَطِيعُوا۟ ٱلرَّسُولَ وَلَا تُبْطِلُوٓا۟ أَعْمَٰلَكُمْ",
        "numberInSurah": 33,
        "juz": 26,
        "manzil": 6,
        "page": 510,
        "ruku": 445,
        "hizbQuarter": 204,
        "sajda": false,
        "audioArabic": [
          "https://cdn.jsdelivr.net/gh/Salimbd71/ArabicQuran@main/47/33.mp3"
        ],
        "audioBangla": [
          "https://cdn.jsdelivr.net/gh/Salimbd71/BanglaQuran@main/47/33.mp3"
        ]
      },
      {
        "number": 4579,
        "audio": "https://cdn.islamic.network/quran/audio/128/ar.alafasy/4579.mp3",
        "audioSecondary": [
          "https://cdn.islamic.network/quran/audio/64/ar.alafasy/4579.mp3"
        ],
        "text": "إِنَّ ٱلَّذِينَ كَفَرُوا۟ وَصَدُّوا۟ عَن سَبِيلِ ٱللَّهِ ثُمَّ مَاتُوا۟ وَهُمْ كُفَّارٌۭ فَلَن يَغْفِرَ ٱللَّهُ لَهُمْ",
        "numberInSurah": 34,
        "juz": 26,
        "manzil": 6,
        "page": 510,
        "ruku": 445,
        "hizbQuarter": 204,
        "sajda": false,
        "audioArabic": [
          "https://cdn.jsdelivr.net/gh/Salimbd71/ArabicQuran@main/47/34.mp3"
        ],
        "audioBangla": [
          "https://cdn.jsdelivr.net/gh/Salimbd71/BanglaQuran@main/47/34.mp3"
        ]
      },
      {
        "number": 4580,
        "audio": "https://cdn.islamic.network/quran/audio/128/ar.alafasy/4580.mp3",
        "audioSecondary": [
          "https://cdn.islamic.network/quran/audio/64/ar.alafasy/4580.mp3"
        ],
        "text": "فَلَا تَهِنُوا۟ وَتَدْعُوٓا۟ إِلَى ٱلسَّلْمِ وَأَنتُمُ ٱلْأَعْلَوْنَ وَٱللَّهُ مَعَكُمْ وَلَن يَتِرَكُمْ أَعْمَٰلَكُمْ",
        "numberInSurah": 35,
        "juz": 26,
        "manzil": 6,
        "page": 510,
        "ruku": 445,
        "hizbQuarter": 204,
        "sajda": false,
        "audioArabic": [
          "https://cdn.jsdelivr.net/gh/Salimbd71/ArabicQuran@main/47/35.mp3"
        ],
        "audioBangla": [
          "https://cdn.jsdelivr.net/gh/Salimbd71/BanglaQuran@main/47/35.mp3"
        ]
      },
      {
        "number": 4581,
        "audio": "https://cdn.islamic.network/quran/audio/128/ar.alafasy/4581.mp3",
        "audioSecondary": [
          "https://cdn.islamic.network/quran/audio/64/ar.alafasy/4581.mp3"
        ],
        "text": "إِنَّمَا ٱلْحَيَوٰةُ ٱلدُّنْيَا لَعِبٌۭ وَلَهْوٌۭ ۚ وَإِن تُؤْمِنُوا۟ وَتَتَّقُوا۟ يُؤْتِكُمْ أُجُورَكُمْ وَلَا يَسْـَٔلْكُمْ أَمْوَٰلَكُمْ",
        "numberInSurah": 36,
        "juz": 26,
        "manzil": 6,
        "page": 510,
        "ruku": 445,
        "hizbQuarter": 204,
        "sajda": false,
        "audioArabic": [
          "https://cdn.jsdelivr.net/gh/Salimbd71/ArabicQuran@main/47/36.mp3"
        ],
        "audioBangla": [
          "https://cdn.jsdelivr.net/gh/Salimbd71/BanglaQuran@main/47/36.mp3"
        ]
      },
      {
        "number": 4582,
        "audio": "https://cdn.islamic.network/quran/audio/128/ar.alafasy/4582.mp3",
        "audioSecondary": [
          "https://cdn.islamic.network/quran/audio/64/ar.alafasy/4582.mp3"
        ],
        "text": "إِن يَسْـَٔلْكُمُوهَا فَيُحْفِكُمْ تَبْخَلُوا۟ وَيُخْرِجْ أَضْغَٰنَكُمْ",
        "numberInSurah": 37,
        "juz": 26,
        "manzil": 6,
        "page": 510,
        "ruku": 445,
        "hizbQuarter": 204,
        "sajda": false,
        "audioArabic": [
          "https://cdn.jsdelivr.net/gh/Salimbd71/ArabicQuran@main/47/37.mp3"
        ],
        "audioBangla": [
          "https://cdn.jsdelivr.net/gh/Salimbd71/BanglaQuran@main/47/37.mp3"
        ]
      },
      {
        "number": 4583,
        "audio": "https://cdn.islamic.network/quran/audio/128/ar.alafasy/4583.mp3",
        "audioSecondary": [
          "https://cdn.islamic.network/quran/audio/64/ar.alafasy/4583.mp3"
        ],
        "text": "هَٰٓأَنتُمْ هَٰٓؤُلَآءِ تُدْعَوْنَ لِتُنفِقُوا۟ فِى سَبِيلِ ٱللَّهِ فَمِنكُم مَّن يَبْخَلُ ۖ وَمَن يَبْخَلْ فَإِنَّمَا يَبْخَلُ عَن نَّفْسِهِۦ ۚ وَٱللَّهُ ٱلْغَنِىُّ وَأَنتُمُ ٱلْفُقَرَآءُ ۚ وَإِن تَتَوَلَّوْا۟ يَسْتَبْدِلْ قَوْمًا غَيْرَكُمْ ثُمَّ لَا يَكُونُوٓا۟ أَمْثَٰلَكُم",
        "numberInSurah": 38,
        "juz": 26,
        "manzil": 6,
        "page": 510,
        "ruku": 445,
        "hizbQuarter": 204,
        "sajda": false,
        "audioArabic": [
          "https://cdn.jsdelivr.net/gh/Salimbd71/ArabicQuran@main/47/38.mp3"
        ],
        "audioBangla": [
          "https://cdn.jsdelivr.net/gh/Salimbd71/BanglaQuran@main/47/38.mp3"
        ]
      }
    ],
    "edition": {
      "identifier": "ar.alafasy",
      "language": "ar",
      "name": "مشاري العفاسي",
      "englishName": "Alafasy",
      "format": "audio",
      "type": "versebyverse",
      "direction": null
    }
  }
}