{
  "code": 200,
  "status": "OK",
  "data": {
    "number": 33,
    "name": "سُورَةُ الأَحۡزَابِ",
    "englishName": "Al-Ahzaab",
    "englishNameTranslation": "The Clans",
    "revelationType": "Medinan",
    "numberOfAyahs": 73,
    "ayahs": [
      {
        "number": 3534,
        "audio": "https://cdn.islamic.network/quran/audio/128/ar.mahermuaiqly/3534.mp3",
        "audioSecondary": [
          "https://cdn.islamic.network/quran/audio/64/ar.mahermuaiqly/3534.mp3"
        ],
        "text": "بِسْمِ ٱللَّهِ ٱلرَّحْمَٰنِ ٱلرَّحِيمِ يَٰٓأَيُّهَا ٱلنَّبِىُّ ٱتَّقِ ٱللَّهَ وَلَا تُطِعِ ٱلْكَٰفِرِينَ وَٱلْمُنَٰفِقِينَ ۗ إِنَّ ٱللَّهَ كَانَ عَلِيمًا حَكِيمًۭا",
        "numberInSurah": 1,
        "juz": 21,
        "manzil": 5,
        "page": 418,
        "ruku": 361,
        "hizbQuarter": 167,
        "sajda": false,
        "audioArabic": [
          "https://cdn.jsdelivr.net/gh/Salimbd71/ArabicQuran@main/33/1.mp3"
        ],
        "audioBangla": [
          "https://cdn.jsdelivr.net/gh/Salimbd71/BanglaQuran@main/33/1.mp3"
        ]
      },
      {
        "number": 3535,
        "audio": "https://cdn.islamic.network/quran/audio/128/ar.mahermuaiqly/3535.mp3",
        "audioSecondary": [
          "https://cdn.islamic.network/quran/audio/64/ar.mahermuaiqly/3535.mp3"
        ],
        "text": "وَٱتَّبِعْ مَا يُوحَىٰٓ إِلَيْكَ مِن رَّبِّكَ ۚ إِنَّ ٱللَّهَ كَانَ بِمَا تَعْمَلُونَ خَبِيرًۭا",
        "numberInSurah": 2,
        "juz": 21,
        "manzil": 5,
        "page": 418,
        "ruku": 361,
        "hizbQuarter": 167,
        "sajda": false,
        "audioArabic": [
          "https://cdn.jsdelivr.net/gh/Salimbd71/ArabicQuran@main/33/2.mp3"
        ],
        "audioBangla": [
          "https://cdn.jsdelivr.net/gh/Salimbd71/BanglaQuran@main/33/2.mp3"
        ]
      },
      {
        "number": 3536,
        "audio": "https://cdn.islamic.network/quran/audio/128/ar.mahermuaiqly/3536.mp3",
        "audioSecondary": [
          "https://cdn.islamic.network/quran/audio/64/ar.mahermuaiqly/3536.mp3"
        ],
        "text": "وَتَوَكَّلْ عَلَى ٱللَّهِ ۚ وَكَفَىٰ بِٱللَّهِ وَكِيلًۭا",
        "numberInSurah": 3,
        "juz": 21,
        "manzil": 5,
        "page": 418,
        "ruku": 361,
        "hizbQuarter": 167,
        "sajda": false,
        "audioArabic": [
          "https://cdn.jsdelivr.net/gh/Salimbd71/ArabicQuran@main/33/3.mp3"
        ],
        "audioBangla": [
          "https://cdn.jsdelivr.net/gh/Salimbd71/BanglaQuran@main/33/3.mp3"
        ]
      },
      {
        "number": 3537,
        "audio": "https://cdn.islamic.network/quran/audio/128/ar.mahermuaiqly/3537.mp3",
        "audioSecondary": [
          "https://cdn.islamic.network/quran/audio/64/ar.mahermuaiqly/3537.mp3"
        ],
        "text": "مَّا جَعَلَ ٱللَّهُ لِرَجُلٍۢ مِّن قَلْبَيْنِ فِى جَوْفِهِۦ ۚ وَمَا جَعَلَ أَزْوَٰجَكُمُ ٱلَّٰٓـِٔى تُظَٰهِرُونَ مِنْهُنَّ أُمَّهَٰتِكُمْ ۚ وَمَا جَعَلَ أَدْعِيَآءَكُمْ أَبْنَآءَكُمْ ۚ ذَٰلِكُمْ قَوْلُكُم بِأَفْوَٰهِكُمْ ۖ وَٱللَّهُ يَقُولُ ٱلْحَقَّ وَهُوَ يَهْدِى ٱلسَّبِيلَ",
        "numberInSurah": 4,
        "juz": 21,
        "manzil": 5,
        "page": 418,
        "ruku": 361,
        "hizbQuarter": 167,
        "sajda": false,
        "audioArabic": [
          "https://cdn.jsdelivr.net/gh/Salimbd71/ArabicQuran@main/33/4.mp3"
        ],
        "audioBangla": [
          "https://cdn.jsdelivr.net/gh/Salimbd71/BanglaQuran@main/33/4.mp3"
        ]
      },
      {
        "number": 3538,
        "audio": "https://cdn.islamic.network/quran/audio/128/ar.mahermuaiqly/3538.mp3",
        "audioSecondary": [
          "https://cdn.islamic.network/quran/audio/64/ar.mahermuaiqly/3538.mp3"
        ],
        "text": "ٱدْعُوهُمْ لِءَابَآئِهِمْ هُوَ أَقْسَطُ عِندَ ٱللَّهِ ۚ فَإِن لَّمْ تَعْلَمُوٓا۟ ءَابَآءَهُمْ فَإِخْوَٰنُكُمْ فِى ٱلدِّينِ وَمَوَٰلِيكُمْ ۚ وَلَيْسَ عَلَيْكُمْ جُنَاحٌۭ فِيمَآ أَخْطَأْتُم بِهِۦ وَلَٰكِن مَّا تَعَمَّدَتْ قُلُوبُكُمْ ۚ وَكَانَ ٱللَّهُ غَفُورًۭا رَّحِيمًا",
        "numberInSurah": 5,
        "juz": 21,
        "manzil": 5,
        "page": 418,
        "ruku": 361,
        "hizbQuarter": 167,
        "sajda": false,
        "audioArabic": [
          "https://cdn.jsdelivr.net/gh/Salimbd71/ArabicQuran@main/33/5.mp3"
        ],
        "audioBangla": [
          "https://cdn.jsdelivr.net/gh/Salimbd71/BanglaQuran@main/33/5.mp3"
        ]
      },
      {
        "number": 3539,
        "audio": "https://cdn.islamic.network/quran/audio/128/ar.mahermuaiqly/3539.mp3",
        "audioSecondary": [
          "https://cdn.islamic.network/quran/audio/64/ar.mahermuaiqly/3539.mp3"
        ],
        "text": "ٱلنَّبِىُّ أَوْلَىٰ بِٱلْمُؤْمِنِينَ مِنْ أَنفُسِهِمْ ۖ وَأَزْوَٰجُهُۥٓ أُمَّهَٰتُهُمْ ۗ وَأُو۟لُوا۟ ٱلْأَرْحَامِ بَعْضُهُمْ أَوْلَىٰ بِبَعْضٍۢ فِى كِتَٰبِ ٱللَّهِ مِنَ ٱلْمُؤْمِنِينَ وَٱلْمُهَٰجِرِينَ إِلَّآ أَن تَفْعَلُوٓا۟ إِلَىٰٓ أَوْلِيَآئِكُم مَّعْرُوفًۭا ۚ كَانَ ذَٰلِكَ فِى ٱلْكِتَٰبِ مَسْطُورًۭا",
        "numberInSurah": 6,
        "juz": 21,
        "manzil": 5,
        "page": 418,
        "ruku": 361,
        "hizbQuarter": 167,
        "sajda": false,
        "audioArabic": [
          "https://cdn.jsdelivr.net/gh/Salimbd71/ArabicQuran@main/33/6.mp3"
        ],
        "audioBangla": [
          "https://cdn.jsdelivr.net/gh/Salimbd71/BanglaQuran@main/33/6.mp3"
        ]
      },
      {
        "number": 3540,
        "audio": "https://cdn.islamic.network/quran/audio/128/ar.mahermuaiqly/3540.mp3",
        "audioSecondary": [
          "https://cdn.islamic.network/quran/audio/64/ar.mahermuaiqly/3540.mp3"
        ],
        "text": "وَإِذْ أَخَذْنَا مِنَ ٱلنَّبِيِّۦنَ مِيثَٰقَهُمْ وَمِنكَ وَمِن نُّوحٍۢ وَإِبْرَٰهِيمَ وَمُوسَىٰ وَعِيسَى ٱبْنِ مَرْيَمَ ۖ وَأَخَذْنَا مِنْهُم مِّيثَٰقًا غَلِيظًۭا",
        "numberInSurah": 7,
        "juz": 21,
        "manzil": 5,
        "page": 419,
        "ruku": 361,
        "hizbQuarter": 167,
        "sajda": false,
        "audioArabic": [
          "https://cdn.jsdelivr.net/gh/Salimbd71/ArabicQuran@main/33/7.mp3"
        ],
        "audioBangla": [
          "https://cdn.jsdelivr.net/gh/Salimbd71/BanglaQuran@main/33/7.mp3"
        ]
      },
      {
        "number": 3541,
        "audio": "https://cdn.islamic.network/quran/audio/128/ar.mahermuaiqly/3541.mp3",
        "audioSecondary": [
          "https://cdn.islamic.network/quran/audio/64/ar.mahermuaiqly/3541.mp3"
        ],
        "text": "لِّيَسْـَٔلَ ٱلصَّٰدِقِينَ عَن صِدْقِهِمْ ۚ وَأَعَدَّ لِلْكَٰفِرِينَ عَذَابًا أَلِيمًۭا",
        "numberInSurah": 8,
        "juz": 21,
        "manzil": 5,
        "page": 419,
        "ruku": 361,
        "hizbQuarter": 167,
        "sajda": false,
        "audioArabic": [
          "https://cdn.jsdelivr.net/gh/Salimbd71/ArabicQuran@main/33/8.mp3"
        ],
        "audioBangla": [
          "https://cdn.jsdelivr.net/gh/Salimbd71/BanglaQuran@main/33/8.mp3"
        ]
      },
      {
        "number": 3542,
        "audio": "https://cdn.islamic.network/quran/audio/128/ar.mahermuaiqly/3542.mp3",
        "audioSecondary": [
          "https://cdn.islamic.network/quran/audio/64/ar.mahermuaiqly/3542.mp3"
        ],
        "text": "يَٰٓأَيُّهَا ٱلَّذِينَ ءَامَنُوا۟ ٱذْكُرُوا۟ نِعْمَةَ ٱللَّهِ عَلَيْكُمْ إِذْ جَآءَتْكُمْ جُنُودٌۭ فَأَرْسَلْنَا عَلَيْهِمْ رِيحًۭا وَجُنُودًۭا لَّمْ تَرَوْهَا ۚ وَكَانَ ٱللَّهُ بِمَا تَعْمَلُونَ بَصِيرًا",
        "numberInSurah": 9,
        "juz": 21,
        "manzil": 5,
        "page": 419,
        "ruku": 362,
        "hizbQuarter": 167,
        "sajda": false,
        "audioArabic": [
          "https://cdn.jsdelivr.net/gh/Salimbd71/ArabicQuran@main/33/9.mp3"
        ],
        "audioBangla": [
          "https://cdn.jsdelivr.net/gh/Salimbd71/BanglaQuran@main/33/9.mp3"
        ]
      },
      {
        "number": 3543,
        "audio": "https://cdn.islamic.network/quran/audio/128/ar.mahermuaiqly/3543.mp3",
        "audioSecondary": [
          "https://cdn.islamic.network/quran/audio/64/ar.mahermuaiqly/3543.mp3"
        ],
        "text": "إِذْ جَآءُوكُم مِّن فَوْقِكُمْ وَمِنْ أَسْفَلَ مِنكُمْ وَإِذْ زَاغَتِ ٱلْأَبْصَٰرُ وَبَلَغَتِ ٱلْقُلُوبُ ٱلْحَنَاجِرَ وَتَظُنُّونَ بِٱللَّهِ ٱلظُّنُونَا۠",
        "numberInSurah": 10,
        "juz": 21,
        "manzil": 5,
        "page": 419,
        "ruku": 362,
        "hizbQuarter": 167,
        "sajda": false,
        "audioArabic": [
          "https://cdn.jsdelivr.net/gh/Salimbd71/ArabicQuran@main/33/10.mp3"
        ],
        "audioBangla": [
          "https://cdn.jsdelivr.net/gh/Salimbd71/BanglaQuran@main/33/10.mp3"
        ]
      },
      {
        "number": 3544,
        "audio": "https://cdn.islamic.network/quran/audio/128/ar.mahermuaiqly/3544.mp3",
        "audioSecondary": [
          "https://cdn.islamic.network/quran/audio/64/ar.mahermuaiqly/3544.mp3"
        ],
        "text": "هُنَالِكَ ٱبْتُلِىَ ٱلْمُؤْمِنُونَ وَزُلْزِلُوا۟ زِلْزَالًۭا شَدِيدًۭا",
        "numberInSurah": 11,
        "juz": 21,
        "manzil": 5,
        "page": 419,
        "ruku": 362,
        "hizbQuarter": 167,
        "sajda": false,
        "audioArabic": [
          "https://cdn.jsdelivr.net/gh/Salimbd71/ArabicQuran@main/33/11.mp3"
        ],
        "audioBangla": [
          "https://cdn.jsdelivr.net/gh/Salimbd71/BanglaQuran@main/33/11.mp3"
        ]
      },
      {
        "number": 3545,
        "audio": "https://cdn.islamic.network/quran/audio/128/ar.mahermuaiqly/3545.mp3",
        "audioSecondary": [
          "https://cdn.islamic.network/quran/audio/64/ar.mahermuaiqly/3545.mp3"
        ],
        "text": "وَإِذْ يَقُولُ ٱلْمُنَٰفِقُونَ وَٱلَّذِينَ فِى قُلُوبِهِم مَّرَضٌۭ مَّا وَعَدَنَا ٱللَّهُ وَرَسُولُهُۥٓ إِلَّا غُرُورًۭا",
        "numberInSurah": 12,
        "juz": 21,
        "manzil": 5,
        "page": 419,
        "ruku": 362,
        "hizbQuarter": 167,
        "sajda": false,
        "audioArabic": [
          "https://cdn.jsdelivr.net/gh/Salimbd71/ArabicQuran@main/33/12.mp3"
        ],
        "audioBangla": [
          "https://cdn.jsdelivr.net/gh/Salimbd71/BanglaQuran@main/33/12.mp3"
        ]
      },
      {
        "number": 3546,
        "audio": "https://cdn.islamic.network/quran/audio/128/ar.mahermuaiqly/3546.mp3",
        "audioSecondary": [
          "https://cdn.islamic.network/quran/audio/64/ar.mahermuaiqly/3546.mp3"
        ],
        "text": "وَإِذْ قَالَت طَّآئِفَةٌۭ مِّنْهُمْ يَٰٓأَهْلَ يَثْرِبَ لَا مُقَامَ لَكُمْ فَٱرْجِعُوا۟ ۚ وَيَسْتَـْٔذِنُ فَرِيقٌۭ مِّنْهُمُ ٱلنَّبِىَّ يَقُولُونَ إِنَّ بُيُوتَنَا عَوْرَةٌۭ وَمَا هِىَ بِعَوْرَةٍ ۖ إِن يُرِيدُونَ إِلَّا فِرَارًۭا",
        "numberInSurah": 13,
        "juz": 21,
        "manzil": 5,
        "page": 419,
        "ruku": 362,
        "hizbQuarter": 167,
        "sajda": false,
        "audioArabic": [
          "https://cdn.jsdelivr.net/gh/Salimbd71/ArabicQuran@main/33/13.mp3"
        ],
        "audioBangla": [
          "https://cdn.jsdelivr.net/gh/Salimbd71/BanglaQuran@main/33/13.mp3"
        ]
      },
      {
        "number": 3547,
        "audio": "https://cdn.islamic.network/quran/audio/128/ar.mahermuaiqly/3547.mp3",
        "audioSecondary": [
          "https://cdn.islamic.network/quran/audio/64/ar.mahermuaiqly/3547.mp3"
        ],
        "text": "وَلَوْ دُخِلَتْ عَلَيْهِم مِّنْ أَقْطَارِهَا ثُمَّ سُئِلُوا۟ ٱلْفِتْنَةَ لَءَاتَوْهَا وَمَا تَلَبَّثُوا۟ بِهَآ إِلَّا يَسِيرًۭا",
        "numberInSurah": 14,
        "juz": 21,
        "manzil": 5,
        "page": 419,
        "ruku": 362,
        "hizbQuarter": 167,
        "sajda": false,
        "audioArabic": [
          "https://cdn.jsdelivr.net/gh/Salimbd71/ArabicQuran@main/33/14.mp3"
        ],
        "audioBangla": [
          "https://cdn.jsdelivr.net/gh/Salimbd71/BanglaQuran@main/33/14.mp3"
        ]
      },
      {
        "number": 3548,
        "audio": "https://cdn.islamic.network/quran/audio/128/ar.mahermuaiqly/3548.mp3",
        "audioSecondary": [
          "https://cdn.islamic.network/quran/audio/64/ar.mahermuaiqly/3548.mp3"
        ],
        "text": "وَلَقَدْ كَانُوا۟ عَٰهَدُوا۟ ٱللَّهَ مِن قَبْلُ لَا يُوَلُّونَ ٱلْأَدْبَٰرَ ۚ وَكَانَ عَهْدُ ٱللَّهِ مَسْـُٔولًۭا",
        "numberInSurah": 15,
        "juz": 21,
        "manzil": 5,
        "page": 419,
        "ruku": 362,
        "hizbQuarter": 167,
        "sajda": false,
        "audioArabic": [
          "https://cdn.jsdelivr.net/gh/Salimbd71/ArabicQuran@main/33/15.mp3"
        ],
        "audioBangla": [
          "https://cdn.jsdelivr.net/gh/Salimbd71/BanglaQuran@main/33/15.mp3"
        ]
      },
      {
        "number": 3549,
        "audio": "https://cdn.islamic.network/quran/audio/128/ar.mahermuaiqly/3549.mp3",
        "audioSecondary": [
          "https://cdn.islamic.network/quran/audio/64/ar.mahermuaiqly/3549.mp3"
        ],
        "text": "قُل لَّن يَنفَعَكُمُ ٱلْفِرَارُ إِن فَرَرْتُم مِّنَ ٱلْمَوْتِ أَوِ ٱلْقَتْلِ وَإِذًۭا لَّا تُمَتَّعُونَ إِلَّا قَلِيلًۭا",
        "numberInSurah": 16,
        "juz": 21,
        "manzil": 5,
        "page": 420,
        "ruku": 362,
        "hizbQuarter": 167,
        "sajda": false,
        "audioArabic": [
          "https://cdn.jsdelivr.net/gh/Salimbd71/ArabicQuran@main/33/16.mp3"
        ],
        "audioBangla": [
          "https://cdn.jsdelivr.net/gh/Salimbd71/BanglaQuran@main/33/16.mp3"
        ]
      },
      {
        "number": 3550,
        "audio": "https://cdn.islamic.network/quran/audio/128/ar.mahermuaiqly/3550.mp3",
        "audioSecondary": [
          "https://cdn.islamic.network/quran/audio/64/ar.mahermuaiqly/3550.mp3"
        ],
        "text": "قُلْ مَن ذَا ٱلَّذِى يَعْصِمُكُم مِّنَ ٱللَّهِ إِنْ أَرَادَ بِكُمْ سُوٓءًا أَوْ أَرَادَ بِكُمْ رَحْمَةًۭ ۚ وَلَا يَجِدُونَ لَهُم مِّن دُونِ ٱللَّهِ وَلِيًّۭا وَلَا نَصِيرًۭا",
        "numberInSurah": 17,
        "juz": 21,
        "manzil": 5,
        "page": 420,
        "ruku": 362,
        "hizbQuarter": 167,
        "sajda": false,
        "audioArabic": [
          "https://cdn.jsdelivr.net/gh/Salimbd71/ArabicQuran@main/33/17.mp3"
        ],
        "audioBangla": [
          "https://cdn.jsdelivr.net/gh/Salimbd71/BanglaQuran@main/33/17.mp3"
        ]
      },
      {
        "number": 3551,
        "audio": "https://cdn.islamic.network/quran/audio/128/ar.mahermuaiqly/3551.mp3",
        "audioSecondary": [
          "https://cdn.islamic.network/quran/audio/64/ar.mahermuaiqly/3551.mp3"
        ],
        "text": "۞ قَدْ يَعْلَمُ ٱللَّهُ ٱلْمُعَوِّقِينَ مِنكُمْ وَٱلْقَآئِلِينَ لِإِخْوَٰنِهِمْ هَلُمَّ إِلَيْنَا ۖ وَلَا يَأْتُونَ ٱلْبَأْسَ إِلَّا قَلِيلًا",
        "numberInSurah": 18,
        "juz": 21,
        "manzil": 5,
        "page": 420,
        "ruku": 362,
        "hizbQuarter": 168,
        "sajda": false,
        "audioArabic": [
          "https://cdn.jsdelivr.net/gh/Salimbd71/ArabicQuran@main/33/18.mp3"
        ],
        "audioBangla": [
          "https://cdn.jsdelivr.net/gh/Salimbd71/BanglaQuran@main/33/18.mp3"
        ]
      },
      {
        "number": 3552,
        "audio": "https://cdn.islamic.network/quran/audio/128/ar.mahermuaiqly/3552.mp3",
        "audioSecondary": [
          "https://cdn.islamic.network/quran/audio/64/ar.mahermuaiqly/3552.mp3"
        ],
        "text": "أَشِحَّةً عَلَيْكُمْ ۖ فَإِذَا جَآءَ ٱلْخَوْفُ رَأَيْتَهُمْ يَنظُرُونَ إِلَيْكَ تَدُورُ أَعْيُنُهُمْ كَٱلَّذِى يُغْشَىٰ عَلَيْهِ مِنَ ٱلْمَوْتِ ۖ فَإِذَا ذَهَبَ ٱلْخَوْفُ سَلَقُوكُم بِأَلْسِنَةٍ حِدَادٍ أَشِحَّةً عَلَى ٱلْخَيْرِ ۚ أُو۟لَٰٓئِكَ لَمْ يُؤْمِنُوا۟ فَأَحْبَطَ ٱللَّهُ أَعْمَٰلَهُمْ ۚ وَكَانَ ذَٰلِكَ عَلَى ٱللَّهِ يَسِيرًۭا",
        "numberInSurah": 19,
        "juz": 21,
        "manzil": 5,
        "page": 420,
        "ruku": 362,
        "hizbQuarter": 168,
        "sajda": false,
        "audioArabic": [
          "https://cdn.jsdelivr.net/gh/Salimbd71/ArabicQuran@main/33/19.mp3"
        ],
        "audioBangla": [
          "https://cdn.jsdelivr.net/gh/Salimbd71/BanglaQuran@main/33/19.mp3"
        ]
      },
      {
        "number": 3553,
        "audio": "https://cdn.islamic.network/quran/audio/128/ar.mahermuaiqly/3553.mp3",
        "audioSecondary": [
          "https://cdn.islamic.network/quran/audio/64/ar.mahermuaiqly/3553.mp3"
        ],
        "text": "يَحْسَبُونَ ٱلْأَحْزَابَ لَمْ يَذْهَبُوا۟ ۖ وَإِن يَأْتِ ٱلْأَحْزَابُ يَوَدُّوا۟ لَوْ أَنَّهُم بَادُونَ فِى ٱلْأَعْرَابِ يَسْـَٔلُونَ عَنْ أَنۢبَآئِكُمْ ۖ وَلَوْ كَانُوا۟ فِيكُم مَّا قَٰتَلُوٓا۟ إِلَّا قَلِيلًۭا",
        "numberInSurah": 20,
        "juz": 21,
        "manzil": 5,
        "page": 420,
        "ruku": 362,
        "hizbQuarter": 168,
        "sajda": false,
        "audioArabic": [
          "https://cdn.jsdelivr.net/gh/Salimbd71/ArabicQuran@main/33/20.mp3"
        ],
        "audioBangla": [
          "https://cdn.jsdelivr.net/gh/Salimbd71/BanglaQuran@main/33/20.mp3"
        ]
      },
      {
        "number": 3554,
        "audio": "https://cdn.islamic.network/quran/audio/128/ar.mahermuaiqly/3554.mp3",
        "audioSecondary": [
          "https://cdn.islamic.network/quran/audio/64/ar.mahermuaiqly/3554.mp3"
        ],
        "text": "لَّقَدْ كَانَ لَكُمْ فِى رَسُولِ ٱللَّهِ أُسْوَةٌ حَسَنَةٌۭ لِّمَن كَانَ يَرْجُوا۟ ٱللَّهَ وَٱلْيَوْمَ ٱلْءَاخِرَ وَذَكَرَ ٱللَّهَ كَثِيرًۭا",
        "numberInSurah": 21,
        "juz": 21,
        "manzil": 5,
        "page": 420,
        "ruku": 363,
        "hizbQuarter": 168,
        "sajda": false,
        "audioArabic": [
          "https://cdn.jsdelivr.net/gh/Salimbd71/ArabicQuran@main/33/21.mp3"
        ],
        "audioBangla": [
          "https://cdn.jsdelivr.net/gh/Salimbd71/BanglaQuran@main/33/21.mp3"
        ]
      },
      {
        "number": 3555,
        "audio": "https://cdn.islamic.network/quran/audio/128/ar.mahermuaiqly/3555.mp3",
        "audioSecondary": [
          "https://cdn.islamic.network/quran/audio/64/ar.mahermuaiqly/3555.mp3"
        ],
        "text": "وَلَمَّا رَءَا ٱلْمُؤْمِنُونَ ٱلْأَحْزَابَ قَالُوا۟ هَٰذَا مَا وَعَدَنَا ٱللَّهُ وَرَسُولُهُۥ وَصَدَقَ ٱللَّهُ وَرَسُولُهُۥ ۚ وَمَا زَادَهُمْ إِلَّآ إِيمَٰنًۭا وَتَسْلِيمًۭا",
        "numberInSurah": 22,
        "juz": 21,
        "manzil": 5,
        "page": 420,
        "ruku": 363,
        "hizbQuarter": 168,
        "sajda": false,
        "audioArabic": [
          "https://cdn.jsdelivr.net/gh/Salimbd71/ArabicQuran@main/33/22.mp3"
        ],
        "audioBangla": [
          "https://cdn.jsdelivr.net/gh/Salimbd71/BanglaQuran@main/33/22.mp3"
        ]
      },
      {
        "number": 3556,
        "audio": "https://cdn.islamic.network/quran/audio/128/ar.mahermuaiqly/3556.mp3",
        "audioSecondary": [
          "https://cdn.islamic.network/quran/audio/64/ar.mahermuaiqly/3556.mp3"
        ],
        "text": "مِّنَ ٱلْمُؤْمِنِينَ رِجَالٌۭ صَدَقُوا۟ مَا عَٰهَدُوا۟ ٱللَّهَ عَلَيْهِ ۖ فَمِنْهُم مَّن قَضَىٰ نَحْبَهُۥ وَمِنْهُم مَّن يَنتَظِرُ ۖ وَمَا بَدَّلُوا۟ تَبْدِيلًۭا",
        "numberInSurah": 23,
        "juz": 21,
        "manzil": 5,
        "page": 421,
        "ruku": 363,
        "hizbQuarter": 168,
        "sajda": false,
        "audioArabic": [
          "https://cdn.jsdelivr.net/gh/Salimbd71/ArabicQuran@main/33/23.mp3"
        ],
        "audioBangla": [
          "https://cdn.jsdelivr.net/gh/Salimbd71/BanglaQuran@main/33/23.mp3"
        ]
      },
      {
        "number": 3557,
        "audio": "https://cdn.islamic.network/quran/audio/128/ar.mahermuaiqly/3557.mp3",
        "audioSecondary": [
          "https://cdn.islamic.network/quran/audio/64/ar.mahermuaiqly/3557.mp3"
        ],
        "text": "لِّيَجْزِىَ ٱللَّهُ ٱلصَّٰدِقِينَ بِصِدْقِهِمْ وَيُعَذِّبَ ٱلْمُنَٰفِقِينَ إِن شَآءَ أَوْ يَتُوبَ عَلَيْهِمْ ۚ إِنَّ ٱللَّهَ كَانَ غَفُورًۭا رَّحِيمًۭا",
        "numberInSurah": 24,
        "juz": 21,
        "manzil": 5,
        "page": 421,
        "ruku": 363,
        "hizbQuarter": 168,
        "sajda": false,
        "audioArabic": [
          "https://cdn.jsdelivr.net/gh/Salimbd71/ArabicQuran@main/33/24.mp3"
        ],
        "audioBangla": [
          "https://cdn.jsdelivr.net/gh/Salimbd71/BanglaQuran@main/33/24.mp3"
        ]
      },
      {
        "number": 3558,
        "audio": "https://cdn.islamic.network/quran/audio/128/ar.mahermuaiqly/3558.mp3",
        "audioSecondary": [
          "https://cdn.islamic.network/quran/audio/64/ar.mahermuaiqly/3558.mp3"
        ],
        "text": "وَرَدَّ ٱللَّهُ ٱلَّذِينَ كَفَرُوا۟ بِغَيْظِهِمْ لَمْ يَنَالُوا۟ خَيْرًۭا ۚ وَكَفَى ٱللَّهُ ٱلْمُؤْمِنِينَ ٱلْقِتَالَ ۚ وَكَانَ ٱللَّهُ قَوِيًّا عَزِيزًۭا",
        "numberInSurah": 25,
        "juz": 21,
        "manzil": 5,
        "page": 421,
        "ruku": 363,
        "hizbQuarter": 168,
        "sajda": false,
        "audioArabic": [
          "https://cdn.jsdelivr.net/gh/Salimbd71/ArabicQuran@main/33/25.mp3"
        ],
        "audioBangla": [
          "https://cdn.jsdelivr.net/gh/Salimbd71/BanglaQuran@main/33/25.mp3"
        ]
      },
      {
        "number": 3559,
        "audio": "https://cdn.islamic.network/quran/audio/128/ar.mahermuaiqly/3559.mp3",
        "audioSecondary": [
          "https://cdn.islamic.network/quran/audio/64/ar.mahermuaiqly/3559.mp3"
        ],
        "text": "وَأَنزَلَ ٱلَّذِينَ ظَٰهَرُوهُم مِّنْ أَهْلِ ٱلْكِتَٰبِ مِن صَيَاصِيهِمْ وَقَذَفَ فِى قُلُوبِهِمُ ٱلرُّعْبَ فَرِيقًۭا تَقْتُلُونَ وَتَأْسِرُونَ فَرِيقًۭا",
        "numberInSurah": 26,
        "juz": 21,
        "manzil": 5,
        "page": 421,
        "ruku": 363,
        "hizbQuarter": 168,
        "sajda": false,
        "audioArabic": [
          "https://cdn.jsdelivr.net/gh/Salimbd71/ArabicQuran@main/33/26.mp3"
        ],
        "audioBangla": [
          "https://cdn.jsdelivr.net/gh/Salimbd71/BanglaQuran@main/33/26.mp3"
        ]
      },
      {
        "number": 3560,
        "audio": "https://cdn.islamic.network/quran/audio/128/ar.mahermuaiqly/3560.mp3",
        "audioSecondary": [
          "https://cdn.islamic.network/quran/audio/64/ar.mahermuaiqly/3560.mp3"
        ],
        "text": "وَأَوْرَثَكُمْ أَرْضَهُمْ وَدِيَٰرَهُمْ وَأَمْوَٰلَهُمْ وَأَرْضًۭا لَّمْ تَطَـُٔوهَا ۚ وَكَانَ ٱللَّهُ عَلَىٰ كُلِّ شَىْءٍۢ قَدِيرًۭا",
        "numberInSurah": 27,
        "juz": 21,
        "manzil": 5,
        "page": 421,
        "ruku": 363,
        "hizbQuarter": 168,
        "sajda": false,
        "audioArabic": [
          "https://cdn.jsdelivr.net/gh/Salimbd71/ArabicQuran@main/33/27.mp3"
        ],
        "audioBangla": [
          "https://cdn.jsdelivr.net/gh/Salimbd71/BanglaQuran@main/33/27.mp3"
        ]
      },
      {
        "number": 3561,
        "audio": "https://cdn.islamic.network/quran/audio/128/ar.mahermuaiqly/3561.mp3",
        "audioSecondary": [
          "https://cdn.islamic.network/quran/audio/64/ar.mahermuaiqly/3561.mp3"
        ],
        "text": "يَٰٓأَيُّهَا ٱلنَّبِىُّ قُل لِّأَزْوَٰجِكَ إِن كُنتُنَّ تُرِدْنَ ٱلْحَيَوٰةَ ٱلدُّنْيَا وَزِينَتَهَا فَتَعَالَيْنَ أُمَتِّعْكُنَّ وَأُسَرِّحْكُنَّ سَرَاحًۭا جَمِيلًۭا",
        "numberInSurah": 28,
        "juz": 21,
        "manzil": 5,
        "page": 421,
        "ruku": 364,
        "hizbQuarter": 168,
        "sajda": false,
        "audioArabic": [
          "https://cdn.jsdelivr.net/gh/Salimbd71/ArabicQuran@main/33/28.mp3"
        ],
        "audioBangla": [
          "https://cdn.jsdelivr.net/gh/Salimbd71/BanglaQuran@main/33/28.mp3"
        ]
      },
      {
        "number": 3562,
        "audio": "https://cdn.islamic.network/quran/audio/128/ar.mahermuaiqly/3562.mp3",
        "audioSecondary": [
          "https://cdn.islamic.network/quran/audio/64/ar.mahermuaiqly/3562.mp3"
        ],
        "text": "وَإِن كُنتُنَّ تُرِدْنَ ٱللَّهَ وَرَسُولَهُۥ وَٱلدَّارَ ٱلْءَاخِرَةَ فَإِنَّ ٱللَّهَ أَعَدَّ لِلْمُحْسِنَٰتِ مِنكُنَّ أَجْرًا عَظِيمًۭا",
        "numberInSurah": 29,
        "juz": 21,
        "manzil": 5,
        "page": 421,
        "ruku": 364,
        "hizbQuarter": 168,
        "sajda": false,
        "audioArabic": [
          "https://cdn.jsdelivr.net/gh/Salimbd71/ArabicQuran@main/33/29.mp3"
        ],
        "audioBangla": [
          "https://cdn.jsdelivr.net/gh/Salimbd71/BanglaQuran@main/33/29.mp3"
        ]
      },
      {
        "number": 3563,
        "audio": "https://cdn.islamic.network/quran/audio/128/ar.mahermuaiqly/3563.mp3",
        "audioSecondary": [
          "https://cdn.islamic.network/quran/audio/64/ar.mahermuaiqly/3563.mp3"
        ],
        "text": "يَٰنِسَآءَ ٱلنَّبِىِّ مَن يَأْتِ مِنكُنَّ بِفَٰحِشَةٍۢ مُّبَيِّنَةٍۢ يُضَٰعَفْ لَهَا ٱلْعَذَابُ ضِعْفَيْنِ ۚ وَكَانَ ذَٰلِكَ عَلَى ٱللَّهِ يَسِيرًۭا",
        "numberInSurah": 30,
        "juz": 21,
        "manzil": 5,
        "page": 421,
        "ruku": 364,
        "hizbQuarter": 168,
        "sajda": false,
        "audioArabic": [
          "https://cdn.jsdelivr.net/gh/Salimbd71/ArabicQuran@main/33/30.mp3"
        ],
        "audioBangla": [
          "https://cdn.jsdelivr.net/gh/Salimbd71/BanglaQuran@main/33/30.mp3"
        ]
      },
      {
        "number": 3564,
        "audio": "https://cdn.islamic.network/quran/audio/128/ar.mahermuaiqly/3564.mp3",
        "audioSecondary": [
          "https://cdn.islamic.network/quran/audio/64/ar.mahermuaiqly/3564.mp3"
        ],
        "text": "۞ وَمَن يَقْنُتْ مِنكُنَّ لِلَّهِ وَرَسُولِهِۦ وَتَعْمَلْ صَٰلِحًۭا نُّؤْتِهَآ أَجْرَهَا مَرَّتَيْنِ وَأَعْتَدْنَا لَهَا رِزْقًۭا كَرِيمًۭا",
        "numberInSurah": 31,
        "juz": 22,
        "manzil": 5,
        "page": 422,
        "ruku": 364,
        "hizbQuarter": 169,
        "sajda": false,
        "audioArabic": [
          "https://cdn.jsdelivr.net/gh/Salimbd71/ArabicQuran@main/33/31.mp3"
        ],
        "audioBangla": [
          "https://cdn.jsdelivr.net/gh/Salimbd71/BanglaQuran@main/33/31.mp3"
        ]
      },
      {
        "number": 3565,
        "audio": "https://cdn.islamic.network/quran/audio/128/ar.mahermuaiqly/3565.mp3",
        "audioSecondary": [
          "https://cdn.islamic.network/quran/audio/64/ar.mahermuaiqly/3565.mp3"
        ],
        "text": "يَٰنِسَآءَ ٱلنَّبِىِّ لَسْتُنَّ كَأَحَدٍۢ مِّنَ ٱلنِّسَآءِ ۚ إِنِ ٱتَّقَيْتُنَّ فَلَا تَخْضَعْنَ بِٱلْقَوْلِ فَيَطْمَعَ ٱلَّذِى فِى قَلْبِهِۦ مَرَضٌۭ وَقُلْنَ قَوْلًۭا مَّعْرُوفًۭا",
        "numberInSurah": 32,
        "juz": 22,
        "manzil": 5,
        "page": 422,
        "ruku": 364,
        "hizbQuarter": 169,
        "sajda": false,
        "audioArabic": [
          "https://cdn.jsdelivr.net/gh/Salimbd71/ArabicQuran@main/33/32.mp3"
        ],
        "audioBangla": [
          "https://cdn.jsdelivr.net/gh/Salimbd71/BanglaQuran@main/33/32.mp3"
        ]
      },
      {
        "number": 3566,
        "audio": "https://cdn.islamic.network/quran/audio/128/ar.mahermuaiqly/3566.mp3",
        "audioSecondary": [
          "https://cdn.islamic.network/quran/audio/64/ar.mahermuaiqly/3566.mp3"
        ],
        "text": "وَقَرْنَ فِى بُيُوتِكُنَّ وَلَا تَبَرَّجْنَ تَبَرُّجَ ٱلْجَٰهِلِيَّةِ ٱلْأُولَىٰ ۖ وَأَقِمْنَ ٱلصَّلَوٰةَ وَءَاتِينَ ٱلزَّكَوٰةَ وَأَطِعْنَ ٱللَّهَ وَرَسُولَهُۥٓ ۚ إِنَّمَا يُرِيدُ ٱللَّهُ لِيُذْهِبَ عَنكُمُ ٱلرِّجْسَ أَهْلَ ٱلْبَيْتِ وَيُطَهِّرَكُمْ تَطْهِيرًۭا",
        "numberInSurah": 33,
        "juz": 22,
        "manzil": 5,
        "page": 422,
        "ruku": 364,
        "hizbQuarter": 169,
        "sajda": false,
        "audioArabic": [
          "https://cdn.jsdelivr.net/gh/Salimbd71/ArabicQuran@main/33/33.mp3"
        ],
        "audioBangla": [
          "https://cdn.jsdelivr.net/gh/Salimbd71/BanglaQuran@main/33/33.mp3"
        ]
      },
      {
        "number": 3567,
        "audio": "https://cdn.islamic.network/quran/audio/128/ar.mahermuaiqly/3567.mp3",
        "audioSecondary": [
          "https://cdn.islamic.network/quran/audio/64/ar.mahermuaiqly/3567.mp3"
        ],
        "text": "وَٱذْكُرْنَ مَا يُتْلَىٰ فِى بُيُوتِكُنَّ مِنْ ءَايَٰتِ ٱللَّهِ وَٱلْحِكْمَةِ ۚ إِنَّ ٱللَّهَ كَانَ لَطِيفًا خَبِيرًا",
        "numberInSurah": 34,
        "juz": 22,
        "manzil": 5,
        "page": 422,
        "ruku": 364,
        "hizbQuarter": 169,
        "sajda": false,
        "audioArabic": [
          "https://cdn.jsdelivr.net/gh/Salimbd71/ArabicQuran@main/33/34.mp3"
        ],
        "audioBangla": [
          "https://cdn.jsdelivr.net/gh/Salimbd71/BanglaQuran@main/33/34.mp3"
        ]
      },
      {
        "number": 3568,
        "audio": "https://cdn.islamic.network/quran/audio/128/ar.mahermuaiqly/3568.mp3",
        "audioSecondary": [
          "https://cdn.islamic.network/quran/audio/64/ar.mahermuaiqly/3568.mp3"
        ],
        "text": "إِنَّ ٱلْمُسْلِمِينَ وَٱلْمُسْلِمَٰتِ وَٱلْمُؤْمِنِينَ وَٱلْمُؤْمِنَٰتِ وَٱلْقَٰنِتِينَ وَٱلْقَٰنِتَٰتِ وَٱلصَّٰدِقِينَ وَٱلصَّٰدِقَٰتِ وَٱلصَّٰبِرِينَ وَٱلصَّٰبِرَٰتِ وَٱلْخَٰشِعِينَ وَٱلْخَٰشِعَٰتِ وَٱلْمُتَصَدِّقِينَ وَٱلْمُتَصَدِّقَٰتِ وَٱلصَّٰٓئِمِينَ وَٱلصَّٰٓئِمَٰتِ وَٱلْحَٰفِظِينَ فُرُوجَهُمْ وَٱلْحَٰفِظَٰتِ وَٱلذَّٰكِرِينَ ٱللَّهَ كَثِيرًۭا وَٱلذَّٰكِرَٰتِ أَعَدَّ ٱللَّهُ لَهُم مَّغْفِرَةًۭ وَأَجْرًا عَظِيمًۭا",
        "numberInSurah": 35,
        "juz": 22,
        "manzil": 5,
        "page": 422,
        "ruku": 365,
        "hizbQuarter": 169,
        "sajda": false,
        "audioArabic": [
          "https://cdn.jsdelivr.net/gh/Salimbd71/ArabicQuran@main/33/35.mp3"
        ],
        "audioBangla": [
          "https://cdn.jsdelivr.net/gh/Salimbd71/BanglaQuran@main/33/35.mp3"
        ]
      },
      {
        "number": 3569,
        "audio": "https://cdn.islamic.network/quran/audio/128/ar.mahermuaiqly/3569.mp3",
        "audioSecondary": [
          "https://cdn.islamic.network/quran/audio/64/ar.mahermuaiqly/3569.mp3"
        ],
        "text": "وَمَا كَانَ لِمُؤْمِنٍۢ وَلَا مُؤْمِنَةٍ إِذَا قَضَى ٱللَّهُ وَرَسُولُهُۥٓ أَمْرًا أَن يَكُونَ لَهُمُ ٱلْخِيَرَةُ مِنْ أَمْرِهِمْ ۗ وَمَن يَعْصِ ٱللَّهَ وَرَسُولَهُۥ فَقَدْ ضَلَّ ضَلَٰلًۭا مُّبِينًۭا",
        "numberInSurah": 36,
        "juz": 22,
        "manzil": 5,
        "page": 423,
        "ruku": 365,
        "hizbQuarter": 169,
        "sajda": false,
        "audioArabic": [
          "https://cdn.jsdelivr.net/gh/Salimbd71/ArabicQuran@main/33/36.mp3"
        ],
        "audioBangla": [
          "https://cdn.jsdelivr.net/gh/Salimbd71/BanglaQuran@main/33/36.mp3"
        ]
      },
      {
        "number": 3570,
        "audio": "https://cdn.islamic.network/quran/audio/128/ar.mahermuaiqly/3570.mp3",
        "audioSecondary": [
          "https://cdn.islamic.network/quran/audio/64/ar.mahermuaiqly/3570.mp3"
        ],
        "text": "وَإِذْ تَقُولُ لِلَّذِىٓ أَنْعَمَ ٱللَّهُ عَلَيْهِ وَأَنْعَمْتَ عَلَيْهِ أَمْسِكْ عَلَيْكَ زَوْجَكَ وَٱتَّقِ ٱللَّهَ وَتُخْفِى فِى نَفْسِكَ مَا ٱللَّهُ مُبْدِيهِ وَتَخْشَى ٱلنَّاسَ وَٱللَّهُ أَحَقُّ أَن تَخْشَىٰهُ ۖ فَلَمَّا قَضَىٰ زَيْدٌۭ مِّنْهَا وَطَرًۭا زَوَّجْنَٰكَهَا لِكَىْ لَا يَكُونَ عَلَى ٱلْمُؤْمِنِينَ حَرَجٌۭ فِىٓ أَزْوَٰجِ أَدْعِيَآئِهِمْ إِذَا قَضَوْا۟ مِنْهُنَّ وَطَرًۭا ۚ وَكَانَ أَمْرُ ٱللَّهِ مَفْعُولًۭا",
        "numberInSurah": 37,
        "juz": 22,
        "manzil": 5,
        "page": 423,
        "ruku": 365,
        "hizbQuarter": 169,
        "sajda": false,
        "audioArabic": [
          "https://cdn.jsdelivr.net/gh/Salimbd71/ArabicQuran@main/33/37.mp3"
        ],
        "audioBangla": [
          "https://cdn.jsdelivr.net/gh/Salimbd71/BanglaQuran@main/33/37.mp3"
        ]
      },
      {
        "number": 3571,
        "audio": "https://cdn.islamic.network/quran/audio/128/ar.mahermuaiqly/3571.mp3",
        "audioSecondary": [
          "https://cdn.islamic.network/quran/audio/64/ar.mahermuaiqly/3571.mp3"
        ],
        "text": "مَّا كَانَ عَلَى ٱلنَّبِىِّ مِنْ حَرَجٍۢ فِيمَا فَرَضَ ٱللَّهُ لَهُۥ ۖ سُنَّةَ ٱللَّهِ فِى ٱلَّذِينَ خَلَوْا۟ مِن قَبْلُ ۚ وَكَانَ أَمْرُ ٱللَّهِ قَدَرًۭا مَّقْدُورًا",
        "numberInSurah": 38,
        "juz": 22,
        "manzil": 5,
        "page": 423,
        "ruku": 365,
        "hizbQuarter": 169,
        "sajda": false,
        "audioArabic": [
          "https://cdn.jsdelivr.net/gh/Salimbd71/ArabicQuran@main/33/38.mp3"
        ],
        "audioBangla": [
          "https://cdn.jsdelivr.net/gh/Salimbd71/BanglaQuran@main/33/38.mp3"
        ]
      },
      {
        "number": 3572,
        "audio": "https://cdn.islamic.network/quran/audio/128/ar.mahermuaiqly/3572.mp3",
        "audioSecondary": [
          "https://cdn.islamic.network/quran/audio/64/ar.mahermuaiqly/3572.mp3"
        ],
        "text": "ٱلَّذِينَ يُبَلِّغُونَ رِسَٰلَٰتِ ٱللَّهِ وَيَخْشَوْنَهُۥ وَلَا يَخْشَوْنَ أَحَدًا إِلَّا ٱللَّهَ ۗ وَكَفَىٰ بِٱللَّهِ حَسِيبًۭا",
        "numberInSurah": 39,
        "juz": 22,
        "manzil": 5,
        "page": 423,
        "ruku": 365,
        "hizbQuarter": 169,
        "sajda": false,
        "audioArabic": [
          "https://cdn.jsdelivr.net/gh/Salimbd71/ArabicQuran@main/33/39.mp3"
        ],
        "audioBangla": [
          "https://cdn.jsdelivr.net/gh/Salimbd71/BanglaQuran@main/33/39.mp3"
        ]
      },
      {
        "number": 3573,
        "audio": "https://cdn.islamic.network/quran/audio/128/ar.mahermuaiqly/3573.mp3",
        "audioSecondary": [
          "https://cdn.islamic.network/quran/audio/64/ar.mahermuaiqly/3573.mp3"
        ],
        "text": "مَّا كَانَ مُحَمَّدٌ أَبَآ أَحَدٍۢ مِّن رِّجَالِكُمْ وَلَٰكِن رَّسُولَ ٱللَّهِ وَخَاتَمَ ٱلنَّبِيِّۦنَ ۗ وَكَانَ ٱللَّهُ بِكُلِّ شَىْءٍ عَلِيمًۭا",
        "numberInSurah": 40,
        "juz": 22,
        "manzil": 5,
        "page": 423,
        "ruku": 365,
        "hizbQuarter": 169,
        "sajda": false,
        "audioArabic": [
          "https://cdn.jsdelivr.net/gh/Salimbd71/ArabicQuran@main/33/40.mp3"
        ],
        "audioBangla": [
          "https://cdn.jsdelivr.net/gh/Salimbd71/BanglaQuran@main/33/40.mp3"
        ]
      },
      {
        "number": 3574,
        "audio": "https://cdn.islamic.network/quran/audio/128/ar.mahermuaiqly/3574.mp3",
        "audioSecondary": [
          "https://cdn.islamic.network/quran/audio/64/ar.mahermuaiqly/3574.mp3"
        ],
        "text": "يَٰٓأَيُّهَا ٱلَّذِينَ ءَامَنُوا۟ ٱذْكُرُوا۟ ٱللَّهَ ذِكْرًۭا كَثِيرًۭا",
        "numberInSurah": 41,
        "juz": 22,
        "manzil": 5,
        "page": 423,
        "ruku": 366,
        "hizbQuarter": 169,
        "sajda": false,
        "audioArabic": [
          "https://cdn.jsdelivr.net/gh/Salimbd71/ArabicQuran@main/33/41.mp3"
        ],
        "audioBangla": [
          "https://cdn.jsdelivr.net/gh/Salimbd71/BanglaQuran@main/33/41.mp3"
        ]
      },
      {
        "number": 3575,
        "audio": "https://cdn.islamic.network/quran/audio/128/ar.mahermuaiqly/3575.mp3",
        "audioSecondary": [
          "https://cdn.islamic.network/quran/audio/64/ar.mahermuaiqly/3575.mp3"
        ],
        "text": "وَسَبِّحُوهُ بُكْرَةًۭ وَأَصِيلًا",
        "numberInSurah": 42,
        "juz": 22,
        "manzil": 5,
        "page": 423,
        "ruku": 366,
        "hizbQuarter": 169,
        "sajda": false,
        "audioArabic": [
          "https://cdn.jsdelivr.net/gh/Salimbd71/ArabicQuran@main/33/42.mp3"
        ],
        "audioBangla": [
          "https://cdn.jsdelivr.net/gh/Salimbd71/BanglaQuran@main/33/42.mp3"
        ]
      },
      {
        "number": 3576,
        "audio": "https://cdn.islamic.network/quran/audio/128/ar.mahermuaiqly/3576.mp3",
        "audioSecondary": [
          "https://cdn.islamic.network/quran/audio/64/ar.mahermuaiqly/3576.mp3"
        ],
        "text": "هُوَ ٱلَّذِى يُصَلِّى عَلَيْكُمْ وَمَلَٰٓئِكَتُهُۥ لِيُخْرِجَكُم مِّنَ ٱلظُّلُمَٰتِ إِلَى ٱلنُّورِ ۚ وَكَانَ بِٱلْمُؤْمِنِينَ رَحِيمًۭا",
        "numberInSurah": 43,
        "juz": 22,
        "manzil": 5,
        "page": 423,
        "ruku": 366,
        "hizbQuarter": 169,
        "sajda": false,
        "audioArabic": [
          "https://cdn.jsdelivr.net/gh/Salimbd71/ArabicQuran@main/33/43.mp3"
        ],
        "audioBangla": [
          "https://cdn.jsdelivr.net/gh/Salimbd71/BanglaQuran@main/33/43.mp3"
        ]
      },
      {
        "number": 3577,
        "audio": "https://cdn.islamic.network/quran/audio/128/ar.mahermuaiqly/3577.mp3",
        "audioSecondary": [
          "https://cdn.islamic.network/quran/audio/64/ar.mahermuaiqly/3577.mp3"
        ],
        "text": "تَحِيَّتُهُمْ يَوْمَ يَلْقَوْنَهُۥ سَلَٰمٌۭ ۚ وَأَعَدَّ لَهُمْ أَجْرًۭا كَرِيمًۭا",
        "numberInSurah": 44,
        "juz": 22,
        "manzil": 5,
        "page": 424,
        "ruku": 366,
        "hizbQuarter": 169,
        "sajda": false,
        "audioArabic": [
          "https://cdn.jsdelivr.net/gh/Salimbd71/ArabicQuran@main/33/44.mp3"
        ],
        "audioBangla": [
          "https://cdn.jsdelivr.net/gh/Salimbd71/BanglaQuran@main/33/44.mp3"
        ]
      },
      {
        "number": 3578,
        "audio": "https://cdn.islamic.network/quran/audio/128/ar.mahermuaiqly/3578.mp3",
        "audioSecondary": [
          "https://cdn.islamic.network/quran/audio/64/ar.mahermuaiqly/3578.mp3"
        ],
        "text": "يَٰٓأَيُّهَا ٱلنَّبِىُّ إِنَّآ أَرْسَلْنَٰكَ شَٰهِدًۭا وَمُبَشِّرًۭا وَنَذِيرًۭا",
        "numberInSurah": 45,
        "juz": 22,
        "manzil": 5,
        "page": 424,
        "ruku": 366,
        "hizbQuarter": 169,
        "sajda": false,
        "audioArabic": [
          "https://cdn.jsdelivr.net/gh/Salimbd71/ArabicQuran@main/33/45.mp3"
        ],
        "audioBangla": [
          "https://cdn.jsdelivr.net/gh/Salimbd71/BanglaQuran@main/33/45.mp3"
        ]
      },
      {
        "number": 3579,
        "audio": "https://cdn.islamic.network/quran/audio/128/ar.mahermuaiqly/3579.mp3",
        "audioSecondary": [
          "https://cdn.islamic.network/quran/audio/64/ar.mahermuaiqly/3579.mp3"
        ],
        "text": "وَدَاعِيًا إِلَى ٱللَّهِ بِإِذْنِهِۦ وَسِرَاجًۭا مُّنِيرًۭا",
        "numberInSurah": 46,
        "juz": 22,
        "manzil": 5,
        "page": 424,
        "ruku": 366,
        "hizbQuarter": 169,
        "sajda": false,
        "audioArabic": [
          "https://cdn.jsdelivr.net/gh/Salimbd71/ArabicQuran@main/33/46.mp3"
        ],
        "audioBangla": [
          "https://cdn.jsdelivr.net/gh/Salimbd71/BanglaQuran@main/33/46.mp3"
        ]
      },
      {
        "number": 3580,
        "audio": "https://cdn.islamic.network/quran/audio/128/ar.mahermuaiqly/3580.mp3",
        "audioSecondary": [
          "https://cdn.islamic.network/quran/audio/64/ar.mahermuaiqly/3580.mp3"
        ],
        "text": "وَبَشِّرِ ٱلْمُؤْمِنِينَ بِأَنَّ لَهُم مِّنَ ٱللَّهِ فَضْلًۭا كَبِيرًۭا",
        "numberInSurah": 47,
        "juz": 22,
        "manzil": 5,
        "page": 424,
        "ruku": 366,
        "hizbQuarter": 169,
        "sajda": false,
        "audioArabic": [
          "https://cdn.jsdelivr.net/gh/Salimbd71/ArabicQuran@main/33/47.mp3"
        ],
        "audioBangla": [
          "https://cdn.jsdelivr.net/gh/Salimbd71/BanglaQuran@main/33/47.mp3"
        ]
      },
      {
        "number": 3581,
        "audio": "https://cdn.islamic.network/quran/audio/128/ar.mahermuaiqly/3581.mp3",
        "audioSecondary": [
          "https://cdn.islamic.network/quran/audio/64/ar.mahermuaiqly/3581.mp3"
        ],
        "text": "وَلَا تُطِعِ ٱلْكَٰفِرِينَ وَٱلْمُنَٰفِقِينَ وَدَعْ أَذَىٰهُمْ وَتَوَكَّلْ عَلَى ٱللَّهِ ۚ وَكَفَىٰ بِٱللَّهِ وَكِيلًۭا",
        "numberInSurah": 48,
        "juz": 22,
        "manzil": 5,
        "page": 424,
        "ruku": 366,
        "hizbQuarter": 169,
        "sajda": false,
        "audioArabic": [
          "https://cdn.jsdelivr.net/gh/Salimbd71/ArabicQuran@main/33/48.mp3"
        ],
        "audioBangla": [
          "https://cdn.jsdelivr.net/gh/Salimbd71/BanglaQuran@main/33/48.mp3"
        ]
      },
      {
        "number": 3582,
        "audio": "https://cdn.islamic.network/quran/audio/128/ar.mahermuaiqly/3582.mp3",
        "audioSecondary": [
          "https://cdn.islamic.network/quran/audio/64/ar.mahermuaiqly/3582.mp3"
        ],
        "text": "يَٰٓأَيُّهَا ٱلَّذِينَ ءَامَنُوٓا۟ إِذَا نَكَحْتُمُ ٱلْمُؤْمِنَٰتِ ثُمَّ طَلَّقْتُمُوهُنَّ مِن قَبْلِ أَن تَمَسُّوهُنَّ فَمَا لَكُمْ عَلَيْهِنَّ مِنْ عِدَّةٍۢ تَعْتَدُّونَهَا ۖ فَمَتِّعُوهُنَّ وَسَرِّحُوهُنَّ سَرَاحًۭا جَمِيلًۭا",
        "numberInSurah": 49,
        "juz": 22,
        "manzil": 5,
        "page": 424,
        "ruku": 366,
        "hizbQuarter": 169,
        "sajda": false,
        "audioArabic": [
          "https://cdn.jsdelivr.net/gh/Salimbd71/ArabicQuran@main/33/49.mp3"
        ],
        "audioBangla": [
          "https://cdn.jsdelivr.net/gh/Salimbd71/BanglaQuran@main/33/49.mp3"
        ]
      },
      {
        "number": 3583,
        "audio": "https://cdn.islamic.network/quran/audio/128/ar.mahermuaiqly/3583.mp3",
        "audioSecondary": [
          "https://cdn.islamic.network/quran/audio/64/ar.mahermuaiqly/3583.mp3"
        ],
        "text": "يَٰٓأَيُّهَا ٱلنَّبِىُّ إِنَّآ أَحْلَلْنَا لَكَ أَزْوَٰجَكَ ٱلَّٰتِىٓ ءَاتَيْتَ أُجُورَهُنَّ وَمَا مَلَكَتْ يَمِينُكَ مِمَّآ أَفَآءَ ٱللَّهُ عَلَيْكَ وَبَنَاتِ عَمِّكَ وَبَنَاتِ عَمَّٰتِكَ وَبَنَاتِ خَالِكَ وَبَنَاتِ خَٰلَٰتِكَ ٱلَّٰتِى هَاجَرْنَ مَعَكَ وَٱمْرَأَةًۭ مُّؤْمِنَةً إِن وَهَبَتْ نَفْسَهَا لِلنَّبِىِّ إِنْ أَرَادَ ٱلنَّبِىُّ أَن يَسْتَنكِحَهَا خَالِصَةًۭ لَّكَ مِن دُونِ ٱلْمُؤْمِنِينَ ۗ قَدْ عَلِمْنَا مَا فَرَضْنَا عَلَيْهِمْ فِىٓ أَزْوَٰجِهِمْ وَمَا مَلَكَتْ أَيْمَٰنُهُمْ لِكَيْلَا يَكُونَ عَلَيْكَ حَرَجٌۭ ۗ وَكَانَ ٱللَّهُ غَفُورًۭا رَّحِيمًۭا",
        "numberInSurah": 50,
        "juz": 22,
        "manzil": 5,
        "page": 424,
        "ruku": 366,
        "hizbQuarter": 169,
        "sajda": false,
        "audioArabic": [
          "https://cdn.jsdelivr.net/gh/Salimbd71/ArabicQuran@main/33/50.mp3"
        ],
        "audioBangla": [
          "https://cdn.jsdelivr.net/gh/Salimbd71/BanglaQuran@main/33/50.mp3"
        ]
      },
      {
        "number": 3584,
        "audio": "https://cdn.islamic.network/quran/audio/128/ar.mahermuaiqly/3584.mp3",
        "audioSecondary": [
          "https://cdn.islamic.network/quran/audio/64/ar.mahermuaiqly/3584.mp3"
        ],
        "text": "۞ تُرْجِى مَن تَشَآءُ مِنْهُنَّ وَتُـْٔوِىٓ إِلَيْكَ مَن تَشَآءُ ۖ وَمَنِ ٱبْتَغَيْتَ مِمَّنْ عَزَلْتَ فَلَا جُنَاحَ عَلَيْكَ ۚ ذَٰلِكَ أَدْنَىٰٓ أَن تَقَرَّ أَعْيُنُهُنَّ وَلَا يَحْزَنَّ وَيَرْضَيْنَ بِمَآ ءَاتَيْتَهُنَّ كُلُّهُنَّ ۚ وَٱللَّهُ يَعْلَمُ مَا فِى قُلُوبِكُمْ ۚ وَكَانَ ٱللَّهُ عَلِيمًا حَلِيمًۭا",
        "numberInSurah": 51,
        "juz": 22,
        "manzil": 5,
        "page": 425,
        "ruku": 366,
        "hizbQuarter": 170,
        "sajda": false,
        "audioArabic": [
          "https://cdn.jsdelivr.net/gh/Salimbd71/ArabicQuran@main/33/51.mp3"
        ],
        "audioBangla": [
          "https://cdn.jsdelivr.net/gh/Salimbd71/BanglaQuran@main/33/51.mp3"
        ]
      },
      {
        "number": 3585,
        "audio": "https://cdn.islamic.network/quran/audio/128/ar.mahermuaiqly/3585.mp3",
        "audioSecondary": [
          "https://cdn.islamic.network/quran/audio/64/ar.mahermuaiqly/3585.mp3"
        ],
        "text": "لَّا يَحِلُّ لَكَ ٱلنِّسَآءُ مِنۢ بَعْدُ وَلَآ أَن تَبَدَّلَ بِهِنَّ مِنْ أَزْوَٰجٍۢ وَلَوْ أَعْجَبَكَ حُسْنُهُنَّ إِلَّا مَا مَلَكَتْ يَمِينُكَ ۗ وَكَانَ ٱللَّهُ عَلَىٰ كُلِّ شَىْءٍۢ رَّقِيبًۭا",
        "numberInSurah": 52,
        "juz": 22,
        "manzil": 5,
        "page": 425,
        "ruku": 366,
        "hizbQuarter": 170,
        "sajda": false,
        "audioArabic": [
          "https://cdn.jsdelivr.net/gh/Salimbd71/ArabicQuran@main/33/52.mp3"
        ],
        "audioBangla": [
          "https://cdn.jsdelivr.net/gh/Salimbd71/BanglaQuran@main/33/52.mp3"
        ]
      },
      {
        "number": 3586,
        "audio": "https://cdn.islamic.network/quran/audio/128/ar.mahermuaiqly/3586.mp3",
        "audioSecondary": [
          "https://cdn.islamic.network/quran/audio/64/ar.mahermuaiqly/3586.mp3"
        ],
        "text": "يَٰٓأَيُّهَا ٱلَّذِينَ ءَامَنُوا۟ لَا تَدْخُلُوا۟ بُيُوتَ ٱلنَّبِىِّ إِلَّآ أَن يُؤْذَنَ لَكُمْ إِلَىٰ طَعَامٍ غَيْرَ نَٰظِرِينَ إِنَىٰهُ وَلَٰكِنْ إِذَا دُعِيتُمْ فَٱدْخُلُوا۟ فَإِذَا طَعِمْتُمْ فَٱنتَشِرُوا۟ وَلَا مُسْتَـْٔنِسِينَ لِحَدِيثٍ ۚ إِنَّ ذَٰلِكُمْ كَانَ يُؤْذِى ٱلنَّبِىَّ فَيَسْتَحْىِۦ مِنكُمْ ۖ وَٱللَّهُ لَا يَسْتَحْىِۦ مِنَ ٱلْحَقِّ ۚ وَإِذَا سَأَلْتُمُوهُنَّ مَتَٰعًۭا فَسْـَٔلُوهُنَّ مِن وَرَآءِ حِجَابٍۢ ۚ ذَٰلِكُمْ أَطْهَرُ لِقُلُوبِكُمْ وَقُلُوبِهِنَّ ۚ وَمَا كَانَ لَكُمْ أَن تُؤْذُوا۟ رَسُولَ ٱللَّهِ وَلَآ أَن تَنكِحُوٓا۟ أَزْوَٰجَهُۥ مِنۢ بَعْدِهِۦٓ أَبَدًا ۚ إِنَّ ذَٰلِكُمْ كَانَ عِندَ ٱللَّهِ عَظِيمًا",
        "numberInSurah": 53,
        "juz": 22,
        "manzil": 5,
        "page": 425,
        "ruku": 367,
        "hizbQuarter": 170,
        "sajda": false,
        "audioArabic": [
          "https://cdn.jsdelivr.net/gh/Salimbd71/ArabicQuran@main/33/53.mp3"
        ],
        "audioBangla": [
          "https://cdn.jsdelivr.net/gh/Salimbd71/BanglaQuran@main/33/53.mp3"
        ]
      },
      {
        "number": 3587,
        "audio": "https://cdn.islamic.network/quran/audio/128/ar.mahermuaiqly/3587.mp3",
        "audioSecondary": [
          "https://cdn.islamic.network/quran/audio/64/ar.mahermuaiqly/3587.mp3"
        ],
        "text": "إِن تُبْدُوا۟ شَيْـًٔا أَوْ تُخْفُوهُ فَإِنَّ ٱللَّهَ كَانَ بِكُلِّ شَىْءٍ عَلِيمًۭا",
        "numberInSurah": 54,
        "juz": 22,
        "manzil": 5,
        "page": 425,
        "ruku": 367,
        "hizbQuarter": 170,
        "sajda": false,
        "audioArabic": [
          "https://cdn.jsdelivr.net/gh/Salimbd71/ArabicQuran@main/33/54.mp3"
        ],
        "audioBangla": [
          "https://cdn.jsdelivr.net/gh/Salimbd71/BanglaQuran@main/33/54.mp3"
        ]
      },
      {
        "number": 3588,
        "audio": "https://cdn.islamic.network/quran/audio/128/ar.mahermuaiqly/3588.mp3",
        "audioSecondary": [
          "https://cdn.islamic.network/quran/audio/64/ar.mahermuaiqly/3588.mp3"
        ],
        "text": "لَّا جُنَاحَ عَلَيْهِنَّ فِىٓ ءَابَآئِهِنَّ وَلَآ أَبْنَآئِهِنَّ وَلَآ إِخْوَٰنِهِنَّ وَلَآ أَبْنَآءِ إِخْوَٰنِهِنَّ وَلَآ أَبْنَآءِ أَخَوَٰتِهِنَّ وَلَا نِسَآئِهِنَّ وَلَا مَا مَلَكَتْ أَيْمَٰنُهُنَّ ۗ وَٱتَّقِينَ ٱللَّهَ ۚ إِنَّ ٱللَّهَ كَانَ عَلَىٰ كُلِّ شَىْءٍۢ شَهِيدًا",
        "numberInSurah": 55,
        "juz": 22,
        "manzil": 5,
        "page": 426,
        "ruku": 367,
        "hizbQuarter": 170,
        "sajda": false,
        "audioArabic": [
          "https://cdn.jsdelivr.net/gh/Salimbd71/ArabicQuran@main/33/55.mp3"
        ],
        "audioBangla": [
          "https://cdn.jsdelivr.net/gh/Salimbd71/BanglaQuran@main/33/55.mp3"
        ]
      },
      {
        "number": 3589,
        "audio": "https://cdn.islamic.network/quran/audio/128/ar.mahermuaiqly/3589.mp3",
        "audioSecondary": [
          "https://cdn.islamic.network/quran/audio/64/ar.mahermuaiqly/3589.mp3"
        ],
        "text": "إِنَّ ٱللَّهَ وَمَلَٰٓئِكَتَهُۥ يُصَلُّونَ عَلَى ٱلنَّبِىِّ ۚ يَٰٓأَيُّهَا ٱلَّذِينَ ءَامَنُوا۟ صَلُّوا۟ عَلَيْهِ وَسَلِّمُوا۟ تَسْلِيمًا",
        "numberInSurah": 56,
        "juz": 22,
        "manzil": 5,
        "page": 426,
        "ruku": 367,
        "hizbQuarter": 170,
        "sajda": false,
        "audioArabic": [
          "https://cdn.jsdelivr.net/gh/Salimbd71/ArabicQuran@main/33/56.mp3"
        ],
        "audioBangla": [
          "https://cdn.jsdelivr.net/gh/Salimbd71/BanglaQuran@main/33/56.mp3"
        ]
      },
      {
        "number": 3590,
        "audio": "https://cdn.islamic.network/quran/audio/128/ar.mahermuaiqly/3590.mp3",
        "audioSecondary": [
          "https://cdn.islamic.network/quran/audio/64/ar.mahermuaiqly/3590.mp3"
        ],
        "text": "إِنَّ ٱلَّذِينَ يُؤْذُونَ ٱللَّهَ وَرَسُولَهُۥ لَعَنَهُمُ ٱللَّهُ فِى ٱلدُّنْيَا وَٱلْءَاخِرَةِ وَأَعَدَّ لَهُمْ عَذَابًۭا مُّهِينًۭا",
        "numberInSurah": 57,
        "juz": 22,
        "manzil": 5,
        "page": 426,
        "ruku": 367,
        "hizbQuarter": 170,
        "sajda": false,
        "audioArabic": [
          "https://cdn.jsdelivr.net/gh/Salimbd71/ArabicQuran@main/33/57.mp3"
        ],
        "audioBangla": [
          "https://cdn.jsdelivr.net/gh/Salimbd71/BanglaQuran@main/33/57.mp3"
        ]
      },
      {
        "number": 3591,
        "audio": "https://cdn.islamic.network/quran/audio/128/ar.mahermuaiqly/3591.mp3",
        "audioSecondary": [
          "https://cdn.islamic.network/quran/audio/64/ar.mahermuaiqly/3591.mp3"
        ],
        "text": "وَٱلَّذِينَ يُؤْذُونَ ٱلْمُؤْمِنِينَ وَٱلْمُؤْمِنَٰتِ بِغَيْرِ مَا ٱكْتَسَبُوا۟ فَقَدِ ٱحْتَمَلُوا۟ بُهْتَٰنًۭا وَإِثْمًۭا مُّبِينًۭا",
        "numberInSurah": 58,
        "juz": 22,
        "manzil": 5,
        "page": 426,
        "ruku": 367,
        "hizbQuarter": 170,
        "sajda": false,
        "audioArabic": [
          "https://cdn.jsdelivr.net/gh/Salimbd71/ArabicQuran@main/33/58.mp3"
        ],
        "audioBangla": [
          "https://cdn.jsdelivr.net/gh/Salimbd71/BanglaQuran@main/33/58.mp3"
        ]
      },
      {
        "number": 3592,
        "audio": "https://cdn.islamic.network/quran/audio/128/ar.mahermuaiqly/3592.mp3",
        "audioSecondary": [
          "https://cdn.islamic.network/quran/audio/64/ar.mahermuaiqly/3592.mp3"
        ],
        "text": "يَٰٓأَيُّهَا ٱلنَّبِىُّ قُل لِّأَزْوَٰجِكَ وَبَنَاتِكَ وَنِسَآءِ ٱلْمُؤْمِنِينَ يُدْنِينَ عَلَيْهِنَّ مِن جَلَٰبِيبِهِنَّ ۚ ذَٰلِكَ أَدْنَىٰٓ أَن يُعْرَفْنَ فَلَا يُؤْذَيْنَ ۗ وَكَانَ ٱللَّهُ غَفُورًۭا رَّحِيمًۭا",
        "numberInSurah": 59,
        "juz": 22,
        "manzil": 5,
        "page": 426,
        "ruku": 368,
        "hizbQuarter": 170,
        "sajda": false,
        "audioArabic": [
          "https://cdn.jsdelivr.net/gh/Salimbd71/ArabicQuran@main/33/59.mp3"
        ],
        "audioBangla": [
          "https://cdn.jsdelivr.net/gh/Salimbd71/BanglaQuran@main/33/59.mp3"
        ]
      },
      {
        "number": 3593,
        "audio": "https://cdn.islamic.network/quran/audio/128/ar.mahermuaiqly/3593.mp3",
        "audioSecondary": [
          "https://cdn.islamic.network/quran/audio/64/ar.mahermuaiqly/3593.mp3"
        ],
        "text": "۞ لَّئِن لَّمْ يَنتَهِ ٱلْمُنَٰفِقُونَ وَٱلَّذِينَ فِى قُلُوبِهِم مَّرَضٌۭ وَٱلْمُرْجِفُونَ فِى ٱلْمَدِينَةِ لَنُغْرِيَنَّكَ بِهِمْ ثُمَّ لَا يُجَاوِرُونَكَ فِيهَآ إِلَّا قَلِيلًۭا",
        "numberInSurah": 60,
        "juz": 22,
        "manzil": 5,
        "page": 426,
        "ruku": 368,
        "hizbQuarter": 171,
        "sajda": false,
        "audioArabic": [
          "https://cdn.jsdelivr.net/gh/Salimbd71/ArabicQuran@main/33/60.mp3"
        ],
        "audioBangla": [
          "https://cdn.jsdelivr.net/gh/Salimbd71/BanglaQuran@main/33/60.mp3"
        ]
      },
      {
        "number": 3594,
        "audio": "https://cdn.islamic.network/quran/audio/128/ar.mahermuaiqly/3594.mp3",
        "audioSecondary": [
          "https://cdn.islamic.network/quran/audio/64/ar.mahermuaiqly/3594.mp3"
        ],
        "text": "مَّلْعُونِينَ ۖ أَيْنَمَا ثُقِفُوٓا۟ أُخِذُوا۟ وَقُتِّلُوا۟ تَقْتِيلًۭا",
        "numberInSurah": 61,
        "juz": 22,
        "manzil": 5,
        "page": 426,
        "ruku": 368,
        "hizbQuarter": 171,
        "sajda": false,
        "audioArabic": [
          "https://cdn.jsdelivr.net/gh/Salimbd71/ArabicQuran@main/33/61.mp3"
        ],
        "audioBangla": [
          "https://cdn.jsdelivr.net/gh/Salimbd71/BanglaQuran@main/33/61.mp3"
        ]
      },
      {
        "number": 3595,
        "audio": "https://cdn.islamic.network/quran/audio/128/ar.mahermuaiqly/3595.mp3",
        "audioSecondary": [
          "https://cdn.islamic.network/quran/audio/64/ar.mahermuaiqly/3595.mp3"
        ],
        "text": "سُنَّةَ ٱللَّهِ فِى ٱلَّذِينَ خَلَوْا۟ مِن قَبْلُ ۖ وَلَن تَجِدَ لِسُنَّةِ ٱللَّهِ تَبْدِيلًۭا",
        "numberInSurah": 62,
        "juz": 22,
        "manzil": 5,
        "page": 426,
        "ruku": 368,
        "hizbQuarter": 171,
        "sajda": false,
        "audioArabic": [
          "https://cdn.jsdelivr.net/gh/Salimbd71/ArabicQuran@main/33/62.mp3"
        ],
        "audioBangla": [
          "https://cdn.jsdelivr.net/gh/Salimbd71/BanglaQuran@main/33/62.mp3"
        ]
      },
      {
        "number": 3596,
        "audio": "https://cdn.islamic.network/quran/audio/128/ar.mahermuaiqly/3596.mp3",
        "audioSecondary": [
          "https://cdn.islamic.network/quran/audio/64/ar.mahermuaiqly/3596.mp3"
        ],
        "text": "يَسْـَٔلُكَ ٱلنَّاسُ عَنِ ٱلسَّاعَةِ ۖ قُلْ إِنَّمَا عِلْمُهَا عِندَ ٱللَّهِ ۚ وَمَا يُدْرِيكَ لَعَلَّ ٱلسَّاعَةَ تَكُونُ قَرِيبًا",
        "numberInSurah": 63,
        "juz": 22,
        "manzil": 5,
        "page": 427,
        "ruku": 368,
        "hizbQuarter": 171,
        "sajda": false,
        "audioArabic": [
          "https://cdn.jsdelivr.net/gh/Salimbd71/ArabicQuran@main/33/63.mp3"
        ],
        "audioBangla": [
          "https://cdn.jsdelivr.net/gh/Salimbd71/BanglaQuran@main/33/63.mp3"
        ]
      },
      {
        "number": 3597,
        "audio": "https://cdn.islamic.network/quran/audio/128/ar.mahermuaiqly/3597.mp3",
        "audioSecondary": [
          "https://cdn.islamic.network/quran/audio/64/ar.mahermuaiqly/3597.mp3"
        ],
        "text": "إِنَّ ٱللَّهَ لَعَنَ ٱلْكَٰفِرِينَ وَأَعَدَّ لَهُمْ سَعِيرًا",
        "numberInSurah": 64,
        "juz": 22,
        "manzil": 5,
        "page": 427,
        "ruku": 368,
        "hizbQuarter": 171,
        "sajda": false,
        "audioArabic": [
          "https://cdn.jsdelivr.net/gh/Salimbd71/ArabicQuran@main/33/64.mp3"
        ],
        "audioBangla": [
          "https://cdn.jsdelivr.net/gh/Salimbd71/BanglaQuran@main/33/64.mp3"
        ]
      },
      {
        "number": 3598,
        "audio": "https://cdn.islamic.network/quran/audio/128/ar.mahermuaiqly/3598.mp3",
        "audioSecondary": [
          "https://cdn.islamic.network/quran/audio/64/ar.mahermuaiqly/3598.mp3"
        ],
        "text": "خَٰلِدِينَ فِيهَآ أَبَدًۭا ۖ لَّا يَجِدُونَ وَلِيًّۭا وَلَا نَصِيرًۭا",
        "numberInSurah": 65,
        "juz": 22,
        "manzil": 5,
        "page": 427,
        "ruku": 368,
        "hizbQuarter": 171,
        "sajda": false,
        "audioArabic": [
          "https://cdn.jsdelivr.net/gh/Salimbd71/ArabicQuran@main/33/65.mp3"
        ],
        "audioBangla": [
          "https://cdn.jsdelivr.net/gh/Salimbd71/BanglaQuran@main/33/65.mp3"
        ]
      },
      {
        "number": 3599,
        "audio": "https://cdn.islamic.network/quran/audio/128/ar.mahermuaiqly/3599.mp3",
        "audioSecondary": [
          "https://cdn.islamic.network/quran/audio/64/ar.mahermuaiqly/3599.mp3"
        ],
        "text": "يَوْمَ تُقَلَّبُ وُجُوهُهُمْ فِى ٱلنَّارِ يَقُولُونَ يَٰلَيْتَنَآ أَطَعْنَا ٱللَّهَ وَأَطَعْنَا ٱلرَّسُولَا۠",
        "numberInSurah": 66,
        "juz": 22,
        "manzil": 5,
        "page": 427,
        "ruku": 368,
        "hizbQuarter": 171,
        "sajda": false,
        "audioArabic": [
          "https://cdn.jsdelivr.net/gh/Salimbd71/ArabicQuran@main/33/66.mp3"
        ],
        "audioBangla": [
          "https://cdn.jsdelivr.net/gh/Salimbd71/BanglaQuran@main/33/66.mp3"
        ]
      },
      {
        "number": 3600,
        "audio": "https://cdn.islamic.network/quran/audio/128/ar.mahermuaiqly/3600.mp3",
        "audioSecondary": [
          "https://cdn.islamic.network/quran/audio/64/ar.mahermuaiqly/3600.mp3"
        ],
        "text": "وَقَالُوا۟ رَبَّنَآ إِنَّآ أَطَعْنَا سَادَتَنَا وَكُبَرَآءَنَا فَأَضَلُّونَا ٱلسَّبِيلَا۠",
        "numberInSurah": 67,
        "juz": 22,
        "manzil": 5,
        "page": 427,
        "ruku": 368,
        "hizbQuarter": 171,
        "sajda": false,
        "audioArabic": [
          "https://cdn.jsdelivr.net/gh/Salimbd71/ArabicQuran@main/33/67.mp3"
        ],
        "audioBangla": [
          "https://cdn.jsdelivr.net/gh/Salimbd71/BanglaQuran@main/33/67.mp3"
        ]
      },
      {
        "number": 3601,
        "audio": "https://cdn.islamic.network/quran/audio/128/ar.mahermuaiqly/3601.mp3",
        "audioSecondary": [
          "https://cdn.islamic.network/quran/audio/64/ar.mahermuaiqly/3601.mp3"
        ],
        "text": "رَبَّنَآ ءَاتِهِمْ ضِعْفَيْنِ مِنَ ٱلْعَذَابِ وَٱلْعَنْهُمْ لَعْنًۭا كَبِيرًۭا",
        "numberInSurah": 68,
        "juz": 22,
        "manzil": 5,
        "page": 427,
        "ruku": 368,
        "hizbQuarter": 171,
        "sajda": false,
        "audioArabic": [
          "https://cdn.jsdelivr.net/gh/Salimbd71/ArabicQuran@main/33/68.mp3"
        ],
        "audioBangla": [
          "https://cdn.jsdelivr.net/gh/Salimbd71/BanglaQuran@main/33/68.mp3"
        ]
      },
      {
        "number": 3602,
        "audio": "https://cdn.islamic.network/quran/audio/128/ar.mahermuaiqly/3602.mp3",
        "audioSecondary": [
          "https://cdn.islamic.network/quran/audio/64/ar.mahermuaiqly/3602.mp3"
        ],
        "text": "يَٰٓأَيُّهَا ٱلَّذِينَ ءَامَنُوا۟ لَا تَكُونُوا۟ كَٱلَّذِينَ ءَاذَوْا۟ مُوسَىٰ فَبَرَّأَهُ ٱللَّهُ مِمَّا قَالُوا۟ ۚ وَكَانَ عِندَ ٱللَّهِ وَجِيهًۭا",
        "numberInSurah": 69,
        "juz": 22,
        "manzil": 5,
        "page": 427,
        "ruku": 369,
        "hizbQuarter": 171,
        "sajda": false,
        "audioArabic": [
          "https://cdn.jsdelivr.net/gh/Salimbd71/ArabicQuran@main/33/69.mp3"
        ],
        "audioBangla": [
          "https://cdn.jsdelivr.net/gh/Salimbd71/BanglaQuran@main/33/69.mp3"
        ]
      },
      {
        "number": 3603,
        "audio": "https://cdn.islamic.network/quran/audio/128/ar.mahermuaiqly/3603.mp3",
        "audioSecondary": [
          "https://cdn.islamic.network/quran/audio/64/ar.mahermuaiqly/3603.mp3"
        ],
        "text": "يَٰٓأَيُّهَا ٱلَّذِينَ ءَامَنُوا۟ ٱتَّقُوا۟ ٱللَّهَ وَقُولُوا۟ قَوْلًۭا سَدِيدًۭا",
        "numberInSurah": 70,
        "juz": 22,
        "manzil": 5,
        "page": 427,
        "ruku": 369,
        "hizbQuarter": 171,
        "sajda": false,
        "audioArabic": [
          "https://cdn.jsdelivr.net/gh/Salimbd71/ArabicQuran@main/33/70.mp3"
        ],
        "audioBangla": [
          "https://cdn.jsdelivr.net/gh/Salimbd71/BanglaQuran@main/33/70.mp3"
        ]
      },
      {
        "number": 3604,
        "audio": "https://cdn.islamic.network/quran/audio/128/ar.mahermuaiqly/3604.mp3",
        "audioSecondary": [
          "https://cdn.islamic.network/quran/audio/64/ar.mahermuaiqly/3604.mp3"
        ],
        "text": "يُصْلِحْ لَكُمْ أَعْمَٰلَكُمْ وَيَغْفِرْ لَكُمْ ذُنُوبَكُمْ ۗ وَمَن يُطِعِ ٱللَّهَ وَرَسُولَهُۥ فَقَدْ فَازَ فَوْزًا عَظِيمًا",
        "numberInSurah": 71,
        "juz": 22,
        "manzil": 5,
        "page": 427,
        "ruku": 369,
        "hizbQuarter": 171,
        "sajda": false,
        "audioArabic": [
          "https://cdn.jsdelivr.net/gh/Salimbd71/ArabicQuran@main/33/71.mp3"
        ],
        "audioBangla": [
          "https://cdn.jsdelivr.net/gh/Salimbd71/BanglaQuran@main/33/71.mp3"
        ]
      },
      {
        "number": 3605,
        "audio": "https://cdn.islamic.network/quran/audio/128/ar.mahermuaiqly/3605.mp3",
        "audioSecondary": [
          "https://cdn.islamic.network/quran/audio/64/ar.mahermuaiqly/3605.mp3"
        ],
        "text": "إِنَّا عَرَضْنَا ٱلْأَمَانَةَ عَلَى ٱلسَّمَٰوَٰتِ وَٱلْأَرْضِ وَٱلْجِبَالِ فَأَبَيْنَ أَن يَحْمِلْنَهَا وَأَشْفَقْنَ مِنْهَا وَحَمَلَهَا ٱلْإِنسَٰنُ ۖ إِنَّهُۥ كَانَ ظَلُومًۭا جَهُولًۭا",
        "numberInSurah": 72,
        "juz": 22,
        "manzil": 5,
        "page": 427,
        "ruku": 369,
        "hizbQuarter": 171,
        "sajda": false,
        "audioArabic": [
          "https://cdn.jsdelivr.net/gh/Salimbd71/ArabicQuran@main/33/72.mp3"
        ],
        "audioBangla": [
          "https://cdn.jsdelivr.net/gh/Salimbd71/BanglaQuran@main/33/72.mp3"
        ]
      },
      {
        "number": 3606,
        "audio": "https://cdn.islamic.network/quran/audio/128/ar.mahermuaiqly/3606.mp3",
        "audioSecondary": [
          "https://cdn.islamic.network/quran/audio/64/ar.mahermuaiqly/3606.mp3"
        ],
        "text": "لِّيُعَذِّبَ ٱللَّهُ ٱلْمُنَٰفِقِينَ وَٱلْمُنَٰفِقَٰتِ وَٱلْمُشْرِكِينَ وَٱلْمُشْرِكَٰتِ وَيَتُوبَ ٱللَّهُ عَلَى ٱلْمُؤْمِنِينَ وَٱلْمُؤْمِنَٰتِ ۗ وَكَانَ ٱللَّهُ غَفُورًۭا رَّحِيمًۢا",
        "numberInSurah": 73,
        "juz": 22,
        "manzil": 5,
        "page": 427,
        "ruku": 369,
        "hizbQuarter": 171,
        "sajda": false,
        "audioArabic": [
          "https://cdn.jsdelivr.net/gh/Salimbd71/ArabicQuran@main/33/73.mp3"
        ],
        "audioBangla": [
          "https://cdn.jsdelivr.net/gh/Salimbd71/BanglaQuran@main/33/73.mp3"
        ]
      }
    ],
    "edition": {
      "identifier": "ar.mahermuaiqly",
      "language": "ar",
      "name": "ماهر المعيقلي",
      "englishName": "Maher Al Muaiqly",
      "format": "audio",
      "type": "versebyverse",
      "direction": null
    }
  }
}