{
  "code": 200,
  "status": "OK",
  "data": {
    "number": 23,
    "name": "سُورَةُ المُؤۡمِنُونَ",
    "englishName": "Al-Muminoon",
    "englishNameTranslation": "The Believers",
    "revelationType": "Meccan",
    "numberOfAyahs": 118,
    "ayahs": [
      {
        "number": 2674,
        "audio": "https://everyayah.com/data/Abdurrahmaan_As-Sudais_64kbps/023001.mp3",
        "audioSecondary": [
          "https://cdn.islamic.network/quran/audio/64/ar.abdurrahmaansudais/2674.mp3"
        ],
        "text": "بِسْمِ ٱللَّهِ ٱلرَّحْمَٰنِ ٱلرَّحِيمِ قَدْ أَفْلَحَ ٱلْمُؤْمِنُونَ",
        "numberInSurah": 1,
        "juz": 18,
        "manzil": 4,
        "page": 342,
        "ruku": 295,
        "hizbQuarter": 137,
        "sajda": false,
        "audioArabic": [
          "https://cdn.jsdelivr.net/gh/Salimbd71/ArabicQuran@main/23/1.mp3"
        ],
        "audioBangla": [
          "https://cdn.jsdelivr.net/gh/Salimbd71/BanglaQuran@main/23/1.mp3"
        ]
      },
      {
        "number": 2675,
        "audio": "https://everyayah.com/data/Abdurrahmaan_As-Sudais_64kbps/023002.mp3",
        "audioSecondary": [
          "https://cdn.islamic.network/quran/audio/64/ar.abdurrahmaansudais/2675.mp3"
        ],
        "text": "ٱلَّذِينَ هُمْ فِى صَلَاتِهِمْ خَٰشِعُونَ",
        "numberInSurah": 2,
        "juz": 18,
        "manzil": 4,
        "page": 342,
        "ruku": 295,
        "hizbQuarter": 137,
        "sajda": false,
        "audioArabic": [
          "https://cdn.jsdelivr.net/gh/Salimbd71/ArabicQuran@main/23/2.mp3"
        ],
        "audioBangla": [
          "https://cdn.jsdelivr.net/gh/Salimbd71/BanglaQuran@main/23/2.mp3"
        ]
      },
      {
        "number": 2676,
        "audio": "https://everyayah.com/data/Abdurrahmaan_As-Sudais_64kbps/023003.mp3",
        "audioSecondary": [
          "https://cdn.islamic.network/quran/audio/64/ar.abdurrahmaansudais/2676.mp3"
        ],
        "text": "وَٱلَّذِينَ هُمْ عَنِ ٱللَّغْوِ مُعْرِضُونَ",
        "numberInSurah": 3,
        "juz": 18,
        "manzil": 4,
        "page": 342,
        "ruku": 295,
        "hizbQuarter": 137,
        "sajda": false,
        "audioArabic": [
          "https://cdn.jsdelivr.net/gh/Salimbd71/ArabicQuran@main/23/3.mp3"
        ],
        "audioBangla": [
          "https://cdn.jsdelivr.net/gh/Salimbd71/BanglaQuran@main/23/3.mp3"
        ]
      },
      {
        "number": 2677,
        "audio": "https://everyayah.com/data/Abdurrahmaan_As-Sudais_64kbps/023004.mp3",
        "audioSecondary": [
          "https://cdn.islamic.network/quran/audio/64/ar.abdurrahmaansudais/2677.mp3"
        ],
        "text": "وَٱلَّذِينَ هُمْ لِلزَّكَوٰةِ فَٰعِلُونَ",
        "numberInSurah": 4,
        "juz": 18,
        "manzil": 4,
        "page": 342,
        "ruku": 295,
        "hizbQuarter": 137,
        "sajda": false,
        "audioArabic": [
          "https://cdn.jsdelivr.net/gh/Salimbd71/ArabicQuran@main/23/4.mp3"
        ],
        "audioBangla": [
          "https://cdn.jsdelivr.net/gh/Salimbd71/BanglaQuran@main/23/4.mp3"
        ]
      },
      {
        "number": 2678,
        "audio": "https://everyayah.com/data/Abdurrahmaan_As-Sudais_64kbps/023005.mp3",
        "audioSecondary": [
          "https://cdn.islamic.network/quran/audio/64/ar.abdurrahmaansudais/2678.mp3"
        ],
        "text": "وَٱلَّذِينَ هُمْ لِفُرُوجِهِمْ حَٰفِظُونَ",
        "numberInSurah": 5,
        "juz": 18,
        "manzil": 4,
        "page": 342,
        "ruku": 295,
        "hizbQuarter": 137,
        "sajda": false,
        "audioArabic": [
          "https://cdn.jsdelivr.net/gh/Salimbd71/ArabicQuran@main/23/5.mp3"
        ],
        "audioBangla": [
          "https://cdn.jsdelivr.net/gh/Salimbd71/BanglaQuran@main/23/5.mp3"
        ]
      },
      {
        "number": 2679,
        "audio": "https://everyayah.com/data/Abdurrahmaan_As-Sudais_64kbps/023006.mp3",
        "audioSecondary": [
          "https://cdn.islamic.network/quran/audio/64/ar.abdurrahmaansudais/2679.mp3"
        ],
        "text": "إِلَّا عَلَىٰٓ أَزْوَٰجِهِمْ أَوْ مَا مَلَكَتْ أَيْمَٰنُهُمْ فَإِنَّهُمْ غَيْرُ مَلُومِينَ",
        "numberInSurah": 6,
        "juz": 18,
        "manzil": 4,
        "page": 342,
        "ruku": 295,
        "hizbQuarter": 137,
        "sajda": false,
        "audioArabic": [
          "https://cdn.jsdelivr.net/gh/Salimbd71/ArabicQuran@main/23/6.mp3"
        ],
        "audioBangla": [
          "https://cdn.jsdelivr.net/gh/Salimbd71/BanglaQuran@main/23/6.mp3"
        ]
      },
      {
        "number": 2680,
        "audio": "https://everyayah.com/data/Abdurrahmaan_As-Sudais_64kbps/023007.mp3",
        "audioSecondary": [
          "https://cdn.islamic.network/quran/audio/64/ar.abdurrahmaansudais/2680.mp3"
        ],
        "text": "فَمَنِ ٱبْتَغَىٰ وَرَآءَ ذَٰلِكَ فَأُو۟لَٰٓئِكَ هُمُ ٱلْعَادُونَ",
        "numberInSurah": 7,
        "juz": 18,
        "manzil": 4,
        "page": 342,
        "ruku": 295,
        "hizbQuarter": 137,
        "sajda": false,
        "audioArabic": [
          "https://cdn.jsdelivr.net/gh/Salimbd71/ArabicQuran@main/23/7.mp3"
        ],
        "audioBangla": [
          "https://cdn.jsdelivr.net/gh/Salimbd71/BanglaQuran@main/23/7.mp3"
        ]
      },
      {
        "number": 2681,
        "audio": "https://everyayah.com/data/Abdurrahmaan_As-Sudais_64kbps/023008.mp3",
        "audioSecondary": [
          "https://cdn.islamic.network/quran/audio/64/ar.abdurrahmaansudais/2681.mp3"
        ],
        "text": "وَٱلَّذِينَ هُمْ لِأَمَٰنَٰتِهِمْ وَعَهْدِهِمْ رَٰعُونَ",
        "numberInSurah": 8,
        "juz": 18,
        "manzil": 4,
        "page": 342,
        "ruku": 295,
        "hizbQuarter": 137,
        "sajda": false,
        "audioArabic": [
          "https://cdn.jsdelivr.net/gh/Salimbd71/ArabicQuran@main/23/8.mp3"
        ],
        "audioBangla": [
          "https://cdn.jsdelivr.net/gh/Salimbd71/BanglaQuran@main/23/8.mp3"
        ]
      },
      {
        "number": 2682,
        "audio": "https://everyayah.com/data/Abdurrahmaan_As-Sudais_64kbps/023009.mp3",
        "audioSecondary": [
          "https://cdn.islamic.network/quran/audio/64/ar.abdurrahmaansudais/2682.mp3"
        ],
        "text": "وَٱلَّذِينَ هُمْ عَلَىٰ صَلَوَٰتِهِمْ يُحَافِظُونَ",
        "numberInSurah": 9,
        "juz": 18,
        "manzil": 4,
        "page": 342,
        "ruku": 295,
        "hizbQuarter": 137,
        "sajda": false,
        "audioArabic": [
          "https://cdn.jsdelivr.net/gh/Salimbd71/ArabicQuran@main/23/9.mp3"
        ],
        "audioBangla": [
          "https://cdn.jsdelivr.net/gh/Salimbd71/BanglaQuran@main/23/9.mp3"
        ]
      },
      {
        "number": 2683,
        "audio": "https://everyayah.com/data/Abdurrahmaan_As-Sudais_64kbps/023010.mp3",
        "audioSecondary": [
          "https://cdn.islamic.network/quran/audio/64/ar.abdurrahmaansudais/2683.mp3"
        ],
        "text": "أُو۟لَٰٓئِكَ هُمُ ٱلْوَٰرِثُونَ",
        "numberInSurah": 10,
        "juz": 18,
        "manzil": 4,
        "page": 342,
        "ruku": 295,
        "hizbQuarter": 137,
        "sajda": false,
        "audioArabic": [
          "https://cdn.jsdelivr.net/gh/Salimbd71/ArabicQuran@main/23/10.mp3"
        ],
        "audioBangla": [
          "https://cdn.jsdelivr.net/gh/Salimbd71/BanglaQuran@main/23/10.mp3"
        ]
      },
      {
        "number": 2684,
        "audio": "https://everyayah.com/data/Abdurrahmaan_As-Sudais_64kbps/023011.mp3",
        "audioSecondary": [
          "https://cdn.islamic.network/quran/audio/64/ar.abdurrahmaansudais/2684.mp3"
        ],
        "text": "ٱلَّذِينَ يَرِثُونَ ٱلْفِرْدَوْسَ هُمْ فِيهَا خَٰلِدُونَ",
        "numberInSurah": 11,
        "juz": 18,
        "manzil": 4,
        "page": 342,
        "ruku": 295,
        "hizbQuarter": 137,
        "sajda": false,
        "audioArabic": [
          "https://cdn.jsdelivr.net/gh/Salimbd71/ArabicQuran@main/23/11.mp3"
        ],
        "audioBangla": [
          "https://cdn.jsdelivr.net/gh/Salimbd71/BanglaQuran@main/23/11.mp3"
        ]
      },
      {
        "number": 2685,
        "audio": "https://everyayah.com/data/Abdurrahmaan_As-Sudais_64kbps/023012.mp3",
        "audioSecondary": [
          "https://cdn.islamic.network/quran/audio/64/ar.abdurrahmaansudais/2685.mp3"
        ],
        "text": "وَلَقَدْ خَلَقْنَا ٱلْإِنسَٰنَ مِن سُلَٰلَةٍۢ مِّن طِينٍۢ",
        "numberInSurah": 12,
        "juz": 18,
        "manzil": 4,
        "page": 342,
        "ruku": 295,
        "hizbQuarter": 137,
        "sajda": false,
        "audioArabic": [
          "https://cdn.jsdelivr.net/gh/Salimbd71/ArabicQuran@main/23/12.mp3"
        ],
        "audioBangla": [
          "https://cdn.jsdelivr.net/gh/Salimbd71/BanglaQuran@main/23/12.mp3"
        ]
      },
      {
        "number": 2686,
        "audio": "https://everyayah.com/data/Abdurrahmaan_As-Sudais_64kbps/023013.mp3",
        "audioSecondary": [
          "https://cdn.islamic.network/quran/audio/64/ar.abdurrahmaansudais/2686.mp3"
        ],
        "text": "ثُمَّ جَعَلْنَٰهُ نُطْفَةًۭ فِى قَرَارٍۢ مَّكِينٍۢ",
        "numberInSurah": 13,
        "juz": 18,
        "manzil": 4,
        "page": 342,
        "ruku": 295,
        "hizbQuarter": 137,
        "sajda": false,
        "audioArabic": [
          "https://cdn.jsdelivr.net/gh/Salimbd71/ArabicQuran@main/23/13.mp3"
        ],
        "audioBangla": [
          "https://cdn.jsdelivr.net/gh/Salimbd71/BanglaQuran@main/23/13.mp3"
        ]
      },
      {
        "number": 2687,
        "audio": "https://everyayah.com/data/Abdurrahmaan_As-Sudais_64kbps/023014.mp3",
        "audioSecondary": [
          "https://cdn.islamic.network/quran/audio/64/ar.abdurrahmaansudais/2687.mp3"
        ],
        "text": "ثُمَّ خَلَقْنَا ٱلنُّطْفَةَ عَلَقَةًۭ فَخَلَقْنَا ٱلْعَلَقَةَ مُضْغَةًۭ فَخَلَقْنَا ٱلْمُضْغَةَ عِظَٰمًۭا فَكَسَوْنَا ٱلْعِظَٰمَ لَحْمًۭا ثُمَّ أَنشَأْنَٰهُ خَلْقًا ءَاخَرَ ۚ فَتَبَارَكَ ٱللَّهُ أَحْسَنُ ٱلْخَٰلِقِينَ",
        "numberInSurah": 14,
        "juz": 18,
        "manzil": 4,
        "page": 342,
        "ruku": 295,
        "hizbQuarter": 137,
        "sajda": false,
        "audioArabic": [
          "https://cdn.jsdelivr.net/gh/Salimbd71/ArabicQuran@main/23/14.mp3"
        ],
        "audioBangla": [
          "https://cdn.jsdelivr.net/gh/Salimbd71/BanglaQuran@main/23/14.mp3"
        ]
      },
      {
        "number": 2688,
        "audio": "https://everyayah.com/data/Abdurrahmaan_As-Sudais_64kbps/023015.mp3",
        "audioSecondary": [
          "https://cdn.islamic.network/quran/audio/64/ar.abdurrahmaansudais/2688.mp3"
        ],
        "text": "ثُمَّ إِنَّكُم بَعْدَ ذَٰلِكَ لَمَيِّتُونَ",
        "numberInSurah": 15,
        "juz": 18,
        "manzil": 4,
        "page": 342,
        "ruku": 295,
        "hizbQuarter": 137,
        "sajda": false,
        "audioArabic": [
          "https://cdn.jsdelivr.net/gh/Salimbd71/ArabicQuran@main/23/15.mp3"
        ],
        "audioBangla": [
          "https://cdn.jsdelivr.net/gh/Salimbd71/BanglaQuran@main/23/15.mp3"
        ]
      },
      {
        "number": 2689,
        "audio": "https://everyayah.com/data/Abdurrahmaan_As-Sudais_64kbps/023016.mp3",
        "audioSecondary": [
          "https://cdn.islamic.network/quran/audio/64/ar.abdurrahmaansudais/2689.mp3"
        ],
        "text": "ثُمَّ إِنَّكُمْ يَوْمَ ٱلْقِيَٰمَةِ تُبْعَثُونَ",
        "numberInSurah": 16,
        "juz": 18,
        "manzil": 4,
        "page": 342,
        "ruku": 295,
        "hizbQuarter": 137,
        "sajda": false,
        "audioArabic": [
          "https://cdn.jsdelivr.net/gh/Salimbd71/ArabicQuran@main/23/16.mp3"
        ],
        "audioBangla": [
          "https://cdn.jsdelivr.net/gh/Salimbd71/BanglaQuran@main/23/16.mp3"
        ]
      },
      {
        "number": 2690,
        "audio": "https://everyayah.com/data/Abdurrahmaan_As-Sudais_64kbps/023017.mp3",
        "audioSecondary": [
          "https://cdn.islamic.network/quran/audio/64/ar.abdurrahmaansudais/2690.mp3"
        ],
        "text": "وَلَقَدْ خَلَقْنَا فَوْقَكُمْ سَبْعَ طَرَآئِقَ وَمَا كُنَّا عَنِ ٱلْخَلْقِ غَٰفِلِينَ",
        "numberInSurah": 17,
        "juz": 18,
        "manzil": 4,
        "page": 342,
        "ruku": 295,
        "hizbQuarter": 137,
        "sajda": false,
        "audioArabic": [
          "https://cdn.jsdelivr.net/gh/Salimbd71/ArabicQuran@main/23/17.mp3"
        ],
        "audioBangla": [
          "https://cdn.jsdelivr.net/gh/Salimbd71/BanglaQuran@main/23/17.mp3"
        ]
      },
      {
        "number": 2691,
        "audio": "https://everyayah.com/data/Abdurrahmaan_As-Sudais_64kbps/023018.mp3",
        "audioSecondary": [
          "https://cdn.islamic.network/quran/audio/64/ar.abdurrahmaansudais/2691.mp3"
        ],
        "text": "وَأَنزَلْنَا مِنَ ٱلسَّمَآءِ مَآءًۢ بِقَدَرٍۢ فَأَسْكَنَّٰهُ فِى ٱلْأَرْضِ ۖ وَإِنَّا عَلَىٰ ذَهَابٍۭ بِهِۦ لَقَٰدِرُونَ",
        "numberInSurah": 18,
        "juz": 18,
        "manzil": 4,
        "page": 343,
        "ruku": 295,
        "hizbQuarter": 137,
        "sajda": false,
        "audioArabic": [
          "https://cdn.jsdelivr.net/gh/Salimbd71/ArabicQuran@main/23/18.mp3"
        ],
        "audioBangla": [
          "https://cdn.jsdelivr.net/gh/Salimbd71/BanglaQuran@main/23/18.mp3"
        ]
      },
      {
        "number": 2692,
        "audio": "https://everyayah.com/data/Abdurrahmaan_As-Sudais_64kbps/023019.mp3",
        "audioSecondary": [
          "https://cdn.islamic.network/quran/audio/64/ar.abdurrahmaansudais/2692.mp3"
        ],
        "text": "فَأَنشَأْنَا لَكُم بِهِۦ جَنَّٰتٍۢ مِّن نَّخِيلٍۢ وَأَعْنَٰبٍۢ لَّكُمْ فِيهَا فَوَٰكِهُ كَثِيرَةٌۭ وَمِنْهَا تَأْكُلُونَ",
        "numberInSurah": 19,
        "juz": 18,
        "manzil": 4,
        "page": 343,
        "ruku": 295,
        "hizbQuarter": 137,
        "sajda": false,
        "audioArabic": [
          "https://cdn.jsdelivr.net/gh/Salimbd71/ArabicQuran@main/23/19.mp3"
        ],
        "audioBangla": [
          "https://cdn.jsdelivr.net/gh/Salimbd71/BanglaQuran@main/23/19.mp3"
        ]
      },
      {
        "number": 2693,
        "audio": "https://everyayah.com/data/Abdurrahmaan_As-Sudais_64kbps/023020.mp3",
        "audioSecondary": [
          "https://cdn.islamic.network/quran/audio/64/ar.abdurrahmaansudais/2693.mp3"
        ],
        "text": "وَشَجَرَةًۭ تَخْرُجُ مِن طُورِ سَيْنَآءَ تَنۢبُتُ بِٱلدُّهْنِ وَصِبْغٍۢ لِّلْءَاكِلِينَ",
        "numberInSurah": 20,
        "juz": 18,
        "manzil": 4,
        "page": 343,
        "ruku": 295,
        "hizbQuarter": 137,
        "sajda": false,
        "audioArabic": [
          "https://cdn.jsdelivr.net/gh/Salimbd71/ArabicQuran@main/23/20.mp3"
        ],
        "audioBangla": [
          "https://cdn.jsdelivr.net/gh/Salimbd71/BanglaQuran@main/23/20.mp3"
        ]
      },
      {
        "number": 2694,
        "audio": "https://everyayah.com/data/Abdurrahmaan_As-Sudais_64kbps/023021.mp3",
        "audioSecondary": [
          "https://cdn.islamic.network/quran/audio/64/ar.abdurrahmaansudais/2694.mp3"
        ],
        "text": "وَإِنَّ لَكُمْ فِى ٱلْأَنْعَٰمِ لَعِبْرَةًۭ ۖ نُّسْقِيكُم مِّمَّا فِى بُطُونِهَا وَلَكُمْ فِيهَا مَنَٰفِعُ كَثِيرَةٌۭ وَمِنْهَا تَأْكُلُونَ",
        "numberInSurah": 21,
        "juz": 18,
        "manzil": 4,
        "page": 343,
        "ruku": 295,
        "hizbQuarter": 137,
        "sajda": false,
        "audioArabic": [
          "https://cdn.jsdelivr.net/gh/Salimbd71/ArabicQuran@main/23/21.mp3"
        ],
        "audioBangla": [
          "https://cdn.jsdelivr.net/gh/Salimbd71/BanglaQuran@main/23/21.mp3"
        ]
      },
      {
        "number": 2695,
        "audio": "https://everyayah.com/data/Abdurrahmaan_As-Sudais_64kbps/023022.mp3",
        "audioSecondary": [
          "https://cdn.islamic.network/quran/audio/64/ar.abdurrahmaansudais/2695.mp3"
        ],
        "text": "وَعَلَيْهَا وَعَلَى ٱلْفُلْكِ تُحْمَلُونَ",
        "numberInSurah": 22,
        "juz": 18,
        "manzil": 4,
        "page": 343,
        "ruku": 295,
        "hizbQuarter": 137,
        "sajda": false,
        "audioArabic": [
          "https://cdn.jsdelivr.net/gh/Salimbd71/ArabicQuran@main/23/22.mp3"
        ],
        "audioBangla": [
          "https://cdn.jsdelivr.net/gh/Salimbd71/BanglaQuran@main/23/22.mp3"
        ]
      },
      {
        "number": 2696,
        "audio": "https://everyayah.com/data/Abdurrahmaan_As-Sudais_64kbps/023023.mp3",
        "audioSecondary": [
          "https://cdn.islamic.network/quran/audio/64/ar.abdurrahmaansudais/2696.mp3"
        ],
        "text": "وَلَقَدْ أَرْسَلْنَا نُوحًا إِلَىٰ قَوْمِهِۦ فَقَالَ يَٰقَوْمِ ٱعْبُدُوا۟ ٱللَّهَ مَا لَكُم مِّنْ إِلَٰهٍ غَيْرُهُۥٓ ۖ أَفَلَا تَتَّقُونَ",
        "numberInSurah": 23,
        "juz": 18,
        "manzil": 4,
        "page": 343,
        "ruku": 296,
        "hizbQuarter": 137,
        "sajda": false,
        "audioArabic": [
          "https://cdn.jsdelivr.net/gh/Salimbd71/ArabicQuran@main/23/23.mp3"
        ],
        "audioBangla": [
          "https://cdn.jsdelivr.net/gh/Salimbd71/BanglaQuran@main/23/23.mp3"
        ]
      },
      {
        "number": 2697,
        "audio": "https://everyayah.com/data/Abdurrahmaan_As-Sudais_64kbps/023024.mp3",
        "audioSecondary": [
          "https://cdn.islamic.network/quran/audio/64/ar.abdurrahmaansudais/2697.mp3"
        ],
        "text": "فَقَالَ ٱلْمَلَؤُا۟ ٱلَّذِينَ كَفَرُوا۟ مِن قَوْمِهِۦ مَا هَٰذَآ إِلَّا بَشَرٌۭ مِّثْلُكُمْ يُرِيدُ أَن يَتَفَضَّلَ عَلَيْكُمْ وَلَوْ شَآءَ ٱللَّهُ لَأَنزَلَ مَلَٰٓئِكَةًۭ مَّا سَمِعْنَا بِهَٰذَا فِىٓ ءَابَآئِنَا ٱلْأَوَّلِينَ",
        "numberInSurah": 24,
        "juz": 18,
        "manzil": 4,
        "page": 343,
        "ruku": 296,
        "hizbQuarter": 137,
        "sajda": false,
        "audioArabic": [
          "https://cdn.jsdelivr.net/gh/Salimbd71/ArabicQuran@main/23/24.mp3"
        ],
        "audioBangla": [
          "https://cdn.jsdelivr.net/gh/Salimbd71/BanglaQuran@main/23/24.mp3"
        ]
      },
      {
        "number": 2698,
        "audio": "https://everyayah.com/data/Abdurrahmaan_As-Sudais_64kbps/023025.mp3",
        "audioSecondary": [
          "https://cdn.islamic.network/quran/audio/64/ar.abdurrahmaansudais/2698.mp3"
        ],
        "text": "إِنْ هُوَ إِلَّا رَجُلٌۢ بِهِۦ جِنَّةٌۭ فَتَرَبَّصُوا۟ بِهِۦ حَتَّىٰ حِينٍۢ",
        "numberInSurah": 25,
        "juz": 18,
        "manzil": 4,
        "page": 343,
        "ruku": 296,
        "hizbQuarter": 137,
        "sajda": false,
        "audioArabic": [
          "https://cdn.jsdelivr.net/gh/Salimbd71/ArabicQuran@main/23/25.mp3"
        ],
        "audioBangla": [
          "https://cdn.jsdelivr.net/gh/Salimbd71/BanglaQuran@main/23/25.mp3"
        ]
      },
      {
        "number": 2699,
        "audio": "https://everyayah.com/data/Abdurrahmaan_As-Sudais_64kbps/023026.mp3",
        "audioSecondary": [
          "https://cdn.islamic.network/quran/audio/64/ar.abdurrahmaansudais/2699.mp3"
        ],
        "text": "قَالَ رَبِّ ٱنصُرْنِى بِمَا كَذَّبُونِ",
        "numberInSurah": 26,
        "juz": 18,
        "manzil": 4,
        "page": 343,
        "ruku": 296,
        "hizbQuarter": 137,
        "sajda": false,
        "audioArabic": [
          "https://cdn.jsdelivr.net/gh/Salimbd71/ArabicQuran@main/23/26.mp3"
        ],
        "audioBangla": [
          "https://cdn.jsdelivr.net/gh/Salimbd71/BanglaQuran@main/23/26.mp3"
        ]
      },
      {
        "number": 2700,
        "audio": "https://everyayah.com/data/Abdurrahmaan_As-Sudais_64kbps/023027.mp3",
        "audioSecondary": [
          "https://cdn.islamic.network/quran/audio/64/ar.abdurrahmaansudais/2700.mp3"
        ],
        "text": "فَأَوْحَيْنَآ إِلَيْهِ أَنِ ٱصْنَعِ ٱلْفُلْكَ بِأَعْيُنِنَا وَوَحْيِنَا فَإِذَا جَآءَ أَمْرُنَا وَفَارَ ٱلتَّنُّورُ ۙ فَٱسْلُكْ فِيهَا مِن كُلٍّۢ زَوْجَيْنِ ٱثْنَيْنِ وَأَهْلَكَ إِلَّا مَن سَبَقَ عَلَيْهِ ٱلْقَوْلُ مِنْهُمْ ۖ وَلَا تُخَٰطِبْنِى فِى ٱلَّذِينَ ظَلَمُوٓا۟ ۖ إِنَّهُم مُّغْرَقُونَ",
        "numberInSurah": 27,
        "juz": 18,
        "manzil": 4,
        "page": 343,
        "ruku": 296,
        "hizbQuarter": 137,
        "sajda": false,
        "audioArabic": [
          "https://cdn.jsdelivr.net/gh/Salimbd71/ArabicQuran@main/23/27.mp3"
        ],
        "audioBangla": [
          "https://cdn.jsdelivr.net/gh/Salimbd71/BanglaQuran@main/23/27.mp3"
        ]
      },
      {
        "number": 2701,
        "audio": "https://everyayah.com/data/Abdurrahmaan_As-Sudais_64kbps/023028.mp3",
        "audioSecondary": [
          "https://cdn.islamic.network/quran/audio/64/ar.abdurrahmaansudais/2701.mp3"
        ],
        "text": "فَإِذَا ٱسْتَوَيْتَ أَنتَ وَمَن مَّعَكَ عَلَى ٱلْفُلْكِ فَقُلِ ٱلْحَمْدُ لِلَّهِ ٱلَّذِى نَجَّىٰنَا مِنَ ٱلْقَوْمِ ٱلظَّٰلِمِينَ",
        "numberInSurah": 28,
        "juz": 18,
        "manzil": 4,
        "page": 344,
        "ruku": 296,
        "hizbQuarter": 137,
        "sajda": false,
        "audioArabic": [
          "https://cdn.jsdelivr.net/gh/Salimbd71/ArabicQuran@main/23/28.mp3"
        ],
        "audioBangla": [
          "https://cdn.jsdelivr.net/gh/Salimbd71/BanglaQuran@main/23/28.mp3"
        ]
      },
      {
        "number": 2702,
        "audio": "https://everyayah.com/data/Abdurrahmaan_As-Sudais_64kbps/023029.mp3",
        "audioSecondary": [
          "https://cdn.islamic.network/quran/audio/64/ar.abdurrahmaansudais/2702.mp3"
        ],
        "text": "وَقُل رَّبِّ أَنزِلْنِى مُنزَلًۭا مُّبَارَكًۭا وَأَنتَ خَيْرُ ٱلْمُنزِلِينَ",
        "numberInSurah": 29,
        "juz": 18,
        "manzil": 4,
        "page": 344,
        "ruku": 296,
        "hizbQuarter": 137,
        "sajda": false,
        "audioArabic": [
          "https://cdn.jsdelivr.net/gh/Salimbd71/ArabicQuran@main/23/29.mp3"
        ],
        "audioBangla": [
          "https://cdn.jsdelivr.net/gh/Salimbd71/BanglaQuran@main/23/29.mp3"
        ]
      },
      {
        "number": 2703,
        "audio": "https://everyayah.com/data/Abdurrahmaan_As-Sudais_64kbps/023030.mp3",
        "audioSecondary": [
          "https://cdn.islamic.network/quran/audio/64/ar.abdurrahmaansudais/2703.mp3"
        ],
        "text": "إِنَّ فِى ذَٰلِكَ لَءَايَٰتٍۢ وَإِن كُنَّا لَمُبْتَلِينَ",
        "numberInSurah": 30,
        "juz": 18,
        "manzil": 4,
        "page": 344,
        "ruku": 296,
        "hizbQuarter": 137,
        "sajda": false,
        "audioArabic": [
          "https://cdn.jsdelivr.net/gh/Salimbd71/ArabicQuran@main/23/30.mp3"
        ],
        "audioBangla": [
          "https://cdn.jsdelivr.net/gh/Salimbd71/BanglaQuran@main/23/30.mp3"
        ]
      },
      {
        "number": 2704,
        "audio": "https://everyayah.com/data/Abdurrahmaan_As-Sudais_64kbps/023031.mp3",
        "audioSecondary": [
          "https://cdn.islamic.network/quran/audio/64/ar.abdurrahmaansudais/2704.mp3"
        ],
        "text": "ثُمَّ أَنشَأْنَا مِنۢ بَعْدِهِمْ قَرْنًا ءَاخَرِينَ",
        "numberInSurah": 31,
        "juz": 18,
        "manzil": 4,
        "page": 344,
        "ruku": 296,
        "hizbQuarter": 137,
        "sajda": false,
        "audioArabic": [
          "https://cdn.jsdelivr.net/gh/Salimbd71/ArabicQuran@main/23/31.mp3"
        ],
        "audioBangla": [
          "https://cdn.jsdelivr.net/gh/Salimbd71/BanglaQuran@main/23/31.mp3"
        ]
      },
      {
        "number": 2705,
        "audio": "https://everyayah.com/data/Abdurrahmaan_As-Sudais_64kbps/023032.mp3",
        "audioSecondary": [
          "https://cdn.islamic.network/quran/audio/64/ar.abdurrahmaansudais/2705.mp3"
        ],
        "text": "فَأَرْسَلْنَا فِيهِمْ رَسُولًۭا مِّنْهُمْ أَنِ ٱعْبُدُوا۟ ٱللَّهَ مَا لَكُم مِّنْ إِلَٰهٍ غَيْرُهُۥٓ ۖ أَفَلَا تَتَّقُونَ",
        "numberInSurah": 32,
        "juz": 18,
        "manzil": 4,
        "page": 344,
        "ruku": 296,
        "hizbQuarter": 137,
        "sajda": false,
        "audioArabic": [
          "https://cdn.jsdelivr.net/gh/Salimbd71/ArabicQuran@main/23/32.mp3"
        ],
        "audioBangla": [
          "https://cdn.jsdelivr.net/gh/Salimbd71/BanglaQuran@main/23/32.mp3"
        ]
      },
      {
        "number": 2706,
        "audio": "https://everyayah.com/data/Abdurrahmaan_As-Sudais_64kbps/023033.mp3",
        "audioSecondary": [
          "https://cdn.islamic.network/quran/audio/64/ar.abdurrahmaansudais/2706.mp3"
        ],
        "text": "وَقَالَ ٱلْمَلَأُ مِن قَوْمِهِ ٱلَّذِينَ كَفَرُوا۟ وَكَذَّبُوا۟ بِلِقَآءِ ٱلْءَاخِرَةِ وَأَتْرَفْنَٰهُمْ فِى ٱلْحَيَوٰةِ ٱلدُّنْيَا مَا هَٰذَآ إِلَّا بَشَرٌۭ مِّثْلُكُمْ يَأْكُلُ مِمَّا تَأْكُلُونَ مِنْهُ وَيَشْرَبُ مِمَّا تَشْرَبُونَ",
        "numberInSurah": 33,
        "juz": 18,
        "manzil": 4,
        "page": 344,
        "ruku": 297,
        "hizbQuarter": 137,
        "sajda": false,
        "audioArabic": [
          "https://cdn.jsdelivr.net/gh/Salimbd71/ArabicQuran@main/23/33.mp3"
        ],
        "audioBangla": [
          "https://cdn.jsdelivr.net/gh/Salimbd71/BanglaQuran@main/23/33.mp3"
        ]
      },
      {
        "number": 2707,
        "audio": "https://everyayah.com/data/Abdurrahmaan_As-Sudais_64kbps/023034.mp3",
        "audioSecondary": [
          "https://cdn.islamic.network/quran/audio/64/ar.abdurrahmaansudais/2707.mp3"
        ],
        "text": "وَلَئِنْ أَطَعْتُم بَشَرًۭا مِّثْلَكُمْ إِنَّكُمْ إِذًۭا لَّخَٰسِرُونَ",
        "numberInSurah": 34,
        "juz": 18,
        "manzil": 4,
        "page": 344,
        "ruku": 297,
        "hizbQuarter": 137,
        "sajda": false,
        "audioArabic": [
          "https://cdn.jsdelivr.net/gh/Salimbd71/ArabicQuran@main/23/34.mp3"
        ],
        "audioBangla": [
          "https://cdn.jsdelivr.net/gh/Salimbd71/BanglaQuran@main/23/34.mp3"
        ]
      },
      {
        "number": 2708,
        "audio": "https://everyayah.com/data/Abdurrahmaan_As-Sudais_64kbps/023035.mp3",
        "audioSecondary": [
          "https://cdn.islamic.network/quran/audio/64/ar.abdurrahmaansudais/2708.mp3"
        ],
        "text": "أَيَعِدُكُمْ أَنَّكُمْ إِذَا مِتُّمْ وَكُنتُمْ تُرَابًۭا وَعِظَٰمًا أَنَّكُم مُّخْرَجُونَ",
        "numberInSurah": 35,
        "juz": 18,
        "manzil": 4,
        "page": 344,
        "ruku": 297,
        "hizbQuarter": 137,
        "sajda": false,
        "audioArabic": [
          "https://cdn.jsdelivr.net/gh/Salimbd71/ArabicQuran@main/23/35.mp3"
        ],
        "audioBangla": [
          "https://cdn.jsdelivr.net/gh/Salimbd71/BanglaQuran@main/23/35.mp3"
        ]
      },
      {
        "number": 2709,
        "audio": "https://everyayah.com/data/Abdurrahmaan_As-Sudais_64kbps/023036.mp3",
        "audioSecondary": [
          "https://cdn.islamic.network/quran/audio/64/ar.abdurrahmaansudais/2709.mp3"
        ],
        "text": "۞ هَيْهَاتَ هَيْهَاتَ لِمَا تُوعَدُونَ",
        "numberInSurah": 36,
        "juz": 18,
        "manzil": 4,
        "page": 344,
        "ruku": 297,
        "hizbQuarter": 138,
        "sajda": false,
        "audioArabic": [
          "https://cdn.jsdelivr.net/gh/Salimbd71/ArabicQuran@main/23/36.mp3"
        ],
        "audioBangla": [
          "https://cdn.jsdelivr.net/gh/Salimbd71/BanglaQuran@main/23/36.mp3"
        ]
      },
      {
        "number": 2710,
        "audio": "https://everyayah.com/data/Abdurrahmaan_As-Sudais_64kbps/023037.mp3",
        "audioSecondary": [
          "https://cdn.islamic.network/quran/audio/64/ar.abdurrahmaansudais/2710.mp3"
        ],
        "text": "إِنْ هِىَ إِلَّا حَيَاتُنَا ٱلدُّنْيَا نَمُوتُ وَنَحْيَا وَمَا نَحْنُ بِمَبْعُوثِينَ",
        "numberInSurah": 37,
        "juz": 18,
        "manzil": 4,
        "page": 344,
        "ruku": 297,
        "hizbQuarter": 138,
        "sajda": false,
        "audioArabic": [
          "https://cdn.jsdelivr.net/gh/Salimbd71/ArabicQuran@main/23/37.mp3"
        ],
        "audioBangla": [
          "https://cdn.jsdelivr.net/gh/Salimbd71/BanglaQuran@main/23/37.mp3"
        ]
      },
      {
        "number": 2711,
        "audio": "https://everyayah.com/data/Abdurrahmaan_As-Sudais_64kbps/023038.mp3",
        "audioSecondary": [
          "https://cdn.islamic.network/quran/audio/64/ar.abdurrahmaansudais/2711.mp3"
        ],
        "text": "إِنْ هُوَ إِلَّا رَجُلٌ ٱفْتَرَىٰ عَلَى ٱللَّهِ كَذِبًۭا وَمَا نَحْنُ لَهُۥ بِمُؤْمِنِينَ",
        "numberInSurah": 38,
        "juz": 18,
        "manzil": 4,
        "page": 344,
        "ruku": 297,
        "hizbQuarter": 138,
        "sajda": false,
        "audioArabic": [
          "https://cdn.jsdelivr.net/gh/Salimbd71/ArabicQuran@main/23/38.mp3"
        ],
        "audioBangla": [
          "https://cdn.jsdelivr.net/gh/Salimbd71/BanglaQuran@main/23/38.mp3"
        ]
      },
      {
        "number": 2712,
        "audio": "https://everyayah.com/data/Abdurrahmaan_As-Sudais_64kbps/023039.mp3",
        "audioSecondary": [
          "https://cdn.islamic.network/quran/audio/64/ar.abdurrahmaansudais/2712.mp3"
        ],
        "text": "قَالَ رَبِّ ٱنصُرْنِى بِمَا كَذَّبُونِ",
        "numberInSurah": 39,
        "juz": 18,
        "manzil": 4,
        "page": 344,
        "ruku": 297,
        "hizbQuarter": 138,
        "sajda": false,
        "audioArabic": [
          "https://cdn.jsdelivr.net/gh/Salimbd71/ArabicQuran@main/23/39.mp3"
        ],
        "audioBangla": [
          "https://cdn.jsdelivr.net/gh/Salimbd71/BanglaQuran@main/23/39.mp3"
        ]
      },
      {
        "number": 2713,
        "audio": "https://everyayah.com/data/Abdurrahmaan_As-Sudais_64kbps/023040.mp3",
        "audioSecondary": [
          "https://cdn.islamic.network/quran/audio/64/ar.abdurrahmaansudais/2713.mp3"
        ],
        "text": "قَالَ عَمَّا قَلِيلٍۢ لَّيُصْبِحُنَّ نَٰدِمِينَ",
        "numberInSurah": 40,
        "juz": 18,
        "manzil": 4,
        "page": 344,
        "ruku": 297,
        "hizbQuarter": 138,
        "sajda": false,
        "audioArabic": [
          "https://cdn.jsdelivr.net/gh/Salimbd71/ArabicQuran@main/23/40.mp3"
        ],
        "audioBangla": [
          "https://cdn.jsdelivr.net/gh/Salimbd71/BanglaQuran@main/23/40.mp3"
        ]
      },
      {
        "number": 2714,
        "audio": "https://everyayah.com/data/Abdurrahmaan_As-Sudais_64kbps/023041.mp3",
        "audioSecondary": [
          "https://cdn.islamic.network/quran/audio/64/ar.abdurrahmaansudais/2714.mp3"
        ],
        "text": "فَأَخَذَتْهُمُ ٱلصَّيْحَةُ بِٱلْحَقِّ فَجَعَلْنَٰهُمْ غُثَآءًۭ ۚ فَبُعْدًۭا لِّلْقَوْمِ ٱلظَّٰلِمِينَ",
        "numberInSurah": 41,
        "juz": 18,
        "manzil": 4,
        "page": 344,
        "ruku": 297,
        "hizbQuarter": 138,
        "sajda": false,
        "audioArabic": [
          "https://cdn.jsdelivr.net/gh/Salimbd71/ArabicQuran@main/23/41.mp3"
        ],
        "audioBangla": [
          "https://cdn.jsdelivr.net/gh/Salimbd71/BanglaQuran@main/23/41.mp3"
        ]
      },
      {
        "number": 2715,
        "audio": "https://everyayah.com/data/Abdurrahmaan_As-Sudais_64kbps/023042.mp3",
        "audioSecondary": [
          "https://cdn.islamic.network/quran/audio/64/ar.abdurrahmaansudais/2715.mp3"
        ],
        "text": "ثُمَّ أَنشَأْنَا مِنۢ بَعْدِهِمْ قُرُونًا ءَاخَرِينَ",
        "numberInSurah": 42,
        "juz": 18,
        "manzil": 4,
        "page": 344,
        "ruku": 297,
        "hizbQuarter": 138,
        "sajda": false,
        "audioArabic": [
          "https://cdn.jsdelivr.net/gh/Salimbd71/ArabicQuran@main/23/42.mp3"
        ],
        "audioBangla": [
          "https://cdn.jsdelivr.net/gh/Salimbd71/BanglaQuran@main/23/42.mp3"
        ]
      },
      {
        "number": 2716,
        "audio": "https://everyayah.com/data/Abdurrahmaan_As-Sudais_64kbps/023043.mp3",
        "audioSecondary": [
          "https://cdn.islamic.network/quran/audio/64/ar.abdurrahmaansudais/2716.mp3"
        ],
        "text": "مَا تَسْبِقُ مِنْ أُمَّةٍ أَجَلَهَا وَمَا يَسْتَـْٔخِرُونَ",
        "numberInSurah": 43,
        "juz": 18,
        "manzil": 4,
        "page": 345,
        "ruku": 297,
        "hizbQuarter": 138,
        "sajda": false,
        "audioArabic": [
          "https://cdn.jsdelivr.net/gh/Salimbd71/ArabicQuran@main/23/43.mp3"
        ],
        "audioBangla": [
          "https://cdn.jsdelivr.net/gh/Salimbd71/BanglaQuran@main/23/43.mp3"
        ]
      },
      {
        "number": 2717,
        "audio": "https://everyayah.com/data/Abdurrahmaan_As-Sudais_64kbps/023044.mp3",
        "audioSecondary": [
          "https://cdn.islamic.network/quran/audio/64/ar.abdurrahmaansudais/2717.mp3"
        ],
        "text": "ثُمَّ أَرْسَلْنَا رُسُلَنَا تَتْرَا ۖ كُلَّ مَا جَآءَ أُمَّةًۭ رَّسُولُهَا كَذَّبُوهُ ۚ فَأَتْبَعْنَا بَعْضَهُم بَعْضًۭا وَجَعَلْنَٰهُمْ أَحَادِيثَ ۚ فَبُعْدًۭا لِّقَوْمٍۢ لَّا يُؤْمِنُونَ",
        "numberInSurah": 44,
        "juz": 18,
        "manzil": 4,
        "page": 345,
        "ruku": 297,
        "hizbQuarter": 138,
        "sajda": false,
        "audioArabic": [
          "https://cdn.jsdelivr.net/gh/Salimbd71/ArabicQuran@main/23/44.mp3"
        ],
        "audioBangla": [
          "https://cdn.jsdelivr.net/gh/Salimbd71/BanglaQuran@main/23/44.mp3"
        ]
      },
      {
        "number": 2718,
        "audio": "https://everyayah.com/data/Abdurrahmaan_As-Sudais_64kbps/023045.mp3",
        "audioSecondary": [
          "https://cdn.islamic.network/quran/audio/64/ar.abdurrahmaansudais/2718.mp3"
        ],
        "text": "ثُمَّ أَرْسَلْنَا مُوسَىٰ وَأَخَاهُ هَٰرُونَ بِـَٔايَٰتِنَا وَسُلْطَٰنٍۢ مُّبِينٍ",
        "numberInSurah": 45,
        "juz": 18,
        "manzil": 4,
        "page": 345,
        "ruku": 297,
        "hizbQuarter": 138,
        "sajda": false,
        "audioArabic": [
          "https://cdn.jsdelivr.net/gh/Salimbd71/ArabicQuran@main/23/45.mp3"
        ],
        "audioBangla": [
          "https://cdn.jsdelivr.net/gh/Salimbd71/BanglaQuran@main/23/45.mp3"
        ]
      },
      {
        "number": 2719,
        "audio": "https://everyayah.com/data/Abdurrahmaan_As-Sudais_64kbps/023046.mp3",
        "audioSecondary": [
          "https://cdn.islamic.network/quran/audio/64/ar.abdurrahmaansudais/2719.mp3"
        ],
        "text": "إِلَىٰ فِرْعَوْنَ وَمَلَإِي۟هِۦ فَٱسْتَكْبَرُوا۟ وَكَانُوا۟ قَوْمًا عَالِينَ",
        "numberInSurah": 46,
        "juz": 18,
        "manzil": 4,
        "page": 345,
        "ruku": 297,
        "hizbQuarter": 138,
        "sajda": false,
        "audioArabic": [
          "https://cdn.jsdelivr.net/gh/Salimbd71/ArabicQuran@main/23/46.mp3"
        ],
        "audioBangla": [
          "https://cdn.jsdelivr.net/gh/Salimbd71/BanglaQuran@main/23/46.mp3"
        ]
      },
      {
        "number": 2720,
        "audio": "https://everyayah.com/data/Abdurrahmaan_As-Sudais_64kbps/023047.mp3",
        "audioSecondary": [
          "https://cdn.islamic.network/quran/audio/64/ar.abdurrahmaansudais/2720.mp3"
        ],
        "text": "فَقَالُوٓا۟ أَنُؤْمِنُ لِبَشَرَيْنِ مِثْلِنَا وَقَوْمُهُمَا لَنَا عَٰبِدُونَ",
        "numberInSurah": 47,
        "juz": 18,
        "manzil": 4,
        "page": 345,
        "ruku": 297,
        "hizbQuarter": 138,
        "sajda": false,
        "audioArabic": [
          "https://cdn.jsdelivr.net/gh/Salimbd71/ArabicQuran@main/23/47.mp3"
        ],
        "audioBangla": [
          "https://cdn.jsdelivr.net/gh/Salimbd71/BanglaQuran@main/23/47.mp3"
        ]
      },
      {
        "number": 2721,
        "audio": "https://everyayah.com/data/Abdurrahmaan_As-Sudais_64kbps/023048.mp3",
        "audioSecondary": [
          "https://cdn.islamic.network/quran/audio/64/ar.abdurrahmaansudais/2721.mp3"
        ],
        "text": "فَكَذَّبُوهُمَا فَكَانُوا۟ مِنَ ٱلْمُهْلَكِينَ",
        "numberInSurah": 48,
        "juz": 18,
        "manzil": 4,
        "page": 345,
        "ruku": 297,
        "hizbQuarter": 138,
        "sajda": false,
        "audioArabic": [
          "https://cdn.jsdelivr.net/gh/Salimbd71/ArabicQuran@main/23/48.mp3"
        ],
        "audioBangla": [
          "https://cdn.jsdelivr.net/gh/Salimbd71/BanglaQuran@main/23/48.mp3"
        ]
      },
      {
        "number": 2722,
        "audio": "https://everyayah.com/data/Abdurrahmaan_As-Sudais_64kbps/023049.mp3",
        "audioSecondary": [
          "https://cdn.islamic.network/quran/audio/64/ar.abdurrahmaansudais/2722.mp3"
        ],
        "text": "وَلَقَدْ ءَاتَيْنَا مُوسَى ٱلْكِتَٰبَ لَعَلَّهُمْ يَهْتَدُونَ",
        "numberInSurah": 49,
        "juz": 18,
        "manzil": 4,
        "page": 345,
        "ruku": 297,
        "hizbQuarter": 138,
        "sajda": false,
        "audioArabic": [
          "https://cdn.jsdelivr.net/gh/Salimbd71/ArabicQuran@main/23/49.mp3"
        ],
        "audioBangla": [
          "https://cdn.jsdelivr.net/gh/Salimbd71/BanglaQuran@main/23/49.mp3"
        ]
      },
      {
        "number": 2723,
        "audio": "https://everyayah.com/data/Abdurrahmaan_As-Sudais_64kbps/023050.mp3",
        "audioSecondary": [
          "https://cdn.islamic.network/quran/audio/64/ar.abdurrahmaansudais/2723.mp3"
        ],
        "text": "وَجَعَلْنَا ٱبْنَ مَرْيَمَ وَأُمَّهُۥٓ ءَايَةًۭ وَءَاوَيْنَٰهُمَآ إِلَىٰ رَبْوَةٍۢ ذَاتِ قَرَارٍۢ وَمَعِينٍۢ",
        "numberInSurah": 50,
        "juz": 18,
        "manzil": 4,
        "page": 345,
        "ruku": 297,
        "hizbQuarter": 138,
        "sajda": false,
        "audioArabic": [
          "https://cdn.jsdelivr.net/gh/Salimbd71/ArabicQuran@main/23/50.mp3"
        ],
        "audioBangla": [
          "https://cdn.jsdelivr.net/gh/Salimbd71/BanglaQuran@main/23/50.mp3"
        ]
      },
      {
        "number": 2724,
        "audio": "https://everyayah.com/data/Abdurrahmaan_As-Sudais_64kbps/023051.mp3",
        "audioSecondary": [
          "https://cdn.islamic.network/quran/audio/64/ar.abdurrahmaansudais/2724.mp3"
        ],
        "text": "يَٰٓأَيُّهَا ٱلرُّسُلُ كُلُوا۟ مِنَ ٱلطَّيِّبَٰتِ وَٱعْمَلُوا۟ صَٰلِحًا ۖ إِنِّى بِمَا تَعْمَلُونَ عَلِيمٌۭ",
        "numberInSurah": 51,
        "juz": 18,
        "manzil": 4,
        "page": 345,
        "ruku": 298,
        "hizbQuarter": 138,
        "sajda": false,
        "audioArabic": [
          "https://cdn.jsdelivr.net/gh/Salimbd71/ArabicQuran@main/23/51.mp3"
        ],
        "audioBangla": [
          "https://cdn.jsdelivr.net/gh/Salimbd71/BanglaQuran@main/23/51.mp3"
        ]
      },
      {
        "number": 2725,
        "audio": "https://everyayah.com/data/Abdurrahmaan_As-Sudais_64kbps/023052.mp3",
        "audioSecondary": [
          "https://cdn.islamic.network/quran/audio/64/ar.abdurrahmaansudais/2725.mp3"
        ],
        "text": "وَإِنَّ هَٰذِهِۦٓ أُمَّتُكُمْ أُمَّةًۭ وَٰحِدَةًۭ وَأَنَا۠ رَبُّكُمْ فَٱتَّقُونِ",
        "numberInSurah": 52,
        "juz": 18,
        "manzil": 4,
        "page": 345,
        "ruku": 298,
        "hizbQuarter": 138,
        "sajda": false,
        "audioArabic": [
          "https://cdn.jsdelivr.net/gh/Salimbd71/ArabicQuran@main/23/52.mp3"
        ],
        "audioBangla": [
          "https://cdn.jsdelivr.net/gh/Salimbd71/BanglaQuran@main/23/52.mp3"
        ]
      },
      {
        "number": 2726,
        "audio": "https://everyayah.com/data/Abdurrahmaan_As-Sudais_64kbps/023053.mp3",
        "audioSecondary": [
          "https://cdn.islamic.network/quran/audio/64/ar.abdurrahmaansudais/2726.mp3"
        ],
        "text": "فَتَقَطَّعُوٓا۟ أَمْرَهُم بَيْنَهُمْ زُبُرًۭا ۖ كُلُّ حِزْبٍۭ بِمَا لَدَيْهِمْ فَرِحُونَ",
        "numberInSurah": 53,
        "juz": 18,
        "manzil": 4,
        "page": 345,
        "ruku": 298,
        "hizbQuarter": 138,
        "sajda": false,
        "audioArabic": [
          "https://cdn.jsdelivr.net/gh/Salimbd71/ArabicQuran@main/23/53.mp3"
        ],
        "audioBangla": [
          "https://cdn.jsdelivr.net/gh/Salimbd71/BanglaQuran@main/23/53.mp3"
        ]
      },
      {
        "number": 2727,
        "audio": "https://everyayah.com/data/Abdurrahmaan_As-Sudais_64kbps/023054.mp3",
        "audioSecondary": [
          "https://cdn.islamic.network/quran/audio/64/ar.abdurrahmaansudais/2727.mp3"
        ],
        "text": "فَذَرْهُمْ فِى غَمْرَتِهِمْ حَتَّىٰ حِينٍ",
        "numberInSurah": 54,
        "juz": 18,
        "manzil": 4,
        "page": 345,
        "ruku": 298,
        "hizbQuarter": 138,
        "sajda": false,
        "audioArabic": [
          "https://cdn.jsdelivr.net/gh/Salimbd71/ArabicQuran@main/23/54.mp3"
        ],
        "audioBangla": [
          "https://cdn.jsdelivr.net/gh/Salimbd71/BanglaQuran@main/23/54.mp3"
        ]
      },
      {
        "number": 2728,
        "audio": "https://everyayah.com/data/Abdurrahmaan_As-Sudais_64kbps/023055.mp3",
        "audioSecondary": [
          "https://cdn.islamic.network/quran/audio/64/ar.abdurrahmaansudais/2728.mp3"
        ],
        "text": "أَيَحْسَبُونَ أَنَّمَا نُمِدُّهُم بِهِۦ مِن مَّالٍۢ وَبَنِينَ",
        "numberInSurah": 55,
        "juz": 18,
        "manzil": 4,
        "page": 345,
        "ruku": 298,
        "hizbQuarter": 138,
        "sajda": false,
        "audioArabic": [
          "https://cdn.jsdelivr.net/gh/Salimbd71/ArabicQuran@main/23/55.mp3"
        ],
        "audioBangla": [
          "https://cdn.jsdelivr.net/gh/Salimbd71/BanglaQuran@main/23/55.mp3"
        ]
      },
      {
        "number": 2729,
        "audio": "https://everyayah.com/data/Abdurrahmaan_As-Sudais_64kbps/023056.mp3",
        "audioSecondary": [
          "https://cdn.islamic.network/quran/audio/64/ar.abdurrahmaansudais/2729.mp3"
        ],
        "text": "نُسَارِعُ لَهُمْ فِى ٱلْخَيْرَٰتِ ۚ بَل لَّا يَشْعُرُونَ",
        "numberInSurah": 56,
        "juz": 18,
        "manzil": 4,
        "page": 345,
        "ruku": 298,
        "hizbQuarter": 138,
        "sajda": false,
        "audioArabic": [
          "https://cdn.jsdelivr.net/gh/Salimbd71/ArabicQuran@main/23/56.mp3"
        ],
        "audioBangla": [
          "https://cdn.jsdelivr.net/gh/Salimbd71/BanglaQuran@main/23/56.mp3"
        ]
      },
      {
        "number": 2730,
        "audio": "https://everyayah.com/data/Abdurrahmaan_As-Sudais_64kbps/023057.mp3",
        "audioSecondary": [
          "https://cdn.islamic.network/quran/audio/64/ar.abdurrahmaansudais/2730.mp3"
        ],
        "text": "إِنَّ ٱلَّذِينَ هُم مِّنْ خَشْيَةِ رَبِّهِم مُّشْفِقُونَ",
        "numberInSurah": 57,
        "juz": 18,
        "manzil": 4,
        "page": 345,
        "ruku": 298,
        "hizbQuarter": 138,
        "sajda": false,
        "audioArabic": [
          "https://cdn.jsdelivr.net/gh/Salimbd71/ArabicQuran@main/23/57.mp3"
        ],
        "audioBangla": [
          "https://cdn.jsdelivr.net/gh/Salimbd71/BanglaQuran@main/23/57.mp3"
        ]
      },
      {
        "number": 2731,
        "audio": "https://everyayah.com/data/Abdurrahmaan_As-Sudais_64kbps/023058.mp3",
        "audioSecondary": [
          "https://cdn.islamic.network/quran/audio/64/ar.abdurrahmaansudais/2731.mp3"
        ],
        "text": "وَٱلَّذِينَ هُم بِـَٔايَٰتِ رَبِّهِمْ يُؤْمِنُونَ",
        "numberInSurah": 58,
        "juz": 18,
        "manzil": 4,
        "page": 345,
        "ruku": 298,
        "hizbQuarter": 138,
        "sajda": false,
        "audioArabic": [
          "https://cdn.jsdelivr.net/gh/Salimbd71/ArabicQuran@main/23/58.mp3"
        ],
        "audioBangla": [
          "https://cdn.jsdelivr.net/gh/Salimbd71/BanglaQuran@main/23/58.mp3"
        ]
      },
      {
        "number": 2732,
        "audio": "https://everyayah.com/data/Abdurrahmaan_As-Sudais_64kbps/023059.mp3",
        "audioSecondary": [
          "https://cdn.islamic.network/quran/audio/64/ar.abdurrahmaansudais/2732.mp3"
        ],
        "text": "وَٱلَّذِينَ هُم بِرَبِّهِمْ لَا يُشْرِكُونَ",
        "numberInSurah": 59,
        "juz": 18,
        "manzil": 4,
        "page": 345,
        "ruku": 298,
        "hizbQuarter": 138,
        "sajda": false,
        "audioArabic": [
          "https://cdn.jsdelivr.net/gh/Salimbd71/ArabicQuran@main/23/59.mp3"
        ],
        "audioBangla": [
          "https://cdn.jsdelivr.net/gh/Salimbd71/BanglaQuran@main/23/59.mp3"
        ]
      },
      {
        "number": 2733,
        "audio": "https://everyayah.com/data/Abdurrahmaan_As-Sudais_64kbps/023060.mp3",
        "audioSecondary": [
          "https://cdn.islamic.network/quran/audio/64/ar.abdurrahmaansudais/2733.mp3"
        ],
        "text": "وَٱلَّذِينَ يُؤْتُونَ مَآ ءَاتَوا۟ وَّقُلُوبُهُمْ وَجِلَةٌ أَنَّهُمْ إِلَىٰ رَبِّهِمْ رَٰجِعُونَ",
        "numberInSurah": 60,
        "juz": 18,
        "manzil": 4,
        "page": 346,
        "ruku": 298,
        "hizbQuarter": 138,
        "sajda": false,
        "audioArabic": [
          "https://cdn.jsdelivr.net/gh/Salimbd71/ArabicQuran@main/23/60.mp3"
        ],
        "audioBangla": [
          "https://cdn.jsdelivr.net/gh/Salimbd71/BanglaQuran@main/23/60.mp3"
        ]
      },
      {
        "number": 2734,
        "audio": "https://everyayah.com/data/Abdurrahmaan_As-Sudais_64kbps/023061.mp3",
        "audioSecondary": [
          "https://cdn.islamic.network/quran/audio/64/ar.abdurrahmaansudais/2734.mp3"
        ],
        "text": "أُو۟لَٰٓئِكَ يُسَٰرِعُونَ فِى ٱلْخَيْرَٰتِ وَهُمْ لَهَا سَٰبِقُونَ",
        "numberInSurah": 61,
        "juz": 18,
        "manzil": 4,
        "page": 346,
        "ruku": 298,
        "hizbQuarter": 138,
        "sajda": false,
        "audioArabic": [
          "https://cdn.jsdelivr.net/gh/Salimbd71/ArabicQuran@main/23/61.mp3"
        ],
        "audioBangla": [
          "https://cdn.jsdelivr.net/gh/Salimbd71/BanglaQuran@main/23/61.mp3"
        ]
      },
      {
        "number": 2735,
        "audio": "https://everyayah.com/data/Abdurrahmaan_As-Sudais_64kbps/023062.mp3",
        "audioSecondary": [
          "https://cdn.islamic.network/quran/audio/64/ar.abdurrahmaansudais/2735.mp3"
        ],
        "text": "وَلَا نُكَلِّفُ نَفْسًا إِلَّا وُسْعَهَا ۖ وَلَدَيْنَا كِتَٰبٌۭ يَنطِقُ بِٱلْحَقِّ ۚ وَهُمْ لَا يُظْلَمُونَ",
        "numberInSurah": 62,
        "juz": 18,
        "manzil": 4,
        "page": 346,
        "ruku": 298,
        "hizbQuarter": 138,
        "sajda": false,
        "audioArabic": [
          "https://cdn.jsdelivr.net/gh/Salimbd71/ArabicQuran@main/23/62.mp3"
        ],
        "audioBangla": [
          "https://cdn.jsdelivr.net/gh/Salimbd71/BanglaQuran@main/23/62.mp3"
        ]
      },
      {
        "number": 2736,
        "audio": "https://everyayah.com/data/Abdurrahmaan_As-Sudais_64kbps/023063.mp3",
        "audioSecondary": [
          "https://cdn.islamic.network/quran/audio/64/ar.abdurrahmaansudais/2736.mp3"
        ],
        "text": "بَلْ قُلُوبُهُمْ فِى غَمْرَةٍۢ مِّنْ هَٰذَا وَلَهُمْ أَعْمَٰلٌۭ مِّن دُونِ ذَٰلِكَ هُمْ لَهَا عَٰمِلُونَ",
        "numberInSurah": 63,
        "juz": 18,
        "manzil": 4,
        "page": 346,
        "ruku": 298,
        "hizbQuarter": 138,
        "sajda": false,
        "audioArabic": [
          "https://cdn.jsdelivr.net/gh/Salimbd71/ArabicQuran@main/23/63.mp3"
        ],
        "audioBangla": [
          "https://cdn.jsdelivr.net/gh/Salimbd71/BanglaQuran@main/23/63.mp3"
        ]
      },
      {
        "number": 2737,
        "audio": "https://everyayah.com/data/Abdurrahmaan_As-Sudais_64kbps/023064.mp3",
        "audioSecondary": [
          "https://cdn.islamic.network/quran/audio/64/ar.abdurrahmaansudais/2737.mp3"
        ],
        "text": "حَتَّىٰٓ إِذَآ أَخَذْنَا مُتْرَفِيهِم بِٱلْعَذَابِ إِذَا هُمْ يَجْـَٔرُونَ",
        "numberInSurah": 64,
        "juz": 18,
        "manzil": 4,
        "page": 346,
        "ruku": 298,
        "hizbQuarter": 138,
        "sajda": false,
        "audioArabic": [
          "https://cdn.jsdelivr.net/gh/Salimbd71/ArabicQuran@main/23/64.mp3"
        ],
        "audioBangla": [
          "https://cdn.jsdelivr.net/gh/Salimbd71/BanglaQuran@main/23/64.mp3"
        ]
      },
      {
        "number": 2738,
        "audio": "https://everyayah.com/data/Abdurrahmaan_As-Sudais_64kbps/023065.mp3",
        "audioSecondary": [
          "https://cdn.islamic.network/quran/audio/64/ar.abdurrahmaansudais/2738.mp3"
        ],
        "text": "لَا تَجْـَٔرُوا۟ ٱلْيَوْمَ ۖ إِنَّكُم مِّنَّا لَا تُنصَرُونَ",
        "numberInSurah": 65,
        "juz": 18,
        "manzil": 4,
        "page": 346,
        "ruku": 298,
        "hizbQuarter": 138,
        "sajda": false,
        "audioArabic": [
          "https://cdn.jsdelivr.net/gh/Salimbd71/ArabicQuran@main/23/65.mp3"
        ],
        "audioBangla": [
          "https://cdn.jsdelivr.net/gh/Salimbd71/BanglaQuran@main/23/65.mp3"
        ]
      },
      {
        "number": 2739,
        "audio": "https://everyayah.com/data/Abdurrahmaan_As-Sudais_64kbps/023066.mp3",
        "audioSecondary": [
          "https://cdn.islamic.network/quran/audio/64/ar.abdurrahmaansudais/2739.mp3"
        ],
        "text": "قَدْ كَانَتْ ءَايَٰتِى تُتْلَىٰ عَلَيْكُمْ فَكُنتُمْ عَلَىٰٓ أَعْقَٰبِكُمْ تَنكِصُونَ",
        "numberInSurah": 66,
        "juz": 18,
        "manzil": 4,
        "page": 346,
        "ruku": 298,
        "hizbQuarter": 138,
        "sajda": false,
        "audioArabic": [
          "https://cdn.jsdelivr.net/gh/Salimbd71/ArabicQuran@main/23/66.mp3"
        ],
        "audioBangla": [
          "https://cdn.jsdelivr.net/gh/Salimbd71/BanglaQuran@main/23/66.mp3"
        ]
      },
      {
        "number": 2740,
        "audio": "https://everyayah.com/data/Abdurrahmaan_As-Sudais_64kbps/023067.mp3",
        "audioSecondary": [
          "https://cdn.islamic.network/quran/audio/64/ar.abdurrahmaansudais/2740.mp3"
        ],
        "text": "مُسْتَكْبِرِينَ بِهِۦ سَٰمِرًۭا تَهْجُرُونَ",
        "numberInSurah": 67,
        "juz": 18,
        "manzil": 4,
        "page": 346,
        "ruku": 298,
        "hizbQuarter": 138,
        "sajda": false,
        "audioArabic": [
          "https://cdn.jsdelivr.net/gh/Salimbd71/ArabicQuran@main/23/67.mp3"
        ],
        "audioBangla": [
          "https://cdn.jsdelivr.net/gh/Salimbd71/BanglaQuran@main/23/67.mp3"
        ]
      },
      {
        "number": 2741,
        "audio": "https://everyayah.com/data/Abdurrahmaan_As-Sudais_64kbps/023068.mp3",
        "audioSecondary": [
          "https://cdn.islamic.network/quran/audio/64/ar.abdurrahmaansudais/2741.mp3"
        ],
        "text": "أَفَلَمْ يَدَّبَّرُوا۟ ٱلْقَوْلَ أَمْ جَآءَهُم مَّا لَمْ يَأْتِ ءَابَآءَهُمُ ٱلْأَوَّلِينَ",
        "numberInSurah": 68,
        "juz": 18,
        "manzil": 4,
        "page": 346,
        "ruku": 298,
        "hizbQuarter": 138,
        "sajda": false,
        "audioArabic": [
          "https://cdn.jsdelivr.net/gh/Salimbd71/ArabicQuran@main/23/68.mp3"
        ],
        "audioBangla": [
          "https://cdn.jsdelivr.net/gh/Salimbd71/BanglaQuran@main/23/68.mp3"
        ]
      },
      {
        "number": 2742,
        "audio": "https://everyayah.com/data/Abdurrahmaan_As-Sudais_64kbps/023069.mp3",
        "audioSecondary": [
          "https://cdn.islamic.network/quran/audio/64/ar.abdurrahmaansudais/2742.mp3"
        ],
        "text": "أَمْ لَمْ يَعْرِفُوا۟ رَسُولَهُمْ فَهُمْ لَهُۥ مُنكِرُونَ",
        "numberInSurah": 69,
        "juz": 18,
        "manzil": 4,
        "page": 346,
        "ruku": 298,
        "hizbQuarter": 138,
        "sajda": false,
        "audioArabic": [
          "https://cdn.jsdelivr.net/gh/Salimbd71/ArabicQuran@main/23/69.mp3"
        ],
        "audioBangla": [
          "https://cdn.jsdelivr.net/gh/Salimbd71/BanglaQuran@main/23/69.mp3"
        ]
      },
      {
        "number": 2743,
        "audio": "https://everyayah.com/data/Abdurrahmaan_As-Sudais_64kbps/023070.mp3",
        "audioSecondary": [
          "https://cdn.islamic.network/quran/audio/64/ar.abdurrahmaansudais/2743.mp3"
        ],
        "text": "أَمْ يَقُولُونَ بِهِۦ جِنَّةٌۢ ۚ بَلْ جَآءَهُم بِٱلْحَقِّ وَأَكْثَرُهُمْ لِلْحَقِّ كَٰرِهُونَ",
        "numberInSurah": 70,
        "juz": 18,
        "manzil": 4,
        "page": 346,
        "ruku": 298,
        "hizbQuarter": 138,
        "sajda": false,
        "audioArabic": [
          "https://cdn.jsdelivr.net/gh/Salimbd71/ArabicQuran@main/23/70.mp3"
        ],
        "audioBangla": [
          "https://cdn.jsdelivr.net/gh/Salimbd71/BanglaQuran@main/23/70.mp3"
        ]
      },
      {
        "number": 2744,
        "audio": "https://everyayah.com/data/Abdurrahmaan_As-Sudais_64kbps/023071.mp3",
        "audioSecondary": [
          "https://cdn.islamic.network/quran/audio/64/ar.abdurrahmaansudais/2744.mp3"
        ],
        "text": "وَلَوِ ٱتَّبَعَ ٱلْحَقُّ أَهْوَآءَهُمْ لَفَسَدَتِ ٱلسَّمَٰوَٰتُ وَٱلْأَرْضُ وَمَن فِيهِنَّ ۚ بَلْ أَتَيْنَٰهُم بِذِكْرِهِمْ فَهُمْ عَن ذِكْرِهِم مُّعْرِضُونَ",
        "numberInSurah": 71,
        "juz": 18,
        "manzil": 4,
        "page": 346,
        "ruku": 298,
        "hizbQuarter": 138,
        "sajda": false,
        "audioArabic": [
          "https://cdn.jsdelivr.net/gh/Salimbd71/ArabicQuran@main/23/71.mp3"
        ],
        "audioBangla": [
          "https://cdn.jsdelivr.net/gh/Salimbd71/BanglaQuran@main/23/71.mp3"
        ]
      },
      {
        "number": 2745,
        "audio": "https://everyayah.com/data/Abdurrahmaan_As-Sudais_64kbps/023072.mp3",
        "audioSecondary": [
          "https://cdn.islamic.network/quran/audio/64/ar.abdurrahmaansudais/2745.mp3"
        ],
        "text": "أَمْ تَسْـَٔلُهُمْ خَرْجًۭا فَخَرَاجُ رَبِّكَ خَيْرٌۭ ۖ وَهُوَ خَيْرُ ٱلرَّٰزِقِينَ",
        "numberInSurah": 72,
        "juz": 18,
        "manzil": 4,
        "page": 346,
        "ruku": 298,
        "hizbQuarter": 138,
        "sajda": false,
        "audioArabic": [
          "https://cdn.jsdelivr.net/gh/Salimbd71/ArabicQuran@main/23/72.mp3"
        ],
        "audioBangla": [
          "https://cdn.jsdelivr.net/gh/Salimbd71/BanglaQuran@main/23/72.mp3"
        ]
      },
      {
        "number": 2746,
        "audio": "https://everyayah.com/data/Abdurrahmaan_As-Sudais_64kbps/023073.mp3",
        "audioSecondary": [
          "https://cdn.islamic.network/quran/audio/64/ar.abdurrahmaansudais/2746.mp3"
        ],
        "text": "وَإِنَّكَ لَتَدْعُوهُمْ إِلَىٰ صِرَٰطٍۢ مُّسْتَقِيمٍۢ",
        "numberInSurah": 73,
        "juz": 18,
        "manzil": 4,
        "page": 346,
        "ruku": 298,
        "hizbQuarter": 138,
        "sajda": false,
        "audioArabic": [
          "https://cdn.jsdelivr.net/gh/Salimbd71/ArabicQuran@main/23/73.mp3"
        ],
        "audioBangla": [
          "https://cdn.jsdelivr.net/gh/Salimbd71/BanglaQuran@main/23/73.mp3"
        ]
      },
      {
        "number": 2747,
        "audio": "https://everyayah.com/data/Abdurrahmaan_As-Sudais_64kbps/023074.mp3",
        "audioSecondary": [
          "https://cdn.islamic.network/quran/audio/64/ar.abdurrahmaansudais/2747.mp3"
        ],
        "text": "وَإِنَّ ٱلَّذِينَ لَا يُؤْمِنُونَ بِٱلْءَاخِرَةِ عَنِ ٱلصِّرَٰطِ لَنَٰكِبُونَ",
        "numberInSurah": 74,
        "juz": 18,
        "manzil": 4,
        "page": 346,
        "ruku": 298,
        "hizbQuarter": 138,
        "sajda": false,
        "audioArabic": [
          "https://cdn.jsdelivr.net/gh/Salimbd71/ArabicQuran@main/23/74.mp3"
        ],
        "audioBangla": [
          "https://cdn.jsdelivr.net/gh/Salimbd71/BanglaQuran@main/23/74.mp3"
        ]
      },
      {
        "number": 2748,
        "audio": "https://everyayah.com/data/Abdurrahmaan_As-Sudais_64kbps/023075.mp3",
        "audioSecondary": [
          "https://cdn.islamic.network/quran/audio/64/ar.abdurrahmaansudais/2748.mp3"
        ],
        "text": "۞ وَلَوْ رَحِمْنَٰهُمْ وَكَشَفْنَا مَا بِهِم مِّن ضُرٍّۢ لَّلَجُّوا۟ فِى طُغْيَٰنِهِمْ يَعْمَهُونَ",
        "numberInSurah": 75,
        "juz": 18,
        "manzil": 4,
        "page": 347,
        "ruku": 298,
        "hizbQuarter": 139,
        "sajda": false,
        "audioArabic": [
          "https://cdn.jsdelivr.net/gh/Salimbd71/ArabicQuran@main/23/75.mp3"
        ],
        "audioBangla": [
          "https://cdn.jsdelivr.net/gh/Salimbd71/BanglaQuran@main/23/75.mp3"
        ]
      },
      {
        "number": 2749,
        "audio": "https://everyayah.com/data/Abdurrahmaan_As-Sudais_64kbps/023076.mp3",
        "audioSecondary": [
          "https://cdn.islamic.network/quran/audio/64/ar.abdurrahmaansudais/2749.mp3"
        ],
        "text": "وَلَقَدْ أَخَذْنَٰهُم بِٱلْعَذَابِ فَمَا ٱسْتَكَانُوا۟ لِرَبِّهِمْ وَمَا يَتَضَرَّعُونَ",
        "numberInSurah": 76,
        "juz": 18,
        "manzil": 4,
        "page": 347,
        "ruku": 298,
        "hizbQuarter": 139,
        "sajda": false,
        "audioArabic": [
          "https://cdn.jsdelivr.net/gh/Salimbd71/ArabicQuran@main/23/76.mp3"
        ],
        "audioBangla": [
          "https://cdn.jsdelivr.net/gh/Salimbd71/BanglaQuran@main/23/76.mp3"
        ]
      },
      {
        "number": 2750,
        "audio": "https://everyayah.com/data/Abdurrahmaan_As-Sudais_64kbps/023077.mp3",
        "audioSecondary": [
          "https://cdn.islamic.network/quran/audio/64/ar.abdurrahmaansudais/2750.mp3"
        ],
        "text": "حَتَّىٰٓ إِذَا فَتَحْنَا عَلَيْهِم بَابًۭا ذَا عَذَابٍۢ شَدِيدٍ إِذَا هُمْ فِيهِ مُبْلِسُونَ",
        "numberInSurah": 77,
        "juz": 18,
        "manzil": 4,
        "page": 347,
        "ruku": 298,
        "hizbQuarter": 139,
        "sajda": false,
        "audioArabic": [
          "https://cdn.jsdelivr.net/gh/Salimbd71/ArabicQuran@main/23/77.mp3"
        ],
        "audioBangla": [
          "https://cdn.jsdelivr.net/gh/Salimbd71/BanglaQuran@main/23/77.mp3"
        ]
      },
      {
        "number": 2751,
        "audio": "https://everyayah.com/data/Abdurrahmaan_As-Sudais_64kbps/023078.mp3",
        "audioSecondary": [
          "https://cdn.islamic.network/quran/audio/64/ar.abdurrahmaansudais/2751.mp3"
        ],
        "text": "وَهُوَ ٱلَّذِىٓ أَنشَأَ لَكُمُ ٱلسَّمْعَ وَٱلْأَبْصَٰرَ وَٱلْأَفْـِٔدَةَ ۚ قَلِيلًۭا مَّا تَشْكُرُونَ",
        "numberInSurah": 78,
        "juz": 18,
        "manzil": 4,
        "page": 347,
        "ruku": 299,
        "hizbQuarter": 139,
        "sajda": false,
        "audioArabic": [
          "https://cdn.jsdelivr.net/gh/Salimbd71/ArabicQuran@main/23/78.mp3"
        ],
        "audioBangla": [
          "https://cdn.jsdelivr.net/gh/Salimbd71/BanglaQuran@main/23/78.mp3"
        ]
      },
      {
        "number": 2752,
        "audio": "https://everyayah.com/data/Abdurrahmaan_As-Sudais_64kbps/023079.mp3",
        "audioSecondary": [
          "https://cdn.islamic.network/quran/audio/64/ar.abdurrahmaansudais/2752.mp3"
        ],
        "text": "وَهُوَ ٱلَّذِى ذَرَأَكُمْ فِى ٱلْأَرْضِ وَإِلَيْهِ تُحْشَرُونَ",
        "numberInSurah": 79,
        "juz": 18,
        "manzil": 4,
        "page": 347,
        "ruku": 299,
        "hizbQuarter": 139,
        "sajda": false,
        "audioArabic": [
          "https://cdn.jsdelivr.net/gh/Salimbd71/ArabicQuran@main/23/79.mp3"
        ],
        "audioBangla": [
          "https://cdn.jsdelivr.net/gh/Salimbd71/BanglaQuran@main/23/79.mp3"
        ]
      },
      {
        "number": 2753,
        "audio": "https://everyayah.com/data/Abdurrahmaan_As-Sudais_64kbps/023080.mp3",
        "audioSecondary": [
          "https://cdn.islamic.network/quran/audio/64/ar.abdurrahmaansudais/2753.mp3"
        ],
        "text": "وَهُوَ ٱلَّذِى يُحْىِۦ وَيُمِيتُ وَلَهُ ٱخْتِلَٰفُ ٱلَّيْلِ وَٱلنَّهَارِ ۚ أَفَلَا تَعْقِلُونَ",
        "numberInSurah": 80,
        "juz": 18,
        "manzil": 4,
        "page": 347,
        "ruku": 299,
        "hizbQuarter": 139,
        "sajda": false,
        "audioArabic": [
          "https://cdn.jsdelivr.net/gh/Salimbd71/ArabicQuran@main/23/80.mp3"
        ],
        "audioBangla": [
          "https://cdn.jsdelivr.net/gh/Salimbd71/BanglaQuran@main/23/80.mp3"
        ]
      },
      {
        "number": 2754,
        "audio": "https://everyayah.com/data/Abdurrahmaan_As-Sudais_64kbps/023081.mp3",
        "audioSecondary": [
          "https://cdn.islamic.network/quran/audio/64/ar.abdurrahmaansudais/2754.mp3"
        ],
        "text": "بَلْ قَالُوا۟ مِثْلَ مَا قَالَ ٱلْأَوَّلُونَ",
        "numberInSurah": 81,
        "juz": 18,
        "manzil": 4,
        "page": 347,
        "ruku": 299,
        "hizbQuarter": 139,
        "sajda": false,
        "audioArabic": [
          "https://cdn.jsdelivr.net/gh/Salimbd71/ArabicQuran@main/23/81.mp3"
        ],
        "audioBangla": [
          "https://cdn.jsdelivr.net/gh/Salimbd71/BanglaQuran@main/23/81.mp3"
        ]
      },
      {
        "number": 2755,
        "audio": "https://everyayah.com/data/Abdurrahmaan_As-Sudais_64kbps/023082.mp3",
        "audioSecondary": [
          "https://cdn.islamic.network/quran/audio/64/ar.abdurrahmaansudais/2755.mp3"
        ],
        "text": "قَالُوٓا۟ أَءِذَا مِتْنَا وَكُنَّا تُرَابًۭا وَعِظَٰمًا أَءِنَّا لَمَبْعُوثُونَ",
        "numberInSurah": 82,
        "juz": 18,
        "manzil": 4,
        "page": 347,
        "ruku": 299,
        "hizbQuarter": 139,
        "sajda": false,
        "audioArabic": [
          "https://cdn.jsdelivr.net/gh/Salimbd71/ArabicQuran@main/23/82.mp3"
        ],
        "audioBangla": [
          "https://cdn.jsdelivr.net/gh/Salimbd71/BanglaQuran@main/23/82.mp3"
        ]
      },
      {
        "number": 2756,
        "audio": "https://everyayah.com/data/Abdurrahmaan_As-Sudais_64kbps/023083.mp3",
        "audioSecondary": [
          "https://cdn.islamic.network/quran/audio/64/ar.abdurrahmaansudais/2756.mp3"
        ],
        "text": "لَقَدْ وُعِدْنَا نَحْنُ وَءَابَآؤُنَا هَٰذَا مِن قَبْلُ إِنْ هَٰذَآ إِلَّآ أَسَٰطِيرُ ٱلْأَوَّلِينَ",
        "numberInSurah": 83,
        "juz": 18,
        "manzil": 4,
        "page": 347,
        "ruku": 299,
        "hizbQuarter": 139,
        "sajda": false,
        "audioArabic": [
          "https://cdn.jsdelivr.net/gh/Salimbd71/ArabicQuran@main/23/83.mp3"
        ],
        "audioBangla": [
          "https://cdn.jsdelivr.net/gh/Salimbd71/BanglaQuran@main/23/83.mp3"
        ]
      },
      {
        "number": 2757,
        "audio": "https://everyayah.com/data/Abdurrahmaan_As-Sudais_64kbps/023084.mp3",
        "audioSecondary": [
          "https://cdn.islamic.network/quran/audio/64/ar.abdurrahmaansudais/2757.mp3"
        ],
        "text": "قُل لِّمَنِ ٱلْأَرْضُ وَمَن فِيهَآ إِن كُنتُمْ تَعْلَمُونَ",
        "numberInSurah": 84,
        "juz": 18,
        "manzil": 4,
        "page": 347,
        "ruku": 299,
        "hizbQuarter": 139,
        "sajda": false,
        "audioArabic": [
          "https://cdn.jsdelivr.net/gh/Salimbd71/ArabicQuran@main/23/84.mp3"
        ],
        "audioBangla": [
          "https://cdn.jsdelivr.net/gh/Salimbd71/BanglaQuran@main/23/84.mp3"
        ]
      },
      {
        "number": 2758,
        "audio": "https://everyayah.com/data/Abdurrahmaan_As-Sudais_64kbps/023085.mp3",
        "audioSecondary": [
          "https://cdn.islamic.network/quran/audio/64/ar.abdurrahmaansudais/2758.mp3"
        ],
        "text": "سَيَقُولُونَ لِلَّهِ ۚ قُلْ أَفَلَا تَذَكَّرُونَ",
        "numberInSurah": 85,
        "juz": 18,
        "manzil": 4,
        "page": 347,
        "ruku": 299,
        "hizbQuarter": 139,
        "sajda": false,
        "audioArabic": [
          "https://cdn.jsdelivr.net/gh/Salimbd71/ArabicQuran@main/23/85.mp3"
        ],
        "audioBangla": [
          "https://cdn.jsdelivr.net/gh/Salimbd71/BanglaQuran@main/23/85.mp3"
        ]
      },
      {
        "number": 2759,
        "audio": "https://everyayah.com/data/Abdurrahmaan_As-Sudais_64kbps/023086.mp3",
        "audioSecondary": [
          "https://cdn.islamic.network/quran/audio/64/ar.abdurrahmaansudais/2759.mp3"
        ],
        "text": "قُلْ مَن رَّبُّ ٱلسَّمَٰوَٰتِ ٱلسَّبْعِ وَرَبُّ ٱلْعَرْشِ ٱلْعَظِيمِ",
        "numberInSurah": 86,
        "juz": 18,
        "manzil": 4,
        "page": 347,
        "ruku": 299,
        "hizbQuarter": 139,
        "sajda": false,
        "audioArabic": [
          "https://cdn.jsdelivr.net/gh/Salimbd71/ArabicQuran@main/23/86.mp3"
        ],
        "audioBangla": [
          "https://cdn.jsdelivr.net/gh/Salimbd71/BanglaQuran@main/23/86.mp3"
        ]
      },
      {
        "number": 2760,
        "audio": "https://everyayah.com/data/Abdurrahmaan_As-Sudais_64kbps/023087.mp3",
        "audioSecondary": [
          "https://cdn.islamic.network/quran/audio/64/ar.abdurrahmaansudais/2760.mp3"
        ],
        "text": "سَيَقُولُونَ لِلَّهِ ۚ قُلْ أَفَلَا تَتَّقُونَ",
        "numberInSurah": 87,
        "juz": 18,
        "manzil": 4,
        "page": 347,
        "ruku": 299,
        "hizbQuarter": 139,
        "sajda": false,
        "audioArabic": [
          "https://cdn.jsdelivr.net/gh/Salimbd71/ArabicQuran@main/23/87.mp3"
        ],
        "audioBangla": [
          "https://cdn.jsdelivr.net/gh/Salimbd71/BanglaQuran@main/23/87.mp3"
        ]
      },
      {
        "number": 2761,
        "audio": "https://everyayah.com/data/Abdurrahmaan_As-Sudais_64kbps/023088.mp3",
        "audioSecondary": [
          "https://cdn.islamic.network/quran/audio/64/ar.abdurrahmaansudais/2761.mp3"
        ],
        "text": "قُلْ مَنۢ بِيَدِهِۦ مَلَكُوتُ كُلِّ شَىْءٍۢ وَهُوَ يُجِيرُ وَلَا يُجَارُ عَلَيْهِ إِن كُنتُمْ تَعْلَمُونَ",
        "numberInSurah": 88,
        "juz": 18,
        "manzil": 4,
        "page": 347,
        "ruku": 299,
        "hizbQuarter": 139,
        "sajda": false,
        "audioArabic": [
          "https://cdn.jsdelivr.net/gh/Salimbd71/ArabicQuran@main/23/88.mp3"
        ],
        "audioBangla": [
          "https://cdn.jsdelivr.net/gh/Salimbd71/BanglaQuran@main/23/88.mp3"
        ]
      },
      {
        "number": 2762,
        "audio": "https://everyayah.com/data/Abdurrahmaan_As-Sudais_64kbps/023089.mp3",
        "audioSecondary": [
          "https://cdn.islamic.network/quran/audio/64/ar.abdurrahmaansudais/2762.mp3"
        ],
        "text": "سَيَقُولُونَ لِلَّهِ ۚ قُلْ فَأَنَّىٰ تُسْحَرُونَ",
        "numberInSurah": 89,
        "juz": 18,
        "manzil": 4,
        "page": 347,
        "ruku": 299,
        "hizbQuarter": 139,
        "sajda": false,
        "audioArabic": [
          "https://cdn.jsdelivr.net/gh/Salimbd71/ArabicQuran@main/23/89.mp3"
        ],
        "audioBangla": [
          "https://cdn.jsdelivr.net/gh/Salimbd71/BanglaQuran@main/23/89.mp3"
        ]
      },
      {
        "number": 2763,
        "audio": "https://everyayah.com/data/Abdurrahmaan_As-Sudais_64kbps/023090.mp3",
        "audioSecondary": [
          "https://cdn.islamic.network/quran/audio/64/ar.abdurrahmaansudais/2763.mp3"
        ],
        "text": "بَلْ أَتَيْنَٰهُم بِٱلْحَقِّ وَإِنَّهُمْ لَكَٰذِبُونَ",
        "numberInSurah": 90,
        "juz": 18,
        "manzil": 4,
        "page": 348,
        "ruku": 299,
        "hizbQuarter": 139,
        "sajda": false,
        "audioArabic": [
          "https://cdn.jsdelivr.net/gh/Salimbd71/ArabicQuran@main/23/90.mp3"
        ],
        "audioBangla": [
          "https://cdn.jsdelivr.net/gh/Salimbd71/BanglaQuran@main/23/90.mp3"
        ]
      },
      {
        "number": 2764,
        "audio": "https://everyayah.com/data/Abdurrahmaan_As-Sudais_64kbps/023091.mp3",
        "audioSecondary": [
          "https://cdn.islamic.network/quran/audio/64/ar.abdurrahmaansudais/2764.mp3"
        ],
        "text": "مَا ٱتَّخَذَ ٱللَّهُ مِن وَلَدٍۢ وَمَا كَانَ مَعَهُۥ مِنْ إِلَٰهٍ ۚ إِذًۭا لَّذَهَبَ كُلُّ إِلَٰهٍۭ بِمَا خَلَقَ وَلَعَلَا بَعْضُهُمْ عَلَىٰ بَعْضٍۢ ۚ سُبْحَٰنَ ٱللَّهِ عَمَّا يَصِفُونَ",
        "numberInSurah": 91,
        "juz": 18,
        "manzil": 4,
        "page": 348,
        "ruku": 299,
        "hizbQuarter": 139,
        "sajda": false,
        "audioArabic": [
          "https://cdn.jsdelivr.net/gh/Salimbd71/ArabicQuran@main/23/91.mp3"
        ],
        "audioBangla": [
          "https://cdn.jsdelivr.net/gh/Salimbd71/BanglaQuran@main/23/91.mp3"
        ]
      },
      {
        "number": 2765,
        "audio": "https://everyayah.com/data/Abdurrahmaan_As-Sudais_64kbps/023092.mp3",
        "audioSecondary": [
          "https://cdn.islamic.network/quran/audio/64/ar.abdurrahmaansudais/2765.mp3"
        ],
        "text": "عَٰلِمِ ٱلْغَيْبِ وَٱلشَّهَٰدَةِ فَتَعَٰلَىٰ عَمَّا يُشْرِكُونَ",
        "numberInSurah": 92,
        "juz": 18,
        "manzil": 4,
        "page": 348,
        "ruku": 299,
        "hizbQuarter": 139,
        "sajda": false,
        "audioArabic": [
          "https://cdn.jsdelivr.net/gh/Salimbd71/ArabicQuran@main/23/92.mp3"
        ],
        "audioBangla": [
          "https://cdn.jsdelivr.net/gh/Salimbd71/BanglaQuran@main/23/92.mp3"
        ]
      },
      {
        "number": 2766,
        "audio": "https://everyayah.com/data/Abdurrahmaan_As-Sudais_64kbps/023093.mp3",
        "audioSecondary": [
          "https://cdn.islamic.network/quran/audio/64/ar.abdurrahmaansudais/2766.mp3"
        ],
        "text": "قُل رَّبِّ إِمَّا تُرِيَنِّى مَا يُوعَدُونَ",
        "numberInSurah": 93,
        "juz": 18,
        "manzil": 4,
        "page": 348,
        "ruku": 300,
        "hizbQuarter": 139,
        "sajda": false,
        "audioArabic": [
          "https://cdn.jsdelivr.net/gh/Salimbd71/ArabicQuran@main/23/93.mp3"
        ],
        "audioBangla": [
          "https://cdn.jsdelivr.net/gh/Salimbd71/BanglaQuran@main/23/93.mp3"
        ]
      },
      {
        "number": 2767,
        "audio": "https://everyayah.com/data/Abdurrahmaan_As-Sudais_64kbps/023094.mp3",
        "audioSecondary": [
          "https://cdn.islamic.network/quran/audio/64/ar.abdurrahmaansudais/2767.mp3"
        ],
        "text": "رَبِّ فَلَا تَجْعَلْنِى فِى ٱلْقَوْمِ ٱلظَّٰلِمِينَ",
        "numberInSurah": 94,
        "juz": 18,
        "manzil": 4,
        "page": 348,
        "ruku": 300,
        "hizbQuarter": 139,
        "sajda": false,
        "audioArabic": [
          "https://cdn.jsdelivr.net/gh/Salimbd71/ArabicQuran@main/23/94.mp3"
        ],
        "audioBangla": [
          "https://cdn.jsdelivr.net/gh/Salimbd71/BanglaQuran@main/23/94.mp3"
        ]
      },
      {
        "number": 2768,
        "audio": "https://everyayah.com/data/Abdurrahmaan_As-Sudais_64kbps/023095.mp3",
        "audioSecondary": [
          "https://cdn.islamic.network/quran/audio/64/ar.abdurrahmaansudais/2768.mp3"
        ],
        "text": "وَإِنَّا عَلَىٰٓ أَن نُّرِيَكَ مَا نَعِدُهُمْ لَقَٰدِرُونَ",
        "numberInSurah": 95,
        "juz": 18,
        "manzil": 4,
        "page": 348,
        "ruku": 300,
        "hizbQuarter": 139,
        "sajda": false,
        "audioArabic": [
          "https://cdn.jsdelivr.net/gh/Salimbd71/ArabicQuran@main/23/95.mp3"
        ],
        "audioBangla": [
          "https://cdn.jsdelivr.net/gh/Salimbd71/BanglaQuran@main/23/95.mp3"
        ]
      },
      {
        "number": 2769,
        "audio": "https://everyayah.com/data/Abdurrahmaan_As-Sudais_64kbps/023096.mp3",
        "audioSecondary": [
          "https://cdn.islamic.network/quran/audio/64/ar.abdurrahmaansudais/2769.mp3"
        ],
        "text": "ٱدْفَعْ بِٱلَّتِى هِىَ أَحْسَنُ ٱلسَّيِّئَةَ ۚ نَحْنُ أَعْلَمُ بِمَا يَصِفُونَ",
        "numberInSurah": 96,
        "juz": 18,
        "manzil": 4,
        "page": 348,
        "ruku": 300,
        "hizbQuarter": 139,
        "sajda": false,
        "audioArabic": [
          "https://cdn.jsdelivr.net/gh/Salimbd71/ArabicQuran@main/23/96.mp3"
        ],
        "audioBangla": [
          "https://cdn.jsdelivr.net/gh/Salimbd71/BanglaQuran@main/23/96.mp3"
        ]
      },
      {
        "number": 2770,
        "audio": "https://everyayah.com/data/Abdurrahmaan_As-Sudais_64kbps/023097.mp3",
        "audioSecondary": [
          "https://cdn.islamic.network/quran/audio/64/ar.abdurrahmaansudais/2770.mp3"
        ],
        "text": "وَقُل رَّبِّ أَعُوذُ بِكَ مِنْ هَمَزَٰتِ ٱلشَّيَٰطِينِ",
        "numberInSurah": 97,
        "juz": 18,
        "manzil": 4,
        "page": 348,
        "ruku": 300,
        "hizbQuarter": 139,
        "sajda": false,
        "audioArabic": [
          "https://cdn.jsdelivr.net/gh/Salimbd71/ArabicQuran@main/23/97.mp3"
        ],
        "audioBangla": [
          "https://cdn.jsdelivr.net/gh/Salimbd71/BanglaQuran@main/23/97.mp3"
        ]
      },
      {
        "number": 2771,
        "audio": "https://everyayah.com/data/Abdurrahmaan_As-Sudais_64kbps/023098.mp3",
        "audioSecondary": [
          "https://cdn.islamic.network/quran/audio/64/ar.abdurrahmaansudais/2771.mp3"
        ],
        "text": "وَأَعُوذُ بِكَ رَبِّ أَن يَحْضُرُونِ",
        "numberInSurah": 98,
        "juz": 18,
        "manzil": 4,
        "page": 348,
        "ruku": 300,
        "hizbQuarter": 139,
        "sajda": false,
        "audioArabic": [
          "https://cdn.jsdelivr.net/gh/Salimbd71/ArabicQuran@main/23/98.mp3"
        ],
        "audioBangla": [
          "https://cdn.jsdelivr.net/gh/Salimbd71/BanglaQuran@main/23/98.mp3"
        ]
      },
      {
        "number": 2772,
        "audio": "https://everyayah.com/data/Abdurrahmaan_As-Sudais_64kbps/023099.mp3",
        "audioSecondary": [
          "https://cdn.islamic.network/quran/audio/64/ar.abdurrahmaansudais/2772.mp3"
        ],
        "text": "حَتَّىٰٓ إِذَا جَآءَ أَحَدَهُمُ ٱلْمَوْتُ قَالَ رَبِّ ٱرْجِعُونِ",
        "numberInSurah": 99,
        "juz": 18,
        "manzil": 4,
        "page": 348,
        "ruku": 300,
        "hizbQuarter": 139,
        "sajda": false,
        "audioArabic": [
          "https://cdn.jsdelivr.net/gh/Salimbd71/ArabicQuran@main/23/99.mp3"
        ],
        "audioBangla": [
          "https://cdn.jsdelivr.net/gh/Salimbd71/BanglaQuran@main/23/99.mp3"
        ]
      },
      {
        "number": 2773,
        "audio": "https://everyayah.com/data/Abdurrahmaan_As-Sudais_64kbps/023100.mp3",
        "audioSecondary": [
          "https://cdn.islamic.network/quran/audio/64/ar.abdurrahmaansudais/2773.mp3"
        ],
        "text": "لَعَلِّىٓ أَعْمَلُ صَٰلِحًۭا فِيمَا تَرَكْتُ ۚ كَلَّآ ۚ إِنَّهَا كَلِمَةٌ هُوَ قَآئِلُهَا ۖ وَمِن وَرَآئِهِم بَرْزَخٌ إِلَىٰ يَوْمِ يُبْعَثُونَ",
        "numberInSurah": 100,
        "juz": 18,
        "manzil": 4,
        "page": 348,
        "ruku": 300,
        "hizbQuarter": 139,
        "sajda": false,
        "audioArabic": [
          "https://cdn.jsdelivr.net/gh/Salimbd71/ArabicQuran@main/23/100.mp3"
        ],
        "audioBangla": [
          "https://cdn.jsdelivr.net/gh/Salimbd71/BanglaQuran@main/23/100.mp3"
        ]
      },
      {
        "number": 2774,
        "audio": "https://everyayah.com/data/Abdurrahmaan_As-Sudais_64kbps/023101.mp3",
        "audioSecondary": [
          "https://cdn.islamic.network/quran/audio/64/ar.abdurrahmaansudais/2774.mp3"
        ],
        "text": "فَإِذَا نُفِخَ فِى ٱلصُّورِ فَلَآ أَنسَابَ بَيْنَهُمْ يَوْمَئِذٍۢ وَلَا يَتَسَآءَلُونَ",
        "numberInSurah": 101,
        "juz": 18,
        "manzil": 4,
        "page": 348,
        "ruku": 300,
        "hizbQuarter": 139,
        "sajda": false,
        "audioArabic": [
          "https://cdn.jsdelivr.net/gh/Salimbd71/ArabicQuran@main/23/101.mp3"
        ],
        "audioBangla": [
          "https://cdn.jsdelivr.net/gh/Salimbd71/BanglaQuran@main/23/101.mp3"
        ]
      },
      {
        "number": 2775,
        "audio": "https://everyayah.com/data/Abdurrahmaan_As-Sudais_64kbps/023102.mp3",
        "audioSecondary": [
          "https://cdn.islamic.network/quran/audio/64/ar.abdurrahmaansudais/2775.mp3"
        ],
        "text": "فَمَن ثَقُلَتْ مَوَٰزِينُهُۥ فَأُو۟لَٰٓئِكَ هُمُ ٱلْمُفْلِحُونَ",
        "numberInSurah": 102,
        "juz": 18,
        "manzil": 4,
        "page": 348,
        "ruku": 300,
        "hizbQuarter": 139,
        "sajda": false,
        "audioArabic": [
          "https://cdn.jsdelivr.net/gh/Salimbd71/ArabicQuran@main/23/102.mp3"
        ],
        "audioBangla": [
          "https://cdn.jsdelivr.net/gh/Salimbd71/BanglaQuran@main/23/102.mp3"
        ]
      },
      {
        "number": 2776,
        "audio": "https://everyayah.com/data/Abdurrahmaan_As-Sudais_64kbps/023103.mp3",
        "audioSecondary": [
          "https://cdn.islamic.network/quran/audio/64/ar.abdurrahmaansudais/2776.mp3"
        ],
        "text": "وَمَنْ خَفَّتْ مَوَٰزِينُهُۥ فَأُو۟لَٰٓئِكَ ٱلَّذِينَ خَسِرُوٓا۟ أَنفُسَهُمْ فِى جَهَنَّمَ خَٰلِدُونَ",
        "numberInSurah": 103,
        "juz": 18,
        "manzil": 4,
        "page": 348,
        "ruku": 300,
        "hizbQuarter": 139,
        "sajda": false,
        "audioArabic": [
          "https://cdn.jsdelivr.net/gh/Salimbd71/ArabicQuran@main/23/103.mp3"
        ],
        "audioBangla": [
          "https://cdn.jsdelivr.net/gh/Salimbd71/BanglaQuran@main/23/103.mp3"
        ]
      },
      {
        "number": 2777,
        "audio": "https://everyayah.com/data/Abdurrahmaan_As-Sudais_64kbps/023104.mp3",
        "audioSecondary": [
          "https://cdn.islamic.network/quran/audio/64/ar.abdurrahmaansudais/2777.mp3"
        ],
        "text": "تَلْفَحُ وُجُوهَهُمُ ٱلنَّارُ وَهُمْ فِيهَا كَٰلِحُونَ",
        "numberInSurah": 104,
        "juz": 18,
        "manzil": 4,
        "page": 348,
        "ruku": 300,
        "hizbQuarter": 139,
        "sajda": false,
        "audioArabic": [
          "https://cdn.jsdelivr.net/gh/Salimbd71/ArabicQuran@main/23/104.mp3"
        ],
        "audioBangla": [
          "https://cdn.jsdelivr.net/gh/Salimbd71/BanglaQuran@main/23/104.mp3"
        ]
      },
      {
        "number": 2778,
        "audio": "https://everyayah.com/data/Abdurrahmaan_As-Sudais_64kbps/023105.mp3",
        "audioSecondary": [
          "https://cdn.islamic.network/quran/audio/64/ar.abdurrahmaansudais/2778.mp3"
        ],
        "text": "أَلَمْ تَكُنْ ءَايَٰتِى تُتْلَىٰ عَلَيْكُمْ فَكُنتُم بِهَا تُكَذِّبُونَ",
        "numberInSurah": 105,
        "juz": 18,
        "manzil": 4,
        "page": 349,
        "ruku": 300,
        "hizbQuarter": 139,
        "sajda": false,
        "audioArabic": [
          "https://cdn.jsdelivr.net/gh/Salimbd71/ArabicQuran@main/23/105.mp3"
        ],
        "audioBangla": [
          "https://cdn.jsdelivr.net/gh/Salimbd71/BanglaQuran@main/23/105.mp3"
        ]
      },
      {
        "number": 2779,
        "audio": "https://everyayah.com/data/Abdurrahmaan_As-Sudais_64kbps/023106.mp3",
        "audioSecondary": [
          "https://cdn.islamic.network/quran/audio/64/ar.abdurrahmaansudais/2779.mp3"
        ],
        "text": "قَالُوا۟ رَبَّنَا غَلَبَتْ عَلَيْنَا شِقْوَتُنَا وَكُنَّا قَوْمًۭا ضَآلِّينَ",
        "numberInSurah": 106,
        "juz": 18,
        "manzil": 4,
        "page": 349,
        "ruku": 300,
        "hizbQuarter": 139,
        "sajda": false,
        "audioArabic": [
          "https://cdn.jsdelivr.net/gh/Salimbd71/ArabicQuran@main/23/106.mp3"
        ],
        "audioBangla": [
          "https://cdn.jsdelivr.net/gh/Salimbd71/BanglaQuran@main/23/106.mp3"
        ]
      },
      {
        "number": 2780,
        "audio": "https://everyayah.com/data/Abdurrahmaan_As-Sudais_64kbps/023107.mp3",
        "audioSecondary": [
          "https://cdn.islamic.network/quran/audio/64/ar.abdurrahmaansudais/2780.mp3"
        ],
        "text": "رَبَّنَآ أَخْرِجْنَا مِنْهَا فَإِنْ عُدْنَا فَإِنَّا ظَٰلِمُونَ",
        "numberInSurah": 107,
        "juz": 18,
        "manzil": 4,
        "page": 349,
        "ruku": 300,
        "hizbQuarter": 139,
        "sajda": false,
        "audioArabic": [
          "https://cdn.jsdelivr.net/gh/Salimbd71/ArabicQuran@main/23/107.mp3"
        ],
        "audioBangla": [
          "https://cdn.jsdelivr.net/gh/Salimbd71/BanglaQuran@main/23/107.mp3"
        ]
      },
      {
        "number": 2781,
        "audio": "https://everyayah.com/data/Abdurrahmaan_As-Sudais_64kbps/023108.mp3",
        "audioSecondary": [
          "https://cdn.islamic.network/quran/audio/64/ar.abdurrahmaansudais/2781.mp3"
        ],
        "text": "قَالَ ٱخْسَـُٔوا۟ فِيهَا وَلَا تُكَلِّمُونِ",
        "numberInSurah": 108,
        "juz": 18,
        "manzil": 4,
        "page": 349,
        "ruku": 300,
        "hizbQuarter": 139,
        "sajda": false,
        "audioArabic": [
          "https://cdn.jsdelivr.net/gh/Salimbd71/ArabicQuran@main/23/108.mp3"
        ],
        "audioBangla": [
          "https://cdn.jsdelivr.net/gh/Salimbd71/BanglaQuran@main/23/108.mp3"
        ]
      },
      {
        "number": 2782,
        "audio": "https://everyayah.com/data/Abdurrahmaan_As-Sudais_64kbps/023109.mp3",
        "audioSecondary": [
          "https://cdn.islamic.network/quran/audio/64/ar.abdurrahmaansudais/2782.mp3"
        ],
        "text": "إِنَّهُۥ كَانَ فَرِيقٌۭ مِّنْ عِبَادِى يَقُولُونَ رَبَّنَآ ءَامَنَّا فَٱغْفِرْ لَنَا وَٱرْحَمْنَا وَأَنتَ خَيْرُ ٱلرَّٰحِمِينَ",
        "numberInSurah": 109,
        "juz": 18,
        "manzil": 4,
        "page": 349,
        "ruku": 300,
        "hizbQuarter": 139,
        "sajda": false,
        "audioArabic": [
          "https://cdn.jsdelivr.net/gh/Salimbd71/ArabicQuran@main/23/109.mp3"
        ],
        "audioBangla": [
          "https://cdn.jsdelivr.net/gh/Salimbd71/BanglaQuran@main/23/109.mp3"
        ]
      },
      {
        "number": 2783,
        "audio": "https://everyayah.com/data/Abdurrahmaan_As-Sudais_64kbps/023110.mp3",
        "audioSecondary": [
          "https://cdn.islamic.network/quran/audio/64/ar.abdurrahmaansudais/2783.mp3"
        ],
        "text": "فَٱتَّخَذْتُمُوهُمْ سِخْرِيًّا حَتَّىٰٓ أَنسَوْكُمْ ذِكْرِى وَكُنتُم مِّنْهُمْ تَضْحَكُونَ",
        "numberInSurah": 110,
        "juz": 18,
        "manzil": 4,
        "page": 349,
        "ruku": 300,
        "hizbQuarter": 139,
        "sajda": false,
        "audioArabic": [
          "https://cdn.jsdelivr.net/gh/Salimbd71/ArabicQuran@main/23/110.mp3"
        ],
        "audioBangla": [
          "https://cdn.jsdelivr.net/gh/Salimbd71/BanglaQuran@main/23/110.mp3"
        ]
      },
      {
        "number": 2784,
        "audio": "https://everyayah.com/data/Abdurrahmaan_As-Sudais_64kbps/023111.mp3",
        "audioSecondary": [
          "https://cdn.islamic.network/quran/audio/64/ar.abdurrahmaansudais/2784.mp3"
        ],
        "text": "إِنِّى جَزَيْتُهُمُ ٱلْيَوْمَ بِمَا صَبَرُوٓا۟ أَنَّهُمْ هُمُ ٱلْفَآئِزُونَ",
        "numberInSurah": 111,
        "juz": 18,
        "manzil": 4,
        "page": 349,
        "ruku": 300,
        "hizbQuarter": 139,
        "sajda": false,
        "audioArabic": [
          "https://cdn.jsdelivr.net/gh/Salimbd71/ArabicQuran@main/23/111.mp3"
        ],
        "audioBangla": [
          "https://cdn.jsdelivr.net/gh/Salimbd71/BanglaQuran@main/23/111.mp3"
        ]
      },
      {
        "number": 2785,
        "audio": "https://everyayah.com/data/Abdurrahmaan_As-Sudais_64kbps/023112.mp3",
        "audioSecondary": [
          "https://cdn.islamic.network/quran/audio/64/ar.abdurrahmaansudais/2785.mp3"
        ],
        "text": "قَٰلَ كَمْ لَبِثْتُمْ فِى ٱلْأَرْضِ عَدَدَ سِنِينَ",
        "numberInSurah": 112,
        "juz": 18,
        "manzil": 4,
        "page": 349,
        "ruku": 300,
        "hizbQuarter": 139,
        "sajda": false,
        "audioArabic": [
          "https://cdn.jsdelivr.net/gh/Salimbd71/ArabicQuran@main/23/112.mp3"
        ],
        "audioBangla": [
          "https://cdn.jsdelivr.net/gh/Salimbd71/BanglaQuran@main/23/112.mp3"
        ]
      },
      {
        "number": 2786,
        "audio": "https://everyayah.com/data/Abdurrahmaan_As-Sudais_64kbps/023113.mp3",
        "audioSecondary": [
          "https://cdn.islamic.network/quran/audio/64/ar.abdurrahmaansudais/2786.mp3"
        ],
        "text": "قَالُوا۟ لَبِثْنَا يَوْمًا أَوْ بَعْضَ يَوْمٍۢ فَسْـَٔلِ ٱلْعَآدِّينَ",
        "numberInSurah": 113,
        "juz": 18,
        "manzil": 4,
        "page": 349,
        "ruku": 300,
        "hizbQuarter": 139,
        "sajda": false,
        "audioArabic": [
          "https://cdn.jsdelivr.net/gh/Salimbd71/ArabicQuran@main/23/113.mp3"
        ],
        "audioBangla": [
          "https://cdn.jsdelivr.net/gh/Salimbd71/BanglaQuran@main/23/113.mp3"
        ]
      },
      {
        "number": 2787,
        "audio": "https://everyayah.com/data/Abdurrahmaan_As-Sudais_64kbps/023114.mp3",
        "audioSecondary": [
          "https://cdn.islamic.network/quran/audio/64/ar.abdurrahmaansudais/2787.mp3"
        ],
        "text": "قَٰلَ إِن لَّبِثْتُمْ إِلَّا قَلِيلًۭا ۖ لَّوْ أَنَّكُمْ كُنتُمْ تَعْلَمُونَ",
        "numberInSurah": 114,
        "juz": 18,
        "manzil": 4,
        "page": 349,
        "ruku": 300,
        "hizbQuarter": 139,
        "sajda": false,
        "audioArabic": [
          "https://cdn.jsdelivr.net/gh/Salimbd71/ArabicQuran@main/23/114.mp3"
        ],
        "audioBangla": [
          "https://cdn.jsdelivr.net/gh/Salimbd71/BanglaQuran@main/23/114.mp3"
        ]
      },
      {
        "number": 2788,
        "audio": "https://everyayah.com/data/Abdurrahmaan_As-Sudais_64kbps/023115.mp3",
        "audioSecondary": [
          "https://cdn.islamic.network/quran/audio/64/ar.abdurrahmaansudais/2788.mp3"
        ],
        "text": "أَفَحَسِبْتُمْ أَنَّمَا خَلَقْنَٰكُمْ عَبَثًۭا وَأَنَّكُمْ إِلَيْنَا لَا تُرْجَعُونَ",
        "numberInSurah": 115,
        "juz": 18,
        "manzil": 4,
        "page": 349,
        "ruku": 300,
        "hizbQuarter": 139,
        "sajda": false,
        "audioArabic": [
          "https://cdn.jsdelivr.net/gh/Salimbd71/ArabicQuran@main/23/115.mp3"
        ],
        "audioBangla": [
          "https://cdn.jsdelivr.net/gh/Salimbd71/BanglaQuran@main/23/115.mp3"
        ]
      },
      {
        "number": 2789,
        "audio": "https://everyayah.com/data/Abdurrahmaan_As-Sudais_64kbps/023116.mp3",
        "audioSecondary": [
          "https://cdn.islamic.network/quran/audio/64/ar.abdurrahmaansudais/2789.mp3"
        ],
        "text": "فَتَعَٰلَى ٱللَّهُ ٱلْمَلِكُ ٱلْحَقُّ ۖ لَآ إِلَٰهَ إِلَّا هُوَ رَبُّ ٱلْعَرْشِ ٱلْكَرِيمِ",
        "numberInSurah": 116,
        "juz": 18,
        "manzil": 4,
        "page": 349,
        "ruku": 300,
        "hizbQuarter": 139,
        "sajda": false,
        "audioArabic": [
          "https://cdn.jsdelivr.net/gh/Salimbd71/ArabicQuran@main/23/116.mp3"
        ],
        "audioBangla": [
          "https://cdn.jsdelivr.net/gh/Salimbd71/BanglaQuran@main/23/116.mp3"
        ]
      },
      {
        "number": 2790,
        "audio": "https://everyayah.com/data/Abdurrahmaan_As-Sudais_64kbps/023117.mp3",
        "audioSecondary": [
          "https://cdn.islamic.network/quran/audio/64/ar.abdurrahmaansudais/2790.mp3"
        ],
        "text": "وَمَن يَدْعُ مَعَ ٱللَّهِ إِلَٰهًا ءَاخَرَ لَا بُرْهَٰنَ لَهُۥ بِهِۦ فَإِنَّمَا حِسَابُهُۥ عِندَ رَبِّهِۦٓ ۚ إِنَّهُۥ لَا يُفْلِحُ ٱلْكَٰفِرُونَ",
        "numberInSurah": 117,
        "juz": 18,
        "manzil": 4,
        "page": 349,
        "ruku": 300,
        "hizbQuarter": 139,
        "sajda": false,
        "audioArabic": [
          "https://cdn.jsdelivr.net/gh/Salimbd71/ArabicQuran@main/23/117.mp3"
        ],
        "audioBangla": [
          "https://cdn.jsdelivr.net/gh/Salimbd71/BanglaQuran@main/23/117.mp3"
        ]
      },
      {
        "number": 2791,
        "audio": "https://everyayah.com/data/Abdurrahmaan_As-Sudais_64kbps/023118.mp3",
        "audioSecondary": [
          "https://cdn.islamic.network/quran/audio/64/ar.abdurrahmaansudais/2791.mp3"
        ],
        "text": "وَقُل رَّبِّ ٱغْفِرْ وَٱرْحَمْ وَأَنتَ خَيْرُ ٱلرَّٰحِمِينَ",
        "numberInSurah": 118,
        "juz": 18,
        "manzil": 4,
        "page": 349,
        "ruku": 300,
        "hizbQuarter": 139,
        "sajda": false,
        "audioArabic": [
          "https://cdn.jsdelivr.net/gh/Salimbd71/ArabicQuran@main/23/118.mp3"
        ],
        "audioBangla": [
          "https://cdn.jsdelivr.net/gh/Salimbd71/BanglaQuran@main/23/118.mp3"
        ]
      }
    ],
    "edition": {
      "identifier": "ar.abdurrahmaansudais",
      "language": "ar",
      "name": "عبدالرحمن السديس",
      "englishName": "Abdurrahmaan As-Sudais",
      "format": "audio",
      "type": "versebyverse",
      "direction": null
    }
  }
}