{
  "code": 200,
  "status": "OK",
  "data": {
    "number": 1,
    "name": "سُورَةُ ٱلْفَاتِحَةِ",
    "englishName": "Al-Faatiha",
    "englishNameTranslation": "The Opening",
    "revelationType": "Meccan",
    "numberOfAyahs": 7,
    "ayahs": [
      {
        "number": 1,
        "audio": "https://everyayah.com/data/Minshawy_Mujawwad_64kbps/001001.mp3",
        "audioSecondary": [],
        "text": "﻿بِسْمِ ٱللَّهِ ٱلرَّحْمَٰنِ ٱلرَّحِيمِ",
        "numberInSurah": 1,
        "juz": 1,
        "manzil": 1,
        "page": 1,
        "ruku": 1,
        "hizbQuarter": 1,
        "sajda": false,
        "audioArabic": [
          "https://cdn.jsdelivr.net/gh/Salimbd71/ArabicQuran@main/1/1.mp3"
        ],
        "audioBangla": [
          "https://cdn.jsdelivr.net/gh/Salimbd71/BanglaQuran@main/1/1.mp3"
        ]
      },
      {
        "number": 2,
        "audio": "https://everyayah.com/data/Minshawy_Mujawwad_64kbps/001002.mp3",
        "audioSecondary": [],
        "text": "ٱلْحَمْدُ لِلَّهِ رَبِّ ٱلْعَٰلَمِينَ",
        "numberInSurah": 2,
        "juz": 1,
        "manzil": 1,
        "page": 1,
        "ruku": 1,
        "hizbQuarter": 1,
        "sajda": false,
        "audioArabic": [
          "https://cdn.jsdelivr.net/gh/Salimbd71/ArabicQuran@main/1/2.mp3"
        ],
        "audioBangla": [
          "https://cdn.jsdelivr.net/gh/Salimbd71/BanglaQuran@main/1/2.mp3"
        ]
      },
      {
        "number": 3,
        "audio": "https://everyayah.com/data/Minshawy_Mujawwad_64kbps/001003.mp3",
        "audioSecondary": [],
        "text": "ٱلرَّحْمَٰنِ ٱلرَّحِيمِ",
        "numberInSurah": 3,
        "juz": 1,
        "manzil": 1,
        "page": 1,
        "ruku": 1,
        "hizbQuarter": 1,
        "sajda": false,
        "audioArabic": [
          "https://cdn.jsdelivr.net/gh/Salimbd71/ArabicQuran@main/1/3.mp3"
        ],
        "audioBangla": [
          "https://cdn.jsdelivr.net/gh/Salimbd71/BanglaQuran@main/1/3.mp3"
        ]
      },
      {
        "number": 4,
        "audio": "https://everyayah.com/data/Minshawy_Mujawwad_64kbps/001004.mp3",
        "audioSecondary": [],
        "text": "مَٰلِكِ يَوْمِ ٱلدِّينِ",
        "numberInSurah": 4,
        "juz": 1,
        "manzil": 1,
        "page": 1,
        "ruku": 1,
        "hizbQuarter": 1,
        "sajda": false,
        "audioArabic": [
          "https://cdn.jsdelivr.net/gh/Salimbd71/ArabicQuran@main/1/4.mp3"
        ],
        "audioBangla": [
          "https://cdn.jsdelivr.net/gh/Salimbd71/BanglaQuran@main/1/4.mp3"
        ]
      },
      {
        "number": 5,
        "audio": "https://everyayah.com/data/Minshawy_Mujawwad_64kbps/001005.mp3",
        "audioSecondary": [],
        "text": "إِيَّاكَ نَعْبُدُ وَإِيَّاكَ نَسْتَعِينُ",
        "numberInSurah": 5,
        "juz": 1,
        "manzil": 1,
        "page": 1,
        "ruku": 1,
        "hizbQuarter": 1,
        "sajda": false,
        "audioArabic": [
          "https://cdn.jsdelivr.net/gh/Salimbd71/ArabicQuran@main/1/5.mp3"
        ],
        "audioBangla": [
          "https://cdn.jsdelivr.net/gh/Salimbd71/BanglaQuran@main/1/5.mp3"
        ]
      },
      {
        "number": 6,
        "audio": "https://everyayah.com/data/Minshawy_Mujawwad_64kbps/001006.mp3",
        "audioSecondary": [],
        "text": "ٱهْدِنَا ٱلصِّرَٰطَ ٱلْمُسْتَقِيمَ",
        "numberInSurah": 6,
        "juz": 1,
        "manzil": 1,
        "page": 1,
        "ruku": 1,
        "hizbQuarter": 1,
        "sajda": false,
        "audioArabic": [
          "https://cdn.jsdelivr.net/gh/Salimbd71/ArabicQuran@main/1/6.mp3"
        ],
        "audioBangla": [
          "https://cdn.jsdelivr.net/gh/Salimbd71/BanglaQuran@main/1/6.mp3"
        ]
      },
      {
        "number": 7,
        "audio": "https://everyayah.com/data/Minshawy_Mujawwad_64kbps/001007.mp3",
        "audioSecondary": [],
        "text": "صِرَٰطَ ٱلَّذِينَ أَنْعَمْتَ عَلَيْهِمْ غَيْرِ ٱلْمَغْضُوبِ عَلَيْهِمْ وَلَا ٱلضَّآلِّينَ",
        "numberInSurah": 7,
        "juz": 1,
        "manzil": 1,
        "page": 1,
        "ruku": 1,
        "hizbQuarter": 1,
        "sajda": false,
        "audioArabic": [
          "https://cdn.jsdelivr.net/gh/Salimbd71/ArabicQuran@main/1/7.mp3"
        ],
        "audioBangla": [
          "https://cdn.jsdelivr.net/gh/Salimbd71/BanglaQuran@main/1/7.mp3"
        ]
      }
    ],
    "edition": {
      "identifier": "ar.minshawi",
      "language": "ar",
      "name": "محمد صديق المنشاوي",
      "englishName": "Minshawi",
      "format": "audio",
      "type": "translation",
      "direction": null
    }
  }
}