{
  "code": 200,
  "status": "OK",
  "data": {
    "number": 30,
    "name": "سُورَةُ الرُّومِ",
    "englishName": "Ar-Room",
    "englishNameTranslation": "The Romans",
    "revelationType": "Meccan",
    "numberOfAyahs": 60,
    "ayahs": [
      {
        "number": 3410,
        "audio": "https://everyayah.com/data/Husary_64kbps/030001.mp3",
        "audioSecondary": [
          "https://cdn.islamic.network/quran/audio/64/ar.husary/3410.mp3"
        ],
        "text": "بِسْمِ ٱللَّهِ ٱلرَّحْمَٰنِ ٱلرَّحِيمِ الٓمٓ",
        "numberInSurah": 1,
        "juz": 21,
        "manzil": 5,
        "page": 404,
        "ruku": 349,
        "hizbQuarter": 162,
        "sajda": false,
        "audioArabic": [
          "https://cdn.jsdelivr.net/gh/Salimbd71/ArabicQuran@main/30/1.mp3"
        ],
        "audioBangla": [
          "https://cdn.jsdelivr.net/gh/Salimbd71/BanglaQuran@main/30/1.mp3"
        ]
      },
      {
        "number": 3411,
        "audio": "https://everyayah.com/data/Husary_64kbps/030002.mp3",
        "audioSecondary": [
          "https://cdn.islamic.network/quran/audio/64/ar.husary/3411.mp3"
        ],
        "text": "غُلِبَتِ ٱلرُّومُ",
        "numberInSurah": 2,
        "juz": 21,
        "manzil": 5,
        "page": 404,
        "ruku": 349,
        "hizbQuarter": 162,
        "sajda": false,
        "audioArabic": [
          "https://cdn.jsdelivr.net/gh/Salimbd71/ArabicQuran@main/30/2.mp3"
        ],
        "audioBangla": [
          "https://cdn.jsdelivr.net/gh/Salimbd71/BanglaQuran@main/30/2.mp3"
        ]
      },
      {
        "number": 3412,
        "audio": "https://everyayah.com/data/Husary_64kbps/030003.mp3",
        "audioSecondary": [
          "https://cdn.islamic.network/quran/audio/64/ar.husary/3412.mp3"
        ],
        "text": "فِىٓ أَدْنَى ٱلْأَرْضِ وَهُم مِّنۢ بَعْدِ غَلَبِهِمْ سَيَغْلِبُونَ",
        "numberInSurah": 3,
        "juz": 21,
        "manzil": 5,
        "page": 404,
        "ruku": 349,
        "hizbQuarter": 162,
        "sajda": false,
        "audioArabic": [
          "https://cdn.jsdelivr.net/gh/Salimbd71/ArabicQuran@main/30/3.mp3"
        ],
        "audioBangla": [
          "https://cdn.jsdelivr.net/gh/Salimbd71/BanglaQuran@main/30/3.mp3"
        ]
      },
      {
        "number": 3413,
        "audio": "https://everyayah.com/data/Husary_64kbps/030004.mp3",
        "audioSecondary": [
          "https://cdn.islamic.network/quran/audio/64/ar.husary/3413.mp3"
        ],
        "text": "فِى بِضْعِ سِنِينَ ۗ لِلَّهِ ٱلْأَمْرُ مِن قَبْلُ وَمِنۢ بَعْدُ ۚ وَيَوْمَئِذٍۢ يَفْرَحُ ٱلْمُؤْمِنُونَ",
        "numberInSurah": 4,
        "juz": 21,
        "manzil": 5,
        "page": 404,
        "ruku": 349,
        "hizbQuarter": 162,
        "sajda": false,
        "audioArabic": [
          "https://cdn.jsdelivr.net/gh/Salimbd71/ArabicQuran@main/30/4.mp3"
        ],
        "audioBangla": [
          "https://cdn.jsdelivr.net/gh/Salimbd71/BanglaQuran@main/30/4.mp3"
        ]
      },
      {
        "number": 3414,
        "audio": "https://everyayah.com/data/Husary_64kbps/030005.mp3",
        "audioSecondary": [
          "https://cdn.islamic.network/quran/audio/64/ar.husary/3414.mp3"
        ],
        "text": "بِنَصْرِ ٱللَّهِ ۚ يَنصُرُ مَن يَشَآءُ ۖ وَهُوَ ٱلْعَزِيزُ ٱلرَّحِيمُ",
        "numberInSurah": 5,
        "juz": 21,
        "manzil": 5,
        "page": 404,
        "ruku": 349,
        "hizbQuarter": 162,
        "sajda": false,
        "audioArabic": [
          "https://cdn.jsdelivr.net/gh/Salimbd71/ArabicQuran@main/30/5.mp3"
        ],
        "audioBangla": [
          "https://cdn.jsdelivr.net/gh/Salimbd71/BanglaQuran@main/30/5.mp3"
        ]
      },
      {
        "number": 3415,
        "audio": "https://everyayah.com/data/Husary_64kbps/030006.mp3",
        "audioSecondary": [
          "https://cdn.islamic.network/quran/audio/64/ar.husary/3415.mp3"
        ],
        "text": "وَعْدَ ٱللَّهِ ۖ لَا يُخْلِفُ ٱللَّهُ وَعْدَهُۥ وَلَٰكِنَّ أَكْثَرَ ٱلنَّاسِ لَا يَعْلَمُونَ",
        "numberInSurah": 6,
        "juz": 21,
        "manzil": 5,
        "page": 405,
        "ruku": 349,
        "hizbQuarter": 162,
        "sajda": false,
        "audioArabic": [
          "https://cdn.jsdelivr.net/gh/Salimbd71/ArabicQuran@main/30/6.mp3"
        ],
        "audioBangla": [
          "https://cdn.jsdelivr.net/gh/Salimbd71/BanglaQuran@main/30/6.mp3"
        ]
      },
      {
        "number": 3416,
        "audio": "https://everyayah.com/data/Husary_64kbps/030007.mp3",
        "audioSecondary": [
          "https://cdn.islamic.network/quran/audio/64/ar.husary/3416.mp3"
        ],
        "text": "يَعْلَمُونَ ظَٰهِرًۭا مِّنَ ٱلْحَيَوٰةِ ٱلدُّنْيَا وَهُمْ عَنِ ٱلْءَاخِرَةِ هُمْ غَٰفِلُونَ",
        "numberInSurah": 7,
        "juz": 21,
        "manzil": 5,
        "page": 405,
        "ruku": 349,
        "hizbQuarter": 162,
        "sajda": false,
        "audioArabic": [
          "https://cdn.jsdelivr.net/gh/Salimbd71/ArabicQuran@main/30/7.mp3"
        ],
        "audioBangla": [
          "https://cdn.jsdelivr.net/gh/Salimbd71/BanglaQuran@main/30/7.mp3"
        ]
      },
      {
        "number": 3417,
        "audio": "https://everyayah.com/data/Husary_64kbps/030008.mp3",
        "audioSecondary": [
          "https://cdn.islamic.network/quran/audio/64/ar.husary/3417.mp3"
        ],
        "text": "أَوَلَمْ يَتَفَكَّرُوا۟ فِىٓ أَنفُسِهِم ۗ مَّا خَلَقَ ٱللَّهُ ٱلسَّمَٰوَٰتِ وَٱلْأَرْضَ وَمَا بَيْنَهُمَآ إِلَّا بِٱلْحَقِّ وَأَجَلٍۢ مُّسَمًّۭى ۗ وَإِنَّ كَثِيرًۭا مِّنَ ٱلنَّاسِ بِلِقَآئِ رَبِّهِمْ لَكَٰفِرُونَ",
        "numberInSurah": 8,
        "juz": 21,
        "manzil": 5,
        "page": 405,
        "ruku": 349,
        "hizbQuarter": 162,
        "sajda": false,
        "audioArabic": [
          "https://cdn.jsdelivr.net/gh/Salimbd71/ArabicQuran@main/30/8.mp3"
        ],
        "audioBangla": [
          "https://cdn.jsdelivr.net/gh/Salimbd71/BanglaQuran@main/30/8.mp3"
        ]
      },
      {
        "number": 3418,
        "audio": "https://everyayah.com/data/Husary_64kbps/030009.mp3",
        "audioSecondary": [
          "https://cdn.islamic.network/quran/audio/64/ar.husary/3418.mp3"
        ],
        "text": "أَوَلَمْ يَسِيرُوا۟ فِى ٱلْأَرْضِ فَيَنظُرُوا۟ كَيْفَ كَانَ عَٰقِبَةُ ٱلَّذِينَ مِن قَبْلِهِمْ ۚ كَانُوٓا۟ أَشَدَّ مِنْهُمْ قُوَّةًۭ وَأَثَارُوا۟ ٱلْأَرْضَ وَعَمَرُوهَآ أَكْثَرَ مِمَّا عَمَرُوهَا وَجَآءَتْهُمْ رُسُلُهُم بِٱلْبَيِّنَٰتِ ۖ فَمَا كَانَ ٱللَّهُ لِيَظْلِمَهُمْ وَلَٰكِن كَانُوٓا۟ أَنفُسَهُمْ يَظْلِمُونَ",
        "numberInSurah": 9,
        "juz": 21,
        "manzil": 5,
        "page": 405,
        "ruku": 349,
        "hizbQuarter": 162,
        "sajda": false,
        "audioArabic": [
          "https://cdn.jsdelivr.net/gh/Salimbd71/ArabicQuran@main/30/9.mp3"
        ],
        "audioBangla": [
          "https://cdn.jsdelivr.net/gh/Salimbd71/BanglaQuran@main/30/9.mp3"
        ]
      },
      {
        "number": 3419,
        "audio": "https://everyayah.com/data/Husary_64kbps/030010.mp3",
        "audioSecondary": [
          "https://cdn.islamic.network/quran/audio/64/ar.husary/3419.mp3"
        ],
        "text": "ثُمَّ كَانَ عَٰقِبَةَ ٱلَّذِينَ أَسَٰٓـُٔوا۟ ٱلسُّوٓأَىٰٓ أَن كَذَّبُوا۟ بِـَٔايَٰتِ ٱللَّهِ وَكَانُوا۟ بِهَا يَسْتَهْزِءُونَ",
        "numberInSurah": 10,
        "juz": 21,
        "manzil": 5,
        "page": 405,
        "ruku": 349,
        "hizbQuarter": 162,
        "sajda": false,
        "audioArabic": [
          "https://cdn.jsdelivr.net/gh/Salimbd71/ArabicQuran@main/30/10.mp3"
        ],
        "audioBangla": [
          "https://cdn.jsdelivr.net/gh/Salimbd71/BanglaQuran@main/30/10.mp3"
        ]
      },
      {
        "number": 3420,
        "audio": "https://everyayah.com/data/Husary_64kbps/030011.mp3",
        "audioSecondary": [
          "https://cdn.islamic.network/quran/audio/64/ar.husary/3420.mp3"
        ],
        "text": "ٱللَّهُ يَبْدَؤُا۟ ٱلْخَلْقَ ثُمَّ يُعِيدُهُۥ ثُمَّ إِلَيْهِ تُرْجَعُونَ",
        "numberInSurah": 11,
        "juz": 21,
        "manzil": 5,
        "page": 405,
        "ruku": 350,
        "hizbQuarter": 162,
        "sajda": false,
        "audioArabic": [
          "https://cdn.jsdelivr.net/gh/Salimbd71/ArabicQuran@main/30/11.mp3"
        ],
        "audioBangla": [
          "https://cdn.jsdelivr.net/gh/Salimbd71/BanglaQuran@main/30/11.mp3"
        ]
      },
      {
        "number": 3421,
        "audio": "https://everyayah.com/data/Husary_64kbps/030012.mp3",
        "audioSecondary": [
          "https://cdn.islamic.network/quran/audio/64/ar.husary/3421.mp3"
        ],
        "text": "وَيَوْمَ تَقُومُ ٱلسَّاعَةُ يُبْلِسُ ٱلْمُجْرِمُونَ",
        "numberInSurah": 12,
        "juz": 21,
        "manzil": 5,
        "page": 405,
        "ruku": 350,
        "hizbQuarter": 162,
        "sajda": false,
        "audioArabic": [
          "https://cdn.jsdelivr.net/gh/Salimbd71/ArabicQuran@main/30/12.mp3"
        ],
        "audioBangla": [
          "https://cdn.jsdelivr.net/gh/Salimbd71/BanglaQuran@main/30/12.mp3"
        ]
      },
      {
        "number": 3422,
        "audio": "https://everyayah.com/data/Husary_64kbps/030013.mp3",
        "audioSecondary": [
          "https://cdn.islamic.network/quran/audio/64/ar.husary/3422.mp3"
        ],
        "text": "وَلَمْ يَكُن لَّهُم مِّن شُرَكَآئِهِمْ شُفَعَٰٓؤُا۟ وَكَانُوا۟ بِشُرَكَآئِهِمْ كَٰفِرِينَ",
        "numberInSurah": 13,
        "juz": 21,
        "manzil": 5,
        "page": 405,
        "ruku": 350,
        "hizbQuarter": 162,
        "sajda": false,
        "audioArabic": [
          "https://cdn.jsdelivr.net/gh/Salimbd71/ArabicQuran@main/30/13.mp3"
        ],
        "audioBangla": [
          "https://cdn.jsdelivr.net/gh/Salimbd71/BanglaQuran@main/30/13.mp3"
        ]
      },
      {
        "number": 3423,
        "audio": "https://everyayah.com/data/Husary_64kbps/030014.mp3",
        "audioSecondary": [
          "https://cdn.islamic.network/quran/audio/64/ar.husary/3423.mp3"
        ],
        "text": "وَيَوْمَ تَقُومُ ٱلسَّاعَةُ يَوْمَئِذٍۢ يَتَفَرَّقُونَ",
        "numberInSurah": 14,
        "juz": 21,
        "manzil": 5,
        "page": 405,
        "ruku": 350,
        "hizbQuarter": 162,
        "sajda": false,
        "audioArabic": [
          "https://cdn.jsdelivr.net/gh/Salimbd71/ArabicQuran@main/30/14.mp3"
        ],
        "audioBangla": [
          "https://cdn.jsdelivr.net/gh/Salimbd71/BanglaQuran@main/30/14.mp3"
        ]
      },
      {
        "number": 3424,
        "audio": "https://everyayah.com/data/Husary_64kbps/030015.mp3",
        "audioSecondary": [
          "https://cdn.islamic.network/quran/audio/64/ar.husary/3424.mp3"
        ],
        "text": "فَأَمَّا ٱلَّذِينَ ءَامَنُوا۟ وَعَمِلُوا۟ ٱلصَّٰلِحَٰتِ فَهُمْ فِى رَوْضَةٍۢ يُحْبَرُونَ",
        "numberInSurah": 15,
        "juz": 21,
        "manzil": 5,
        "page": 405,
        "ruku": 350,
        "hizbQuarter": 162,
        "sajda": false,
        "audioArabic": [
          "https://cdn.jsdelivr.net/gh/Salimbd71/ArabicQuran@main/30/15.mp3"
        ],
        "audioBangla": [
          "https://cdn.jsdelivr.net/gh/Salimbd71/BanglaQuran@main/30/15.mp3"
        ]
      },
      {
        "number": 3425,
        "audio": "https://everyayah.com/data/Husary_64kbps/030016.mp3",
        "audioSecondary": [
          "https://cdn.islamic.network/quran/audio/64/ar.husary/3425.mp3"
        ],
        "text": "وَأَمَّا ٱلَّذِينَ كَفَرُوا۟ وَكَذَّبُوا۟ بِـَٔايَٰتِنَا وَلِقَآئِ ٱلْءَاخِرَةِ فَأُو۟لَٰٓئِكَ فِى ٱلْعَذَابِ مُحْضَرُونَ",
        "numberInSurah": 16,
        "juz": 21,
        "manzil": 5,
        "page": 406,
        "ruku": 350,
        "hizbQuarter": 162,
        "sajda": false,
        "audioArabic": [
          "https://cdn.jsdelivr.net/gh/Salimbd71/ArabicQuran@main/30/16.mp3"
        ],
        "audioBangla": [
          "https://cdn.jsdelivr.net/gh/Salimbd71/BanglaQuran@main/30/16.mp3"
        ]
      },
      {
        "number": 3426,
        "audio": "https://everyayah.com/data/Husary_64kbps/030017.mp3",
        "audioSecondary": [
          "https://cdn.islamic.network/quran/audio/64/ar.husary/3426.mp3"
        ],
        "text": "فَسُبْحَٰنَ ٱللَّهِ حِينَ تُمْسُونَ وَحِينَ تُصْبِحُونَ",
        "numberInSurah": 17,
        "juz": 21,
        "manzil": 5,
        "page": 406,
        "ruku": 350,
        "hizbQuarter": 162,
        "sajda": false,
        "audioArabic": [
          "https://cdn.jsdelivr.net/gh/Salimbd71/ArabicQuran@main/30/17.mp3"
        ],
        "audioBangla": [
          "https://cdn.jsdelivr.net/gh/Salimbd71/BanglaQuran@main/30/17.mp3"
        ]
      },
      {
        "number": 3427,
        "audio": "https://everyayah.com/data/Husary_64kbps/030018.mp3",
        "audioSecondary": [
          "https://cdn.islamic.network/quran/audio/64/ar.husary/3427.mp3"
        ],
        "text": "وَلَهُ ٱلْحَمْدُ فِى ٱلسَّمَٰوَٰتِ وَٱلْأَرْضِ وَعَشِيًّۭا وَحِينَ تُظْهِرُونَ",
        "numberInSurah": 18,
        "juz": 21,
        "manzil": 5,
        "page": 406,
        "ruku": 350,
        "hizbQuarter": 162,
        "sajda": false,
        "audioArabic": [
          "https://cdn.jsdelivr.net/gh/Salimbd71/ArabicQuran@main/30/18.mp3"
        ],
        "audioBangla": [
          "https://cdn.jsdelivr.net/gh/Salimbd71/BanglaQuran@main/30/18.mp3"
        ]
      },
      {
        "number": 3428,
        "audio": "https://everyayah.com/data/Husary_64kbps/030019.mp3",
        "audioSecondary": [
          "https://cdn.islamic.network/quran/audio/64/ar.husary/3428.mp3"
        ],
        "text": "يُخْرِجُ ٱلْحَىَّ مِنَ ٱلْمَيِّتِ وَيُخْرِجُ ٱلْمَيِّتَ مِنَ ٱلْحَىِّ وَيُحْىِ ٱلْأَرْضَ بَعْدَ مَوْتِهَا ۚ وَكَذَٰلِكَ تُخْرَجُونَ",
        "numberInSurah": 19,
        "juz": 21,
        "manzil": 5,
        "page": 406,
        "ruku": 350,
        "hizbQuarter": 162,
        "sajda": false,
        "audioArabic": [
          "https://cdn.jsdelivr.net/gh/Salimbd71/ArabicQuran@main/30/19.mp3"
        ],
        "audioBangla": [
          "https://cdn.jsdelivr.net/gh/Salimbd71/BanglaQuran@main/30/19.mp3"
        ]
      },
      {
        "number": 3429,
        "audio": "https://everyayah.com/data/Husary_64kbps/030020.mp3",
        "audioSecondary": [
          "https://cdn.islamic.network/quran/audio/64/ar.husary/3429.mp3"
        ],
        "text": "وَمِنْ ءَايَٰتِهِۦٓ أَنْ خَلَقَكُم مِّن تُرَابٍۢ ثُمَّ إِذَآ أَنتُم بَشَرٌۭ تَنتَشِرُونَ",
        "numberInSurah": 20,
        "juz": 21,
        "manzil": 5,
        "page": 406,
        "ruku": 351,
        "hizbQuarter": 162,
        "sajda": false,
        "audioArabic": [
          "https://cdn.jsdelivr.net/gh/Salimbd71/ArabicQuran@main/30/20.mp3"
        ],
        "audioBangla": [
          "https://cdn.jsdelivr.net/gh/Salimbd71/BanglaQuran@main/30/20.mp3"
        ]
      },
      {
        "number": 3430,
        "audio": "https://everyayah.com/data/Husary_64kbps/030021.mp3",
        "audioSecondary": [
          "https://cdn.islamic.network/quran/audio/64/ar.husary/3430.mp3"
        ],
        "text": "وَمِنْ ءَايَٰتِهِۦٓ أَنْ خَلَقَ لَكُم مِّنْ أَنفُسِكُمْ أَزْوَٰجًۭا لِّتَسْكُنُوٓا۟ إِلَيْهَا وَجَعَلَ بَيْنَكُم مَّوَدَّةًۭ وَرَحْمَةً ۚ إِنَّ فِى ذَٰلِكَ لَءَايَٰتٍۢ لِّقَوْمٍۢ يَتَفَكَّرُونَ",
        "numberInSurah": 21,
        "juz": 21,
        "manzil": 5,
        "page": 406,
        "ruku": 351,
        "hizbQuarter": 162,
        "sajda": false,
        "audioArabic": [
          "https://cdn.jsdelivr.net/gh/Salimbd71/ArabicQuran@main/30/21.mp3"
        ],
        "audioBangla": [
          "https://cdn.jsdelivr.net/gh/Salimbd71/BanglaQuran@main/30/21.mp3"
        ]
      },
      {
        "number": 3431,
        "audio": "https://everyayah.com/data/Husary_64kbps/030022.mp3",
        "audioSecondary": [
          "https://cdn.islamic.network/quran/audio/64/ar.husary/3431.mp3"
        ],
        "text": "وَمِنْ ءَايَٰتِهِۦ خَلْقُ ٱلسَّمَٰوَٰتِ وَٱلْأَرْضِ وَٱخْتِلَٰفُ أَلْسِنَتِكُمْ وَأَلْوَٰنِكُمْ ۚ إِنَّ فِى ذَٰلِكَ لَءَايَٰتٍۢ لِّلْعَٰلِمِينَ",
        "numberInSurah": 22,
        "juz": 21,
        "manzil": 5,
        "page": 406,
        "ruku": 351,
        "hizbQuarter": 162,
        "sajda": false,
        "audioArabic": [
          "https://cdn.jsdelivr.net/gh/Salimbd71/ArabicQuran@main/30/22.mp3"
        ],
        "audioBangla": [
          "https://cdn.jsdelivr.net/gh/Salimbd71/BanglaQuran@main/30/22.mp3"
        ]
      },
      {
        "number": 3432,
        "audio": "https://everyayah.com/data/Husary_64kbps/030023.mp3",
        "audioSecondary": [
          "https://cdn.islamic.network/quran/audio/64/ar.husary/3432.mp3"
        ],
        "text": "وَمِنْ ءَايَٰتِهِۦ مَنَامُكُم بِٱلَّيْلِ وَٱلنَّهَارِ وَٱبْتِغَآؤُكُم مِّن فَضْلِهِۦٓ ۚ إِنَّ فِى ذَٰلِكَ لَءَايَٰتٍۢ لِّقَوْمٍۢ يَسْمَعُونَ",
        "numberInSurah": 23,
        "juz": 21,
        "manzil": 5,
        "page": 406,
        "ruku": 351,
        "hizbQuarter": 162,
        "sajda": false,
        "audioArabic": [
          "https://cdn.jsdelivr.net/gh/Salimbd71/ArabicQuran@main/30/23.mp3"
        ],
        "audioBangla": [
          "https://cdn.jsdelivr.net/gh/Salimbd71/BanglaQuran@main/30/23.mp3"
        ]
      },
      {
        "number": 3433,
        "audio": "https://everyayah.com/data/Husary_64kbps/030024.mp3",
        "audioSecondary": [
          "https://cdn.islamic.network/quran/audio/64/ar.husary/3433.mp3"
        ],
        "text": "وَمِنْ ءَايَٰتِهِۦ يُرِيكُمُ ٱلْبَرْقَ خَوْفًۭا وَطَمَعًۭا وَيُنَزِّلُ مِنَ ٱلسَّمَآءِ مَآءًۭ فَيُحْىِۦ بِهِ ٱلْأَرْضَ بَعْدَ مَوْتِهَآ ۚ إِنَّ فِى ذَٰلِكَ لَءَايَٰتٍۢ لِّقَوْمٍۢ يَعْقِلُونَ",
        "numberInSurah": 24,
        "juz": 21,
        "manzil": 5,
        "page": 406,
        "ruku": 351,
        "hizbQuarter": 162,
        "sajda": false,
        "audioArabic": [
          "https://cdn.jsdelivr.net/gh/Salimbd71/ArabicQuran@main/30/24.mp3"
        ],
        "audioBangla": [
          "https://cdn.jsdelivr.net/gh/Salimbd71/BanglaQuran@main/30/24.mp3"
        ]
      },
      {
        "number": 3434,
        "audio": "https://everyayah.com/data/Husary_64kbps/030025.mp3",
        "audioSecondary": [
          "https://cdn.islamic.network/quran/audio/64/ar.husary/3434.mp3"
        ],
        "text": "وَمِنْ ءَايَٰتِهِۦٓ أَن تَقُومَ ٱلسَّمَآءُ وَٱلْأَرْضُ بِأَمْرِهِۦ ۚ ثُمَّ إِذَا دَعَاكُمْ دَعْوَةًۭ مِّنَ ٱلْأَرْضِ إِذَآ أَنتُمْ تَخْرُجُونَ",
        "numberInSurah": 25,
        "juz": 21,
        "manzil": 5,
        "page": 407,
        "ruku": 351,
        "hizbQuarter": 162,
        "sajda": false,
        "audioArabic": [
          "https://cdn.jsdelivr.net/gh/Salimbd71/ArabicQuran@main/30/25.mp3"
        ],
        "audioBangla": [
          "https://cdn.jsdelivr.net/gh/Salimbd71/BanglaQuran@main/30/25.mp3"
        ]
      },
      {
        "number": 3435,
        "audio": "https://everyayah.com/data/Husary_64kbps/030026.mp3",
        "audioSecondary": [
          "https://cdn.islamic.network/quran/audio/64/ar.husary/3435.mp3"
        ],
        "text": "وَلَهُۥ مَن فِى ٱلسَّمَٰوَٰتِ وَٱلْأَرْضِ ۖ كُلٌّۭ لَّهُۥ قَٰنِتُونَ",
        "numberInSurah": 26,
        "juz": 21,
        "manzil": 5,
        "page": 407,
        "ruku": 351,
        "hizbQuarter": 162,
        "sajda": false,
        "audioArabic": [
          "https://cdn.jsdelivr.net/gh/Salimbd71/ArabicQuran@main/30/26.mp3"
        ],
        "audioBangla": [
          "https://cdn.jsdelivr.net/gh/Salimbd71/BanglaQuran@main/30/26.mp3"
        ]
      },
      {
        "number": 3436,
        "audio": "https://everyayah.com/data/Husary_64kbps/030027.mp3",
        "audioSecondary": [
          "https://cdn.islamic.network/quran/audio/64/ar.husary/3436.mp3"
        ],
        "text": "وَهُوَ ٱلَّذِى يَبْدَؤُا۟ ٱلْخَلْقَ ثُمَّ يُعِيدُهُۥ وَهُوَ أَهْوَنُ عَلَيْهِ ۚ وَلَهُ ٱلْمَثَلُ ٱلْأَعْلَىٰ فِى ٱلسَّمَٰوَٰتِ وَٱلْأَرْضِ ۚ وَهُوَ ٱلْعَزِيزُ ٱلْحَكِيمُ",
        "numberInSurah": 27,
        "juz": 21,
        "manzil": 5,
        "page": 407,
        "ruku": 351,
        "hizbQuarter": 162,
        "sajda": false,
        "audioArabic": [
          "https://cdn.jsdelivr.net/gh/Salimbd71/ArabicQuran@main/30/27.mp3"
        ],
        "audioBangla": [
          "https://cdn.jsdelivr.net/gh/Salimbd71/BanglaQuran@main/30/27.mp3"
        ]
      },
      {
        "number": 3437,
        "audio": "https://everyayah.com/data/Husary_64kbps/030028.mp3",
        "audioSecondary": [
          "https://cdn.islamic.network/quran/audio/64/ar.husary/3437.mp3"
        ],
        "text": "ضَرَبَ لَكُم مَّثَلًۭا مِّنْ أَنفُسِكُمْ ۖ هَل لَّكُم مِّن مَّا مَلَكَتْ أَيْمَٰنُكُم مِّن شُرَكَآءَ فِى مَا رَزَقْنَٰكُمْ فَأَنتُمْ فِيهِ سَوَآءٌۭ تَخَافُونَهُمْ كَخِيفَتِكُمْ أَنفُسَكُمْ ۚ كَذَٰلِكَ نُفَصِّلُ ٱلْءَايَٰتِ لِقَوْمٍۢ يَعْقِلُونَ",
        "numberInSurah": 28,
        "juz": 21,
        "manzil": 5,
        "page": 407,
        "ruku": 352,
        "hizbQuarter": 162,
        "sajda": false,
        "audioArabic": [
          "https://cdn.jsdelivr.net/gh/Salimbd71/ArabicQuran@main/30/28.mp3"
        ],
        "audioBangla": [
          "https://cdn.jsdelivr.net/gh/Salimbd71/BanglaQuran@main/30/28.mp3"
        ]
      },
      {
        "number": 3438,
        "audio": "https://everyayah.com/data/Husary_64kbps/030029.mp3",
        "audioSecondary": [
          "https://cdn.islamic.network/quran/audio/64/ar.husary/3438.mp3"
        ],
        "text": "بَلِ ٱتَّبَعَ ٱلَّذِينَ ظَلَمُوٓا۟ أَهْوَآءَهُم بِغَيْرِ عِلْمٍۢ ۖ فَمَن يَهْدِى مَنْ أَضَلَّ ٱللَّهُ ۖ وَمَا لَهُم مِّن نَّٰصِرِينَ",
        "numberInSurah": 29,
        "juz": 21,
        "manzil": 5,
        "page": 407,
        "ruku": 352,
        "hizbQuarter": 162,
        "sajda": false,
        "audioArabic": [
          "https://cdn.jsdelivr.net/gh/Salimbd71/ArabicQuran@main/30/29.mp3"
        ],
        "audioBangla": [
          "https://cdn.jsdelivr.net/gh/Salimbd71/BanglaQuran@main/30/29.mp3"
        ]
      },
      {
        "number": 3439,
        "audio": "https://everyayah.com/data/Husary_64kbps/030030.mp3",
        "audioSecondary": [
          "https://cdn.islamic.network/quran/audio/64/ar.husary/3439.mp3"
        ],
        "text": "فَأَقِمْ وَجْهَكَ لِلدِّينِ حَنِيفًۭا ۚ فِطْرَتَ ٱللَّهِ ٱلَّتِى فَطَرَ ٱلنَّاسَ عَلَيْهَا ۚ لَا تَبْدِيلَ لِخَلْقِ ٱللَّهِ ۚ ذَٰلِكَ ٱلدِّينُ ٱلْقَيِّمُ وَلَٰكِنَّ أَكْثَرَ ٱلنَّاسِ لَا يَعْلَمُونَ",
        "numberInSurah": 30,
        "juz": 21,
        "manzil": 5,
        "page": 407,
        "ruku": 352,
        "hizbQuarter": 162,
        "sajda": false,
        "audioArabic": [
          "https://cdn.jsdelivr.net/gh/Salimbd71/ArabicQuran@main/30/30.mp3"
        ],
        "audioBangla": [
          "https://cdn.jsdelivr.net/gh/Salimbd71/BanglaQuran@main/30/30.mp3"
        ]
      },
      {
        "number": 3440,
        "audio": "https://everyayah.com/data/Husary_64kbps/030031.mp3",
        "audioSecondary": [
          "https://cdn.islamic.network/quran/audio/64/ar.husary/3440.mp3"
        ],
        "text": "۞ مُنِيبِينَ إِلَيْهِ وَٱتَّقُوهُ وَأَقِيمُوا۟ ٱلصَّلَوٰةَ وَلَا تَكُونُوا۟ مِنَ ٱلْمُشْرِكِينَ",
        "numberInSurah": 31,
        "juz": 21,
        "manzil": 5,
        "page": 407,
        "ruku": 352,
        "hizbQuarter": 163,
        "sajda": false,
        "audioArabic": [
          "https://cdn.jsdelivr.net/gh/Salimbd71/ArabicQuran@main/30/31.mp3"
        ],
        "audioBangla": [
          "https://cdn.jsdelivr.net/gh/Salimbd71/BanglaQuran@main/30/31.mp3"
        ]
      },
      {
        "number": 3441,
        "audio": "https://everyayah.com/data/Husary_64kbps/030032.mp3",
        "audioSecondary": [
          "https://cdn.islamic.network/quran/audio/64/ar.husary/3441.mp3"
        ],
        "text": "مِنَ ٱلَّذِينَ فَرَّقُوا۟ دِينَهُمْ وَكَانُوا۟ شِيَعًۭا ۖ كُلُّ حِزْبٍۭ بِمَا لَدَيْهِمْ فَرِحُونَ",
        "numberInSurah": 32,
        "juz": 21,
        "manzil": 5,
        "page": 407,
        "ruku": 352,
        "hizbQuarter": 163,
        "sajda": false,
        "audioArabic": [
          "https://cdn.jsdelivr.net/gh/Salimbd71/ArabicQuran@main/30/32.mp3"
        ],
        "audioBangla": [
          "https://cdn.jsdelivr.net/gh/Salimbd71/BanglaQuran@main/30/32.mp3"
        ]
      },
      {
        "number": 3442,
        "audio": "https://everyayah.com/data/Husary_64kbps/030033.mp3",
        "audioSecondary": [
          "https://cdn.islamic.network/quran/audio/64/ar.husary/3442.mp3"
        ],
        "text": "وَإِذَا مَسَّ ٱلنَّاسَ ضُرٌّۭ دَعَوْا۟ رَبَّهُم مُّنِيبِينَ إِلَيْهِ ثُمَّ إِذَآ أَذَاقَهُم مِّنْهُ رَحْمَةً إِذَا فَرِيقٌۭ مِّنْهُم بِرَبِّهِمْ يُشْرِكُونَ",
        "numberInSurah": 33,
        "juz": 21,
        "manzil": 5,
        "page": 408,
        "ruku": 352,
        "hizbQuarter": 163,
        "sajda": false,
        "audioArabic": [
          "https://cdn.jsdelivr.net/gh/Salimbd71/ArabicQuran@main/30/33.mp3"
        ],
        "audioBangla": [
          "https://cdn.jsdelivr.net/gh/Salimbd71/BanglaQuran@main/30/33.mp3"
        ]
      },
      {
        "number": 3443,
        "audio": "https://everyayah.com/data/Husary_64kbps/030034.mp3",
        "audioSecondary": [
          "https://cdn.islamic.network/quran/audio/64/ar.husary/3443.mp3"
        ],
        "text": "لِيَكْفُرُوا۟ بِمَآ ءَاتَيْنَٰهُمْ ۚ فَتَمَتَّعُوا۟ فَسَوْفَ تَعْلَمُونَ",
        "numberInSurah": 34,
        "juz": 21,
        "manzil": 5,
        "page": 408,
        "ruku": 352,
        "hizbQuarter": 163,
        "sajda": false,
        "audioArabic": [
          "https://cdn.jsdelivr.net/gh/Salimbd71/ArabicQuran@main/30/34.mp3"
        ],
        "audioBangla": [
          "https://cdn.jsdelivr.net/gh/Salimbd71/BanglaQuran@main/30/34.mp3"
        ]
      },
      {
        "number": 3444,
        "audio": "https://everyayah.com/data/Husary_64kbps/030035.mp3",
        "audioSecondary": [
          "https://cdn.islamic.network/quran/audio/64/ar.husary/3444.mp3"
        ],
        "text": "أَمْ أَنزَلْنَا عَلَيْهِمْ سُلْطَٰنًۭا فَهُوَ يَتَكَلَّمُ بِمَا كَانُوا۟ بِهِۦ يُشْرِكُونَ",
        "numberInSurah": 35,
        "juz": 21,
        "manzil": 5,
        "page": 408,
        "ruku": 352,
        "hizbQuarter": 163,
        "sajda": false,
        "audioArabic": [
          "https://cdn.jsdelivr.net/gh/Salimbd71/ArabicQuran@main/30/35.mp3"
        ],
        "audioBangla": [
          "https://cdn.jsdelivr.net/gh/Salimbd71/BanglaQuran@main/30/35.mp3"
        ]
      },
      {
        "number": 3445,
        "audio": "https://everyayah.com/data/Husary_64kbps/030036.mp3",
        "audioSecondary": [
          "https://cdn.islamic.network/quran/audio/64/ar.husary/3445.mp3"
        ],
        "text": "وَإِذَآ أَذَقْنَا ٱلنَّاسَ رَحْمَةًۭ فَرِحُوا۟ بِهَا ۖ وَإِن تُصِبْهُمْ سَيِّئَةٌۢ بِمَا قَدَّمَتْ أَيْدِيهِمْ إِذَا هُمْ يَقْنَطُونَ",
        "numberInSurah": 36,
        "juz": 21,
        "manzil": 5,
        "page": 408,
        "ruku": 352,
        "hizbQuarter": 163,
        "sajda": false,
        "audioArabic": [
          "https://cdn.jsdelivr.net/gh/Salimbd71/ArabicQuran@main/30/36.mp3"
        ],
        "audioBangla": [
          "https://cdn.jsdelivr.net/gh/Salimbd71/BanglaQuran@main/30/36.mp3"
        ]
      },
      {
        "number": 3446,
        "audio": "https://everyayah.com/data/Husary_64kbps/030037.mp3",
        "audioSecondary": [
          "https://cdn.islamic.network/quran/audio/64/ar.husary/3446.mp3"
        ],
        "text": "أَوَلَمْ يَرَوْا۟ أَنَّ ٱللَّهَ يَبْسُطُ ٱلرِّزْقَ لِمَن يَشَآءُ وَيَقْدِرُ ۚ إِنَّ فِى ذَٰلِكَ لَءَايَٰتٍۢ لِّقَوْمٍۢ يُؤْمِنُونَ",
        "numberInSurah": 37,
        "juz": 21,
        "manzil": 5,
        "page": 408,
        "ruku": 352,
        "hizbQuarter": 163,
        "sajda": false,
        "audioArabic": [
          "https://cdn.jsdelivr.net/gh/Salimbd71/ArabicQuran@main/30/37.mp3"
        ],
        "audioBangla": [
          "https://cdn.jsdelivr.net/gh/Salimbd71/BanglaQuran@main/30/37.mp3"
        ]
      },
      {
        "number": 3447,
        "audio": "https://everyayah.com/data/Husary_64kbps/030038.mp3",
        "audioSecondary": [
          "https://cdn.islamic.network/quran/audio/64/ar.husary/3447.mp3"
        ],
        "text": "فَـَٔاتِ ذَا ٱلْقُرْبَىٰ حَقَّهُۥ وَٱلْمِسْكِينَ وَٱبْنَ ٱلسَّبِيلِ ۚ ذَٰلِكَ خَيْرٌۭ لِّلَّذِينَ يُرِيدُونَ وَجْهَ ٱللَّهِ ۖ وَأُو۟لَٰٓئِكَ هُمُ ٱلْمُفْلِحُونَ",
        "numberInSurah": 38,
        "juz": 21,
        "manzil": 5,
        "page": 408,
        "ruku": 352,
        "hizbQuarter": 163,
        "sajda": false,
        "audioArabic": [
          "https://cdn.jsdelivr.net/gh/Salimbd71/ArabicQuran@main/30/38.mp3"
        ],
        "audioBangla": [
          "https://cdn.jsdelivr.net/gh/Salimbd71/BanglaQuran@main/30/38.mp3"
        ]
      },
      {
        "number": 3448,
        "audio": "https://everyayah.com/data/Husary_64kbps/030039.mp3",
        "audioSecondary": [
          "https://cdn.islamic.network/quran/audio/64/ar.husary/3448.mp3"
        ],
        "text": "وَمَآ ءَاتَيْتُم مِّن رِّبًۭا لِّيَرْبُوَا۟ فِىٓ أَمْوَٰلِ ٱلنَّاسِ فَلَا يَرْبُوا۟ عِندَ ٱللَّهِ ۖ وَمَآ ءَاتَيْتُم مِّن زَكَوٰةٍۢ تُرِيدُونَ وَجْهَ ٱللَّهِ فَأُو۟لَٰٓئِكَ هُمُ ٱلْمُضْعِفُونَ",
        "numberInSurah": 39,
        "juz": 21,
        "manzil": 5,
        "page": 408,
        "ruku": 352,
        "hizbQuarter": 163,
        "sajda": false,
        "audioArabic": [
          "https://cdn.jsdelivr.net/gh/Salimbd71/ArabicQuran@main/30/39.mp3"
        ],
        "audioBangla": [
          "https://cdn.jsdelivr.net/gh/Salimbd71/BanglaQuran@main/30/39.mp3"
        ]
      },
      {
        "number": 3449,
        "audio": "https://everyayah.com/data/Husary_64kbps/030040.mp3",
        "audioSecondary": [
          "https://cdn.islamic.network/quran/audio/64/ar.husary/3449.mp3"
        ],
        "text": "ٱللَّهُ ٱلَّذِى خَلَقَكُمْ ثُمَّ رَزَقَكُمْ ثُمَّ يُمِيتُكُمْ ثُمَّ يُحْيِيكُمْ ۖ هَلْ مِن شُرَكَآئِكُم مَّن يَفْعَلُ مِن ذَٰلِكُم مِّن شَىْءٍۢ ۚ سُبْحَٰنَهُۥ وَتَعَٰلَىٰ عَمَّا يُشْرِكُونَ",
        "numberInSurah": 40,
        "juz": 21,
        "manzil": 5,
        "page": 408,
        "ruku": 352,
        "hizbQuarter": 163,
        "sajda": false,
        "audioArabic": [
          "https://cdn.jsdelivr.net/gh/Salimbd71/ArabicQuran@main/30/40.mp3"
        ],
        "audioBangla": [
          "https://cdn.jsdelivr.net/gh/Salimbd71/BanglaQuran@main/30/40.mp3"
        ]
      },
      {
        "number": 3450,
        "audio": "https://everyayah.com/data/Husary_64kbps/030041.mp3",
        "audioSecondary": [
          "https://cdn.islamic.network/quran/audio/64/ar.husary/3450.mp3"
        ],
        "text": "ظَهَرَ ٱلْفَسَادُ فِى ٱلْبَرِّ وَٱلْبَحْرِ بِمَا كَسَبَتْ أَيْدِى ٱلنَّاسِ لِيُذِيقَهُم بَعْضَ ٱلَّذِى عَمِلُوا۟ لَعَلَّهُمْ يَرْجِعُونَ",
        "numberInSurah": 41,
        "juz": 21,
        "manzil": 5,
        "page": 408,
        "ruku": 353,
        "hizbQuarter": 163,
        "sajda": false,
        "audioArabic": [
          "https://cdn.jsdelivr.net/gh/Salimbd71/ArabicQuran@main/30/41.mp3"
        ],
        "audioBangla": [
          "https://cdn.jsdelivr.net/gh/Salimbd71/BanglaQuran@main/30/41.mp3"
        ]
      },
      {
        "number": 3451,
        "audio": "https://everyayah.com/data/Husary_64kbps/030042.mp3",
        "audioSecondary": [
          "https://cdn.islamic.network/quran/audio/64/ar.husary/3451.mp3"
        ],
        "text": "قُلْ سِيرُوا۟ فِى ٱلْأَرْضِ فَٱنظُرُوا۟ كَيْفَ كَانَ عَٰقِبَةُ ٱلَّذِينَ مِن قَبْلُ ۚ كَانَ أَكْثَرُهُم مُّشْرِكِينَ",
        "numberInSurah": 42,
        "juz": 21,
        "manzil": 5,
        "page": 409,
        "ruku": 353,
        "hizbQuarter": 163,
        "sajda": false,
        "audioArabic": [
          "https://cdn.jsdelivr.net/gh/Salimbd71/ArabicQuran@main/30/42.mp3"
        ],
        "audioBangla": [
          "https://cdn.jsdelivr.net/gh/Salimbd71/BanglaQuran@main/30/42.mp3"
        ]
      },
      {
        "number": 3452,
        "audio": "https://everyayah.com/data/Husary_64kbps/030043.mp3",
        "audioSecondary": [
          "https://cdn.islamic.network/quran/audio/64/ar.husary/3452.mp3"
        ],
        "text": "فَأَقِمْ وَجْهَكَ لِلدِّينِ ٱلْقَيِّمِ مِن قَبْلِ أَن يَأْتِىَ يَوْمٌۭ لَّا مَرَدَّ لَهُۥ مِنَ ٱللَّهِ ۖ يَوْمَئِذٍۢ يَصَّدَّعُونَ",
        "numberInSurah": 43,
        "juz": 21,
        "manzil": 5,
        "page": 409,
        "ruku": 353,
        "hizbQuarter": 163,
        "sajda": false,
        "audioArabic": [
          "https://cdn.jsdelivr.net/gh/Salimbd71/ArabicQuran@main/30/43.mp3"
        ],
        "audioBangla": [
          "https://cdn.jsdelivr.net/gh/Salimbd71/BanglaQuran@main/30/43.mp3"
        ]
      },
      {
        "number": 3453,
        "audio": "https://everyayah.com/data/Husary_64kbps/030044.mp3",
        "audioSecondary": [
          "https://cdn.islamic.network/quran/audio/64/ar.husary/3453.mp3"
        ],
        "text": "مَن كَفَرَ فَعَلَيْهِ كُفْرُهُۥ ۖ وَمَنْ عَمِلَ صَٰلِحًۭا فَلِأَنفُسِهِمْ يَمْهَدُونَ",
        "numberInSurah": 44,
        "juz": 21,
        "manzil": 5,
        "page": 409,
        "ruku": 353,
        "hizbQuarter": 163,
        "sajda": false,
        "audioArabic": [
          "https://cdn.jsdelivr.net/gh/Salimbd71/ArabicQuran@main/30/44.mp3"
        ],
        "audioBangla": [
          "https://cdn.jsdelivr.net/gh/Salimbd71/BanglaQuran@main/30/44.mp3"
        ]
      },
      {
        "number": 3454,
        "audio": "https://everyayah.com/data/Husary_64kbps/030045.mp3",
        "audioSecondary": [
          "https://cdn.islamic.network/quran/audio/64/ar.husary/3454.mp3"
        ],
        "text": "لِيَجْزِىَ ٱلَّذِينَ ءَامَنُوا۟ وَعَمِلُوا۟ ٱلصَّٰلِحَٰتِ مِن فَضْلِهِۦٓ ۚ إِنَّهُۥ لَا يُحِبُّ ٱلْكَٰفِرِينَ",
        "numberInSurah": 45,
        "juz": 21,
        "manzil": 5,
        "page": 409,
        "ruku": 353,
        "hizbQuarter": 163,
        "sajda": false,
        "audioArabic": [
          "https://cdn.jsdelivr.net/gh/Salimbd71/ArabicQuran@main/30/45.mp3"
        ],
        "audioBangla": [
          "https://cdn.jsdelivr.net/gh/Salimbd71/BanglaQuran@main/30/45.mp3"
        ]
      },
      {
        "number": 3455,
        "audio": "https://everyayah.com/data/Husary_64kbps/030046.mp3",
        "audioSecondary": [
          "https://cdn.islamic.network/quran/audio/64/ar.husary/3455.mp3"
        ],
        "text": "وَمِنْ ءَايَٰتِهِۦٓ أَن يُرْسِلَ ٱلرِّيَاحَ مُبَشِّرَٰتٍۢ وَلِيُذِيقَكُم مِّن رَّحْمَتِهِۦ وَلِتَجْرِىَ ٱلْفُلْكُ بِأَمْرِهِۦ وَلِتَبْتَغُوا۟ مِن فَضْلِهِۦ وَلَعَلَّكُمْ تَشْكُرُونَ",
        "numberInSurah": 46,
        "juz": 21,
        "manzil": 5,
        "page": 409,
        "ruku": 353,
        "hizbQuarter": 163,
        "sajda": false,
        "audioArabic": [
          "https://cdn.jsdelivr.net/gh/Salimbd71/ArabicQuran@main/30/46.mp3"
        ],
        "audioBangla": [
          "https://cdn.jsdelivr.net/gh/Salimbd71/BanglaQuran@main/30/46.mp3"
        ]
      },
      {
        "number": 3456,
        "audio": "https://everyayah.com/data/Husary_64kbps/030047.mp3",
        "audioSecondary": [
          "https://cdn.islamic.network/quran/audio/64/ar.husary/3456.mp3"
        ],
        "text": "وَلَقَدْ أَرْسَلْنَا مِن قَبْلِكَ رُسُلًا إِلَىٰ قَوْمِهِمْ فَجَآءُوهُم بِٱلْبَيِّنَٰتِ فَٱنتَقَمْنَا مِنَ ٱلَّذِينَ أَجْرَمُوا۟ ۖ وَكَانَ حَقًّا عَلَيْنَا نَصْرُ ٱلْمُؤْمِنِينَ",
        "numberInSurah": 47,
        "juz": 21,
        "manzil": 5,
        "page": 409,
        "ruku": 353,
        "hizbQuarter": 163,
        "sajda": false,
        "audioArabic": [
          "https://cdn.jsdelivr.net/gh/Salimbd71/ArabicQuran@main/30/47.mp3"
        ],
        "audioBangla": [
          "https://cdn.jsdelivr.net/gh/Salimbd71/BanglaQuran@main/30/47.mp3"
        ]
      },
      {
        "number": 3457,
        "audio": "https://everyayah.com/data/Husary_64kbps/030048.mp3",
        "audioSecondary": [
          "https://cdn.islamic.network/quran/audio/64/ar.husary/3457.mp3"
        ],
        "text": "ٱللَّهُ ٱلَّذِى يُرْسِلُ ٱلرِّيَٰحَ فَتُثِيرُ سَحَابًۭا فَيَبْسُطُهُۥ فِى ٱلسَّمَآءِ كَيْفَ يَشَآءُ وَيَجْعَلُهُۥ كِسَفًۭا فَتَرَى ٱلْوَدْقَ يَخْرُجُ مِنْ خِلَٰلِهِۦ ۖ فَإِذَآ أَصَابَ بِهِۦ مَن يَشَآءُ مِنْ عِبَادِهِۦٓ إِذَا هُمْ يَسْتَبْشِرُونَ",
        "numberInSurah": 48,
        "juz": 21,
        "manzil": 5,
        "page": 409,
        "ruku": 353,
        "hizbQuarter": 163,
        "sajda": false,
        "audioArabic": [
          "https://cdn.jsdelivr.net/gh/Salimbd71/ArabicQuran@main/30/48.mp3"
        ],
        "audioBangla": [
          "https://cdn.jsdelivr.net/gh/Salimbd71/BanglaQuran@main/30/48.mp3"
        ]
      },
      {
        "number": 3458,
        "audio": "https://everyayah.com/data/Husary_64kbps/030049.mp3",
        "audioSecondary": [
          "https://cdn.islamic.network/quran/audio/64/ar.husary/3458.mp3"
        ],
        "text": "وَإِن كَانُوا۟ مِن قَبْلِ أَن يُنَزَّلَ عَلَيْهِم مِّن قَبْلِهِۦ لَمُبْلِسِينَ",
        "numberInSurah": 49,
        "juz": 21,
        "manzil": 5,
        "page": 409,
        "ruku": 353,
        "hizbQuarter": 163,
        "sajda": false,
        "audioArabic": [
          "https://cdn.jsdelivr.net/gh/Salimbd71/ArabicQuran@main/30/49.mp3"
        ],
        "audioBangla": [
          "https://cdn.jsdelivr.net/gh/Salimbd71/BanglaQuran@main/30/49.mp3"
        ]
      },
      {
        "number": 3459,
        "audio": "https://everyayah.com/data/Husary_64kbps/030050.mp3",
        "audioSecondary": [
          "https://cdn.islamic.network/quran/audio/64/ar.husary/3459.mp3"
        ],
        "text": "فَٱنظُرْ إِلَىٰٓ ءَاثَٰرِ رَحْمَتِ ٱللَّهِ كَيْفَ يُحْىِ ٱلْأَرْضَ بَعْدَ مَوْتِهَآ ۚ إِنَّ ذَٰلِكَ لَمُحْىِ ٱلْمَوْتَىٰ ۖ وَهُوَ عَلَىٰ كُلِّ شَىْءٍۢ قَدِيرٌۭ",
        "numberInSurah": 50,
        "juz": 21,
        "manzil": 5,
        "page": 409,
        "ruku": 353,
        "hizbQuarter": 163,
        "sajda": false,
        "audioArabic": [
          "https://cdn.jsdelivr.net/gh/Salimbd71/ArabicQuran@main/30/50.mp3"
        ],
        "audioBangla": [
          "https://cdn.jsdelivr.net/gh/Salimbd71/BanglaQuran@main/30/50.mp3"
        ]
      },
      {
        "number": 3460,
        "audio": "https://everyayah.com/data/Husary_64kbps/030051.mp3",
        "audioSecondary": [
          "https://cdn.islamic.network/quran/audio/64/ar.husary/3460.mp3"
        ],
        "text": "وَلَئِنْ أَرْسَلْنَا رِيحًۭا فَرَأَوْهُ مُصْفَرًّۭا لَّظَلُّوا۟ مِنۢ بَعْدِهِۦ يَكْفُرُونَ",
        "numberInSurah": 51,
        "juz": 21,
        "manzil": 5,
        "page": 410,
        "ruku": 353,
        "hizbQuarter": 163,
        "sajda": false,
        "audioArabic": [
          "https://cdn.jsdelivr.net/gh/Salimbd71/ArabicQuran@main/30/51.mp3"
        ],
        "audioBangla": [
          "https://cdn.jsdelivr.net/gh/Salimbd71/BanglaQuran@main/30/51.mp3"
        ]
      },
      {
        "number": 3461,
        "audio": "https://everyayah.com/data/Husary_64kbps/030052.mp3",
        "audioSecondary": [
          "https://cdn.islamic.network/quran/audio/64/ar.husary/3461.mp3"
        ],
        "text": "فَإِنَّكَ لَا تُسْمِعُ ٱلْمَوْتَىٰ وَلَا تُسْمِعُ ٱلصُّمَّ ٱلدُّعَآءَ إِذَا وَلَّوْا۟ مُدْبِرِينَ",
        "numberInSurah": 52,
        "juz": 21,
        "manzil": 5,
        "page": 410,
        "ruku": 353,
        "hizbQuarter": 163,
        "sajda": false,
        "audioArabic": [
          "https://cdn.jsdelivr.net/gh/Salimbd71/ArabicQuran@main/30/52.mp3"
        ],
        "audioBangla": [
          "https://cdn.jsdelivr.net/gh/Salimbd71/BanglaQuran@main/30/52.mp3"
        ]
      },
      {
        "number": 3462,
        "audio": "https://everyayah.com/data/Husary_64kbps/030053.mp3",
        "audioSecondary": [
          "https://cdn.islamic.network/quran/audio/64/ar.husary/3462.mp3"
        ],
        "text": "وَمَآ أَنتَ بِهَٰدِ ٱلْعُمْىِ عَن ضَلَٰلَتِهِمْ ۖ إِن تُسْمِعُ إِلَّا مَن يُؤْمِنُ بِـَٔايَٰتِنَا فَهُم مُّسْلِمُونَ",
        "numberInSurah": 53,
        "juz": 21,
        "manzil": 5,
        "page": 410,
        "ruku": 353,
        "hizbQuarter": 163,
        "sajda": false,
        "audioArabic": [
          "https://cdn.jsdelivr.net/gh/Salimbd71/ArabicQuran@main/30/53.mp3"
        ],
        "audioBangla": [
          "https://cdn.jsdelivr.net/gh/Salimbd71/BanglaQuran@main/30/53.mp3"
        ]
      },
      {
        "number": 3463,
        "audio": "https://everyayah.com/data/Husary_64kbps/030054.mp3",
        "audioSecondary": [
          "https://cdn.islamic.network/quran/audio/64/ar.husary/3463.mp3"
        ],
        "text": "۞ ٱللَّهُ ٱلَّذِى خَلَقَكُم مِّن ضَعْفٍۢ ثُمَّ جَعَلَ مِنۢ بَعْدِ ضَعْفٍۢ قُوَّةًۭ ثُمَّ جَعَلَ مِنۢ بَعْدِ قُوَّةٍۢ ضَعْفًۭا وَشَيْبَةًۭ ۚ يَخْلُقُ مَا يَشَآءُ ۖ وَهُوَ ٱلْعَلِيمُ ٱلْقَدِيرُ",
        "numberInSurah": 54,
        "juz": 21,
        "manzil": 5,
        "page": 410,
        "ruku": 354,
        "hizbQuarter": 164,
        "sajda": false,
        "audioArabic": [
          "https://cdn.jsdelivr.net/gh/Salimbd71/ArabicQuran@main/30/54.mp3"
        ],
        "audioBangla": [
          "https://cdn.jsdelivr.net/gh/Salimbd71/BanglaQuran@main/30/54.mp3"
        ]
      },
      {
        "number": 3464,
        "audio": "https://everyayah.com/data/Husary_64kbps/030055.mp3",
        "audioSecondary": [
          "https://cdn.islamic.network/quran/audio/64/ar.husary/3464.mp3"
        ],
        "text": "وَيَوْمَ تَقُومُ ٱلسَّاعَةُ يُقْسِمُ ٱلْمُجْرِمُونَ مَا لَبِثُوا۟ غَيْرَ سَاعَةٍۢ ۚ كَذَٰلِكَ كَانُوا۟ يُؤْفَكُونَ",
        "numberInSurah": 55,
        "juz": 21,
        "manzil": 5,
        "page": 410,
        "ruku": 354,
        "hizbQuarter": 164,
        "sajda": false,
        "audioArabic": [
          "https://cdn.jsdelivr.net/gh/Salimbd71/ArabicQuran@main/30/55.mp3"
        ],
        "audioBangla": [
          "https://cdn.jsdelivr.net/gh/Salimbd71/BanglaQuran@main/30/55.mp3"
        ]
      },
      {
        "number": 3465,
        "audio": "https://everyayah.com/data/Husary_64kbps/030056.mp3",
        "audioSecondary": [
          "https://cdn.islamic.network/quran/audio/64/ar.husary/3465.mp3"
        ],
        "text": "وَقَالَ ٱلَّذِينَ أُوتُوا۟ ٱلْعِلْمَ وَٱلْإِيمَٰنَ لَقَدْ لَبِثْتُمْ فِى كِتَٰبِ ٱللَّهِ إِلَىٰ يَوْمِ ٱلْبَعْثِ ۖ فَهَٰذَا يَوْمُ ٱلْبَعْثِ وَلَٰكِنَّكُمْ كُنتُمْ لَا تَعْلَمُونَ",
        "numberInSurah": 56,
        "juz": 21,
        "manzil": 5,
        "page": 410,
        "ruku": 354,
        "hizbQuarter": 164,
        "sajda": false,
        "audioArabic": [
          "https://cdn.jsdelivr.net/gh/Salimbd71/ArabicQuran@main/30/56.mp3"
        ],
        "audioBangla": [
          "https://cdn.jsdelivr.net/gh/Salimbd71/BanglaQuran@main/30/56.mp3"
        ]
      },
      {
        "number": 3466,
        "audio": "https://everyayah.com/data/Husary_64kbps/030057.mp3",
        "audioSecondary": [
          "https://cdn.islamic.network/quran/audio/64/ar.husary/3466.mp3"
        ],
        "text": "فَيَوْمَئِذٍۢ لَّا يَنفَعُ ٱلَّذِينَ ظَلَمُوا۟ مَعْذِرَتُهُمْ وَلَا هُمْ يُسْتَعْتَبُونَ",
        "numberInSurah": 57,
        "juz": 21,
        "manzil": 5,
        "page": 410,
        "ruku": 354,
        "hizbQuarter": 164,
        "sajda": false,
        "audioArabic": [
          "https://cdn.jsdelivr.net/gh/Salimbd71/ArabicQuran@main/30/57.mp3"
        ],
        "audioBangla": [
          "https://cdn.jsdelivr.net/gh/Salimbd71/BanglaQuran@main/30/57.mp3"
        ]
      },
      {
        "number": 3467,
        "audio": "https://everyayah.com/data/Husary_64kbps/030058.mp3",
        "audioSecondary": [
          "https://cdn.islamic.network/quran/audio/64/ar.husary/3467.mp3"
        ],
        "text": "وَلَقَدْ ضَرَبْنَا لِلنَّاسِ فِى هَٰذَا ٱلْقُرْءَانِ مِن كُلِّ مَثَلٍۢ ۚ وَلَئِن جِئْتَهُم بِـَٔايَةٍۢ لَّيَقُولَنَّ ٱلَّذِينَ كَفَرُوٓا۟ إِنْ أَنتُمْ إِلَّا مُبْطِلُونَ",
        "numberInSurah": 58,
        "juz": 21,
        "manzil": 5,
        "page": 410,
        "ruku": 354,
        "hizbQuarter": 164,
        "sajda": false,
        "audioArabic": [
          "https://cdn.jsdelivr.net/gh/Salimbd71/ArabicQuran@main/30/58.mp3"
        ],
        "audioBangla": [
          "https://cdn.jsdelivr.net/gh/Salimbd71/BanglaQuran@main/30/58.mp3"
        ]
      },
      {
        "number": 3468,
        "audio": "https://everyayah.com/data/Husary_64kbps/030059.mp3",
        "audioSecondary": [
          "https://cdn.islamic.network/quran/audio/64/ar.husary/3468.mp3"
        ],
        "text": "كَذَٰلِكَ يَطْبَعُ ٱللَّهُ عَلَىٰ قُلُوبِ ٱلَّذِينَ لَا يَعْلَمُونَ",
        "numberInSurah": 59,
        "juz": 21,
        "manzil": 5,
        "page": 410,
        "ruku": 354,
        "hizbQuarter": 164,
        "sajda": false,
        "audioArabic": [
          "https://cdn.jsdelivr.net/gh/Salimbd71/ArabicQuran@main/30/59.mp3"
        ],
        "audioBangla": [
          "https://cdn.jsdelivr.net/gh/Salimbd71/BanglaQuran@main/30/59.mp3"
        ]
      },
      {
        "number": 3469,
        "audio": "https://everyayah.com/data/Husary_64kbps/030060.mp3",
        "audioSecondary": [
          "https://cdn.islamic.network/quran/audio/64/ar.husary/3469.mp3"
        ],
        "text": "فَٱصْبِرْ إِنَّ وَعْدَ ٱللَّهِ حَقٌّۭ ۖ وَلَا يَسْتَخِفَّنَّكَ ٱلَّذِينَ لَا يُوقِنُونَ",
        "numberInSurah": 60,
        "juz": 21,
        "manzil": 5,
        "page": 410,
        "ruku": 354,
        "hizbQuarter": 164,
        "sajda": false,
        "audioArabic": [
          "https://cdn.jsdelivr.net/gh/Salimbd71/ArabicQuran@main/30/60.mp3"
        ],
        "audioBangla": [
          "https://cdn.jsdelivr.net/gh/Salimbd71/BanglaQuran@main/30/60.mp3"
        ]
      }
    ],
    "edition": {
      "identifier": "ar.husary",
      "language": "ar",
      "name": "محمود خليل الحصري",
      "englishName": "Husary",
      "format": "audio",
      "type": "versebyverse",
      "direction": null
    }
  }
}