{
  "code": 200,
  "status": "OK",
  "data": {
    "number": 29,
    "name": "سُورَةُ العَنكَبُوتِ",
    "englishName": "Al-Ankaboot",
    "englishNameTranslation": "The Spider",
    "revelationType": "Meccan",
    "numberOfAyahs": 69,
    "ayahs": [
      {
        "number": 3341,
        "audio": "https://everyayah.com/data/Abdurrahmaan_As-Sudais_64kbps/029001.mp3",
        "audioSecondary": [
          "https://cdn.islamic.network/quran/audio/64/ar.abdurrahmaansudais/3341.mp3"
        ],
        "text": "بِسْمِ ٱللَّهِ ٱلرَّحْمَٰنِ ٱلرَّحِيمِ الٓمٓ",
        "numberInSurah": 1,
        "juz": 20,
        "manzil": 5,
        "page": 396,
        "ruku": 342,
        "hizbQuarter": 159,
        "sajda": false,
        "audioArabic": [
          "https://cdn.jsdelivr.net/gh/Salimbd71/ArabicQuran@main/29/1.mp3"
        ],
        "audioBangla": [
          "https://cdn.jsdelivr.net/gh/Salimbd71/BanglaQuran@main/29/1.mp3"
        ]
      },
      {
        "number": 3342,
        "audio": "https://everyayah.com/data/Abdurrahmaan_As-Sudais_64kbps/029002.mp3",
        "audioSecondary": [
          "https://cdn.islamic.network/quran/audio/64/ar.abdurrahmaansudais/3342.mp3"
        ],
        "text": "أَحَسِبَ ٱلنَّاسُ أَن يُتْرَكُوٓا۟ أَن يَقُولُوٓا۟ ءَامَنَّا وَهُمْ لَا يُفْتَنُونَ",
        "numberInSurah": 2,
        "juz": 20,
        "manzil": 5,
        "page": 396,
        "ruku": 342,
        "hizbQuarter": 159,
        "sajda": false,
        "audioArabic": [
          "https://cdn.jsdelivr.net/gh/Salimbd71/ArabicQuran@main/29/2.mp3"
        ],
        "audioBangla": [
          "https://cdn.jsdelivr.net/gh/Salimbd71/BanglaQuran@main/29/2.mp3"
        ]
      },
      {
        "number": 3343,
        "audio": "https://everyayah.com/data/Abdurrahmaan_As-Sudais_64kbps/029003.mp3",
        "audioSecondary": [
          "https://cdn.islamic.network/quran/audio/64/ar.abdurrahmaansudais/3343.mp3"
        ],
        "text": "وَلَقَدْ فَتَنَّا ٱلَّذِينَ مِن قَبْلِهِمْ ۖ فَلَيَعْلَمَنَّ ٱللَّهُ ٱلَّذِينَ صَدَقُوا۟ وَلَيَعْلَمَنَّ ٱلْكَٰذِبِينَ",
        "numberInSurah": 3,
        "juz": 20,
        "manzil": 5,
        "page": 396,
        "ruku": 342,
        "hizbQuarter": 159,
        "sajda": false,
        "audioArabic": [
          "https://cdn.jsdelivr.net/gh/Salimbd71/ArabicQuran@main/29/3.mp3"
        ],
        "audioBangla": [
          "https://cdn.jsdelivr.net/gh/Salimbd71/BanglaQuran@main/29/3.mp3"
        ]
      },
      {
        "number": 3344,
        "audio": "https://everyayah.com/data/Abdurrahmaan_As-Sudais_64kbps/029004.mp3",
        "audioSecondary": [
          "https://cdn.islamic.network/quran/audio/64/ar.abdurrahmaansudais/3344.mp3"
        ],
        "text": "أَمْ حَسِبَ ٱلَّذِينَ يَعْمَلُونَ ٱلسَّيِّـَٔاتِ أَن يَسْبِقُونَا ۚ سَآءَ مَا يَحْكُمُونَ",
        "numberInSurah": 4,
        "juz": 20,
        "manzil": 5,
        "page": 396,
        "ruku": 342,
        "hizbQuarter": 159,
        "sajda": false,
        "audioArabic": [
          "https://cdn.jsdelivr.net/gh/Salimbd71/ArabicQuran@main/29/4.mp3"
        ],
        "audioBangla": [
          "https://cdn.jsdelivr.net/gh/Salimbd71/BanglaQuran@main/29/4.mp3"
        ]
      },
      {
        "number": 3345,
        "audio": "https://everyayah.com/data/Abdurrahmaan_As-Sudais_64kbps/029005.mp3",
        "audioSecondary": [
          "https://cdn.islamic.network/quran/audio/64/ar.abdurrahmaansudais/3345.mp3"
        ],
        "text": "مَن كَانَ يَرْجُوا۟ لِقَآءَ ٱللَّهِ فَإِنَّ أَجَلَ ٱللَّهِ لَءَاتٍۢ ۚ وَهُوَ ٱلسَّمِيعُ ٱلْعَلِيمُ",
        "numberInSurah": 5,
        "juz": 20,
        "manzil": 5,
        "page": 396,
        "ruku": 342,
        "hizbQuarter": 159,
        "sajda": false,
        "audioArabic": [
          "https://cdn.jsdelivr.net/gh/Salimbd71/ArabicQuran@main/29/5.mp3"
        ],
        "audioBangla": [
          "https://cdn.jsdelivr.net/gh/Salimbd71/BanglaQuran@main/29/5.mp3"
        ]
      },
      {
        "number": 3346,
        "audio": "https://everyayah.com/data/Abdurrahmaan_As-Sudais_64kbps/029006.mp3",
        "audioSecondary": [
          "https://cdn.islamic.network/quran/audio/64/ar.abdurrahmaansudais/3346.mp3"
        ],
        "text": "وَمَن جَٰهَدَ فَإِنَّمَا يُجَٰهِدُ لِنَفْسِهِۦٓ ۚ إِنَّ ٱللَّهَ لَغَنِىٌّ عَنِ ٱلْعَٰلَمِينَ",
        "numberInSurah": 6,
        "juz": 20,
        "manzil": 5,
        "page": 396,
        "ruku": 342,
        "hizbQuarter": 159,
        "sajda": false,
        "audioArabic": [
          "https://cdn.jsdelivr.net/gh/Salimbd71/ArabicQuran@main/29/6.mp3"
        ],
        "audioBangla": [
          "https://cdn.jsdelivr.net/gh/Salimbd71/BanglaQuran@main/29/6.mp3"
        ]
      },
      {
        "number": 3347,
        "audio": "https://everyayah.com/data/Abdurrahmaan_As-Sudais_64kbps/029007.mp3",
        "audioSecondary": [
          "https://cdn.islamic.network/quran/audio/64/ar.abdurrahmaansudais/3347.mp3"
        ],
        "text": "وَٱلَّذِينَ ءَامَنُوا۟ وَعَمِلُوا۟ ٱلصَّٰلِحَٰتِ لَنُكَفِّرَنَّ عَنْهُمْ سَيِّـَٔاتِهِمْ وَلَنَجْزِيَنَّهُمْ أَحْسَنَ ٱلَّذِى كَانُوا۟ يَعْمَلُونَ",
        "numberInSurah": 7,
        "juz": 20,
        "manzil": 5,
        "page": 397,
        "ruku": 342,
        "hizbQuarter": 159,
        "sajda": false,
        "audioArabic": [
          "https://cdn.jsdelivr.net/gh/Salimbd71/ArabicQuran@main/29/7.mp3"
        ],
        "audioBangla": [
          "https://cdn.jsdelivr.net/gh/Salimbd71/BanglaQuran@main/29/7.mp3"
        ]
      },
      {
        "number": 3348,
        "audio": "https://everyayah.com/data/Abdurrahmaan_As-Sudais_64kbps/029008.mp3",
        "audioSecondary": [
          "https://cdn.islamic.network/quran/audio/64/ar.abdurrahmaansudais/3348.mp3"
        ],
        "text": "وَوَصَّيْنَا ٱلْإِنسَٰنَ بِوَٰلِدَيْهِ حُسْنًۭا ۖ وَإِن جَٰهَدَاكَ لِتُشْرِكَ بِى مَا لَيْسَ لَكَ بِهِۦ عِلْمٌۭ فَلَا تُطِعْهُمَآ ۚ إِلَىَّ مَرْجِعُكُمْ فَأُنَبِّئُكُم بِمَا كُنتُمْ تَعْمَلُونَ",
        "numberInSurah": 8,
        "juz": 20,
        "manzil": 5,
        "page": 397,
        "ruku": 342,
        "hizbQuarter": 159,
        "sajda": false,
        "audioArabic": [
          "https://cdn.jsdelivr.net/gh/Salimbd71/ArabicQuran@main/29/8.mp3"
        ],
        "audioBangla": [
          "https://cdn.jsdelivr.net/gh/Salimbd71/BanglaQuran@main/29/8.mp3"
        ]
      },
      {
        "number": 3349,
        "audio": "https://everyayah.com/data/Abdurrahmaan_As-Sudais_64kbps/029009.mp3",
        "audioSecondary": [
          "https://cdn.islamic.network/quran/audio/64/ar.abdurrahmaansudais/3349.mp3"
        ],
        "text": "وَٱلَّذِينَ ءَامَنُوا۟ وَعَمِلُوا۟ ٱلصَّٰلِحَٰتِ لَنُدْخِلَنَّهُمْ فِى ٱلصَّٰلِحِينَ",
        "numberInSurah": 9,
        "juz": 20,
        "manzil": 5,
        "page": 397,
        "ruku": 342,
        "hizbQuarter": 159,
        "sajda": false,
        "audioArabic": [
          "https://cdn.jsdelivr.net/gh/Salimbd71/ArabicQuran@main/29/9.mp3"
        ],
        "audioBangla": [
          "https://cdn.jsdelivr.net/gh/Salimbd71/BanglaQuran@main/29/9.mp3"
        ]
      },
      {
        "number": 3350,
        "audio": "https://everyayah.com/data/Abdurrahmaan_As-Sudais_64kbps/029010.mp3",
        "audioSecondary": [
          "https://cdn.islamic.network/quran/audio/64/ar.abdurrahmaansudais/3350.mp3"
        ],
        "text": "وَمِنَ ٱلنَّاسِ مَن يَقُولُ ءَامَنَّا بِٱللَّهِ فَإِذَآ أُوذِىَ فِى ٱللَّهِ جَعَلَ فِتْنَةَ ٱلنَّاسِ كَعَذَابِ ٱللَّهِ وَلَئِن جَآءَ نَصْرٌۭ مِّن رَّبِّكَ لَيَقُولُنَّ إِنَّا كُنَّا مَعَكُمْ ۚ أَوَلَيْسَ ٱللَّهُ بِأَعْلَمَ بِمَا فِى صُدُورِ ٱلْعَٰلَمِينَ",
        "numberInSurah": 10,
        "juz": 20,
        "manzil": 5,
        "page": 397,
        "ruku": 342,
        "hizbQuarter": 159,
        "sajda": false,
        "audioArabic": [
          "https://cdn.jsdelivr.net/gh/Salimbd71/ArabicQuran@main/29/10.mp3"
        ],
        "audioBangla": [
          "https://cdn.jsdelivr.net/gh/Salimbd71/BanglaQuran@main/29/10.mp3"
        ]
      },
      {
        "number": 3351,
        "audio": "https://everyayah.com/data/Abdurrahmaan_As-Sudais_64kbps/029011.mp3",
        "audioSecondary": [
          "https://cdn.islamic.network/quran/audio/64/ar.abdurrahmaansudais/3351.mp3"
        ],
        "text": "وَلَيَعْلَمَنَّ ٱللَّهُ ٱلَّذِينَ ءَامَنُوا۟ وَلَيَعْلَمَنَّ ٱلْمُنَٰفِقِينَ",
        "numberInSurah": 11,
        "juz": 20,
        "manzil": 5,
        "page": 397,
        "ruku": 342,
        "hizbQuarter": 159,
        "sajda": false,
        "audioArabic": [
          "https://cdn.jsdelivr.net/gh/Salimbd71/ArabicQuran@main/29/11.mp3"
        ],
        "audioBangla": [
          "https://cdn.jsdelivr.net/gh/Salimbd71/BanglaQuran@main/29/11.mp3"
        ]
      },
      {
        "number": 3352,
        "audio": "https://everyayah.com/data/Abdurrahmaan_As-Sudais_64kbps/029012.mp3",
        "audioSecondary": [
          "https://cdn.islamic.network/quran/audio/64/ar.abdurrahmaansudais/3352.mp3"
        ],
        "text": "وَقَالَ ٱلَّذِينَ كَفَرُوا۟ لِلَّذِينَ ءَامَنُوا۟ ٱتَّبِعُوا۟ سَبِيلَنَا وَلْنَحْمِلْ خَطَٰيَٰكُمْ وَمَا هُم بِحَٰمِلِينَ مِنْ خَطَٰيَٰهُم مِّن شَىْءٍ ۖ إِنَّهُمْ لَكَٰذِبُونَ",
        "numberInSurah": 12,
        "juz": 20,
        "manzil": 5,
        "page": 397,
        "ruku": 342,
        "hizbQuarter": 159,
        "sajda": false,
        "audioArabic": [
          "https://cdn.jsdelivr.net/gh/Salimbd71/ArabicQuran@main/29/12.mp3"
        ],
        "audioBangla": [
          "https://cdn.jsdelivr.net/gh/Salimbd71/BanglaQuran@main/29/12.mp3"
        ]
      },
      {
        "number": 3353,
        "audio": "https://everyayah.com/data/Abdurrahmaan_As-Sudais_64kbps/029013.mp3",
        "audioSecondary": [
          "https://cdn.islamic.network/quran/audio/64/ar.abdurrahmaansudais/3353.mp3"
        ],
        "text": "وَلَيَحْمِلُنَّ أَثْقَالَهُمْ وَأَثْقَالًۭا مَّعَ أَثْقَالِهِمْ ۖ وَلَيُسْـَٔلُنَّ يَوْمَ ٱلْقِيَٰمَةِ عَمَّا كَانُوا۟ يَفْتَرُونَ",
        "numberInSurah": 13,
        "juz": 20,
        "manzil": 5,
        "page": 397,
        "ruku": 342,
        "hizbQuarter": 159,
        "sajda": false,
        "audioArabic": [
          "https://cdn.jsdelivr.net/gh/Salimbd71/ArabicQuran@main/29/13.mp3"
        ],
        "audioBangla": [
          "https://cdn.jsdelivr.net/gh/Salimbd71/BanglaQuran@main/29/13.mp3"
        ]
      },
      {
        "number": 3354,
        "audio": "https://everyayah.com/data/Abdurrahmaan_As-Sudais_64kbps/029014.mp3",
        "audioSecondary": [
          "https://cdn.islamic.network/quran/audio/64/ar.abdurrahmaansudais/3354.mp3"
        ],
        "text": "وَلَقَدْ أَرْسَلْنَا نُوحًا إِلَىٰ قَوْمِهِۦ فَلَبِثَ فِيهِمْ أَلْفَ سَنَةٍ إِلَّا خَمْسِينَ عَامًۭا فَأَخَذَهُمُ ٱلطُّوفَانُ وَهُمْ ظَٰلِمُونَ",
        "numberInSurah": 14,
        "juz": 20,
        "manzil": 5,
        "page": 397,
        "ruku": 343,
        "hizbQuarter": 159,
        "sajda": false,
        "audioArabic": [
          "https://cdn.jsdelivr.net/gh/Salimbd71/ArabicQuran@main/29/14.mp3"
        ],
        "audioBangla": [
          "https://cdn.jsdelivr.net/gh/Salimbd71/BanglaQuran@main/29/14.mp3"
        ]
      },
      {
        "number": 3355,
        "audio": "https://everyayah.com/data/Abdurrahmaan_As-Sudais_64kbps/029015.mp3",
        "audioSecondary": [
          "https://cdn.islamic.network/quran/audio/64/ar.abdurrahmaansudais/3355.mp3"
        ],
        "text": "فَأَنجَيْنَٰهُ وَأَصْحَٰبَ ٱلسَّفِينَةِ وَجَعَلْنَٰهَآ ءَايَةًۭ لِّلْعَٰلَمِينَ",
        "numberInSurah": 15,
        "juz": 20,
        "manzil": 5,
        "page": 398,
        "ruku": 343,
        "hizbQuarter": 159,
        "sajda": false,
        "audioArabic": [
          "https://cdn.jsdelivr.net/gh/Salimbd71/ArabicQuran@main/29/15.mp3"
        ],
        "audioBangla": [
          "https://cdn.jsdelivr.net/gh/Salimbd71/BanglaQuran@main/29/15.mp3"
        ]
      },
      {
        "number": 3356,
        "audio": "https://everyayah.com/data/Abdurrahmaan_As-Sudais_64kbps/029016.mp3",
        "audioSecondary": [
          "https://cdn.islamic.network/quran/audio/64/ar.abdurrahmaansudais/3356.mp3"
        ],
        "text": "وَإِبْرَٰهِيمَ إِذْ قَالَ لِقَوْمِهِ ٱعْبُدُوا۟ ٱللَّهَ وَٱتَّقُوهُ ۖ ذَٰلِكُمْ خَيْرٌۭ لَّكُمْ إِن كُنتُمْ تَعْلَمُونَ",
        "numberInSurah": 16,
        "juz": 20,
        "manzil": 5,
        "page": 398,
        "ruku": 343,
        "hizbQuarter": 159,
        "sajda": false,
        "audioArabic": [
          "https://cdn.jsdelivr.net/gh/Salimbd71/ArabicQuran@main/29/16.mp3"
        ],
        "audioBangla": [
          "https://cdn.jsdelivr.net/gh/Salimbd71/BanglaQuran@main/29/16.mp3"
        ]
      },
      {
        "number": 3357,
        "audio": "https://everyayah.com/data/Abdurrahmaan_As-Sudais_64kbps/029017.mp3",
        "audioSecondary": [
          "https://cdn.islamic.network/quran/audio/64/ar.abdurrahmaansudais/3357.mp3"
        ],
        "text": "إِنَّمَا تَعْبُدُونَ مِن دُونِ ٱللَّهِ أَوْثَٰنًۭا وَتَخْلُقُونَ إِفْكًا ۚ إِنَّ ٱلَّذِينَ تَعْبُدُونَ مِن دُونِ ٱللَّهِ لَا يَمْلِكُونَ لَكُمْ رِزْقًۭا فَٱبْتَغُوا۟ عِندَ ٱللَّهِ ٱلرِّزْقَ وَٱعْبُدُوهُ وَٱشْكُرُوا۟ لَهُۥٓ ۖ إِلَيْهِ تُرْجَعُونَ",
        "numberInSurah": 17,
        "juz": 20,
        "manzil": 5,
        "page": 398,
        "ruku": 343,
        "hizbQuarter": 159,
        "sajda": false,
        "audioArabic": [
          "https://cdn.jsdelivr.net/gh/Salimbd71/ArabicQuran@main/29/17.mp3"
        ],
        "audioBangla": [
          "https://cdn.jsdelivr.net/gh/Salimbd71/BanglaQuran@main/29/17.mp3"
        ]
      },
      {
        "number": 3358,
        "audio": "https://everyayah.com/data/Abdurrahmaan_As-Sudais_64kbps/029018.mp3",
        "audioSecondary": [
          "https://cdn.islamic.network/quran/audio/64/ar.abdurrahmaansudais/3358.mp3"
        ],
        "text": "وَإِن تُكَذِّبُوا۟ فَقَدْ كَذَّبَ أُمَمٌۭ مِّن قَبْلِكُمْ ۖ وَمَا عَلَى ٱلرَّسُولِ إِلَّا ٱلْبَلَٰغُ ٱلْمُبِينُ",
        "numberInSurah": 18,
        "juz": 20,
        "manzil": 5,
        "page": 398,
        "ruku": 343,
        "hizbQuarter": 159,
        "sajda": false,
        "audioArabic": [
          "https://cdn.jsdelivr.net/gh/Salimbd71/ArabicQuran@main/29/18.mp3"
        ],
        "audioBangla": [
          "https://cdn.jsdelivr.net/gh/Salimbd71/BanglaQuran@main/29/18.mp3"
        ]
      },
      {
        "number": 3359,
        "audio": "https://everyayah.com/data/Abdurrahmaan_As-Sudais_64kbps/029019.mp3",
        "audioSecondary": [
          "https://cdn.islamic.network/quran/audio/64/ar.abdurrahmaansudais/3359.mp3"
        ],
        "text": "أَوَلَمْ يَرَوْا۟ كَيْفَ يُبْدِئُ ٱللَّهُ ٱلْخَلْقَ ثُمَّ يُعِيدُهُۥٓ ۚ إِنَّ ذَٰلِكَ عَلَى ٱللَّهِ يَسِيرٌۭ",
        "numberInSurah": 19,
        "juz": 20,
        "manzil": 5,
        "page": 398,
        "ruku": 343,
        "hizbQuarter": 159,
        "sajda": false,
        "audioArabic": [
          "https://cdn.jsdelivr.net/gh/Salimbd71/ArabicQuran@main/29/19.mp3"
        ],
        "audioBangla": [
          "https://cdn.jsdelivr.net/gh/Salimbd71/BanglaQuran@main/29/19.mp3"
        ]
      },
      {
        "number": 3360,
        "audio": "https://everyayah.com/data/Abdurrahmaan_As-Sudais_64kbps/029020.mp3",
        "audioSecondary": [
          "https://cdn.islamic.network/quran/audio/64/ar.abdurrahmaansudais/3360.mp3"
        ],
        "text": "قُلْ سِيرُوا۟ فِى ٱلْأَرْضِ فَٱنظُرُوا۟ كَيْفَ بَدَأَ ٱلْخَلْقَ ۚ ثُمَّ ٱللَّهُ يُنشِئُ ٱلنَّشْأَةَ ٱلْءَاخِرَةَ ۚ إِنَّ ٱللَّهَ عَلَىٰ كُلِّ شَىْءٍۢ قَدِيرٌۭ",
        "numberInSurah": 20,
        "juz": 20,
        "manzil": 5,
        "page": 398,
        "ruku": 343,
        "hizbQuarter": 159,
        "sajda": false,
        "audioArabic": [
          "https://cdn.jsdelivr.net/gh/Salimbd71/ArabicQuran@main/29/20.mp3"
        ],
        "audioBangla": [
          "https://cdn.jsdelivr.net/gh/Salimbd71/BanglaQuran@main/29/20.mp3"
        ]
      },
      {
        "number": 3361,
        "audio": "https://everyayah.com/data/Abdurrahmaan_As-Sudais_64kbps/029021.mp3",
        "audioSecondary": [
          "https://cdn.islamic.network/quran/audio/64/ar.abdurrahmaansudais/3361.mp3"
        ],
        "text": "يُعَذِّبُ مَن يَشَآءُ وَيَرْحَمُ مَن يَشَآءُ ۖ وَإِلَيْهِ تُقْلَبُونَ",
        "numberInSurah": 21,
        "juz": 20,
        "manzil": 5,
        "page": 398,
        "ruku": 343,
        "hizbQuarter": 159,
        "sajda": false,
        "audioArabic": [
          "https://cdn.jsdelivr.net/gh/Salimbd71/ArabicQuran@main/29/21.mp3"
        ],
        "audioBangla": [
          "https://cdn.jsdelivr.net/gh/Salimbd71/BanglaQuran@main/29/21.mp3"
        ]
      },
      {
        "number": 3362,
        "audio": "https://everyayah.com/data/Abdurrahmaan_As-Sudais_64kbps/029022.mp3",
        "audioSecondary": [
          "https://cdn.islamic.network/quran/audio/64/ar.abdurrahmaansudais/3362.mp3"
        ],
        "text": "وَمَآ أَنتُم بِمُعْجِزِينَ فِى ٱلْأَرْضِ وَلَا فِى ٱلسَّمَآءِ ۖ وَمَا لَكُم مِّن دُونِ ٱللَّهِ مِن وَلِىٍّۢ وَلَا نَصِيرٍۢ",
        "numberInSurah": 22,
        "juz": 20,
        "manzil": 5,
        "page": 398,
        "ruku": 343,
        "hizbQuarter": 159,
        "sajda": false,
        "audioArabic": [
          "https://cdn.jsdelivr.net/gh/Salimbd71/ArabicQuran@main/29/22.mp3"
        ],
        "audioBangla": [
          "https://cdn.jsdelivr.net/gh/Salimbd71/BanglaQuran@main/29/22.mp3"
        ]
      },
      {
        "number": 3363,
        "audio": "https://everyayah.com/data/Abdurrahmaan_As-Sudais_64kbps/029023.mp3",
        "audioSecondary": [
          "https://cdn.islamic.network/quran/audio/64/ar.abdurrahmaansudais/3363.mp3"
        ],
        "text": "وَٱلَّذِينَ كَفَرُوا۟ بِـَٔايَٰتِ ٱللَّهِ وَلِقَآئِهِۦٓ أُو۟لَٰٓئِكَ يَئِسُوا۟ مِن رَّحْمَتِى وَأُو۟لَٰٓئِكَ لَهُمْ عَذَابٌ أَلِيمٌۭ",
        "numberInSurah": 23,
        "juz": 20,
        "manzil": 5,
        "page": 398,
        "ruku": 344,
        "hizbQuarter": 159,
        "sajda": false,
        "audioArabic": [
          "https://cdn.jsdelivr.net/gh/Salimbd71/ArabicQuran@main/29/23.mp3"
        ],
        "audioBangla": [
          "https://cdn.jsdelivr.net/gh/Salimbd71/BanglaQuran@main/29/23.mp3"
        ]
      },
      {
        "number": 3364,
        "audio": "https://everyayah.com/data/Abdurrahmaan_As-Sudais_64kbps/029024.mp3",
        "audioSecondary": [
          "https://cdn.islamic.network/quran/audio/64/ar.abdurrahmaansudais/3364.mp3"
        ],
        "text": "فَمَا كَانَ جَوَابَ قَوْمِهِۦٓ إِلَّآ أَن قَالُوا۟ ٱقْتُلُوهُ أَوْ حَرِّقُوهُ فَأَنجَىٰهُ ٱللَّهُ مِنَ ٱلنَّارِ ۚ إِنَّ فِى ذَٰلِكَ لَءَايَٰتٍۢ لِّقَوْمٍۢ يُؤْمِنُونَ",
        "numberInSurah": 24,
        "juz": 20,
        "manzil": 5,
        "page": 399,
        "ruku": 344,
        "hizbQuarter": 159,
        "sajda": false,
        "audioArabic": [
          "https://cdn.jsdelivr.net/gh/Salimbd71/ArabicQuran@main/29/24.mp3"
        ],
        "audioBangla": [
          "https://cdn.jsdelivr.net/gh/Salimbd71/BanglaQuran@main/29/24.mp3"
        ]
      },
      {
        "number": 3365,
        "audio": "https://everyayah.com/data/Abdurrahmaan_As-Sudais_64kbps/029025.mp3",
        "audioSecondary": [
          "https://cdn.islamic.network/quran/audio/64/ar.abdurrahmaansudais/3365.mp3"
        ],
        "text": "وَقَالَ إِنَّمَا ٱتَّخَذْتُم مِّن دُونِ ٱللَّهِ أَوْثَٰنًۭا مَّوَدَّةَ بَيْنِكُمْ فِى ٱلْحَيَوٰةِ ٱلدُّنْيَا ۖ ثُمَّ يَوْمَ ٱلْقِيَٰمَةِ يَكْفُرُ بَعْضُكُم بِبَعْضٍۢ وَيَلْعَنُ بَعْضُكُم بَعْضًۭا وَمَأْوَىٰكُمُ ٱلنَّارُ وَمَا لَكُم مِّن نَّٰصِرِينَ",
        "numberInSurah": 25,
        "juz": 20,
        "manzil": 5,
        "page": 399,
        "ruku": 344,
        "hizbQuarter": 159,
        "sajda": false,
        "audioArabic": [
          "https://cdn.jsdelivr.net/gh/Salimbd71/ArabicQuran@main/29/25.mp3"
        ],
        "audioBangla": [
          "https://cdn.jsdelivr.net/gh/Salimbd71/BanglaQuran@main/29/25.mp3"
        ]
      },
      {
        "number": 3366,
        "audio": "https://everyayah.com/data/Abdurrahmaan_As-Sudais_64kbps/029026.mp3",
        "audioSecondary": [
          "https://cdn.islamic.network/quran/audio/64/ar.abdurrahmaansudais/3366.mp3"
        ],
        "text": "۞ فَـَٔامَنَ لَهُۥ لُوطٌۭ ۘ وَقَالَ إِنِّى مُهَاجِرٌ إِلَىٰ رَبِّىٓ ۖ إِنَّهُۥ هُوَ ٱلْعَزِيزُ ٱلْحَكِيمُ",
        "numberInSurah": 26,
        "juz": 20,
        "manzil": 5,
        "page": 399,
        "ruku": 344,
        "hizbQuarter": 160,
        "sajda": false,
        "audioArabic": [
          "https://cdn.jsdelivr.net/gh/Salimbd71/ArabicQuran@main/29/26.mp3"
        ],
        "audioBangla": [
          "https://cdn.jsdelivr.net/gh/Salimbd71/BanglaQuran@main/29/26.mp3"
        ]
      },
      {
        "number": 3367,
        "audio": "https://everyayah.com/data/Abdurrahmaan_As-Sudais_64kbps/029027.mp3",
        "audioSecondary": [
          "https://cdn.islamic.network/quran/audio/64/ar.abdurrahmaansudais/3367.mp3"
        ],
        "text": "وَوَهَبْنَا لَهُۥٓ إِسْحَٰقَ وَيَعْقُوبَ وَجَعَلْنَا فِى ذُرِّيَّتِهِ ٱلنُّبُوَّةَ وَٱلْكِتَٰبَ وَءَاتَيْنَٰهُ أَجْرَهُۥ فِى ٱلدُّنْيَا ۖ وَإِنَّهُۥ فِى ٱلْءَاخِرَةِ لَمِنَ ٱلصَّٰلِحِينَ",
        "numberInSurah": 27,
        "juz": 20,
        "manzil": 5,
        "page": 399,
        "ruku": 344,
        "hizbQuarter": 160,
        "sajda": false,
        "audioArabic": [
          "https://cdn.jsdelivr.net/gh/Salimbd71/ArabicQuran@main/29/27.mp3"
        ],
        "audioBangla": [
          "https://cdn.jsdelivr.net/gh/Salimbd71/BanglaQuran@main/29/27.mp3"
        ]
      },
      {
        "number": 3368,
        "audio": "https://everyayah.com/data/Abdurrahmaan_As-Sudais_64kbps/029028.mp3",
        "audioSecondary": [
          "https://cdn.islamic.network/quran/audio/64/ar.abdurrahmaansudais/3368.mp3"
        ],
        "text": "وَلُوطًا إِذْ قَالَ لِقَوْمِهِۦٓ إِنَّكُمْ لَتَأْتُونَ ٱلْفَٰحِشَةَ مَا سَبَقَكُم بِهَا مِنْ أَحَدٍۢ مِّنَ ٱلْعَٰلَمِينَ",
        "numberInSurah": 28,
        "juz": 20,
        "manzil": 5,
        "page": 399,
        "ruku": 344,
        "hizbQuarter": 160,
        "sajda": false,
        "audioArabic": [
          "https://cdn.jsdelivr.net/gh/Salimbd71/ArabicQuran@main/29/28.mp3"
        ],
        "audioBangla": [
          "https://cdn.jsdelivr.net/gh/Salimbd71/BanglaQuran@main/29/28.mp3"
        ]
      },
      {
        "number": 3369,
        "audio": "https://everyayah.com/data/Abdurrahmaan_As-Sudais_64kbps/029029.mp3",
        "audioSecondary": [
          "https://cdn.islamic.network/quran/audio/64/ar.abdurrahmaansudais/3369.mp3"
        ],
        "text": "أَئِنَّكُمْ لَتَأْتُونَ ٱلرِّجَالَ وَتَقْطَعُونَ ٱلسَّبِيلَ وَتَأْتُونَ فِى نَادِيكُمُ ٱلْمُنكَرَ ۖ فَمَا كَانَ جَوَابَ قَوْمِهِۦٓ إِلَّآ أَن قَالُوا۟ ٱئْتِنَا بِعَذَابِ ٱللَّهِ إِن كُنتَ مِنَ ٱلصَّٰدِقِينَ",
        "numberInSurah": 29,
        "juz": 20,
        "manzil": 5,
        "page": 399,
        "ruku": 344,
        "hizbQuarter": 160,
        "sajda": false,
        "audioArabic": [
          "https://cdn.jsdelivr.net/gh/Salimbd71/ArabicQuran@main/29/29.mp3"
        ],
        "audioBangla": [
          "https://cdn.jsdelivr.net/gh/Salimbd71/BanglaQuran@main/29/29.mp3"
        ]
      },
      {
        "number": 3370,
        "audio": "https://everyayah.com/data/Abdurrahmaan_As-Sudais_64kbps/029030.mp3",
        "audioSecondary": [
          "https://cdn.islamic.network/quran/audio/64/ar.abdurrahmaansudais/3370.mp3"
        ],
        "text": "قَالَ رَبِّ ٱنصُرْنِى عَلَى ٱلْقَوْمِ ٱلْمُفْسِدِينَ",
        "numberInSurah": 30,
        "juz": 20,
        "manzil": 5,
        "page": 399,
        "ruku": 344,
        "hizbQuarter": 160,
        "sajda": false,
        "audioArabic": [
          "https://cdn.jsdelivr.net/gh/Salimbd71/ArabicQuran@main/29/30.mp3"
        ],
        "audioBangla": [
          "https://cdn.jsdelivr.net/gh/Salimbd71/BanglaQuran@main/29/30.mp3"
        ]
      },
      {
        "number": 3371,
        "audio": "https://everyayah.com/data/Abdurrahmaan_As-Sudais_64kbps/029031.mp3",
        "audioSecondary": [
          "https://cdn.islamic.network/quran/audio/64/ar.abdurrahmaansudais/3371.mp3"
        ],
        "text": "وَلَمَّا جَآءَتْ رُسُلُنَآ إِبْرَٰهِيمَ بِٱلْبُشْرَىٰ قَالُوٓا۟ إِنَّا مُهْلِكُوٓا۟ أَهْلِ هَٰذِهِ ٱلْقَرْيَةِ ۖ إِنَّ أَهْلَهَا كَانُوا۟ ظَٰلِمِينَ",
        "numberInSurah": 31,
        "juz": 20,
        "manzil": 5,
        "page": 400,
        "ruku": 345,
        "hizbQuarter": 160,
        "sajda": false,
        "audioArabic": [
          "https://cdn.jsdelivr.net/gh/Salimbd71/ArabicQuran@main/29/31.mp3"
        ],
        "audioBangla": [
          "https://cdn.jsdelivr.net/gh/Salimbd71/BanglaQuran@main/29/31.mp3"
        ]
      },
      {
        "number": 3372,
        "audio": "https://everyayah.com/data/Abdurrahmaan_As-Sudais_64kbps/029032.mp3",
        "audioSecondary": [
          "https://cdn.islamic.network/quran/audio/64/ar.abdurrahmaansudais/3372.mp3"
        ],
        "text": "قَالَ إِنَّ فِيهَا لُوطًۭا ۚ قَالُوا۟ نَحْنُ أَعْلَمُ بِمَن فِيهَا ۖ لَنُنَجِّيَنَّهُۥ وَأَهْلَهُۥٓ إِلَّا ٱمْرَأَتَهُۥ كَانَتْ مِنَ ٱلْغَٰبِرِينَ",
        "numberInSurah": 32,
        "juz": 20,
        "manzil": 5,
        "page": 400,
        "ruku": 345,
        "hizbQuarter": 160,
        "sajda": false,
        "audioArabic": [
          "https://cdn.jsdelivr.net/gh/Salimbd71/ArabicQuran@main/29/32.mp3"
        ],
        "audioBangla": [
          "https://cdn.jsdelivr.net/gh/Salimbd71/BanglaQuran@main/29/32.mp3"
        ]
      },
      {
        "number": 3373,
        "audio": "https://everyayah.com/data/Abdurrahmaan_As-Sudais_64kbps/029033.mp3",
        "audioSecondary": [
          "https://cdn.islamic.network/quran/audio/64/ar.abdurrahmaansudais/3373.mp3"
        ],
        "text": "وَلَمَّآ أَن جَآءَتْ رُسُلُنَا لُوطًۭا سِىٓءَ بِهِمْ وَضَاقَ بِهِمْ ذَرْعًۭا وَقَالُوا۟ لَا تَخَفْ وَلَا تَحْزَنْ ۖ إِنَّا مُنَجُّوكَ وَأَهْلَكَ إِلَّا ٱمْرَأَتَكَ كَانَتْ مِنَ ٱلْغَٰبِرِينَ",
        "numberInSurah": 33,
        "juz": 20,
        "manzil": 5,
        "page": 400,
        "ruku": 345,
        "hizbQuarter": 160,
        "sajda": false,
        "audioArabic": [
          "https://cdn.jsdelivr.net/gh/Salimbd71/ArabicQuran@main/29/33.mp3"
        ],
        "audioBangla": [
          "https://cdn.jsdelivr.net/gh/Salimbd71/BanglaQuran@main/29/33.mp3"
        ]
      },
      {
        "number": 3374,
        "audio": "https://everyayah.com/data/Abdurrahmaan_As-Sudais_64kbps/029034.mp3",
        "audioSecondary": [
          "https://cdn.islamic.network/quran/audio/64/ar.abdurrahmaansudais/3374.mp3"
        ],
        "text": "إِنَّا مُنزِلُونَ عَلَىٰٓ أَهْلِ هَٰذِهِ ٱلْقَرْيَةِ رِجْزًۭا مِّنَ ٱلسَّمَآءِ بِمَا كَانُوا۟ يَفْسُقُونَ",
        "numberInSurah": 34,
        "juz": 20,
        "manzil": 5,
        "page": 400,
        "ruku": 345,
        "hizbQuarter": 160,
        "sajda": false,
        "audioArabic": [
          "https://cdn.jsdelivr.net/gh/Salimbd71/ArabicQuran@main/29/34.mp3"
        ],
        "audioBangla": [
          "https://cdn.jsdelivr.net/gh/Salimbd71/BanglaQuran@main/29/34.mp3"
        ]
      },
      {
        "number": 3375,
        "audio": "https://everyayah.com/data/Abdurrahmaan_As-Sudais_64kbps/029035.mp3",
        "audioSecondary": [
          "https://cdn.islamic.network/quran/audio/64/ar.abdurrahmaansudais/3375.mp3"
        ],
        "text": "وَلَقَد تَّرَكْنَا مِنْهَآ ءَايَةًۢ بَيِّنَةًۭ لِّقَوْمٍۢ يَعْقِلُونَ",
        "numberInSurah": 35,
        "juz": 20,
        "manzil": 5,
        "page": 400,
        "ruku": 345,
        "hizbQuarter": 160,
        "sajda": false,
        "audioArabic": [
          "https://cdn.jsdelivr.net/gh/Salimbd71/ArabicQuran@main/29/35.mp3"
        ],
        "audioBangla": [
          "https://cdn.jsdelivr.net/gh/Salimbd71/BanglaQuran@main/29/35.mp3"
        ]
      },
      {
        "number": 3376,
        "audio": "https://everyayah.com/data/Abdurrahmaan_As-Sudais_64kbps/029036.mp3",
        "audioSecondary": [
          "https://cdn.islamic.network/quran/audio/64/ar.abdurrahmaansudais/3376.mp3"
        ],
        "text": "وَإِلَىٰ مَدْيَنَ أَخَاهُمْ شُعَيْبًۭا فَقَالَ يَٰقَوْمِ ٱعْبُدُوا۟ ٱللَّهَ وَٱرْجُوا۟ ٱلْيَوْمَ ٱلْءَاخِرَ وَلَا تَعْثَوْا۟ فِى ٱلْأَرْضِ مُفْسِدِينَ",
        "numberInSurah": 36,
        "juz": 20,
        "manzil": 5,
        "page": 400,
        "ruku": 345,
        "hizbQuarter": 160,
        "sajda": false,
        "audioArabic": [
          "https://cdn.jsdelivr.net/gh/Salimbd71/ArabicQuran@main/29/36.mp3"
        ],
        "audioBangla": [
          "https://cdn.jsdelivr.net/gh/Salimbd71/BanglaQuran@main/29/36.mp3"
        ]
      },
      {
        "number": 3377,
        "audio": "https://everyayah.com/data/Abdurrahmaan_As-Sudais_64kbps/029037.mp3",
        "audioSecondary": [
          "https://cdn.islamic.network/quran/audio/64/ar.abdurrahmaansudais/3377.mp3"
        ],
        "text": "فَكَذَّبُوهُ فَأَخَذَتْهُمُ ٱلرَّجْفَةُ فَأَصْبَحُوا۟ فِى دَارِهِمْ جَٰثِمِينَ",
        "numberInSurah": 37,
        "juz": 20,
        "manzil": 5,
        "page": 400,
        "ruku": 345,
        "hizbQuarter": 160,
        "sajda": false,
        "audioArabic": [
          "https://cdn.jsdelivr.net/gh/Salimbd71/ArabicQuran@main/29/37.mp3"
        ],
        "audioBangla": [
          "https://cdn.jsdelivr.net/gh/Salimbd71/BanglaQuran@main/29/37.mp3"
        ]
      },
      {
        "number": 3378,
        "audio": "https://everyayah.com/data/Abdurrahmaan_As-Sudais_64kbps/029038.mp3",
        "audioSecondary": [
          "https://cdn.islamic.network/quran/audio/64/ar.abdurrahmaansudais/3378.mp3"
        ],
        "text": "وَعَادًۭا وَثَمُودَا۟ وَقَد تَّبَيَّنَ لَكُم مِّن مَّسَٰكِنِهِمْ ۖ وَزَيَّنَ لَهُمُ ٱلشَّيْطَٰنُ أَعْمَٰلَهُمْ فَصَدَّهُمْ عَنِ ٱلسَّبِيلِ وَكَانُوا۟ مُسْتَبْصِرِينَ",
        "numberInSurah": 38,
        "juz": 20,
        "manzil": 5,
        "page": 400,
        "ruku": 345,
        "hizbQuarter": 160,
        "sajda": false,
        "audioArabic": [
          "https://cdn.jsdelivr.net/gh/Salimbd71/ArabicQuran@main/29/38.mp3"
        ],
        "audioBangla": [
          "https://cdn.jsdelivr.net/gh/Salimbd71/BanglaQuran@main/29/38.mp3"
        ]
      },
      {
        "number": 3379,
        "audio": "https://everyayah.com/data/Abdurrahmaan_As-Sudais_64kbps/029039.mp3",
        "audioSecondary": [
          "https://cdn.islamic.network/quran/audio/64/ar.abdurrahmaansudais/3379.mp3"
        ],
        "text": "وَقَٰرُونَ وَفِرْعَوْنَ وَهَٰمَٰنَ ۖ وَلَقَدْ جَآءَهُم مُّوسَىٰ بِٱلْبَيِّنَٰتِ فَٱسْتَكْبَرُوا۟ فِى ٱلْأَرْضِ وَمَا كَانُوا۟ سَٰبِقِينَ",
        "numberInSurah": 39,
        "juz": 20,
        "manzil": 5,
        "page": 401,
        "ruku": 345,
        "hizbQuarter": 160,
        "sajda": false,
        "audioArabic": [
          "https://cdn.jsdelivr.net/gh/Salimbd71/ArabicQuran@main/29/39.mp3"
        ],
        "audioBangla": [
          "https://cdn.jsdelivr.net/gh/Salimbd71/BanglaQuran@main/29/39.mp3"
        ]
      },
      {
        "number": 3380,
        "audio": "https://everyayah.com/data/Abdurrahmaan_As-Sudais_64kbps/029040.mp3",
        "audioSecondary": [
          "https://cdn.islamic.network/quran/audio/64/ar.abdurrahmaansudais/3380.mp3"
        ],
        "text": "فَكُلًّا أَخَذْنَا بِذَنۢبِهِۦ ۖ فَمِنْهُم مَّنْ أَرْسَلْنَا عَلَيْهِ حَاصِبًۭا وَمِنْهُم مَّنْ أَخَذَتْهُ ٱلصَّيْحَةُ وَمِنْهُم مَّنْ خَسَفْنَا بِهِ ٱلْأَرْضَ وَمِنْهُم مَّنْ أَغْرَقْنَا ۚ وَمَا كَانَ ٱللَّهُ لِيَظْلِمَهُمْ وَلَٰكِن كَانُوٓا۟ أَنفُسَهُمْ يَظْلِمُونَ",
        "numberInSurah": 40,
        "juz": 20,
        "manzil": 5,
        "page": 401,
        "ruku": 345,
        "hizbQuarter": 160,
        "sajda": false,
        "audioArabic": [
          "https://cdn.jsdelivr.net/gh/Salimbd71/ArabicQuran@main/29/40.mp3"
        ],
        "audioBangla": [
          "https://cdn.jsdelivr.net/gh/Salimbd71/BanglaQuran@main/29/40.mp3"
        ]
      },
      {
        "number": 3381,
        "audio": "https://everyayah.com/data/Abdurrahmaan_As-Sudais_64kbps/029041.mp3",
        "audioSecondary": [
          "https://cdn.islamic.network/quran/audio/64/ar.abdurrahmaansudais/3381.mp3"
        ],
        "text": "مَثَلُ ٱلَّذِينَ ٱتَّخَذُوا۟ مِن دُونِ ٱللَّهِ أَوْلِيَآءَ كَمَثَلِ ٱلْعَنكَبُوتِ ٱتَّخَذَتْ بَيْتًۭا ۖ وَإِنَّ أَوْهَنَ ٱلْبُيُوتِ لَبَيْتُ ٱلْعَنكَبُوتِ ۖ لَوْ كَانُوا۟ يَعْلَمُونَ",
        "numberInSurah": 41,
        "juz": 20,
        "manzil": 5,
        "page": 401,
        "ruku": 345,
        "hizbQuarter": 160,
        "sajda": false,
        "audioArabic": [
          "https://cdn.jsdelivr.net/gh/Salimbd71/ArabicQuran@main/29/41.mp3"
        ],
        "audioBangla": [
          "https://cdn.jsdelivr.net/gh/Salimbd71/BanglaQuran@main/29/41.mp3"
        ]
      },
      {
        "number": 3382,
        "audio": "https://everyayah.com/data/Abdurrahmaan_As-Sudais_64kbps/029042.mp3",
        "audioSecondary": [
          "https://cdn.islamic.network/quran/audio/64/ar.abdurrahmaansudais/3382.mp3"
        ],
        "text": "إِنَّ ٱللَّهَ يَعْلَمُ مَا يَدْعُونَ مِن دُونِهِۦ مِن شَىْءٍۢ ۚ وَهُوَ ٱلْعَزِيزُ ٱلْحَكِيمُ",
        "numberInSurah": 42,
        "juz": 20,
        "manzil": 5,
        "page": 401,
        "ruku": 345,
        "hizbQuarter": 160,
        "sajda": false,
        "audioArabic": [
          "https://cdn.jsdelivr.net/gh/Salimbd71/ArabicQuran@main/29/42.mp3"
        ],
        "audioBangla": [
          "https://cdn.jsdelivr.net/gh/Salimbd71/BanglaQuran@main/29/42.mp3"
        ]
      },
      {
        "number": 3383,
        "audio": "https://everyayah.com/data/Abdurrahmaan_As-Sudais_64kbps/029043.mp3",
        "audioSecondary": [
          "https://cdn.islamic.network/quran/audio/64/ar.abdurrahmaansudais/3383.mp3"
        ],
        "text": "وَتِلْكَ ٱلْأَمْثَٰلُ نَضْرِبُهَا لِلنَّاسِ ۖ وَمَا يَعْقِلُهَآ إِلَّا ٱلْعَٰلِمُونَ",
        "numberInSurah": 43,
        "juz": 20,
        "manzil": 5,
        "page": 401,
        "ruku": 345,
        "hizbQuarter": 160,
        "sajda": false,
        "audioArabic": [
          "https://cdn.jsdelivr.net/gh/Salimbd71/ArabicQuran@main/29/43.mp3"
        ],
        "audioBangla": [
          "https://cdn.jsdelivr.net/gh/Salimbd71/BanglaQuran@main/29/43.mp3"
        ]
      },
      {
        "number": 3384,
        "audio": "https://everyayah.com/data/Abdurrahmaan_As-Sudais_64kbps/029044.mp3",
        "audioSecondary": [
          "https://cdn.islamic.network/quran/audio/64/ar.abdurrahmaansudais/3384.mp3"
        ],
        "text": "خَلَقَ ٱللَّهُ ٱلسَّمَٰوَٰتِ وَٱلْأَرْضَ بِٱلْحَقِّ ۚ إِنَّ فِى ذَٰلِكَ لَءَايَةًۭ لِّلْمُؤْمِنِينَ",
        "numberInSurah": 44,
        "juz": 20,
        "manzil": 5,
        "page": 401,
        "ruku": 345,
        "hizbQuarter": 160,
        "sajda": false,
        "audioArabic": [
          "https://cdn.jsdelivr.net/gh/Salimbd71/ArabicQuran@main/29/44.mp3"
        ],
        "audioBangla": [
          "https://cdn.jsdelivr.net/gh/Salimbd71/BanglaQuran@main/29/44.mp3"
        ]
      },
      {
        "number": 3385,
        "audio": "https://everyayah.com/data/Abdurrahmaan_As-Sudais_64kbps/029045.mp3",
        "audioSecondary": [
          "https://cdn.islamic.network/quran/audio/64/ar.abdurrahmaansudais/3385.mp3"
        ],
        "text": "ٱتْلُ مَآ أُوحِىَ إِلَيْكَ مِنَ ٱلْكِتَٰبِ وَأَقِمِ ٱلصَّلَوٰةَ ۖ إِنَّ ٱلصَّلَوٰةَ تَنْهَىٰ عَنِ ٱلْفَحْشَآءِ وَٱلْمُنكَرِ ۗ وَلَذِكْرُ ٱللَّهِ أَكْبَرُ ۗ وَٱللَّهُ يَعْلَمُ مَا تَصْنَعُونَ",
        "numberInSurah": 45,
        "juz": 20,
        "manzil": 5,
        "page": 401,
        "ruku": 346,
        "hizbQuarter": 160,
        "sajda": false,
        "audioArabic": [
          "https://cdn.jsdelivr.net/gh/Salimbd71/ArabicQuran@main/29/45.mp3"
        ],
        "audioBangla": [
          "https://cdn.jsdelivr.net/gh/Salimbd71/BanglaQuran@main/29/45.mp3"
        ]
      },
      {
        "number": 3386,
        "audio": "https://everyayah.com/data/Abdurrahmaan_As-Sudais_64kbps/029046.mp3",
        "audioSecondary": [
          "https://cdn.islamic.network/quran/audio/64/ar.abdurrahmaansudais/3386.mp3"
        ],
        "text": "۞ وَلَا تُجَٰدِلُوٓا۟ أَهْلَ ٱلْكِتَٰبِ إِلَّا بِٱلَّتِى هِىَ أَحْسَنُ إِلَّا ٱلَّذِينَ ظَلَمُوا۟ مِنْهُمْ ۖ وَقُولُوٓا۟ ءَامَنَّا بِٱلَّذِىٓ أُنزِلَ إِلَيْنَا وَأُنزِلَ إِلَيْكُمْ وَإِلَٰهُنَا وَإِلَٰهُكُمْ وَٰحِدٌۭ وَنَحْنُ لَهُۥ مُسْلِمُونَ",
        "numberInSurah": 46,
        "juz": 21,
        "manzil": 5,
        "page": 402,
        "ruku": 346,
        "hizbQuarter": 161,
        "sajda": false,
        "audioArabic": [
          "https://cdn.jsdelivr.net/gh/Salimbd71/ArabicQuran@main/29/46.mp3"
        ],
        "audioBangla": [
          "https://cdn.jsdelivr.net/gh/Salimbd71/BanglaQuran@main/29/46.mp3"
        ]
      },
      {
        "number": 3387,
        "audio": "https://everyayah.com/data/Abdurrahmaan_As-Sudais_64kbps/029047.mp3",
        "audioSecondary": [
          "https://cdn.islamic.network/quran/audio/64/ar.abdurrahmaansudais/3387.mp3"
        ],
        "text": "وَكَذَٰلِكَ أَنزَلْنَآ إِلَيْكَ ٱلْكِتَٰبَ ۚ فَٱلَّذِينَ ءَاتَيْنَٰهُمُ ٱلْكِتَٰبَ يُؤْمِنُونَ بِهِۦ ۖ وَمِنْ هَٰٓؤُلَآءِ مَن يُؤْمِنُ بِهِۦ ۚ وَمَا يَجْحَدُ بِـَٔايَٰتِنَآ إِلَّا ٱلْكَٰفِرُونَ",
        "numberInSurah": 47,
        "juz": 21,
        "manzil": 5,
        "page": 402,
        "ruku": 346,
        "hizbQuarter": 161,
        "sajda": false,
        "audioArabic": [
          "https://cdn.jsdelivr.net/gh/Salimbd71/ArabicQuran@main/29/47.mp3"
        ],
        "audioBangla": [
          "https://cdn.jsdelivr.net/gh/Salimbd71/BanglaQuran@main/29/47.mp3"
        ]
      },
      {
        "number": 3388,
        "audio": "https://everyayah.com/data/Abdurrahmaan_As-Sudais_64kbps/029048.mp3",
        "audioSecondary": [
          "https://cdn.islamic.network/quran/audio/64/ar.abdurrahmaansudais/3388.mp3"
        ],
        "text": "وَمَا كُنتَ تَتْلُوا۟ مِن قَبْلِهِۦ مِن كِتَٰبٍۢ وَلَا تَخُطُّهُۥ بِيَمِينِكَ ۖ إِذًۭا لَّٱرْتَابَ ٱلْمُبْطِلُونَ",
        "numberInSurah": 48,
        "juz": 21,
        "manzil": 5,
        "page": 402,
        "ruku": 346,
        "hizbQuarter": 161,
        "sajda": false,
        "audioArabic": [
          "https://cdn.jsdelivr.net/gh/Salimbd71/ArabicQuran@main/29/48.mp3"
        ],
        "audioBangla": [
          "https://cdn.jsdelivr.net/gh/Salimbd71/BanglaQuran@main/29/48.mp3"
        ]
      },
      {
        "number": 3389,
        "audio": "https://everyayah.com/data/Abdurrahmaan_As-Sudais_64kbps/029049.mp3",
        "audioSecondary": [
          "https://cdn.islamic.network/quran/audio/64/ar.abdurrahmaansudais/3389.mp3"
        ],
        "text": "بَلْ هُوَ ءَايَٰتٌۢ بَيِّنَٰتٌۭ فِى صُدُورِ ٱلَّذِينَ أُوتُوا۟ ٱلْعِلْمَ ۚ وَمَا يَجْحَدُ بِـَٔايَٰتِنَآ إِلَّا ٱلظَّٰلِمُونَ",
        "numberInSurah": 49,
        "juz": 21,
        "manzil": 5,
        "page": 402,
        "ruku": 346,
        "hizbQuarter": 161,
        "sajda": false,
        "audioArabic": [
          "https://cdn.jsdelivr.net/gh/Salimbd71/ArabicQuran@main/29/49.mp3"
        ],
        "audioBangla": [
          "https://cdn.jsdelivr.net/gh/Salimbd71/BanglaQuran@main/29/49.mp3"
        ]
      },
      {
        "number": 3390,
        "audio": "https://everyayah.com/data/Abdurrahmaan_As-Sudais_64kbps/029050.mp3",
        "audioSecondary": [
          "https://cdn.islamic.network/quran/audio/64/ar.abdurrahmaansudais/3390.mp3"
        ],
        "text": "وَقَالُوا۟ لَوْلَآ أُنزِلَ عَلَيْهِ ءَايَٰتٌۭ مِّن رَّبِّهِۦ ۖ قُلْ إِنَّمَا ٱلْءَايَٰتُ عِندَ ٱللَّهِ وَإِنَّمَآ أَنَا۠ نَذِيرٌۭ مُّبِينٌ",
        "numberInSurah": 50,
        "juz": 21,
        "manzil": 5,
        "page": 402,
        "ruku": 346,
        "hizbQuarter": 161,
        "sajda": false,
        "audioArabic": [
          "https://cdn.jsdelivr.net/gh/Salimbd71/ArabicQuran@main/29/50.mp3"
        ],
        "audioBangla": [
          "https://cdn.jsdelivr.net/gh/Salimbd71/BanglaQuran@main/29/50.mp3"
        ]
      },
      {
        "number": 3391,
        "audio": "https://everyayah.com/data/Abdurrahmaan_As-Sudais_64kbps/029051.mp3",
        "audioSecondary": [
          "https://cdn.islamic.network/quran/audio/64/ar.abdurrahmaansudais/3391.mp3"
        ],
        "text": "أَوَلَمْ يَكْفِهِمْ أَنَّآ أَنزَلْنَا عَلَيْكَ ٱلْكِتَٰبَ يُتْلَىٰ عَلَيْهِمْ ۚ إِنَّ فِى ذَٰلِكَ لَرَحْمَةًۭ وَذِكْرَىٰ لِقَوْمٍۢ يُؤْمِنُونَ",
        "numberInSurah": 51,
        "juz": 21,
        "manzil": 5,
        "page": 402,
        "ruku": 346,
        "hizbQuarter": 161,
        "sajda": false,
        "audioArabic": [
          "https://cdn.jsdelivr.net/gh/Salimbd71/ArabicQuran@main/29/51.mp3"
        ],
        "audioBangla": [
          "https://cdn.jsdelivr.net/gh/Salimbd71/BanglaQuran@main/29/51.mp3"
        ]
      },
      {
        "number": 3392,
        "audio": "https://everyayah.com/data/Abdurrahmaan_As-Sudais_64kbps/029052.mp3",
        "audioSecondary": [
          "https://cdn.islamic.network/quran/audio/64/ar.abdurrahmaansudais/3392.mp3"
        ],
        "text": "قُلْ كَفَىٰ بِٱللَّهِ بَيْنِى وَبَيْنَكُمْ شَهِيدًۭا ۖ يَعْلَمُ مَا فِى ٱلسَّمَٰوَٰتِ وَٱلْأَرْضِ ۗ وَٱلَّذِينَ ءَامَنُوا۟ بِٱلْبَٰطِلِ وَكَفَرُوا۟ بِٱللَّهِ أُو۟لَٰٓئِكَ هُمُ ٱلْخَٰسِرُونَ",
        "numberInSurah": 52,
        "juz": 21,
        "manzil": 5,
        "page": 402,
        "ruku": 347,
        "hizbQuarter": 161,
        "sajda": false,
        "audioArabic": [
          "https://cdn.jsdelivr.net/gh/Salimbd71/ArabicQuran@main/29/52.mp3"
        ],
        "audioBangla": [
          "https://cdn.jsdelivr.net/gh/Salimbd71/BanglaQuran@main/29/52.mp3"
        ]
      },
      {
        "number": 3393,
        "audio": "https://everyayah.com/data/Abdurrahmaan_As-Sudais_64kbps/029053.mp3",
        "audioSecondary": [
          "https://cdn.islamic.network/quran/audio/64/ar.abdurrahmaansudais/3393.mp3"
        ],
        "text": "وَيَسْتَعْجِلُونَكَ بِٱلْعَذَابِ ۚ وَلَوْلَآ أَجَلٌۭ مُّسَمًّۭى لَّجَآءَهُمُ ٱلْعَذَابُ وَلَيَأْتِيَنَّهُم بَغْتَةًۭ وَهُمْ لَا يَشْعُرُونَ",
        "numberInSurah": 53,
        "juz": 21,
        "manzil": 5,
        "page": 403,
        "ruku": 347,
        "hizbQuarter": 161,
        "sajda": false,
        "audioArabic": [
          "https://cdn.jsdelivr.net/gh/Salimbd71/ArabicQuran@main/29/53.mp3"
        ],
        "audioBangla": [
          "https://cdn.jsdelivr.net/gh/Salimbd71/BanglaQuran@main/29/53.mp3"
        ]
      },
      {
        "number": 3394,
        "audio": "https://everyayah.com/data/Abdurrahmaan_As-Sudais_64kbps/029054.mp3",
        "audioSecondary": [
          "https://cdn.islamic.network/quran/audio/64/ar.abdurrahmaansudais/3394.mp3"
        ],
        "text": "يَسْتَعْجِلُونَكَ بِٱلْعَذَابِ وَإِنَّ جَهَنَّمَ لَمُحِيطَةٌۢ بِٱلْكَٰفِرِينَ",
        "numberInSurah": 54,
        "juz": 21,
        "manzil": 5,
        "page": 403,
        "ruku": 347,
        "hizbQuarter": 161,
        "sajda": false,
        "audioArabic": [
          "https://cdn.jsdelivr.net/gh/Salimbd71/ArabicQuran@main/29/54.mp3"
        ],
        "audioBangla": [
          "https://cdn.jsdelivr.net/gh/Salimbd71/BanglaQuran@main/29/54.mp3"
        ]
      },
      {
        "number": 3395,
        "audio": "https://everyayah.com/data/Abdurrahmaan_As-Sudais_64kbps/029055.mp3",
        "audioSecondary": [
          "https://cdn.islamic.network/quran/audio/64/ar.abdurrahmaansudais/3395.mp3"
        ],
        "text": "يَوْمَ يَغْشَىٰهُمُ ٱلْعَذَابُ مِن فَوْقِهِمْ وَمِن تَحْتِ أَرْجُلِهِمْ وَيَقُولُ ذُوقُوا۟ مَا كُنتُمْ تَعْمَلُونَ",
        "numberInSurah": 55,
        "juz": 21,
        "manzil": 5,
        "page": 403,
        "ruku": 347,
        "hizbQuarter": 161,
        "sajda": false,
        "audioArabic": [
          "https://cdn.jsdelivr.net/gh/Salimbd71/ArabicQuran@main/29/55.mp3"
        ],
        "audioBangla": [
          "https://cdn.jsdelivr.net/gh/Salimbd71/BanglaQuran@main/29/55.mp3"
        ]
      },
      {
        "number": 3396,
        "audio": "https://everyayah.com/data/Abdurrahmaan_As-Sudais_64kbps/029056.mp3",
        "audioSecondary": [
          "https://cdn.islamic.network/quran/audio/64/ar.abdurrahmaansudais/3396.mp3"
        ],
        "text": "يَٰعِبَادِىَ ٱلَّذِينَ ءَامَنُوٓا۟ إِنَّ أَرْضِى وَٰسِعَةٌۭ فَإِيَّٰىَ فَٱعْبُدُونِ",
        "numberInSurah": 56,
        "juz": 21,
        "manzil": 5,
        "page": 403,
        "ruku": 347,
        "hizbQuarter": 161,
        "sajda": false,
        "audioArabic": [
          "https://cdn.jsdelivr.net/gh/Salimbd71/ArabicQuran@main/29/56.mp3"
        ],
        "audioBangla": [
          "https://cdn.jsdelivr.net/gh/Salimbd71/BanglaQuran@main/29/56.mp3"
        ]
      },
      {
        "number": 3397,
        "audio": "https://everyayah.com/data/Abdurrahmaan_As-Sudais_64kbps/029057.mp3",
        "audioSecondary": [
          "https://cdn.islamic.network/quran/audio/64/ar.abdurrahmaansudais/3397.mp3"
        ],
        "text": "كُلُّ نَفْسٍۢ ذَآئِقَةُ ٱلْمَوْتِ ۖ ثُمَّ إِلَيْنَا تُرْجَعُونَ",
        "numberInSurah": 57,
        "juz": 21,
        "manzil": 5,
        "page": 403,
        "ruku": 347,
        "hizbQuarter": 161,
        "sajda": false,
        "audioArabic": [
          "https://cdn.jsdelivr.net/gh/Salimbd71/ArabicQuran@main/29/57.mp3"
        ],
        "audioBangla": [
          "https://cdn.jsdelivr.net/gh/Salimbd71/BanglaQuran@main/29/57.mp3"
        ]
      },
      {
        "number": 3398,
        "audio": "https://everyayah.com/data/Abdurrahmaan_As-Sudais_64kbps/029058.mp3",
        "audioSecondary": [
          "https://cdn.islamic.network/quran/audio/64/ar.abdurrahmaansudais/3398.mp3"
        ],
        "text": "وَٱلَّذِينَ ءَامَنُوا۟ وَعَمِلُوا۟ ٱلصَّٰلِحَٰتِ لَنُبَوِّئَنَّهُم مِّنَ ٱلْجَنَّةِ غُرَفًۭا تَجْرِى مِن تَحْتِهَا ٱلْأَنْهَٰرُ خَٰلِدِينَ فِيهَا ۚ نِعْمَ أَجْرُ ٱلْعَٰمِلِينَ",
        "numberInSurah": 58,
        "juz": 21,
        "manzil": 5,
        "page": 403,
        "ruku": 347,
        "hizbQuarter": 161,
        "sajda": false,
        "audioArabic": [
          "https://cdn.jsdelivr.net/gh/Salimbd71/ArabicQuran@main/29/58.mp3"
        ],
        "audioBangla": [
          "https://cdn.jsdelivr.net/gh/Salimbd71/BanglaQuran@main/29/58.mp3"
        ]
      },
      {
        "number": 3399,
        "audio": "https://everyayah.com/data/Abdurrahmaan_As-Sudais_64kbps/029059.mp3",
        "audioSecondary": [
          "https://cdn.islamic.network/quran/audio/64/ar.abdurrahmaansudais/3399.mp3"
        ],
        "text": "ٱلَّذِينَ صَبَرُوا۟ وَعَلَىٰ رَبِّهِمْ يَتَوَكَّلُونَ",
        "numberInSurah": 59,
        "juz": 21,
        "manzil": 5,
        "page": 403,
        "ruku": 347,
        "hizbQuarter": 161,
        "sajda": false,
        "audioArabic": [
          "https://cdn.jsdelivr.net/gh/Salimbd71/ArabicQuran@main/29/59.mp3"
        ],
        "audioBangla": [
          "https://cdn.jsdelivr.net/gh/Salimbd71/BanglaQuran@main/29/59.mp3"
        ]
      },
      {
        "number": 3400,
        "audio": "https://everyayah.com/data/Abdurrahmaan_As-Sudais_64kbps/029060.mp3",
        "audioSecondary": [
          "https://cdn.islamic.network/quran/audio/64/ar.abdurrahmaansudais/3400.mp3"
        ],
        "text": "وَكَأَيِّن مِّن دَآبَّةٍۢ لَّا تَحْمِلُ رِزْقَهَا ٱللَّهُ يَرْزُقُهَا وَإِيَّاكُمْ ۚ وَهُوَ ٱلسَّمِيعُ ٱلْعَلِيمُ",
        "numberInSurah": 60,
        "juz": 21,
        "manzil": 5,
        "page": 403,
        "ruku": 347,
        "hizbQuarter": 161,
        "sajda": false,
        "audioArabic": [
          "https://cdn.jsdelivr.net/gh/Salimbd71/ArabicQuran@main/29/60.mp3"
        ],
        "audioBangla": [
          "https://cdn.jsdelivr.net/gh/Salimbd71/BanglaQuran@main/29/60.mp3"
        ]
      },
      {
        "number": 3401,
        "audio": "https://everyayah.com/data/Abdurrahmaan_As-Sudais_64kbps/029061.mp3",
        "audioSecondary": [
          "https://cdn.islamic.network/quran/audio/64/ar.abdurrahmaansudais/3401.mp3"
        ],
        "text": "وَلَئِن سَأَلْتَهُم مَّنْ خَلَقَ ٱلسَّمَٰوَٰتِ وَٱلْأَرْضَ وَسَخَّرَ ٱلشَّمْسَ وَٱلْقَمَرَ لَيَقُولُنَّ ٱللَّهُ ۖ فَأَنَّىٰ يُؤْفَكُونَ",
        "numberInSurah": 61,
        "juz": 21,
        "manzil": 5,
        "page": 403,
        "ruku": 347,
        "hizbQuarter": 161,
        "sajda": false,
        "audioArabic": [
          "https://cdn.jsdelivr.net/gh/Salimbd71/ArabicQuran@main/29/61.mp3"
        ],
        "audioBangla": [
          "https://cdn.jsdelivr.net/gh/Salimbd71/BanglaQuran@main/29/61.mp3"
        ]
      },
      {
        "number": 3402,
        "audio": "https://everyayah.com/data/Abdurrahmaan_As-Sudais_64kbps/029062.mp3",
        "audioSecondary": [
          "https://cdn.islamic.network/quran/audio/64/ar.abdurrahmaansudais/3402.mp3"
        ],
        "text": "ٱللَّهُ يَبْسُطُ ٱلرِّزْقَ لِمَن يَشَآءُ مِنْ عِبَادِهِۦ وَيَقْدِرُ لَهُۥٓ ۚ إِنَّ ٱللَّهَ بِكُلِّ شَىْءٍ عَلِيمٌۭ",
        "numberInSurah": 62,
        "juz": 21,
        "manzil": 5,
        "page": 403,
        "ruku": 347,
        "hizbQuarter": 161,
        "sajda": false,
        "audioArabic": [
          "https://cdn.jsdelivr.net/gh/Salimbd71/ArabicQuran@main/29/62.mp3"
        ],
        "audioBangla": [
          "https://cdn.jsdelivr.net/gh/Salimbd71/BanglaQuran@main/29/62.mp3"
        ]
      },
      {
        "number": 3403,
        "audio": "https://everyayah.com/data/Abdurrahmaan_As-Sudais_64kbps/029063.mp3",
        "audioSecondary": [
          "https://cdn.islamic.network/quran/audio/64/ar.abdurrahmaansudais/3403.mp3"
        ],
        "text": "وَلَئِن سَأَلْتَهُم مَّن نَّزَّلَ مِنَ ٱلسَّمَآءِ مَآءًۭ فَأَحْيَا بِهِ ٱلْأَرْضَ مِنۢ بَعْدِ مَوْتِهَا لَيَقُولُنَّ ٱللَّهُ ۚ قُلِ ٱلْحَمْدُ لِلَّهِ ۚ بَلْ أَكْثَرُهُمْ لَا يَعْقِلُونَ",
        "numberInSurah": 63,
        "juz": 21,
        "manzil": 5,
        "page": 403,
        "ruku": 347,
        "hizbQuarter": 161,
        "sajda": false,
        "audioArabic": [
          "https://cdn.jsdelivr.net/gh/Salimbd71/ArabicQuran@main/29/63.mp3"
        ],
        "audioBangla": [
          "https://cdn.jsdelivr.net/gh/Salimbd71/BanglaQuran@main/29/63.mp3"
        ]
      },
      {
        "number": 3404,
        "audio": "https://everyayah.com/data/Abdurrahmaan_As-Sudais_64kbps/029064.mp3",
        "audioSecondary": [
          "https://cdn.islamic.network/quran/audio/64/ar.abdurrahmaansudais/3404.mp3"
        ],
        "text": "وَمَا هَٰذِهِ ٱلْحَيَوٰةُ ٱلدُّنْيَآ إِلَّا لَهْوٌۭ وَلَعِبٌۭ ۚ وَإِنَّ ٱلدَّارَ ٱلْءَاخِرَةَ لَهِىَ ٱلْحَيَوَانُ ۚ لَوْ كَانُوا۟ يَعْلَمُونَ",
        "numberInSurah": 64,
        "juz": 21,
        "manzil": 5,
        "page": 404,
        "ruku": 348,
        "hizbQuarter": 161,
        "sajda": false,
        "audioArabic": [
          "https://cdn.jsdelivr.net/gh/Salimbd71/ArabicQuran@main/29/64.mp3"
        ],
        "audioBangla": [
          "https://cdn.jsdelivr.net/gh/Salimbd71/BanglaQuran@main/29/64.mp3"
        ]
      },
      {
        "number": 3405,
        "audio": "https://everyayah.com/data/Abdurrahmaan_As-Sudais_64kbps/029065.mp3",
        "audioSecondary": [
          "https://cdn.islamic.network/quran/audio/64/ar.abdurrahmaansudais/3405.mp3"
        ],
        "text": "فَإِذَا رَكِبُوا۟ فِى ٱلْفُلْكِ دَعَوُا۟ ٱللَّهَ مُخْلِصِينَ لَهُ ٱلدِّينَ فَلَمَّا نَجَّىٰهُمْ إِلَى ٱلْبَرِّ إِذَا هُمْ يُشْرِكُونَ",
        "numberInSurah": 65,
        "juz": 21,
        "manzil": 5,
        "page": 404,
        "ruku": 348,
        "hizbQuarter": 161,
        "sajda": false,
        "audioArabic": [
          "https://cdn.jsdelivr.net/gh/Salimbd71/ArabicQuran@main/29/65.mp3"
        ],
        "audioBangla": [
          "https://cdn.jsdelivr.net/gh/Salimbd71/BanglaQuran@main/29/65.mp3"
        ]
      },
      {
        "number": 3406,
        "audio": "https://everyayah.com/data/Abdurrahmaan_As-Sudais_64kbps/029066.mp3",
        "audioSecondary": [
          "https://cdn.islamic.network/quran/audio/64/ar.abdurrahmaansudais/3406.mp3"
        ],
        "text": "لِيَكْفُرُوا۟ بِمَآ ءَاتَيْنَٰهُمْ وَلِيَتَمَتَّعُوا۟ ۖ فَسَوْفَ يَعْلَمُونَ",
        "numberInSurah": 66,
        "juz": 21,
        "manzil": 5,
        "page": 404,
        "ruku": 348,
        "hizbQuarter": 161,
        "sajda": false,
        "audioArabic": [
          "https://cdn.jsdelivr.net/gh/Salimbd71/ArabicQuran@main/29/66.mp3"
        ],
        "audioBangla": [
          "https://cdn.jsdelivr.net/gh/Salimbd71/BanglaQuran@main/29/66.mp3"
        ]
      },
      {
        "number": 3407,
        "audio": "https://everyayah.com/data/Abdurrahmaan_As-Sudais_64kbps/029067.mp3",
        "audioSecondary": [
          "https://cdn.islamic.network/quran/audio/64/ar.abdurrahmaansudais/3407.mp3"
        ],
        "text": "أَوَلَمْ يَرَوْا۟ أَنَّا جَعَلْنَا حَرَمًا ءَامِنًۭا وَيُتَخَطَّفُ ٱلنَّاسُ مِنْ حَوْلِهِمْ ۚ أَفَبِٱلْبَٰطِلِ يُؤْمِنُونَ وَبِنِعْمَةِ ٱللَّهِ يَكْفُرُونَ",
        "numberInSurah": 67,
        "juz": 21,
        "manzil": 5,
        "page": 404,
        "ruku": 348,
        "hizbQuarter": 161,
        "sajda": false,
        "audioArabic": [
          "https://cdn.jsdelivr.net/gh/Salimbd71/ArabicQuran@main/29/67.mp3"
        ],
        "audioBangla": [
          "https://cdn.jsdelivr.net/gh/Salimbd71/BanglaQuran@main/29/67.mp3"
        ]
      },
      {
        "number": 3408,
        "audio": "https://everyayah.com/data/Abdurrahmaan_As-Sudais_64kbps/029068.mp3",
        "audioSecondary": [
          "https://cdn.islamic.network/quran/audio/64/ar.abdurrahmaansudais/3408.mp3"
        ],
        "text": "وَمَنْ أَظْلَمُ مِمَّنِ ٱفْتَرَىٰ عَلَى ٱللَّهِ كَذِبًا أَوْ كَذَّبَ بِٱلْحَقِّ لَمَّا جَآءَهُۥٓ ۚ أَلَيْسَ فِى جَهَنَّمَ مَثْوًۭى لِّلْكَٰفِرِينَ",
        "numberInSurah": 68,
        "juz": 21,
        "manzil": 5,
        "page": 404,
        "ruku": 348,
        "hizbQuarter": 161,
        "sajda": false,
        "audioArabic": [
          "https://cdn.jsdelivr.net/gh/Salimbd71/ArabicQuran@main/29/68.mp3"
        ],
        "audioBangla": [
          "https://cdn.jsdelivr.net/gh/Salimbd71/BanglaQuran@main/29/68.mp3"
        ]
      },
      {
        "number": 3409,
        "audio": "https://everyayah.com/data/Abdurrahmaan_As-Sudais_64kbps/029069.mp3",
        "audioSecondary": [
          "https://cdn.islamic.network/quran/audio/64/ar.abdurrahmaansudais/3409.mp3"
        ],
        "text": "وَٱلَّذِينَ جَٰهَدُوا۟ فِينَا لَنَهْدِيَنَّهُمْ سُبُلَنَا ۚ وَإِنَّ ٱللَّهَ لَمَعَ ٱلْمُحْسِنِينَ",
        "numberInSurah": 69,
        "juz": 21,
        "manzil": 5,
        "page": 404,
        "ruku": 348,
        "hizbQuarter": 161,
        "sajda": false,
        "audioArabic": [
          "https://cdn.jsdelivr.net/gh/Salimbd71/ArabicQuran@main/29/69.mp3"
        ],
        "audioBangla": [
          "https://cdn.jsdelivr.net/gh/Salimbd71/BanglaQuran@main/29/69.mp3"
        ]
      }
    ],
    "edition": {
      "identifier": "ar.abdurrahmaansudais",
      "language": "ar",
      "name": "عبدالرحمن السديس",
      "englishName": "Abdurrahmaan As-Sudais",
      "format": "audio",
      "type": "versebyverse",
      "direction": null
    }
  }
}