{
  "code": 200,
  "status": "OK",
  "data": {
    "number": 35,
    "name": "سُورَةُ فَاطِرٍ",
    "englishName": "Faatir",
    "englishNameTranslation": "The Originator",
    "revelationType": "Meccan",
    "numberOfAyahs": 45,
    "ayahs": [
      {
        "number": 3661,
        "audio": "https://cdn.islamic.network/quran/audio/192/ar.abdurrahmaansudais/3661.mp3",
        "audioSecondary": [
          "https://cdn.islamic.network/quran/audio/192/ar.abdurrahmaansudais/3661.mp3"
        ],
        "text": "بِسْمِ ٱللَّهِ ٱلرَّحْمَٰنِ ٱلرَّحِيمِ ٱلْحَمْدُ لِلَّهِ فَاطِرِ ٱلسَّمَٰوَٰتِ وَٱلْأَرْضِ جَاعِلِ ٱلْمَلَٰٓئِكَةِ رُسُلًا أُو۟لِىٓ أَجْنِحَةٍۢ مَّثْنَىٰ وَثُلَٰثَ وَرُبَٰعَ ۚ يَزِيدُ فِى ٱلْخَلْقِ مَا يَشَآءُ ۚ إِنَّ ٱللَّهَ عَلَىٰ كُلِّ شَىْءٍۢ قَدِيرٌۭ",
        "numberInSurah": 1,
        "juz": 22,
        "manzil": 5,
        "page": 434,
        "ruku": 376,
        "hizbQuarter": 174,
        "sajda": false,
        "audioArabic": [
          "https://cdn.jsdelivr.net/gh/Salimbd71/ArabicQuran@main/35/1.mp3"
        ],
        "audioBangla": [
          "https://cdn.jsdelivr.net/gh/Salimbd71/BanglaQuran@main/35/1.mp3"
        ]
      },
      {
        "number": 3662,
        "audio": "https://cdn.islamic.network/quran/audio/192/ar.abdurrahmaansudais/3662.mp3",
        "audioSecondary": [
          "https://cdn.islamic.network/quran/audio/192/ar.abdurrahmaansudais/3662.mp3"
        ],
        "text": "مَّا يَفْتَحِ ٱللَّهُ لِلنَّاسِ مِن رَّحْمَةٍۢ فَلَا مُمْسِكَ لَهَا ۖ وَمَا يُمْسِكْ فَلَا مُرْسِلَ لَهُۥ مِنۢ بَعْدِهِۦ ۚ وَهُوَ ٱلْعَزِيزُ ٱلْحَكِيمُ",
        "numberInSurah": 2,
        "juz": 22,
        "manzil": 5,
        "page": 434,
        "ruku": 376,
        "hizbQuarter": 174,
        "sajda": false,
        "audioArabic": [
          "https://cdn.jsdelivr.net/gh/Salimbd71/ArabicQuran@main/35/2.mp3"
        ],
        "audioBangla": [
          "https://cdn.jsdelivr.net/gh/Salimbd71/BanglaQuran@main/35/2.mp3"
        ]
      },
      {
        "number": 3663,
        "audio": "https://cdn.islamic.network/quran/audio/192/ar.abdurrahmaansudais/3663.mp3",
        "audioSecondary": [
          "https://cdn.islamic.network/quran/audio/192/ar.abdurrahmaansudais/3663.mp3"
        ],
        "text": "يَٰٓأَيُّهَا ٱلنَّاسُ ٱذْكُرُوا۟ نِعْمَتَ ٱللَّهِ عَلَيْكُمْ ۚ هَلْ مِنْ خَٰلِقٍ غَيْرُ ٱللَّهِ يَرْزُقُكُم مِّنَ ٱلسَّمَآءِ وَٱلْأَرْضِ ۚ لَآ إِلَٰهَ إِلَّا هُوَ ۖ فَأَنَّىٰ تُؤْفَكُونَ",
        "numberInSurah": 3,
        "juz": 22,
        "manzil": 5,
        "page": 434,
        "ruku": 376,
        "hizbQuarter": 174,
        "sajda": false,
        "audioArabic": [
          "https://cdn.jsdelivr.net/gh/Salimbd71/ArabicQuran@main/35/3.mp3"
        ],
        "audioBangla": [
          "https://cdn.jsdelivr.net/gh/Salimbd71/BanglaQuran@main/35/3.mp3"
        ]
      },
      {
        "number": 3664,
        "audio": "https://cdn.islamic.network/quran/audio/192/ar.abdurrahmaansudais/3664.mp3",
        "audioSecondary": [
          "https://cdn.islamic.network/quran/audio/192/ar.abdurrahmaansudais/3664.mp3"
        ],
        "text": "وَإِن يُكَذِّبُوكَ فَقَدْ كُذِّبَتْ رُسُلٌۭ مِّن قَبْلِكَ ۚ وَإِلَى ٱللَّهِ تُرْجَعُ ٱلْأُمُورُ",
        "numberInSurah": 4,
        "juz": 22,
        "manzil": 5,
        "page": 435,
        "ruku": 376,
        "hizbQuarter": 174,
        "sajda": false,
        "audioArabic": [
          "https://cdn.jsdelivr.net/gh/Salimbd71/ArabicQuran@main/35/4.mp3"
        ],
        "audioBangla": [
          "https://cdn.jsdelivr.net/gh/Salimbd71/BanglaQuran@main/35/4.mp3"
        ]
      },
      {
        "number": 3665,
        "audio": "https://cdn.islamic.network/quran/audio/192/ar.abdurrahmaansudais/3665.mp3",
        "audioSecondary": [
          "https://cdn.islamic.network/quran/audio/192/ar.abdurrahmaansudais/3665.mp3"
        ],
        "text": "يَٰٓأَيُّهَا ٱلنَّاسُ إِنَّ وَعْدَ ٱللَّهِ حَقٌّۭ ۖ فَلَا تَغُرَّنَّكُمُ ٱلْحَيَوٰةُ ٱلدُّنْيَا ۖ وَلَا يَغُرَّنَّكُم بِٱللَّهِ ٱلْغَرُورُ",
        "numberInSurah": 5,
        "juz": 22,
        "manzil": 5,
        "page": 435,
        "ruku": 376,
        "hizbQuarter": 174,
        "sajda": false,
        "audioArabic": [
          "https://cdn.jsdelivr.net/gh/Salimbd71/ArabicQuran@main/35/5.mp3"
        ],
        "audioBangla": [
          "https://cdn.jsdelivr.net/gh/Salimbd71/BanglaQuran@main/35/5.mp3"
        ]
      },
      {
        "number": 3666,
        "audio": "https://cdn.islamic.network/quran/audio/192/ar.abdurrahmaansudais/3666.mp3",
        "audioSecondary": [
          "https://cdn.islamic.network/quran/audio/192/ar.abdurrahmaansudais/3666.mp3"
        ],
        "text": "إِنَّ ٱلشَّيْطَٰنَ لَكُمْ عَدُوٌّۭ فَٱتَّخِذُوهُ عَدُوًّا ۚ إِنَّمَا يَدْعُوا۟ حِزْبَهُۥ لِيَكُونُوا۟ مِنْ أَصْحَٰبِ ٱلسَّعِيرِ",
        "numberInSurah": 6,
        "juz": 22,
        "manzil": 5,
        "page": 435,
        "ruku": 376,
        "hizbQuarter": 174,
        "sajda": false,
        "audioArabic": [
          "https://cdn.jsdelivr.net/gh/Salimbd71/ArabicQuran@main/35/6.mp3"
        ],
        "audioBangla": [
          "https://cdn.jsdelivr.net/gh/Salimbd71/BanglaQuran@main/35/6.mp3"
        ]
      },
      {
        "number": 3667,
        "audio": "https://cdn.islamic.network/quran/audio/192/ar.abdurrahmaansudais/3667.mp3",
        "audioSecondary": [
          "https://cdn.islamic.network/quran/audio/192/ar.abdurrahmaansudais/3667.mp3"
        ],
        "text": "ٱلَّذِينَ كَفَرُوا۟ لَهُمْ عَذَابٌۭ شَدِيدٌۭ ۖ وَٱلَّذِينَ ءَامَنُوا۟ وَعَمِلُوا۟ ٱلصَّٰلِحَٰتِ لَهُم مَّغْفِرَةٌۭ وَأَجْرٌۭ كَبِيرٌ",
        "numberInSurah": 7,
        "juz": 22,
        "manzil": 5,
        "page": 435,
        "ruku": 376,
        "hizbQuarter": 174,
        "sajda": false,
        "audioArabic": [
          "https://cdn.jsdelivr.net/gh/Salimbd71/ArabicQuran@main/35/7.mp3"
        ],
        "audioBangla": [
          "https://cdn.jsdelivr.net/gh/Salimbd71/BanglaQuran@main/35/7.mp3"
        ]
      },
      {
        "number": 3668,
        "audio": "https://cdn.islamic.network/quran/audio/192/ar.abdurrahmaansudais/3668.mp3",
        "audioSecondary": [
          "https://cdn.islamic.network/quran/audio/192/ar.abdurrahmaansudais/3668.mp3"
        ],
        "text": "أَفَمَن زُيِّنَ لَهُۥ سُوٓءُ عَمَلِهِۦ فَرَءَاهُ حَسَنًۭا ۖ فَإِنَّ ٱللَّهَ يُضِلُّ مَن يَشَآءُ وَيَهْدِى مَن يَشَآءُ ۖ فَلَا تَذْهَبْ نَفْسُكَ عَلَيْهِمْ حَسَرَٰتٍ ۚ إِنَّ ٱللَّهَ عَلِيمٌۢ بِمَا يَصْنَعُونَ",
        "numberInSurah": 8,
        "juz": 22,
        "manzil": 5,
        "page": 435,
        "ruku": 377,
        "hizbQuarter": 174,
        "sajda": false,
        "audioArabic": [
          "https://cdn.jsdelivr.net/gh/Salimbd71/ArabicQuran@main/35/8.mp3"
        ],
        "audioBangla": [
          "https://cdn.jsdelivr.net/gh/Salimbd71/BanglaQuran@main/35/8.mp3"
        ]
      },
      {
        "number": 3669,
        "audio": "https://cdn.islamic.network/quran/audio/192/ar.abdurrahmaansudais/3669.mp3",
        "audioSecondary": [
          "https://cdn.islamic.network/quran/audio/192/ar.abdurrahmaansudais/3669.mp3"
        ],
        "text": "وَٱللَّهُ ٱلَّذِىٓ أَرْسَلَ ٱلرِّيَٰحَ فَتُثِيرُ سَحَابًۭا فَسُقْنَٰهُ إِلَىٰ بَلَدٍۢ مَّيِّتٍۢ فَأَحْيَيْنَا بِهِ ٱلْأَرْضَ بَعْدَ مَوْتِهَا ۚ كَذَٰلِكَ ٱلنُّشُورُ",
        "numberInSurah": 9,
        "juz": 22,
        "manzil": 5,
        "page": 435,
        "ruku": 377,
        "hizbQuarter": 174,
        "sajda": false,
        "audioArabic": [
          "https://cdn.jsdelivr.net/gh/Salimbd71/ArabicQuran@main/35/9.mp3"
        ],
        "audioBangla": [
          "https://cdn.jsdelivr.net/gh/Salimbd71/BanglaQuran@main/35/9.mp3"
        ]
      },
      {
        "number": 3670,
        "audio": "https://cdn.islamic.network/quran/audio/192/ar.abdurrahmaansudais/3670.mp3",
        "audioSecondary": [
          "https://cdn.islamic.network/quran/audio/192/ar.abdurrahmaansudais/3670.mp3"
        ],
        "text": "مَن كَانَ يُرِيدُ ٱلْعِزَّةَ فَلِلَّهِ ٱلْعِزَّةُ جَمِيعًا ۚ إِلَيْهِ يَصْعَدُ ٱلْكَلِمُ ٱلطَّيِّبُ وَٱلْعَمَلُ ٱلصَّٰلِحُ يَرْفَعُهُۥ ۚ وَٱلَّذِينَ يَمْكُرُونَ ٱلسَّيِّـَٔاتِ لَهُمْ عَذَابٌۭ شَدِيدٌۭ ۖ وَمَكْرُ أُو۟لَٰٓئِكَ هُوَ يَبُورُ",
        "numberInSurah": 10,
        "juz": 22,
        "manzil": 5,
        "page": 435,
        "ruku": 377,
        "hizbQuarter": 174,
        "sajda": false,
        "audioArabic": [
          "https://cdn.jsdelivr.net/gh/Salimbd71/ArabicQuran@main/35/10.mp3"
        ],
        "audioBangla": [
          "https://cdn.jsdelivr.net/gh/Salimbd71/BanglaQuran@main/35/10.mp3"
        ]
      },
      {
        "number": 3671,
        "audio": "https://cdn.islamic.network/quran/audio/192/ar.abdurrahmaansudais/3671.mp3",
        "audioSecondary": [
          "https://cdn.islamic.network/quran/audio/192/ar.abdurrahmaansudais/3671.mp3"
        ],
        "text": "وَٱللَّهُ خَلَقَكُم مِّن تُرَابٍۢ ثُمَّ مِن نُّطْفَةٍۢ ثُمَّ جَعَلَكُمْ أَزْوَٰجًۭا ۚ وَمَا تَحْمِلُ مِنْ أُنثَىٰ وَلَا تَضَعُ إِلَّا بِعِلْمِهِۦ ۚ وَمَا يُعَمَّرُ مِن مُّعَمَّرٍۢ وَلَا يُنقَصُ مِنْ عُمُرِهِۦٓ إِلَّا فِى كِتَٰبٍ ۚ إِنَّ ذَٰلِكَ عَلَى ٱللَّهِ يَسِيرٌۭ",
        "numberInSurah": 11,
        "juz": 22,
        "manzil": 5,
        "page": 435,
        "ruku": 377,
        "hizbQuarter": 174,
        "sajda": false,
        "audioArabic": [
          "https://cdn.jsdelivr.net/gh/Salimbd71/ArabicQuran@main/35/11.mp3"
        ],
        "audioBangla": [
          "https://cdn.jsdelivr.net/gh/Salimbd71/BanglaQuran@main/35/11.mp3"
        ]
      },
      {
        "number": 3672,
        "audio": "https://cdn.islamic.network/quran/audio/192/ar.abdurrahmaansudais/3672.mp3",
        "audioSecondary": [
          "https://cdn.islamic.network/quran/audio/192/ar.abdurrahmaansudais/3672.mp3"
        ],
        "text": "وَمَا يَسْتَوِى ٱلْبَحْرَانِ هَٰذَا عَذْبٌۭ فُرَاتٌۭ سَآئِغٌۭ شَرَابُهُۥ وَهَٰذَا مِلْحٌ أُجَاجٌۭ ۖ وَمِن كُلٍّۢ تَأْكُلُونَ لَحْمًۭا طَرِيًّۭا وَتَسْتَخْرِجُونَ حِلْيَةًۭ تَلْبَسُونَهَا ۖ وَتَرَى ٱلْفُلْكَ فِيهِ مَوَاخِرَ لِتَبْتَغُوا۟ مِن فَضْلِهِۦ وَلَعَلَّكُمْ تَشْكُرُونَ",
        "numberInSurah": 12,
        "juz": 22,
        "manzil": 5,
        "page": 436,
        "ruku": 377,
        "hizbQuarter": 174,
        "sajda": false,
        "audioArabic": [
          "https://cdn.jsdelivr.net/gh/Salimbd71/ArabicQuran@main/35/12.mp3"
        ],
        "audioBangla": [
          "https://cdn.jsdelivr.net/gh/Salimbd71/BanglaQuran@main/35/12.mp3"
        ]
      },
      {
        "number": 3673,
        "audio": "https://cdn.islamic.network/quran/audio/192/ar.abdurrahmaansudais/3673.mp3",
        "audioSecondary": [
          "https://cdn.islamic.network/quran/audio/192/ar.abdurrahmaansudais/3673.mp3"
        ],
        "text": "يُولِجُ ٱلَّيْلَ فِى ٱلنَّهَارِ وَيُولِجُ ٱلنَّهَارَ فِى ٱلَّيْلِ وَسَخَّرَ ٱلشَّمْسَ وَٱلْقَمَرَ كُلٌّۭ يَجْرِى لِأَجَلٍۢ مُّسَمًّۭى ۚ ذَٰلِكُمُ ٱللَّهُ رَبُّكُمْ لَهُ ٱلْمُلْكُ ۚ وَٱلَّذِينَ تَدْعُونَ مِن دُونِهِۦ مَا يَمْلِكُونَ مِن قِطْمِيرٍ",
        "numberInSurah": 13,
        "juz": 22,
        "manzil": 5,
        "page": 436,
        "ruku": 377,
        "hizbQuarter": 174,
        "sajda": false,
        "audioArabic": [
          "https://cdn.jsdelivr.net/gh/Salimbd71/ArabicQuran@main/35/13.mp3"
        ],
        "audioBangla": [
          "https://cdn.jsdelivr.net/gh/Salimbd71/BanglaQuran@main/35/13.mp3"
        ]
      },
      {
        "number": 3674,
        "audio": "https://cdn.islamic.network/quran/audio/192/ar.abdurrahmaansudais/3674.mp3",
        "audioSecondary": [
          "https://cdn.islamic.network/quran/audio/192/ar.abdurrahmaansudais/3674.mp3"
        ],
        "text": "إِن تَدْعُوهُمْ لَا يَسْمَعُوا۟ دُعَآءَكُمْ وَلَوْ سَمِعُوا۟ مَا ٱسْتَجَابُوا۟ لَكُمْ ۖ وَيَوْمَ ٱلْقِيَٰمَةِ يَكْفُرُونَ بِشِرْكِكُمْ ۚ وَلَا يُنَبِّئُكَ مِثْلُ خَبِيرٍۢ",
        "numberInSurah": 14,
        "juz": 22,
        "manzil": 5,
        "page": 436,
        "ruku": 377,
        "hizbQuarter": 174,
        "sajda": false,
        "audioArabic": [
          "https://cdn.jsdelivr.net/gh/Salimbd71/ArabicQuran@main/35/14.mp3"
        ],
        "audioBangla": [
          "https://cdn.jsdelivr.net/gh/Salimbd71/BanglaQuran@main/35/14.mp3"
        ]
      },
      {
        "number": 3675,
        "audio": "https://cdn.islamic.network/quran/audio/192/ar.abdurrahmaansudais/3675.mp3",
        "audioSecondary": [
          "https://cdn.islamic.network/quran/audio/192/ar.abdurrahmaansudais/3675.mp3"
        ],
        "text": "۞ يَٰٓأَيُّهَا ٱلنَّاسُ أَنتُمُ ٱلْفُقَرَآءُ إِلَى ٱللَّهِ ۖ وَٱللَّهُ هُوَ ٱلْغَنِىُّ ٱلْحَمِيدُ",
        "numberInSurah": 15,
        "juz": 22,
        "manzil": 5,
        "page": 436,
        "ruku": 378,
        "hizbQuarter": 175,
        "sajda": false,
        "audioArabic": [
          "https://cdn.jsdelivr.net/gh/Salimbd71/ArabicQuran@main/35/15.mp3"
        ],
        "audioBangla": [
          "https://cdn.jsdelivr.net/gh/Salimbd71/BanglaQuran@main/35/15.mp3"
        ]
      },
      {
        "number": 3676,
        "audio": "https://cdn.islamic.network/quran/audio/192/ar.abdurrahmaansudais/3676.mp3",
        "audioSecondary": [
          "https://cdn.islamic.network/quran/audio/192/ar.abdurrahmaansudais/3676.mp3"
        ],
        "text": "إِن يَشَأْ يُذْهِبْكُمْ وَيَأْتِ بِخَلْقٍۢ جَدِيدٍۢ",
        "numberInSurah": 16,
        "juz": 22,
        "manzil": 5,
        "page": 436,
        "ruku": 378,
        "hizbQuarter": 175,
        "sajda": false,
        "audioArabic": [
          "https://cdn.jsdelivr.net/gh/Salimbd71/ArabicQuran@main/35/16.mp3"
        ],
        "audioBangla": [
          "https://cdn.jsdelivr.net/gh/Salimbd71/BanglaQuran@main/35/16.mp3"
        ]
      },
      {
        "number": 3677,
        "audio": "https://cdn.islamic.network/quran/audio/192/ar.abdurrahmaansudais/3677.mp3",
        "audioSecondary": [
          "https://cdn.islamic.network/quran/audio/192/ar.abdurrahmaansudais/3677.mp3"
        ],
        "text": "وَمَا ذَٰلِكَ عَلَى ٱللَّهِ بِعَزِيزٍۢ",
        "numberInSurah": 17,
        "juz": 22,
        "manzil": 5,
        "page": 436,
        "ruku": 378,
        "hizbQuarter": 175,
        "sajda": false,
        "audioArabic": [
          "https://cdn.jsdelivr.net/gh/Salimbd71/ArabicQuran@main/35/17.mp3"
        ],
        "audioBangla": [
          "https://cdn.jsdelivr.net/gh/Salimbd71/BanglaQuran@main/35/17.mp3"
        ]
      },
      {
        "number": 3678,
        "audio": "https://cdn.islamic.network/quran/audio/192/ar.abdurrahmaansudais/3678.mp3",
        "audioSecondary": [
          "https://cdn.islamic.network/quran/audio/192/ar.abdurrahmaansudais/3678.mp3"
        ],
        "text": "وَلَا تَزِرُ وَازِرَةٌۭ وِزْرَ أُخْرَىٰ ۚ وَإِن تَدْعُ مُثْقَلَةٌ إِلَىٰ حِمْلِهَا لَا يُحْمَلْ مِنْهُ شَىْءٌۭ وَلَوْ كَانَ ذَا قُرْبَىٰٓ ۗ إِنَّمَا تُنذِرُ ٱلَّذِينَ يَخْشَوْنَ رَبَّهُم بِٱلْغَيْبِ وَأَقَامُوا۟ ٱلصَّلَوٰةَ ۚ وَمَن تَزَكَّىٰ فَإِنَّمَا يَتَزَكَّىٰ لِنَفْسِهِۦ ۚ وَإِلَى ٱللَّهِ ٱلْمَصِيرُ",
        "numberInSurah": 18,
        "juz": 22,
        "manzil": 5,
        "page": 436,
        "ruku": 378,
        "hizbQuarter": 175,
        "sajda": false,
        "audioArabic": [
          "https://cdn.jsdelivr.net/gh/Salimbd71/ArabicQuran@main/35/18.mp3"
        ],
        "audioBangla": [
          "https://cdn.jsdelivr.net/gh/Salimbd71/BanglaQuran@main/35/18.mp3"
        ]
      },
      {
        "number": 3679,
        "audio": "https://cdn.islamic.network/quran/audio/192/ar.abdurrahmaansudais/3679.mp3",
        "audioSecondary": [
          "https://cdn.islamic.network/quran/audio/192/ar.abdurrahmaansudais/3679.mp3"
        ],
        "text": "وَمَا يَسْتَوِى ٱلْأَعْمَىٰ وَٱلْبَصِيرُ",
        "numberInSurah": 19,
        "juz": 22,
        "manzil": 5,
        "page": 437,
        "ruku": 378,
        "hizbQuarter": 175,
        "sajda": false,
        "audioArabic": [
          "https://cdn.jsdelivr.net/gh/Salimbd71/ArabicQuran@main/35/19.mp3"
        ],
        "audioBangla": [
          "https://cdn.jsdelivr.net/gh/Salimbd71/BanglaQuran@main/35/19.mp3"
        ]
      },
      {
        "number": 3680,
        "audio": "https://cdn.islamic.network/quran/audio/192/ar.abdurrahmaansudais/3680.mp3",
        "audioSecondary": [
          "https://cdn.islamic.network/quran/audio/192/ar.abdurrahmaansudais/3680.mp3"
        ],
        "text": "وَلَا ٱلظُّلُمَٰتُ وَلَا ٱلنُّورُ",
        "numberInSurah": 20,
        "juz": 22,
        "manzil": 5,
        "page": 437,
        "ruku": 378,
        "hizbQuarter": 175,
        "sajda": false,
        "audioArabic": [
          "https://cdn.jsdelivr.net/gh/Salimbd71/ArabicQuran@main/35/20.mp3"
        ],
        "audioBangla": [
          "https://cdn.jsdelivr.net/gh/Salimbd71/BanglaQuran@main/35/20.mp3"
        ]
      },
      {
        "number": 3681,
        "audio": "https://cdn.islamic.network/quran/audio/192/ar.abdurrahmaansudais/3681.mp3",
        "audioSecondary": [
          "https://cdn.islamic.network/quran/audio/192/ar.abdurrahmaansudais/3681.mp3"
        ],
        "text": "وَلَا ٱلظِّلُّ وَلَا ٱلْحَرُورُ",
        "numberInSurah": 21,
        "juz": 22,
        "manzil": 5,
        "page": 437,
        "ruku": 378,
        "hizbQuarter": 175,
        "sajda": false,
        "audioArabic": [
          "https://cdn.jsdelivr.net/gh/Salimbd71/ArabicQuran@main/35/21.mp3"
        ],
        "audioBangla": [
          "https://cdn.jsdelivr.net/gh/Salimbd71/BanglaQuran@main/35/21.mp3"
        ]
      },
      {
        "number": 3682,
        "audio": "https://cdn.islamic.network/quran/audio/192/ar.abdurrahmaansudais/3682.mp3",
        "audioSecondary": [
          "https://cdn.islamic.network/quran/audio/192/ar.abdurrahmaansudais/3682.mp3"
        ],
        "text": "وَمَا يَسْتَوِى ٱلْأَحْيَآءُ وَلَا ٱلْأَمْوَٰتُ ۚ إِنَّ ٱللَّهَ يُسْمِعُ مَن يَشَآءُ ۖ وَمَآ أَنتَ بِمُسْمِعٍۢ مَّن فِى ٱلْقُبُورِ",
        "numberInSurah": 22,
        "juz": 22,
        "manzil": 5,
        "page": 437,
        "ruku": 378,
        "hizbQuarter": 175,
        "sajda": false,
        "audioArabic": [
          "https://cdn.jsdelivr.net/gh/Salimbd71/ArabicQuran@main/35/22.mp3"
        ],
        "audioBangla": [
          "https://cdn.jsdelivr.net/gh/Salimbd71/BanglaQuran@main/35/22.mp3"
        ]
      },
      {
        "number": 3683,
        "audio": "https://cdn.islamic.network/quran/audio/192/ar.abdurrahmaansudais/3683.mp3",
        "audioSecondary": [
          "https://cdn.islamic.network/quran/audio/192/ar.abdurrahmaansudais/3683.mp3"
        ],
        "text": "إِنْ أَنتَ إِلَّا نَذِيرٌ",
        "numberInSurah": 23,
        "juz": 22,
        "manzil": 5,
        "page": 437,
        "ruku": 378,
        "hizbQuarter": 175,
        "sajda": false,
        "audioArabic": [
          "https://cdn.jsdelivr.net/gh/Salimbd71/ArabicQuran@main/35/23.mp3"
        ],
        "audioBangla": [
          "https://cdn.jsdelivr.net/gh/Salimbd71/BanglaQuran@main/35/23.mp3"
        ]
      },
      {
        "number": 3684,
        "audio": "https://cdn.islamic.network/quran/audio/192/ar.abdurrahmaansudais/3684.mp3",
        "audioSecondary": [
          "https://cdn.islamic.network/quran/audio/192/ar.abdurrahmaansudais/3684.mp3"
        ],
        "text": "إِنَّآ أَرْسَلْنَٰكَ بِٱلْحَقِّ بَشِيرًۭا وَنَذِيرًۭا ۚ وَإِن مِّنْ أُمَّةٍ إِلَّا خَلَا فِيهَا نَذِيرٌۭ",
        "numberInSurah": 24,
        "juz": 22,
        "manzil": 5,
        "page": 437,
        "ruku": 378,
        "hizbQuarter": 175,
        "sajda": false,
        "audioArabic": [
          "https://cdn.jsdelivr.net/gh/Salimbd71/ArabicQuran@main/35/24.mp3"
        ],
        "audioBangla": [
          "https://cdn.jsdelivr.net/gh/Salimbd71/BanglaQuran@main/35/24.mp3"
        ]
      },
      {
        "number": 3685,
        "audio": "https://cdn.islamic.network/quran/audio/192/ar.abdurrahmaansudais/3685.mp3",
        "audioSecondary": [
          "https://cdn.islamic.network/quran/audio/192/ar.abdurrahmaansudais/3685.mp3"
        ],
        "text": "وَإِن يُكَذِّبُوكَ فَقَدْ كَذَّبَ ٱلَّذِينَ مِن قَبْلِهِمْ جَآءَتْهُمْ رُسُلُهُم بِٱلْبَيِّنَٰتِ وَبِٱلزُّبُرِ وَبِٱلْكِتَٰبِ ٱلْمُنِيرِ",
        "numberInSurah": 25,
        "juz": 22,
        "manzil": 5,
        "page": 437,
        "ruku": 378,
        "hizbQuarter": 175,
        "sajda": false,
        "audioArabic": [
          "https://cdn.jsdelivr.net/gh/Salimbd71/ArabicQuran@main/35/25.mp3"
        ],
        "audioBangla": [
          "https://cdn.jsdelivr.net/gh/Salimbd71/BanglaQuran@main/35/25.mp3"
        ]
      },
      {
        "number": 3686,
        "audio": "https://cdn.islamic.network/quran/audio/192/ar.abdurrahmaansudais/3686.mp3",
        "audioSecondary": [
          "https://cdn.islamic.network/quran/audio/192/ar.abdurrahmaansudais/3686.mp3"
        ],
        "text": "ثُمَّ أَخَذْتُ ٱلَّذِينَ كَفَرُوا۟ ۖ فَكَيْفَ كَانَ نَكِيرِ",
        "numberInSurah": 26,
        "juz": 22,
        "manzil": 5,
        "page": 437,
        "ruku": 378,
        "hizbQuarter": 175,
        "sajda": false,
        "audioArabic": [
          "https://cdn.jsdelivr.net/gh/Salimbd71/ArabicQuran@main/35/26.mp3"
        ],
        "audioBangla": [
          "https://cdn.jsdelivr.net/gh/Salimbd71/BanglaQuran@main/35/26.mp3"
        ]
      },
      {
        "number": 3687,
        "audio": "https://cdn.islamic.network/quran/audio/192/ar.abdurrahmaansudais/3687.mp3",
        "audioSecondary": [
          "https://cdn.islamic.network/quran/audio/192/ar.abdurrahmaansudais/3687.mp3"
        ],
        "text": "أَلَمْ تَرَ أَنَّ ٱللَّهَ أَنزَلَ مِنَ ٱلسَّمَآءِ مَآءًۭ فَأَخْرَجْنَا بِهِۦ ثَمَرَٰتٍۢ مُّخْتَلِفًا أَلْوَٰنُهَا ۚ وَمِنَ ٱلْجِبَالِ جُدَدٌۢ بِيضٌۭ وَحُمْرٌۭ مُّخْتَلِفٌ أَلْوَٰنُهَا وَغَرَابِيبُ سُودٌۭ",
        "numberInSurah": 27,
        "juz": 22,
        "manzil": 5,
        "page": 437,
        "ruku": 379,
        "hizbQuarter": 175,
        "sajda": false,
        "audioArabic": [
          "https://cdn.jsdelivr.net/gh/Salimbd71/ArabicQuran@main/35/27.mp3"
        ],
        "audioBangla": [
          "https://cdn.jsdelivr.net/gh/Salimbd71/BanglaQuran@main/35/27.mp3"
        ]
      },
      {
        "number": 3688,
        "audio": "https://cdn.islamic.network/quran/audio/192/ar.abdurrahmaansudais/3688.mp3",
        "audioSecondary": [
          "https://cdn.islamic.network/quran/audio/192/ar.abdurrahmaansudais/3688.mp3"
        ],
        "text": "وَمِنَ ٱلنَّاسِ وَٱلدَّوَآبِّ وَٱلْأَنْعَٰمِ مُخْتَلِفٌ أَلْوَٰنُهُۥ كَذَٰلِكَ ۗ إِنَّمَا يَخْشَى ٱللَّهَ مِنْ عِبَادِهِ ٱلْعُلَمَٰٓؤُا۟ ۗ إِنَّ ٱللَّهَ عَزِيزٌ غَفُورٌ",
        "numberInSurah": 28,
        "juz": 22,
        "manzil": 5,
        "page": 437,
        "ruku": 379,
        "hizbQuarter": 175,
        "sajda": false,
        "audioArabic": [
          "https://cdn.jsdelivr.net/gh/Salimbd71/ArabicQuran@main/35/28.mp3"
        ],
        "audioBangla": [
          "https://cdn.jsdelivr.net/gh/Salimbd71/BanglaQuran@main/35/28.mp3"
        ]
      },
      {
        "number": 3689,
        "audio": "https://cdn.islamic.network/quran/audio/192/ar.abdurrahmaansudais/3689.mp3",
        "audioSecondary": [
          "https://cdn.islamic.network/quran/audio/192/ar.abdurrahmaansudais/3689.mp3"
        ],
        "text": "إِنَّ ٱلَّذِينَ يَتْلُونَ كِتَٰبَ ٱللَّهِ وَأَقَامُوا۟ ٱلصَّلَوٰةَ وَأَنفَقُوا۟ مِمَّا رَزَقْنَٰهُمْ سِرًّۭا وَعَلَانِيَةًۭ يَرْجُونَ تِجَٰرَةًۭ لَّن تَبُورَ",
        "numberInSurah": 29,
        "juz": 22,
        "manzil": 5,
        "page": 437,
        "ruku": 379,
        "hizbQuarter": 175,
        "sajda": false,
        "audioArabic": [
          "https://cdn.jsdelivr.net/gh/Salimbd71/ArabicQuran@main/35/29.mp3"
        ],
        "audioBangla": [
          "https://cdn.jsdelivr.net/gh/Salimbd71/BanglaQuran@main/35/29.mp3"
        ]
      },
      {
        "number": 3690,
        "audio": "https://cdn.islamic.network/quran/audio/192/ar.abdurrahmaansudais/3690.mp3",
        "audioSecondary": [
          "https://cdn.islamic.network/quran/audio/192/ar.abdurrahmaansudais/3690.mp3"
        ],
        "text": "لِيُوَفِّيَهُمْ أُجُورَهُمْ وَيَزِيدَهُم مِّن فَضْلِهِۦٓ ۚ إِنَّهُۥ غَفُورٌۭ شَكُورٌۭ",
        "numberInSurah": 30,
        "juz": 22,
        "manzil": 5,
        "page": 437,
        "ruku": 379,
        "hizbQuarter": 175,
        "sajda": false,
        "audioArabic": [
          "https://cdn.jsdelivr.net/gh/Salimbd71/ArabicQuran@main/35/30.mp3"
        ],
        "audioBangla": [
          "https://cdn.jsdelivr.net/gh/Salimbd71/BanglaQuran@main/35/30.mp3"
        ]
      },
      {
        "number": 3691,
        "audio": "https://cdn.islamic.network/quran/audio/192/ar.abdurrahmaansudais/3691.mp3",
        "audioSecondary": [
          "https://cdn.islamic.network/quran/audio/192/ar.abdurrahmaansudais/3691.mp3"
        ],
        "text": "وَٱلَّذِىٓ أَوْحَيْنَآ إِلَيْكَ مِنَ ٱلْكِتَٰبِ هُوَ ٱلْحَقُّ مُصَدِّقًۭا لِّمَا بَيْنَ يَدَيْهِ ۗ إِنَّ ٱللَّهَ بِعِبَادِهِۦ لَخَبِيرٌۢ بَصِيرٌۭ",
        "numberInSurah": 31,
        "juz": 22,
        "manzil": 5,
        "page": 438,
        "ruku": 379,
        "hizbQuarter": 175,
        "sajda": false,
        "audioArabic": [
          "https://cdn.jsdelivr.net/gh/Salimbd71/ArabicQuran@main/35/31.mp3"
        ],
        "audioBangla": [
          "https://cdn.jsdelivr.net/gh/Salimbd71/BanglaQuran@main/35/31.mp3"
        ]
      },
      {
        "number": 3692,
        "audio": "https://cdn.islamic.network/quran/audio/192/ar.abdurrahmaansudais/3692.mp3",
        "audioSecondary": [
          "https://cdn.islamic.network/quran/audio/192/ar.abdurrahmaansudais/3692.mp3"
        ],
        "text": "ثُمَّ أَوْرَثْنَا ٱلْكِتَٰبَ ٱلَّذِينَ ٱصْطَفَيْنَا مِنْ عِبَادِنَا ۖ فَمِنْهُمْ ظَالِمٌۭ لِّنَفْسِهِۦ وَمِنْهُم مُّقْتَصِدٌۭ وَمِنْهُمْ سَابِقٌۢ بِٱلْخَيْرَٰتِ بِإِذْنِ ٱللَّهِ ۚ ذَٰلِكَ هُوَ ٱلْفَضْلُ ٱلْكَبِيرُ",
        "numberInSurah": 32,
        "juz": 22,
        "manzil": 5,
        "page": 438,
        "ruku": 379,
        "hizbQuarter": 175,
        "sajda": false,
        "audioArabic": [
          "https://cdn.jsdelivr.net/gh/Salimbd71/ArabicQuran@main/35/32.mp3"
        ],
        "audioBangla": [
          "https://cdn.jsdelivr.net/gh/Salimbd71/BanglaQuran@main/35/32.mp3"
        ]
      },
      {
        "number": 3693,
        "audio": "https://cdn.islamic.network/quran/audio/192/ar.abdurrahmaansudais/3693.mp3",
        "audioSecondary": [
          "https://cdn.islamic.network/quran/audio/192/ar.abdurrahmaansudais/3693.mp3"
        ],
        "text": "جَنَّٰتُ عَدْنٍۢ يَدْخُلُونَهَا يُحَلَّوْنَ فِيهَا مِنْ أَسَاوِرَ مِن ذَهَبٍۢ وَلُؤْلُؤًۭا ۖ وَلِبَاسُهُمْ فِيهَا حَرِيرٌۭ",
        "numberInSurah": 33,
        "juz": 22,
        "manzil": 5,
        "page": 438,
        "ruku": 379,
        "hizbQuarter": 175,
        "sajda": false,
        "audioArabic": [
          "https://cdn.jsdelivr.net/gh/Salimbd71/ArabicQuran@main/35/33.mp3"
        ],
        "audioBangla": [
          "https://cdn.jsdelivr.net/gh/Salimbd71/BanglaQuran@main/35/33.mp3"
        ]
      },
      {
        "number": 3694,
        "audio": "https://cdn.islamic.network/quran/audio/192/ar.abdurrahmaansudais/3694.mp3",
        "audioSecondary": [
          "https://cdn.islamic.network/quran/audio/192/ar.abdurrahmaansudais/3694.mp3"
        ],
        "text": "وَقَالُوا۟ ٱلْحَمْدُ لِلَّهِ ٱلَّذِىٓ أَذْهَبَ عَنَّا ٱلْحَزَنَ ۖ إِنَّ رَبَّنَا لَغَفُورٌۭ شَكُورٌ",
        "numberInSurah": 34,
        "juz": 22,
        "manzil": 5,
        "page": 438,
        "ruku": 379,
        "hizbQuarter": 175,
        "sajda": false,
        "audioArabic": [
          "https://cdn.jsdelivr.net/gh/Salimbd71/ArabicQuran@main/35/34.mp3"
        ],
        "audioBangla": [
          "https://cdn.jsdelivr.net/gh/Salimbd71/BanglaQuran@main/35/34.mp3"
        ]
      },
      {
        "number": 3695,
        "audio": "https://cdn.islamic.network/quran/audio/192/ar.abdurrahmaansudais/3695.mp3",
        "audioSecondary": [
          "https://cdn.islamic.network/quran/audio/192/ar.abdurrahmaansudais/3695.mp3"
        ],
        "text": "ٱلَّذِىٓ أَحَلَّنَا دَارَ ٱلْمُقَامَةِ مِن فَضْلِهِۦ لَا يَمَسُّنَا فِيهَا نَصَبٌۭ وَلَا يَمَسُّنَا فِيهَا لُغُوبٌۭ",
        "numberInSurah": 35,
        "juz": 22,
        "manzil": 5,
        "page": 438,
        "ruku": 379,
        "hizbQuarter": 175,
        "sajda": false,
        "audioArabic": [
          "https://cdn.jsdelivr.net/gh/Salimbd71/ArabicQuran@main/35/35.mp3"
        ],
        "audioBangla": [
          "https://cdn.jsdelivr.net/gh/Salimbd71/BanglaQuran@main/35/35.mp3"
        ]
      },
      {
        "number": 3696,
        "audio": "https://cdn.islamic.network/quran/audio/192/ar.abdurrahmaansudais/3696.mp3",
        "audioSecondary": [
          "https://cdn.islamic.network/quran/audio/192/ar.abdurrahmaansudais/3696.mp3"
        ],
        "text": "وَٱلَّذِينَ كَفَرُوا۟ لَهُمْ نَارُ جَهَنَّمَ لَا يُقْضَىٰ عَلَيْهِمْ فَيَمُوتُوا۟ وَلَا يُخَفَّفُ عَنْهُم مِّنْ عَذَابِهَا ۚ كَذَٰلِكَ نَجْزِى كُلَّ كَفُورٍۢ",
        "numberInSurah": 36,
        "juz": 22,
        "manzil": 5,
        "page": 438,
        "ruku": 379,
        "hizbQuarter": 175,
        "sajda": false,
        "audioArabic": [
          "https://cdn.jsdelivr.net/gh/Salimbd71/ArabicQuran@main/35/36.mp3"
        ],
        "audioBangla": [
          "https://cdn.jsdelivr.net/gh/Salimbd71/BanglaQuran@main/35/36.mp3"
        ]
      },
      {
        "number": 3697,
        "audio": "https://cdn.islamic.network/quran/audio/192/ar.abdurrahmaansudais/3697.mp3",
        "audioSecondary": [
          "https://cdn.islamic.network/quran/audio/192/ar.abdurrahmaansudais/3697.mp3"
        ],
        "text": "وَهُمْ يَصْطَرِخُونَ فِيهَا رَبَّنَآ أَخْرِجْنَا نَعْمَلْ صَٰلِحًا غَيْرَ ٱلَّذِى كُنَّا نَعْمَلُ ۚ أَوَلَمْ نُعَمِّرْكُم مَّا يَتَذَكَّرُ فِيهِ مَن تَذَكَّرَ وَجَآءَكُمُ ٱلنَّذِيرُ ۖ فَذُوقُوا۟ فَمَا لِلظَّٰلِمِينَ مِن نَّصِيرٍ",
        "numberInSurah": 37,
        "juz": 22,
        "manzil": 5,
        "page": 438,
        "ruku": 379,
        "hizbQuarter": 175,
        "sajda": false,
        "audioArabic": [
          "https://cdn.jsdelivr.net/gh/Salimbd71/ArabicQuran@main/35/37.mp3"
        ],
        "audioBangla": [
          "https://cdn.jsdelivr.net/gh/Salimbd71/BanglaQuran@main/35/37.mp3"
        ]
      },
      {
        "number": 3698,
        "audio": "https://cdn.islamic.network/quran/audio/192/ar.abdurrahmaansudais/3698.mp3",
        "audioSecondary": [
          "https://cdn.islamic.network/quran/audio/192/ar.abdurrahmaansudais/3698.mp3"
        ],
        "text": "إِنَّ ٱللَّهَ عَٰلِمُ غَيْبِ ٱلسَّمَٰوَٰتِ وَٱلْأَرْضِ ۚ إِنَّهُۥ عَلِيمٌۢ بِذَاتِ ٱلصُّدُورِ",
        "numberInSurah": 38,
        "juz": 22,
        "manzil": 5,
        "page": 438,
        "ruku": 380,
        "hizbQuarter": 175,
        "sajda": false,
        "audioArabic": [
          "https://cdn.jsdelivr.net/gh/Salimbd71/ArabicQuran@main/35/38.mp3"
        ],
        "audioBangla": [
          "https://cdn.jsdelivr.net/gh/Salimbd71/BanglaQuran@main/35/38.mp3"
        ]
      },
      {
        "number": 3699,
        "audio": "https://cdn.islamic.network/quran/audio/192/ar.abdurrahmaansudais/3699.mp3",
        "audioSecondary": [
          "https://cdn.islamic.network/quran/audio/192/ar.abdurrahmaansudais/3699.mp3"
        ],
        "text": "هُوَ ٱلَّذِى جَعَلَكُمْ خَلَٰٓئِفَ فِى ٱلْأَرْضِ ۚ فَمَن كَفَرَ فَعَلَيْهِ كُفْرُهُۥ ۖ وَلَا يَزِيدُ ٱلْكَٰفِرِينَ كُفْرُهُمْ عِندَ رَبِّهِمْ إِلَّا مَقْتًۭا ۖ وَلَا يَزِيدُ ٱلْكَٰفِرِينَ كُفْرُهُمْ إِلَّا خَسَارًۭا",
        "numberInSurah": 39,
        "juz": 22,
        "manzil": 5,
        "page": 439,
        "ruku": 380,
        "hizbQuarter": 175,
        "sajda": false,
        "audioArabic": [
          "https://cdn.jsdelivr.net/gh/Salimbd71/ArabicQuran@main/35/39.mp3"
        ],
        "audioBangla": [
          "https://cdn.jsdelivr.net/gh/Salimbd71/BanglaQuran@main/35/39.mp3"
        ]
      },
      {
        "number": 3700,
        "audio": "https://cdn.islamic.network/quran/audio/192/ar.abdurrahmaansudais/3700.mp3",
        "audioSecondary": [
          "https://cdn.islamic.network/quran/audio/192/ar.abdurrahmaansudais/3700.mp3"
        ],
        "text": "قُلْ أَرَءَيْتُمْ شُرَكَآءَكُمُ ٱلَّذِينَ تَدْعُونَ مِن دُونِ ٱللَّهِ أَرُونِى مَاذَا خَلَقُوا۟ مِنَ ٱلْأَرْضِ أَمْ لَهُمْ شِرْكٌۭ فِى ٱلسَّمَٰوَٰتِ أَمْ ءَاتَيْنَٰهُمْ كِتَٰبًۭا فَهُمْ عَلَىٰ بَيِّنَتٍۢ مِّنْهُ ۚ بَلْ إِن يَعِدُ ٱلظَّٰلِمُونَ بَعْضُهُم بَعْضًا إِلَّا غُرُورًا",
        "numberInSurah": 40,
        "juz": 22,
        "manzil": 5,
        "page": 439,
        "ruku": 380,
        "hizbQuarter": 175,
        "sajda": false,
        "audioArabic": [
          "https://cdn.jsdelivr.net/gh/Salimbd71/ArabicQuran@main/35/40.mp3"
        ],
        "audioBangla": [
          "https://cdn.jsdelivr.net/gh/Salimbd71/BanglaQuran@main/35/40.mp3"
        ]
      },
      {
        "number": 3701,
        "audio": "https://cdn.islamic.network/quran/audio/192/ar.abdurrahmaansudais/3701.mp3",
        "audioSecondary": [
          "https://cdn.islamic.network/quran/audio/192/ar.abdurrahmaansudais/3701.mp3"
        ],
        "text": "۞ إِنَّ ٱللَّهَ يُمْسِكُ ٱلسَّمَٰوَٰتِ وَٱلْأَرْضَ أَن تَزُولَا ۚ وَلَئِن زَالَتَآ إِنْ أَمْسَكَهُمَا مِنْ أَحَدٍۢ مِّنۢ بَعْدِهِۦٓ ۚ إِنَّهُۥ كَانَ حَلِيمًا غَفُورًۭا",
        "numberInSurah": 41,
        "juz": 22,
        "manzil": 5,
        "page": 439,
        "ruku": 380,
        "hizbQuarter": 176,
        "sajda": false,
        "audioArabic": [
          "https://cdn.jsdelivr.net/gh/Salimbd71/ArabicQuran@main/35/41.mp3"
        ],
        "audioBangla": [
          "https://cdn.jsdelivr.net/gh/Salimbd71/BanglaQuran@main/35/41.mp3"
        ]
      },
      {
        "number": 3702,
        "audio": "https://cdn.islamic.network/quran/audio/192/ar.abdurrahmaansudais/3702.mp3",
        "audioSecondary": [
          "https://cdn.islamic.network/quran/audio/192/ar.abdurrahmaansudais/3702.mp3"
        ],
        "text": "وَأَقْسَمُوا۟ بِٱللَّهِ جَهْدَ أَيْمَٰنِهِمْ لَئِن جَآءَهُمْ نَذِيرٌۭ لَّيَكُونُنَّ أَهْدَىٰ مِنْ إِحْدَى ٱلْأُمَمِ ۖ فَلَمَّا جَآءَهُمْ نَذِيرٌۭ مَّا زَادَهُمْ إِلَّا نُفُورًا",
        "numberInSurah": 42,
        "juz": 22,
        "manzil": 5,
        "page": 439,
        "ruku": 380,
        "hizbQuarter": 176,
        "sajda": false,
        "audioArabic": [
          "https://cdn.jsdelivr.net/gh/Salimbd71/ArabicQuran@main/35/42.mp3"
        ],
        "audioBangla": [
          "https://cdn.jsdelivr.net/gh/Salimbd71/BanglaQuran@main/35/42.mp3"
        ]
      },
      {
        "number": 3703,
        "audio": "https://cdn.islamic.network/quran/audio/192/ar.abdurrahmaansudais/3703.mp3",
        "audioSecondary": [
          "https://cdn.islamic.network/quran/audio/192/ar.abdurrahmaansudais/3703.mp3"
        ],
        "text": "ٱسْتِكْبَارًۭا فِى ٱلْأَرْضِ وَمَكْرَ ٱلسَّيِّئِ ۚ وَلَا يَحِيقُ ٱلْمَكْرُ ٱلسَّيِّئُ إِلَّا بِأَهْلِهِۦ ۚ فَهَلْ يَنظُرُونَ إِلَّا سُنَّتَ ٱلْأَوَّلِينَ ۚ فَلَن تَجِدَ لِسُنَّتِ ٱللَّهِ تَبْدِيلًۭا ۖ وَلَن تَجِدَ لِسُنَّتِ ٱللَّهِ تَحْوِيلًا",
        "numberInSurah": 43,
        "juz": 22,
        "manzil": 5,
        "page": 439,
        "ruku": 380,
        "hizbQuarter": 176,
        "sajda": false,
        "audioArabic": [
          "https://cdn.jsdelivr.net/gh/Salimbd71/ArabicQuran@main/35/43.mp3"
        ],
        "audioBangla": [
          "https://cdn.jsdelivr.net/gh/Salimbd71/BanglaQuran@main/35/43.mp3"
        ]
      },
      {
        "number": 3704,
        "audio": "https://cdn.islamic.network/quran/audio/192/ar.abdurrahmaansudais/3704.mp3",
        "audioSecondary": [
          "https://cdn.islamic.network/quran/audio/192/ar.abdurrahmaansudais/3704.mp3"
        ],
        "text": "أَوَلَمْ يَسِيرُوا۟ فِى ٱلْأَرْضِ فَيَنظُرُوا۟ كَيْفَ كَانَ عَٰقِبَةُ ٱلَّذِينَ مِن قَبْلِهِمْ وَكَانُوٓا۟ أَشَدَّ مِنْهُمْ قُوَّةًۭ ۚ وَمَا كَانَ ٱللَّهُ لِيُعْجِزَهُۥ مِن شَىْءٍۢ فِى ٱلسَّمَٰوَٰتِ وَلَا فِى ٱلْأَرْضِ ۚ إِنَّهُۥ كَانَ عَلِيمًۭا قَدِيرًۭا",
        "numberInSurah": 44,
        "juz": 22,
        "manzil": 5,
        "page": 439,
        "ruku": 380,
        "hizbQuarter": 176,
        "sajda": false,
        "audioArabic": [
          "https://cdn.jsdelivr.net/gh/Salimbd71/ArabicQuran@main/35/44.mp3"
        ],
        "audioBangla": [
          "https://cdn.jsdelivr.net/gh/Salimbd71/BanglaQuran@main/35/44.mp3"
        ]
      },
      {
        "number": 3705,
        "audio": "https://cdn.islamic.network/quran/audio/192/ar.abdurrahmaansudais/3705.mp3",
        "audioSecondary": [
          "https://cdn.islamic.network/quran/audio/192/ar.abdurrahmaansudais/3705.mp3"
        ],
        "text": "وَلَوْ يُؤَاخِذُ ٱللَّهُ ٱلنَّاسَ بِمَا كَسَبُوا۟ مَا تَرَكَ عَلَىٰ ظَهْرِهَا مِن دَآبَّةٍۢ وَلَٰكِن يُؤَخِّرُهُمْ إِلَىٰٓ أَجَلٍۢ مُّسَمًّۭى ۖ فَإِذَا جَآءَ أَجَلُهُمْ فَإِنَّ ٱللَّهَ كَانَ بِعِبَادِهِۦ بَصِيرًۢا",
        "numberInSurah": 45,
        "juz": 22,
        "manzil": 5,
        "page": 440,
        "ruku": 380,
        "hizbQuarter": 176,
        "sajda": false,
        "audioArabic": [
          "https://cdn.jsdelivr.net/gh/Salimbd71/ArabicQuran@main/35/45.mp3"
        ],
        "audioBangla": [
          "https://cdn.jsdelivr.net/gh/Salimbd71/BanglaQuran@main/35/45.mp3"
        ]
      }
    ],
    "edition": {
      "identifier": "ar.abdurrahmaansudais",
      "language": "ar",
      "name": "عبدالرحمن السديس",
      "englishName": "Abdurrahmaan As-Sudais",
      "format": "audio",
      "type": "versebyverse",
      "direction": null
    }
  }
}