{
  "code": 200,
  "status": "OK",
  "data": {
    "number": 46,
    "name": "سُورَةُ الأَحۡقَافِ",
    "englishName": "Al-Ahqaf",
    "englishNameTranslation": "The Dunes",
    "revelationType": "Meccan",
    "numberOfAyahs": 35,
    "ayahs": [
      {
        "number": 4511,
        "audio": "https://cdn.islamic.network/quran/audio/128/ar.muhammadjibreel/4511.mp3",
        "audioSecondary": [
          "https://cdn.islamic.network/quran/audio/64/ar.muhammadjibreel/4511.mp3"
        ],
        "text": "بِسْمِ ٱللَّهِ ٱلرَّحْمَٰنِ ٱلرَّحِيمِ حمٓ",
        "numberInSurah": 1,
        "juz": 26,
        "manzil": 6,
        "page": 502,
        "ruku": 438,
        "hizbQuarter": 201,
        "sajda": false,
        "audioArabic": [
          "https://cdn.jsdelivr.net/gh/Salimbd71/ArabicQuran@main/46/1.mp3"
        ],
        "audioBangla": [
          "https://cdn.jsdelivr.net/gh/Salimbd71/BanglaQuran@main/46/1.mp3"
        ]
      },
      {
        "number": 4512,
        "audio": "https://cdn.islamic.network/quran/audio/128/ar.muhammadjibreel/4512.mp3",
        "audioSecondary": [
          "https://cdn.islamic.network/quran/audio/64/ar.muhammadjibreel/4512.mp3"
        ],
        "text": "تَنزِيلُ ٱلْكِتَٰبِ مِنَ ٱللَّهِ ٱلْعَزِيزِ ٱلْحَكِيمِ",
        "numberInSurah": 2,
        "juz": 26,
        "manzil": 6,
        "page": 502,
        "ruku": 438,
        "hizbQuarter": 201,
        "sajda": false,
        "audioArabic": [
          "https://cdn.jsdelivr.net/gh/Salimbd71/ArabicQuran@main/46/2.mp3"
        ],
        "audioBangla": [
          "https://cdn.jsdelivr.net/gh/Salimbd71/BanglaQuran@main/46/2.mp3"
        ]
      },
      {
        "number": 4513,
        "audio": "https://cdn.islamic.network/quran/audio/128/ar.muhammadjibreel/4513.mp3",
        "audioSecondary": [
          "https://cdn.islamic.network/quran/audio/64/ar.muhammadjibreel/4513.mp3"
        ],
        "text": "مَا خَلَقْنَا ٱلسَّمَٰوَٰتِ وَٱلْأَرْضَ وَمَا بَيْنَهُمَآ إِلَّا بِٱلْحَقِّ وَأَجَلٍۢ مُّسَمًّۭى ۚ وَٱلَّذِينَ كَفَرُوا۟ عَمَّآ أُنذِرُوا۟ مُعْرِضُونَ",
        "numberInSurah": 3,
        "juz": 26,
        "manzil": 6,
        "page": 502,
        "ruku": 438,
        "hizbQuarter": 201,
        "sajda": false,
        "audioArabic": [
          "https://cdn.jsdelivr.net/gh/Salimbd71/ArabicQuran@main/46/3.mp3"
        ],
        "audioBangla": [
          "https://cdn.jsdelivr.net/gh/Salimbd71/BanglaQuran@main/46/3.mp3"
        ]
      },
      {
        "number": 4514,
        "audio": "https://cdn.islamic.network/quran/audio/128/ar.muhammadjibreel/4514.mp3",
        "audioSecondary": [
          "https://cdn.islamic.network/quran/audio/64/ar.muhammadjibreel/4514.mp3"
        ],
        "text": "قُلْ أَرَءَيْتُم مَّا تَدْعُونَ مِن دُونِ ٱللَّهِ أَرُونِى مَاذَا خَلَقُوا۟ مِنَ ٱلْأَرْضِ أَمْ لَهُمْ شِرْكٌۭ فِى ٱلسَّمَٰوَٰتِ ۖ ٱئْتُونِى بِكِتَٰبٍۢ مِّن قَبْلِ هَٰذَآ أَوْ أَثَٰرَةٍۢ مِّنْ عِلْمٍ إِن كُنتُمْ صَٰدِقِينَ",
        "numberInSurah": 4,
        "juz": 26,
        "manzil": 6,
        "page": 502,
        "ruku": 438,
        "hizbQuarter": 201,
        "sajda": false,
        "audioArabic": [
          "https://cdn.jsdelivr.net/gh/Salimbd71/ArabicQuran@main/46/4.mp3"
        ],
        "audioBangla": [
          "https://cdn.jsdelivr.net/gh/Salimbd71/BanglaQuran@main/46/4.mp3"
        ]
      },
      {
        "number": 4515,
        "audio": "https://cdn.islamic.network/quran/audio/128/ar.muhammadjibreel/4515.mp3",
        "audioSecondary": [
          "https://cdn.islamic.network/quran/audio/64/ar.muhammadjibreel/4515.mp3"
        ],
        "text": "وَمَنْ أَضَلُّ مِمَّن يَدْعُوا۟ مِن دُونِ ٱللَّهِ مَن لَّا يَسْتَجِيبُ لَهُۥٓ إِلَىٰ يَوْمِ ٱلْقِيَٰمَةِ وَهُمْ عَن دُعَآئِهِمْ غَٰفِلُونَ",
        "numberInSurah": 5,
        "juz": 26,
        "manzil": 6,
        "page": 502,
        "ruku": 438,
        "hizbQuarter": 201,
        "sajda": false,
        "audioArabic": [
          "https://cdn.jsdelivr.net/gh/Salimbd71/ArabicQuran@main/46/5.mp3"
        ],
        "audioBangla": [
          "https://cdn.jsdelivr.net/gh/Salimbd71/BanglaQuran@main/46/5.mp3"
        ]
      },
      {
        "number": 4516,
        "audio": "https://cdn.islamic.network/quran/audio/128/ar.muhammadjibreel/4516.mp3",
        "audioSecondary": [
          "https://cdn.islamic.network/quran/audio/64/ar.muhammadjibreel/4516.mp3"
        ],
        "text": "وَإِذَا حُشِرَ ٱلنَّاسُ كَانُوا۟ لَهُمْ أَعْدَآءًۭ وَكَانُوا۟ بِعِبَادَتِهِمْ كَٰفِرِينَ",
        "numberInSurah": 6,
        "juz": 26,
        "manzil": 6,
        "page": 503,
        "ruku": 438,
        "hizbQuarter": 201,
        "sajda": false,
        "audioArabic": [
          "https://cdn.jsdelivr.net/gh/Salimbd71/ArabicQuran@main/46/6.mp3"
        ],
        "audioBangla": [
          "https://cdn.jsdelivr.net/gh/Salimbd71/BanglaQuran@main/46/6.mp3"
        ]
      },
      {
        "number": 4517,
        "audio": "https://cdn.islamic.network/quran/audio/128/ar.muhammadjibreel/4517.mp3",
        "audioSecondary": [
          "https://cdn.islamic.network/quran/audio/64/ar.muhammadjibreel/4517.mp3"
        ],
        "text": "وَإِذَا تُتْلَىٰ عَلَيْهِمْ ءَايَٰتُنَا بَيِّنَٰتٍۢ قَالَ ٱلَّذِينَ كَفَرُوا۟ لِلْحَقِّ لَمَّا جَآءَهُمْ هَٰذَا سِحْرٌۭ مُّبِينٌ",
        "numberInSurah": 7,
        "juz": 26,
        "manzil": 6,
        "page": 503,
        "ruku": 438,
        "hizbQuarter": 201,
        "sajda": false,
        "audioArabic": [
          "https://cdn.jsdelivr.net/gh/Salimbd71/ArabicQuran@main/46/7.mp3"
        ],
        "audioBangla": [
          "https://cdn.jsdelivr.net/gh/Salimbd71/BanglaQuran@main/46/7.mp3"
        ]
      },
      {
        "number": 4518,
        "audio": "https://cdn.islamic.network/quran/audio/128/ar.muhammadjibreel/4518.mp3",
        "audioSecondary": [
          "https://cdn.islamic.network/quran/audio/64/ar.muhammadjibreel/4518.mp3"
        ],
        "text": "أَمْ يَقُولُونَ ٱفْتَرَىٰهُ ۖ قُلْ إِنِ ٱفْتَرَيْتُهُۥ فَلَا تَمْلِكُونَ لِى مِنَ ٱللَّهِ شَيْـًٔا ۖ هُوَ أَعْلَمُ بِمَا تُفِيضُونَ فِيهِ ۖ كَفَىٰ بِهِۦ شَهِيدًۢا بَيْنِى وَبَيْنَكُمْ ۖ وَهُوَ ٱلْغَفُورُ ٱلرَّحِيمُ",
        "numberInSurah": 8,
        "juz": 26,
        "manzil": 6,
        "page": 503,
        "ruku": 438,
        "hizbQuarter": 201,
        "sajda": false,
        "audioArabic": [
          "https://cdn.jsdelivr.net/gh/Salimbd71/ArabicQuran@main/46/8.mp3"
        ],
        "audioBangla": [
          "https://cdn.jsdelivr.net/gh/Salimbd71/BanglaQuran@main/46/8.mp3"
        ]
      },
      {
        "number": 4519,
        "audio": "https://cdn.islamic.network/quran/audio/128/ar.muhammadjibreel/4519.mp3",
        "audioSecondary": [
          "https://cdn.islamic.network/quran/audio/64/ar.muhammadjibreel/4519.mp3"
        ],
        "text": "قُلْ مَا كُنتُ بِدْعًۭا مِّنَ ٱلرُّسُلِ وَمَآ أَدْرِى مَا يُفْعَلُ بِى وَلَا بِكُمْ ۖ إِنْ أَتَّبِعُ إِلَّا مَا يُوحَىٰٓ إِلَىَّ وَمَآ أَنَا۠ إِلَّا نَذِيرٌۭ مُّبِينٌۭ",
        "numberInSurah": 9,
        "juz": 26,
        "manzil": 6,
        "page": 503,
        "ruku": 438,
        "hizbQuarter": 201,
        "sajda": false,
        "audioArabic": [
          "https://cdn.jsdelivr.net/gh/Salimbd71/ArabicQuran@main/46/9.mp3"
        ],
        "audioBangla": [
          "https://cdn.jsdelivr.net/gh/Salimbd71/BanglaQuran@main/46/9.mp3"
        ]
      },
      {
        "number": 4520,
        "audio": "https://cdn.islamic.network/quran/audio/128/ar.muhammadjibreel/4520.mp3",
        "audioSecondary": [
          "https://cdn.islamic.network/quran/audio/64/ar.muhammadjibreel/4520.mp3"
        ],
        "text": "قُلْ أَرَءَيْتُمْ إِن كَانَ مِنْ عِندِ ٱللَّهِ وَكَفَرْتُم بِهِۦ وَشَهِدَ شَاهِدٌۭ مِّنۢ بَنِىٓ إِسْرَٰٓءِيلَ عَلَىٰ مِثْلِهِۦ فَـَٔامَنَ وَٱسْتَكْبَرْتُمْ ۖ إِنَّ ٱللَّهَ لَا يَهْدِى ٱلْقَوْمَ ٱلظَّٰلِمِينَ",
        "numberInSurah": 10,
        "juz": 26,
        "manzil": 6,
        "page": 503,
        "ruku": 438,
        "hizbQuarter": 201,
        "sajda": false,
        "audioArabic": [
          "https://cdn.jsdelivr.net/gh/Salimbd71/ArabicQuran@main/46/10.mp3"
        ],
        "audioBangla": [
          "https://cdn.jsdelivr.net/gh/Salimbd71/BanglaQuran@main/46/10.mp3"
        ]
      },
      {
        "number": 4521,
        "audio": "https://cdn.islamic.network/quran/audio/128/ar.muhammadjibreel/4521.mp3",
        "audioSecondary": [
          "https://cdn.islamic.network/quran/audio/64/ar.muhammadjibreel/4521.mp3"
        ],
        "text": "وَقَالَ ٱلَّذِينَ كَفَرُوا۟ لِلَّذِينَ ءَامَنُوا۟ لَوْ كَانَ خَيْرًۭا مَّا سَبَقُونَآ إِلَيْهِ ۚ وَإِذْ لَمْ يَهْتَدُوا۟ بِهِۦ فَسَيَقُولُونَ هَٰذَآ إِفْكٌۭ قَدِيمٌۭ",
        "numberInSurah": 11,
        "juz": 26,
        "manzil": 6,
        "page": 503,
        "ruku": 439,
        "hizbQuarter": 201,
        "sajda": false,
        "audioArabic": [
          "https://cdn.jsdelivr.net/gh/Salimbd71/ArabicQuran@main/46/11.mp3"
        ],
        "audioBangla": [
          "https://cdn.jsdelivr.net/gh/Salimbd71/BanglaQuran@main/46/11.mp3"
        ]
      },
      {
        "number": 4522,
        "audio": "https://cdn.islamic.network/quran/audio/128/ar.muhammadjibreel/4522.mp3",
        "audioSecondary": [
          "https://cdn.islamic.network/quran/audio/64/ar.muhammadjibreel/4522.mp3"
        ],
        "text": "وَمِن قَبْلِهِۦ كِتَٰبُ مُوسَىٰٓ إِمَامًۭا وَرَحْمَةًۭ ۚ وَهَٰذَا كِتَٰبٌۭ مُّصَدِّقٌۭ لِّسَانًا عَرَبِيًّۭا لِّيُنذِرَ ٱلَّذِينَ ظَلَمُوا۟ وَبُشْرَىٰ لِلْمُحْسِنِينَ",
        "numberInSurah": 12,
        "juz": 26,
        "manzil": 6,
        "page": 503,
        "ruku": 439,
        "hizbQuarter": 201,
        "sajda": false,
        "audioArabic": [
          "https://cdn.jsdelivr.net/gh/Salimbd71/ArabicQuran@main/46/12.mp3"
        ],
        "audioBangla": [
          "https://cdn.jsdelivr.net/gh/Salimbd71/BanglaQuran@main/46/12.mp3"
        ]
      },
      {
        "number": 4523,
        "audio": "https://cdn.islamic.network/quran/audio/128/ar.muhammadjibreel/4523.mp3",
        "audioSecondary": [
          "https://cdn.islamic.network/quran/audio/64/ar.muhammadjibreel/4523.mp3"
        ],
        "text": "إِنَّ ٱلَّذِينَ قَالُوا۟ رَبُّنَا ٱللَّهُ ثُمَّ ٱسْتَقَٰمُوا۟ فَلَا خَوْفٌ عَلَيْهِمْ وَلَا هُمْ يَحْزَنُونَ",
        "numberInSurah": 13,
        "juz": 26,
        "manzil": 6,
        "page": 503,
        "ruku": 439,
        "hizbQuarter": 201,
        "sajda": false,
        "audioArabic": [
          "https://cdn.jsdelivr.net/gh/Salimbd71/ArabicQuran@main/46/13.mp3"
        ],
        "audioBangla": [
          "https://cdn.jsdelivr.net/gh/Salimbd71/BanglaQuran@main/46/13.mp3"
        ]
      },
      {
        "number": 4524,
        "audio": "https://cdn.islamic.network/quran/audio/128/ar.muhammadjibreel/4524.mp3",
        "audioSecondary": [
          "https://cdn.islamic.network/quran/audio/64/ar.muhammadjibreel/4524.mp3"
        ],
        "text": "أُو۟لَٰٓئِكَ أَصْحَٰبُ ٱلْجَنَّةِ خَٰلِدِينَ فِيهَا جَزَآءًۢ بِمَا كَانُوا۟ يَعْمَلُونَ",
        "numberInSurah": 14,
        "juz": 26,
        "manzil": 6,
        "page": 503,
        "ruku": 439,
        "hizbQuarter": 201,
        "sajda": false,
        "audioArabic": [
          "https://cdn.jsdelivr.net/gh/Salimbd71/ArabicQuran@main/46/14.mp3"
        ],
        "audioBangla": [
          "https://cdn.jsdelivr.net/gh/Salimbd71/BanglaQuran@main/46/14.mp3"
        ]
      },
      {
        "number": 4525,
        "audio": "https://cdn.islamic.network/quran/audio/128/ar.muhammadjibreel/4525.mp3",
        "audioSecondary": [
          "https://cdn.islamic.network/quran/audio/64/ar.muhammadjibreel/4525.mp3"
        ],
        "text": "وَوَصَّيْنَا ٱلْإِنسَٰنَ بِوَٰلِدَيْهِ إِحْسَٰنًا ۖ حَمَلَتْهُ أُمُّهُۥ كُرْهًۭا وَوَضَعَتْهُ كُرْهًۭا ۖ وَحَمْلُهُۥ وَفِصَٰلُهُۥ ثَلَٰثُونَ شَهْرًا ۚ حَتَّىٰٓ إِذَا بَلَغَ أَشُدَّهُۥ وَبَلَغَ أَرْبَعِينَ سَنَةًۭ قَالَ رَبِّ أَوْزِعْنِىٓ أَنْ أَشْكُرَ نِعْمَتَكَ ٱلَّتِىٓ أَنْعَمْتَ عَلَىَّ وَعَلَىٰ وَٰلِدَىَّ وَأَنْ أَعْمَلَ صَٰلِحًۭا تَرْضَىٰهُ وَأَصْلِحْ لِى فِى ذُرِّيَّتِىٓ ۖ إِنِّى تُبْتُ إِلَيْكَ وَإِنِّى مِنَ ٱلْمُسْلِمِينَ",
        "numberInSurah": 15,
        "juz": 26,
        "manzil": 6,
        "page": 504,
        "ruku": 439,
        "hizbQuarter": 201,
        "sajda": false,
        "audioArabic": [
          "https://cdn.jsdelivr.net/gh/Salimbd71/ArabicQuran@main/46/15.mp3"
        ],
        "audioBangla": [
          "https://cdn.jsdelivr.net/gh/Salimbd71/BanglaQuran@main/46/15.mp3"
        ]
      },
      {
        "number": 4526,
        "audio": "https://cdn.islamic.network/quran/audio/128/ar.muhammadjibreel/4526.mp3",
        "audioSecondary": [
          "https://cdn.islamic.network/quran/audio/64/ar.muhammadjibreel/4526.mp3"
        ],
        "text": "أُو۟لَٰٓئِكَ ٱلَّذِينَ نَتَقَبَّلُ عَنْهُمْ أَحْسَنَ مَا عَمِلُوا۟ وَنَتَجَاوَزُ عَن سَيِّـَٔاتِهِمْ فِىٓ أَصْحَٰبِ ٱلْجَنَّةِ ۖ وَعْدَ ٱلصِّدْقِ ٱلَّذِى كَانُوا۟ يُوعَدُونَ",
        "numberInSurah": 16,
        "juz": 26,
        "manzil": 6,
        "page": 504,
        "ruku": 439,
        "hizbQuarter": 201,
        "sajda": false,
        "audioArabic": [
          "https://cdn.jsdelivr.net/gh/Salimbd71/ArabicQuran@main/46/16.mp3"
        ],
        "audioBangla": [
          "https://cdn.jsdelivr.net/gh/Salimbd71/BanglaQuran@main/46/16.mp3"
        ]
      },
      {
        "number": 4527,
        "audio": "https://cdn.islamic.network/quran/audio/128/ar.muhammadjibreel/4527.mp3",
        "audioSecondary": [
          "https://cdn.islamic.network/quran/audio/64/ar.muhammadjibreel/4527.mp3"
        ],
        "text": "وَٱلَّذِى قَالَ لِوَٰلِدَيْهِ أُفٍّۢ لَّكُمَآ أَتَعِدَانِنِىٓ أَنْ أُخْرَجَ وَقَدْ خَلَتِ ٱلْقُرُونُ مِن قَبْلِى وَهُمَا يَسْتَغِيثَانِ ٱللَّهَ وَيْلَكَ ءَامِنْ إِنَّ وَعْدَ ٱللَّهِ حَقٌّۭ فَيَقُولُ مَا هَٰذَآ إِلَّآ أَسَٰطِيرُ ٱلْأَوَّلِينَ",
        "numberInSurah": 17,
        "juz": 26,
        "manzil": 6,
        "page": 504,
        "ruku": 439,
        "hizbQuarter": 201,
        "sajda": false,
        "audioArabic": [
          "https://cdn.jsdelivr.net/gh/Salimbd71/ArabicQuran@main/46/17.mp3"
        ],
        "audioBangla": [
          "https://cdn.jsdelivr.net/gh/Salimbd71/BanglaQuran@main/46/17.mp3"
        ]
      },
      {
        "number": 4528,
        "audio": "https://cdn.islamic.network/quran/audio/128/ar.muhammadjibreel/4528.mp3",
        "audioSecondary": [
          "https://cdn.islamic.network/quran/audio/64/ar.muhammadjibreel/4528.mp3"
        ],
        "text": "أُو۟لَٰٓئِكَ ٱلَّذِينَ حَقَّ عَلَيْهِمُ ٱلْقَوْلُ فِىٓ أُمَمٍۢ قَدْ خَلَتْ مِن قَبْلِهِم مِّنَ ٱلْجِنِّ وَٱلْإِنسِ ۖ إِنَّهُمْ كَانُوا۟ خَٰسِرِينَ",
        "numberInSurah": 18,
        "juz": 26,
        "manzil": 6,
        "page": 504,
        "ruku": 439,
        "hizbQuarter": 201,
        "sajda": false,
        "audioArabic": [
          "https://cdn.jsdelivr.net/gh/Salimbd71/ArabicQuran@main/46/18.mp3"
        ],
        "audioBangla": [
          "https://cdn.jsdelivr.net/gh/Salimbd71/BanglaQuran@main/46/18.mp3"
        ]
      },
      {
        "number": 4529,
        "audio": "https://cdn.islamic.network/quran/audio/128/ar.muhammadjibreel/4529.mp3",
        "audioSecondary": [
          "https://cdn.islamic.network/quran/audio/64/ar.muhammadjibreel/4529.mp3"
        ],
        "text": "وَلِكُلٍّۢ دَرَجَٰتٌۭ مِّمَّا عَمِلُوا۟ ۖ وَلِيُوَفِّيَهُمْ أَعْمَٰلَهُمْ وَهُمْ لَا يُظْلَمُونَ",
        "numberInSurah": 19,
        "juz": 26,
        "manzil": 6,
        "page": 504,
        "ruku": 439,
        "hizbQuarter": 201,
        "sajda": false,
        "audioArabic": [
          "https://cdn.jsdelivr.net/gh/Salimbd71/ArabicQuran@main/46/19.mp3"
        ],
        "audioBangla": [
          "https://cdn.jsdelivr.net/gh/Salimbd71/BanglaQuran@main/46/19.mp3"
        ]
      },
      {
        "number": 4530,
        "audio": "https://cdn.islamic.network/quran/audio/128/ar.muhammadjibreel/4530.mp3",
        "audioSecondary": [
          "https://cdn.islamic.network/quran/audio/64/ar.muhammadjibreel/4530.mp3"
        ],
        "text": "وَيَوْمَ يُعْرَضُ ٱلَّذِينَ كَفَرُوا۟ عَلَى ٱلنَّارِ أَذْهَبْتُمْ طَيِّبَٰتِكُمْ فِى حَيَاتِكُمُ ٱلدُّنْيَا وَٱسْتَمْتَعْتُم بِهَا فَٱلْيَوْمَ تُجْزَوْنَ عَذَابَ ٱلْهُونِ بِمَا كُنتُمْ تَسْتَكْبِرُونَ فِى ٱلْأَرْضِ بِغَيْرِ ٱلْحَقِّ وَبِمَا كُنتُمْ تَفْسُقُونَ",
        "numberInSurah": 20,
        "juz": 26,
        "manzil": 6,
        "page": 504,
        "ruku": 439,
        "hizbQuarter": 201,
        "sajda": false,
        "audioArabic": [
          "https://cdn.jsdelivr.net/gh/Salimbd71/ArabicQuran@main/46/20.mp3"
        ],
        "audioBangla": [
          "https://cdn.jsdelivr.net/gh/Salimbd71/BanglaQuran@main/46/20.mp3"
        ]
      },
      {
        "number": 4531,
        "audio": "https://cdn.islamic.network/quran/audio/128/ar.muhammadjibreel/4531.mp3",
        "audioSecondary": [
          "https://cdn.islamic.network/quran/audio/64/ar.muhammadjibreel/4531.mp3"
        ],
        "text": "۞ وَٱذْكُرْ أَخَا عَادٍ إِذْ أَنذَرَ قَوْمَهُۥ بِٱلْأَحْقَافِ وَقَدْ خَلَتِ ٱلنُّذُرُ مِنۢ بَيْنِ يَدَيْهِ وَمِنْ خَلْفِهِۦٓ أَلَّا تَعْبُدُوٓا۟ إِلَّا ٱللَّهَ إِنِّىٓ أَخَافُ عَلَيْكُمْ عَذَابَ يَوْمٍ عَظِيمٍۢ",
        "numberInSurah": 21,
        "juz": 26,
        "manzil": 6,
        "page": 505,
        "ruku": 440,
        "hizbQuarter": 202,
        "sajda": false,
        "audioArabic": [
          "https://cdn.jsdelivr.net/gh/Salimbd71/ArabicQuran@main/46/21.mp3"
        ],
        "audioBangla": [
          "https://cdn.jsdelivr.net/gh/Salimbd71/BanglaQuran@main/46/21.mp3"
        ]
      },
      {
        "number": 4532,
        "audio": "https://cdn.islamic.network/quran/audio/128/ar.muhammadjibreel/4532.mp3",
        "audioSecondary": [
          "https://cdn.islamic.network/quran/audio/64/ar.muhammadjibreel/4532.mp3"
        ],
        "text": "قَالُوٓا۟ أَجِئْتَنَا لِتَأْفِكَنَا عَنْ ءَالِهَتِنَا فَأْتِنَا بِمَا تَعِدُنَآ إِن كُنتَ مِنَ ٱلصَّٰدِقِينَ",
        "numberInSurah": 22,
        "juz": 26,
        "manzil": 6,
        "page": 505,
        "ruku": 440,
        "hizbQuarter": 202,
        "sajda": false,
        "audioArabic": [
          "https://cdn.jsdelivr.net/gh/Salimbd71/ArabicQuran@main/46/22.mp3"
        ],
        "audioBangla": [
          "https://cdn.jsdelivr.net/gh/Salimbd71/BanglaQuran@main/46/22.mp3"
        ]
      },
      {
        "number": 4533,
        "audio": "https://cdn.islamic.network/quran/audio/128/ar.muhammadjibreel/4533.mp3",
        "audioSecondary": [
          "https://cdn.islamic.network/quran/audio/64/ar.muhammadjibreel/4533.mp3"
        ],
        "text": "قَالَ إِنَّمَا ٱلْعِلْمُ عِندَ ٱللَّهِ وَأُبَلِّغُكُم مَّآ أُرْسِلْتُ بِهِۦ وَلَٰكِنِّىٓ أَرَىٰكُمْ قَوْمًۭا تَجْهَلُونَ",
        "numberInSurah": 23,
        "juz": 26,
        "manzil": 6,
        "page": 505,
        "ruku": 440,
        "hizbQuarter": 202,
        "sajda": false,
        "audioArabic": [
          "https://cdn.jsdelivr.net/gh/Salimbd71/ArabicQuran@main/46/23.mp3"
        ],
        "audioBangla": [
          "https://cdn.jsdelivr.net/gh/Salimbd71/BanglaQuran@main/46/23.mp3"
        ]
      },
      {
        "number": 4534,
        "audio": "https://cdn.islamic.network/quran/audio/128/ar.muhammadjibreel/4534.mp3",
        "audioSecondary": [
          "https://cdn.islamic.network/quran/audio/64/ar.muhammadjibreel/4534.mp3"
        ],
        "text": "فَلَمَّا رَأَوْهُ عَارِضًۭا مُّسْتَقْبِلَ أَوْدِيَتِهِمْ قَالُوا۟ هَٰذَا عَارِضٌۭ مُّمْطِرُنَا ۚ بَلْ هُوَ مَا ٱسْتَعْجَلْتُم بِهِۦ ۖ رِيحٌۭ فِيهَا عَذَابٌ أَلِيمٌۭ",
        "numberInSurah": 24,
        "juz": 26,
        "manzil": 6,
        "page": 505,
        "ruku": 440,
        "hizbQuarter": 202,
        "sajda": false,
        "audioArabic": [
          "https://cdn.jsdelivr.net/gh/Salimbd71/ArabicQuran@main/46/24.mp3"
        ],
        "audioBangla": [
          "https://cdn.jsdelivr.net/gh/Salimbd71/BanglaQuran@main/46/24.mp3"
        ]
      },
      {
        "number": 4535,
        "audio": "https://cdn.islamic.network/quran/audio/128/ar.muhammadjibreel/4535.mp3",
        "audioSecondary": [
          "https://cdn.islamic.network/quran/audio/64/ar.muhammadjibreel/4535.mp3"
        ],
        "text": "تُدَمِّرُ كُلَّ شَىْءٍۭ بِأَمْرِ رَبِّهَا فَأَصْبَحُوا۟ لَا يُرَىٰٓ إِلَّا مَسَٰكِنُهُمْ ۚ كَذَٰلِكَ نَجْزِى ٱلْقَوْمَ ٱلْمُجْرِمِينَ",
        "numberInSurah": 25,
        "juz": 26,
        "manzil": 6,
        "page": 505,
        "ruku": 440,
        "hizbQuarter": 202,
        "sajda": false,
        "audioArabic": [
          "https://cdn.jsdelivr.net/gh/Salimbd71/ArabicQuran@main/46/25.mp3"
        ],
        "audioBangla": [
          "https://cdn.jsdelivr.net/gh/Salimbd71/BanglaQuran@main/46/25.mp3"
        ]
      },
      {
        "number": 4536,
        "audio": "https://cdn.islamic.network/quran/audio/128/ar.muhammadjibreel/4536.mp3",
        "audioSecondary": [
          "https://cdn.islamic.network/quran/audio/64/ar.muhammadjibreel/4536.mp3"
        ],
        "text": "وَلَقَدْ مَكَّنَّٰهُمْ فِيمَآ إِن مَّكَّنَّٰكُمْ فِيهِ وَجَعَلْنَا لَهُمْ سَمْعًۭا وَأَبْصَٰرًۭا وَأَفْـِٔدَةًۭ فَمَآ أَغْنَىٰ عَنْهُمْ سَمْعُهُمْ وَلَآ أَبْصَٰرُهُمْ وَلَآ أَفْـِٔدَتُهُم مِّن شَىْءٍ إِذْ كَانُوا۟ يَجْحَدُونَ بِـَٔايَٰتِ ٱللَّهِ وَحَاقَ بِهِم مَّا كَانُوا۟ بِهِۦ يَسْتَهْزِءُونَ",
        "numberInSurah": 26,
        "juz": 26,
        "manzil": 6,
        "page": 505,
        "ruku": 440,
        "hizbQuarter": 202,
        "sajda": false,
        "audioArabic": [
          "https://cdn.jsdelivr.net/gh/Salimbd71/ArabicQuran@main/46/26.mp3"
        ],
        "audioBangla": [
          "https://cdn.jsdelivr.net/gh/Salimbd71/BanglaQuran@main/46/26.mp3"
        ]
      },
      {
        "number": 4537,
        "audio": "https://cdn.islamic.network/quran/audio/128/ar.muhammadjibreel/4537.mp3",
        "audioSecondary": [
          "https://cdn.islamic.network/quran/audio/64/ar.muhammadjibreel/4537.mp3"
        ],
        "text": "وَلَقَدْ أَهْلَكْنَا مَا حَوْلَكُم مِّنَ ٱلْقُرَىٰ وَصَرَّفْنَا ٱلْءَايَٰتِ لَعَلَّهُمْ يَرْجِعُونَ",
        "numberInSurah": 27,
        "juz": 26,
        "manzil": 6,
        "page": 505,
        "ruku": 441,
        "hizbQuarter": 202,
        "sajda": false,
        "audioArabic": [
          "https://cdn.jsdelivr.net/gh/Salimbd71/ArabicQuran@main/46/27.mp3"
        ],
        "audioBangla": [
          "https://cdn.jsdelivr.net/gh/Salimbd71/BanglaQuran@main/46/27.mp3"
        ]
      },
      {
        "number": 4538,
        "audio": "https://cdn.islamic.network/quran/audio/128/ar.muhammadjibreel/4538.mp3",
        "audioSecondary": [
          "https://cdn.islamic.network/quran/audio/64/ar.muhammadjibreel/4538.mp3"
        ],
        "text": "فَلَوْلَا نَصَرَهُمُ ٱلَّذِينَ ٱتَّخَذُوا۟ مِن دُونِ ٱللَّهِ قُرْبَانًا ءَالِهَةًۢ ۖ بَلْ ضَلُّوا۟ عَنْهُمْ ۚ وَذَٰلِكَ إِفْكُهُمْ وَمَا كَانُوا۟ يَفْتَرُونَ",
        "numberInSurah": 28,
        "juz": 26,
        "manzil": 6,
        "page": 505,
        "ruku": 441,
        "hizbQuarter": 202,
        "sajda": false,
        "audioArabic": [
          "https://cdn.jsdelivr.net/gh/Salimbd71/ArabicQuran@main/46/28.mp3"
        ],
        "audioBangla": [
          "https://cdn.jsdelivr.net/gh/Salimbd71/BanglaQuran@main/46/28.mp3"
        ]
      },
      {
        "number": 4539,
        "audio": "https://cdn.islamic.network/quran/audio/128/ar.muhammadjibreel/4539.mp3",
        "audioSecondary": [
          "https://cdn.islamic.network/quran/audio/64/ar.muhammadjibreel/4539.mp3"
        ],
        "text": "وَإِذْ صَرَفْنَآ إِلَيْكَ نَفَرًۭا مِّنَ ٱلْجِنِّ يَسْتَمِعُونَ ٱلْقُرْءَانَ فَلَمَّا حَضَرُوهُ قَالُوٓا۟ أَنصِتُوا۟ ۖ فَلَمَّا قُضِىَ وَلَّوْا۟ إِلَىٰ قَوْمِهِم مُّنذِرِينَ",
        "numberInSurah": 29,
        "juz": 26,
        "manzil": 6,
        "page": 506,
        "ruku": 441,
        "hizbQuarter": 202,
        "sajda": false,
        "audioArabic": [
          "https://cdn.jsdelivr.net/gh/Salimbd71/ArabicQuran@main/46/29.mp3"
        ],
        "audioBangla": [
          "https://cdn.jsdelivr.net/gh/Salimbd71/BanglaQuran@main/46/29.mp3"
        ]
      },
      {
        "number": 4540,
        "audio": "https://cdn.islamic.network/quran/audio/128/ar.muhammadjibreel/4540.mp3",
        "audioSecondary": [
          "https://cdn.islamic.network/quran/audio/64/ar.muhammadjibreel/4540.mp3"
        ],
        "text": "قَالُوا۟ يَٰقَوْمَنَآ إِنَّا سَمِعْنَا كِتَٰبًا أُنزِلَ مِنۢ بَعْدِ مُوسَىٰ مُصَدِّقًۭا لِّمَا بَيْنَ يَدَيْهِ يَهْدِىٓ إِلَى ٱلْحَقِّ وَإِلَىٰ طَرِيقٍۢ مُّسْتَقِيمٍۢ",
        "numberInSurah": 30,
        "juz": 26,
        "manzil": 6,
        "page": 506,
        "ruku": 441,
        "hizbQuarter": 202,
        "sajda": false,
        "audioArabic": [
          "https://cdn.jsdelivr.net/gh/Salimbd71/ArabicQuran@main/46/30.mp3"
        ],
        "audioBangla": [
          "https://cdn.jsdelivr.net/gh/Salimbd71/BanglaQuran@main/46/30.mp3"
        ]
      },
      {
        "number": 4541,
        "audio": "https://cdn.islamic.network/quran/audio/128/ar.muhammadjibreel/4541.mp3",
        "audioSecondary": [
          "https://cdn.islamic.network/quran/audio/64/ar.muhammadjibreel/4541.mp3"
        ],
        "text": "يَٰقَوْمَنَآ أَجِيبُوا۟ دَاعِىَ ٱللَّهِ وَءَامِنُوا۟ بِهِۦ يَغْفِرْ لَكُم مِّن ذُنُوبِكُمْ وَيُجِرْكُم مِّنْ عَذَابٍ أَلِيمٍۢ",
        "numberInSurah": 31,
        "juz": 26,
        "manzil": 6,
        "page": 506,
        "ruku": 441,
        "hizbQuarter": 202,
        "sajda": false,
        "audioArabic": [
          "https://cdn.jsdelivr.net/gh/Salimbd71/ArabicQuran@main/46/31.mp3"
        ],
        "audioBangla": [
          "https://cdn.jsdelivr.net/gh/Salimbd71/BanglaQuran@main/46/31.mp3"
        ]
      },
      {
        "number": 4542,
        "audio": "https://cdn.islamic.network/quran/audio/128/ar.muhammadjibreel/4542.mp3",
        "audioSecondary": [
          "https://cdn.islamic.network/quran/audio/64/ar.muhammadjibreel/4542.mp3"
        ],
        "text": "وَمَن لَّا يُجِبْ دَاعِىَ ٱللَّهِ فَلَيْسَ بِمُعْجِزٍۢ فِى ٱلْأَرْضِ وَلَيْسَ لَهُۥ مِن دُونِهِۦٓ أَوْلِيَآءُ ۚ أُو۟لَٰٓئِكَ فِى ضَلَٰلٍۢ مُّبِينٍ",
        "numberInSurah": 32,
        "juz": 26,
        "manzil": 6,
        "page": 506,
        "ruku": 441,
        "hizbQuarter": 202,
        "sajda": false,
        "audioArabic": [
          "https://cdn.jsdelivr.net/gh/Salimbd71/ArabicQuran@main/46/32.mp3"
        ],
        "audioBangla": [
          "https://cdn.jsdelivr.net/gh/Salimbd71/BanglaQuran@main/46/32.mp3"
        ]
      },
      {
        "number": 4543,
        "audio": "https://cdn.islamic.network/quran/audio/128/ar.muhammadjibreel/4543.mp3",
        "audioSecondary": [
          "https://cdn.islamic.network/quran/audio/64/ar.muhammadjibreel/4543.mp3"
        ],
        "text": "أَوَلَمْ يَرَوْا۟ أَنَّ ٱللَّهَ ٱلَّذِى خَلَقَ ٱلسَّمَٰوَٰتِ وَٱلْأَرْضَ وَلَمْ يَعْىَ بِخَلْقِهِنَّ بِقَٰدِرٍ عَلَىٰٓ أَن يُحْۦِىَ ٱلْمَوْتَىٰ ۚ بَلَىٰٓ إِنَّهُۥ عَلَىٰ كُلِّ شَىْءٍۢ قَدِيرٌۭ",
        "numberInSurah": 33,
        "juz": 26,
        "manzil": 6,
        "page": 506,
        "ruku": 441,
        "hizbQuarter": 202,
        "sajda": false,
        "audioArabic": [
          "https://cdn.jsdelivr.net/gh/Salimbd71/ArabicQuran@main/46/33.mp3"
        ],
        "audioBangla": [
          "https://cdn.jsdelivr.net/gh/Salimbd71/BanglaQuran@main/46/33.mp3"
        ]
      },
      {
        "number": 4544,
        "audio": "https://cdn.islamic.network/quran/audio/128/ar.muhammadjibreel/4544.mp3",
        "audioSecondary": [
          "https://cdn.islamic.network/quran/audio/64/ar.muhammadjibreel/4544.mp3"
        ],
        "text": "وَيَوْمَ يُعْرَضُ ٱلَّذِينَ كَفَرُوا۟ عَلَى ٱلنَّارِ أَلَيْسَ هَٰذَا بِٱلْحَقِّ ۖ قَالُوا۟ بَلَىٰ وَرَبِّنَا ۚ قَالَ فَذُوقُوا۟ ٱلْعَذَابَ بِمَا كُنتُمْ تَكْفُرُونَ",
        "numberInSurah": 34,
        "juz": 26,
        "manzil": 6,
        "page": 506,
        "ruku": 441,
        "hizbQuarter": 202,
        "sajda": false,
        "audioArabic": [
          "https://cdn.jsdelivr.net/gh/Salimbd71/ArabicQuran@main/46/34.mp3"
        ],
        "audioBangla": [
          "https://cdn.jsdelivr.net/gh/Salimbd71/BanglaQuran@main/46/34.mp3"
        ]
      },
      {
        "number": 4545,
        "audio": "https://cdn.islamic.network/quran/audio/128/ar.muhammadjibreel/4545.mp3",
        "audioSecondary": [
          "https://cdn.islamic.network/quran/audio/64/ar.muhammadjibreel/4545.mp3"
        ],
        "text": "فَٱصْبِرْ كَمَا صَبَرَ أُو۟لُوا۟ ٱلْعَزْمِ مِنَ ٱلرُّسُلِ وَلَا تَسْتَعْجِل لَّهُمْ ۚ كَأَنَّهُمْ يَوْمَ يَرَوْنَ مَا يُوعَدُونَ لَمْ يَلْبَثُوٓا۟ إِلَّا سَاعَةًۭ مِّن نَّهَارٍۭ ۚ بَلَٰغٌۭ ۚ فَهَلْ يُهْلَكُ إِلَّا ٱلْقَوْمُ ٱلْفَٰسِقُونَ",
        "numberInSurah": 35,
        "juz": 26,
        "manzil": 6,
        "page": 506,
        "ruku": 441,
        "hizbQuarter": 202,
        "sajda": false,
        "audioArabic": [
          "https://cdn.jsdelivr.net/gh/Salimbd71/ArabicQuran@main/46/35.mp3"
        ],
        "audioBangla": [
          "https://cdn.jsdelivr.net/gh/Salimbd71/BanglaQuran@main/46/35.mp3"
        ]
      }
    ],
    "edition": {
      "identifier": "ar.muhammadjibreel",
      "language": "ar",
      "name": "محمد جبريل",
      "englishName": "Muhammad Jibreel",
      "format": "audio",
      "type": "versebyverse",
      "direction": null
    }
  }
}