{
  "code": 200,
  "status": "OK",
  "data": {
    "number": 38,
    "name": "سُورَةُ صٓ",
    "englishName": "Saad",
    "englishNameTranslation": "The letter Saad",
    "revelationType": "Meccan",
    "numberOfAyahs": 88,
    "ayahs": [
      {
        "number": 3971,
        "audio": "https://everyayah.com/data/Maher_AlMuaiqly_64kbps/038001.mp3",
        "audioSecondary": [
          "https://cdn.islamic.network/quran/audio/64/ar.mahermuaiqly/3971.mp3"
        ],
        "text": "بِسْمِ ٱللَّهِ ٱلرَّحْمَٰنِ ٱلرَّحِيمِ صٓ ۚ وَٱلْقُرْءَانِ ذِى ٱلذِّكْرِ",
        "numberInSurah": 1,
        "juz": 23,
        "manzil": 6,
        "page": 453,
        "ruku": 391,
        "hizbQuarter": 181,
        "sajda": false,
        "audioArabic": [
          "https://cdn.jsdelivr.net/gh/Salimbd71/ArabicQuran@main/38/1.mp3"
        ],
        "audioBangla": [
          "https://cdn.jsdelivr.net/gh/Salimbd71/BanglaQuran@main/38/1.mp3"
        ]
      },
      {
        "number": 3972,
        "audio": "https://everyayah.com/data/Maher_AlMuaiqly_64kbps/038002.mp3",
        "audioSecondary": [
          "https://cdn.islamic.network/quran/audio/64/ar.mahermuaiqly/3972.mp3"
        ],
        "text": "بَلِ ٱلَّذِينَ كَفَرُوا۟ فِى عِزَّةٍۢ وَشِقَاقٍۢ",
        "numberInSurah": 2,
        "juz": 23,
        "manzil": 6,
        "page": 453,
        "ruku": 391,
        "hizbQuarter": 181,
        "sajda": false,
        "audioArabic": [
          "https://cdn.jsdelivr.net/gh/Salimbd71/ArabicQuran@main/38/2.mp3"
        ],
        "audioBangla": [
          "https://cdn.jsdelivr.net/gh/Salimbd71/BanglaQuran@main/38/2.mp3"
        ]
      },
      {
        "number": 3973,
        "audio": "https://everyayah.com/data/Maher_AlMuaiqly_64kbps/038003.mp3",
        "audioSecondary": [
          "https://cdn.islamic.network/quran/audio/64/ar.mahermuaiqly/3973.mp3"
        ],
        "text": "كَمْ أَهْلَكْنَا مِن قَبْلِهِم مِّن قَرْنٍۢ فَنَادَوا۟ وَّلَاتَ حِينَ مَنَاصٍۢ",
        "numberInSurah": 3,
        "juz": 23,
        "manzil": 6,
        "page": 453,
        "ruku": 391,
        "hizbQuarter": 181,
        "sajda": false,
        "audioArabic": [
          "https://cdn.jsdelivr.net/gh/Salimbd71/ArabicQuran@main/38/3.mp3"
        ],
        "audioBangla": [
          "https://cdn.jsdelivr.net/gh/Salimbd71/BanglaQuran@main/38/3.mp3"
        ]
      },
      {
        "number": 3974,
        "audio": "https://everyayah.com/data/Maher_AlMuaiqly_64kbps/038004.mp3",
        "audioSecondary": [
          "https://cdn.islamic.network/quran/audio/64/ar.mahermuaiqly/3974.mp3"
        ],
        "text": "وَعَجِبُوٓا۟ أَن جَآءَهُم مُّنذِرٌۭ مِّنْهُمْ ۖ وَقَالَ ٱلْكَٰفِرُونَ هَٰذَا سَٰحِرٌۭ كَذَّابٌ",
        "numberInSurah": 4,
        "juz": 23,
        "manzil": 6,
        "page": 453,
        "ruku": 391,
        "hizbQuarter": 181,
        "sajda": false,
        "audioArabic": [
          "https://cdn.jsdelivr.net/gh/Salimbd71/ArabicQuran@main/38/4.mp3"
        ],
        "audioBangla": [
          "https://cdn.jsdelivr.net/gh/Salimbd71/BanglaQuran@main/38/4.mp3"
        ]
      },
      {
        "number": 3975,
        "audio": "https://everyayah.com/data/Maher_AlMuaiqly_64kbps/038005.mp3",
        "audioSecondary": [
          "https://cdn.islamic.network/quran/audio/64/ar.mahermuaiqly/3975.mp3"
        ],
        "text": "أَجَعَلَ ٱلْءَالِهَةَ إِلَٰهًۭا وَٰحِدًا ۖ إِنَّ هَٰذَا لَشَىْءٌ عُجَابٌۭ",
        "numberInSurah": 5,
        "juz": 23,
        "manzil": 6,
        "page": 453,
        "ruku": 391,
        "hizbQuarter": 181,
        "sajda": false,
        "audioArabic": [
          "https://cdn.jsdelivr.net/gh/Salimbd71/ArabicQuran@main/38/5.mp3"
        ],
        "audioBangla": [
          "https://cdn.jsdelivr.net/gh/Salimbd71/BanglaQuran@main/38/5.mp3"
        ]
      },
      {
        "number": 3976,
        "audio": "https://everyayah.com/data/Maher_AlMuaiqly_64kbps/038006.mp3",
        "audioSecondary": [
          "https://cdn.islamic.network/quran/audio/64/ar.mahermuaiqly/3976.mp3"
        ],
        "text": "وَٱنطَلَقَ ٱلْمَلَأُ مِنْهُمْ أَنِ ٱمْشُوا۟ وَٱصْبِرُوا۟ عَلَىٰٓ ءَالِهَتِكُمْ ۖ إِنَّ هَٰذَا لَشَىْءٌۭ يُرَادُ",
        "numberInSurah": 6,
        "juz": 23,
        "manzil": 6,
        "page": 453,
        "ruku": 391,
        "hizbQuarter": 181,
        "sajda": false,
        "audioArabic": [
          "https://cdn.jsdelivr.net/gh/Salimbd71/ArabicQuran@main/38/6.mp3"
        ],
        "audioBangla": [
          "https://cdn.jsdelivr.net/gh/Salimbd71/BanglaQuran@main/38/6.mp3"
        ]
      },
      {
        "number": 3977,
        "audio": "https://everyayah.com/data/Maher_AlMuaiqly_64kbps/038007.mp3",
        "audioSecondary": [
          "https://cdn.islamic.network/quran/audio/64/ar.mahermuaiqly/3977.mp3"
        ],
        "text": "مَا سَمِعْنَا بِهَٰذَا فِى ٱلْمِلَّةِ ٱلْءَاخِرَةِ إِنْ هَٰذَآ إِلَّا ٱخْتِلَٰقٌ",
        "numberInSurah": 7,
        "juz": 23,
        "manzil": 6,
        "page": 453,
        "ruku": 391,
        "hizbQuarter": 181,
        "sajda": false,
        "audioArabic": [
          "https://cdn.jsdelivr.net/gh/Salimbd71/ArabicQuran@main/38/7.mp3"
        ],
        "audioBangla": [
          "https://cdn.jsdelivr.net/gh/Salimbd71/BanglaQuran@main/38/7.mp3"
        ]
      },
      {
        "number": 3978,
        "audio": "https://everyayah.com/data/Maher_AlMuaiqly_64kbps/038008.mp3",
        "audioSecondary": [
          "https://cdn.islamic.network/quran/audio/64/ar.mahermuaiqly/3978.mp3"
        ],
        "text": "أَءُنزِلَ عَلَيْهِ ٱلذِّكْرُ مِنۢ بَيْنِنَا ۚ بَلْ هُمْ فِى شَكٍّۢ مِّن ذِكْرِى ۖ بَل لَّمَّا يَذُوقُوا۟ عَذَابِ",
        "numberInSurah": 8,
        "juz": 23,
        "manzil": 6,
        "page": 453,
        "ruku": 391,
        "hizbQuarter": 181,
        "sajda": false,
        "audioArabic": [
          "https://cdn.jsdelivr.net/gh/Salimbd71/ArabicQuran@main/38/8.mp3"
        ],
        "audioBangla": [
          "https://cdn.jsdelivr.net/gh/Salimbd71/BanglaQuran@main/38/8.mp3"
        ]
      },
      {
        "number": 3979,
        "audio": "https://everyayah.com/data/Maher_AlMuaiqly_64kbps/038009.mp3",
        "audioSecondary": [
          "https://cdn.islamic.network/quran/audio/64/ar.mahermuaiqly/3979.mp3"
        ],
        "text": "أَمْ عِندَهُمْ خَزَآئِنُ رَحْمَةِ رَبِّكَ ٱلْعَزِيزِ ٱلْوَهَّابِ",
        "numberInSurah": 9,
        "juz": 23,
        "manzil": 6,
        "page": 453,
        "ruku": 391,
        "hizbQuarter": 181,
        "sajda": false,
        "audioArabic": [
          "https://cdn.jsdelivr.net/gh/Salimbd71/ArabicQuran@main/38/9.mp3"
        ],
        "audioBangla": [
          "https://cdn.jsdelivr.net/gh/Salimbd71/BanglaQuran@main/38/9.mp3"
        ]
      },
      {
        "number": 3980,
        "audio": "https://everyayah.com/data/Maher_AlMuaiqly_64kbps/038010.mp3",
        "audioSecondary": [
          "https://cdn.islamic.network/quran/audio/64/ar.mahermuaiqly/3980.mp3"
        ],
        "text": "أَمْ لَهُم مُّلْكُ ٱلسَّمَٰوَٰتِ وَٱلْأَرْضِ وَمَا بَيْنَهُمَا ۖ فَلْيَرْتَقُوا۟ فِى ٱلْأَسْبَٰبِ",
        "numberInSurah": 10,
        "juz": 23,
        "manzil": 6,
        "page": 453,
        "ruku": 391,
        "hizbQuarter": 181,
        "sajda": false,
        "audioArabic": [
          "https://cdn.jsdelivr.net/gh/Salimbd71/ArabicQuran@main/38/10.mp3"
        ],
        "audioBangla": [
          "https://cdn.jsdelivr.net/gh/Salimbd71/BanglaQuran@main/38/10.mp3"
        ]
      },
      {
        "number": 3981,
        "audio": "https://everyayah.com/data/Maher_AlMuaiqly_64kbps/038011.mp3",
        "audioSecondary": [
          "https://cdn.islamic.network/quran/audio/64/ar.mahermuaiqly/3981.mp3"
        ],
        "text": "جُندٌۭ مَّا هُنَالِكَ مَهْزُومٌۭ مِّنَ ٱلْأَحْزَابِ",
        "numberInSurah": 11,
        "juz": 23,
        "manzil": 6,
        "page": 453,
        "ruku": 391,
        "hizbQuarter": 181,
        "sajda": false,
        "audioArabic": [
          "https://cdn.jsdelivr.net/gh/Salimbd71/ArabicQuran@main/38/11.mp3"
        ],
        "audioBangla": [
          "https://cdn.jsdelivr.net/gh/Salimbd71/BanglaQuran@main/38/11.mp3"
        ]
      },
      {
        "number": 3982,
        "audio": "https://everyayah.com/data/Maher_AlMuaiqly_64kbps/038012.mp3",
        "audioSecondary": [
          "https://cdn.islamic.network/quran/audio/64/ar.mahermuaiqly/3982.mp3"
        ],
        "text": "كَذَّبَتْ قَبْلَهُمْ قَوْمُ نُوحٍۢ وَعَادٌۭ وَفِرْعَوْنُ ذُو ٱلْأَوْتَادِ",
        "numberInSurah": 12,
        "juz": 23,
        "manzil": 6,
        "page": 453,
        "ruku": 391,
        "hizbQuarter": 181,
        "sajda": false,
        "audioArabic": [
          "https://cdn.jsdelivr.net/gh/Salimbd71/ArabicQuran@main/38/12.mp3"
        ],
        "audioBangla": [
          "https://cdn.jsdelivr.net/gh/Salimbd71/BanglaQuran@main/38/12.mp3"
        ]
      },
      {
        "number": 3983,
        "audio": "https://everyayah.com/data/Maher_AlMuaiqly_64kbps/038013.mp3",
        "audioSecondary": [
          "https://cdn.islamic.network/quran/audio/64/ar.mahermuaiqly/3983.mp3"
        ],
        "text": "وَثَمُودُ وَقَوْمُ لُوطٍۢ وَأَصْحَٰبُ لْـَٔيْكَةِ ۚ أُو۟لَٰٓئِكَ ٱلْأَحْزَابُ",
        "numberInSurah": 13,
        "juz": 23,
        "manzil": 6,
        "page": 453,
        "ruku": 391,
        "hizbQuarter": 181,
        "sajda": false,
        "audioArabic": [
          "https://cdn.jsdelivr.net/gh/Salimbd71/ArabicQuran@main/38/13.mp3"
        ],
        "audioBangla": [
          "https://cdn.jsdelivr.net/gh/Salimbd71/BanglaQuran@main/38/13.mp3"
        ]
      },
      {
        "number": 3984,
        "audio": "https://everyayah.com/data/Maher_AlMuaiqly_64kbps/038014.mp3",
        "audioSecondary": [
          "https://cdn.islamic.network/quran/audio/64/ar.mahermuaiqly/3984.mp3"
        ],
        "text": "إِن كُلٌّ إِلَّا كَذَّبَ ٱلرُّسُلَ فَحَقَّ عِقَابِ",
        "numberInSurah": 14,
        "juz": 23,
        "manzil": 6,
        "page": 453,
        "ruku": 391,
        "hizbQuarter": 181,
        "sajda": false,
        "audioArabic": [
          "https://cdn.jsdelivr.net/gh/Salimbd71/ArabicQuran@main/38/14.mp3"
        ],
        "audioBangla": [
          "https://cdn.jsdelivr.net/gh/Salimbd71/BanglaQuran@main/38/14.mp3"
        ]
      },
      {
        "number": 3985,
        "audio": "https://everyayah.com/data/Maher_AlMuaiqly_64kbps/038015.mp3",
        "audioSecondary": [
          "https://cdn.islamic.network/quran/audio/64/ar.mahermuaiqly/3985.mp3"
        ],
        "text": "وَمَا يَنظُرُ هَٰٓؤُلَآءِ إِلَّا صَيْحَةًۭ وَٰحِدَةًۭ مَّا لَهَا مِن فَوَاقٍۢ",
        "numberInSurah": 15,
        "juz": 23,
        "manzil": 6,
        "page": 453,
        "ruku": 392,
        "hizbQuarter": 181,
        "sajda": false,
        "audioArabic": [
          "https://cdn.jsdelivr.net/gh/Salimbd71/ArabicQuran@main/38/15.mp3"
        ],
        "audioBangla": [
          "https://cdn.jsdelivr.net/gh/Salimbd71/BanglaQuran@main/38/15.mp3"
        ]
      },
      {
        "number": 3986,
        "audio": "https://everyayah.com/data/Maher_AlMuaiqly_64kbps/038016.mp3",
        "audioSecondary": [
          "https://cdn.islamic.network/quran/audio/64/ar.mahermuaiqly/3986.mp3"
        ],
        "text": "وَقَالُوا۟ رَبَّنَا عَجِّل لَّنَا قِطَّنَا قَبْلَ يَوْمِ ٱلْحِسَابِ",
        "numberInSurah": 16,
        "juz": 23,
        "manzil": 6,
        "page": 453,
        "ruku": 392,
        "hizbQuarter": 181,
        "sajda": false,
        "audioArabic": [
          "https://cdn.jsdelivr.net/gh/Salimbd71/ArabicQuran@main/38/16.mp3"
        ],
        "audioBangla": [
          "https://cdn.jsdelivr.net/gh/Salimbd71/BanglaQuran@main/38/16.mp3"
        ]
      },
      {
        "number": 3987,
        "audio": "https://everyayah.com/data/Maher_AlMuaiqly_64kbps/038017.mp3",
        "audioSecondary": [
          "https://cdn.islamic.network/quran/audio/64/ar.mahermuaiqly/3987.mp3"
        ],
        "text": "ٱصْبِرْ عَلَىٰ مَا يَقُولُونَ وَٱذْكُرْ عَبْدَنَا دَاوُۥدَ ذَا ٱلْأَيْدِ ۖ إِنَّهُۥٓ أَوَّابٌ",
        "numberInSurah": 17,
        "juz": 23,
        "manzil": 6,
        "page": 454,
        "ruku": 392,
        "hizbQuarter": 181,
        "sajda": false,
        "audioArabic": [
          "https://cdn.jsdelivr.net/gh/Salimbd71/ArabicQuran@main/38/17.mp3"
        ],
        "audioBangla": [
          "https://cdn.jsdelivr.net/gh/Salimbd71/BanglaQuran@main/38/17.mp3"
        ]
      },
      {
        "number": 3988,
        "audio": "https://everyayah.com/data/Maher_AlMuaiqly_64kbps/038018.mp3",
        "audioSecondary": [
          "https://cdn.islamic.network/quran/audio/64/ar.mahermuaiqly/3988.mp3"
        ],
        "text": "إِنَّا سَخَّرْنَا ٱلْجِبَالَ مَعَهُۥ يُسَبِّحْنَ بِٱلْعَشِىِّ وَٱلْإِشْرَاقِ",
        "numberInSurah": 18,
        "juz": 23,
        "manzil": 6,
        "page": 454,
        "ruku": 392,
        "hizbQuarter": 181,
        "sajda": false,
        "audioArabic": [
          "https://cdn.jsdelivr.net/gh/Salimbd71/ArabicQuran@main/38/18.mp3"
        ],
        "audioBangla": [
          "https://cdn.jsdelivr.net/gh/Salimbd71/BanglaQuran@main/38/18.mp3"
        ]
      },
      {
        "number": 3989,
        "audio": "https://everyayah.com/data/Maher_AlMuaiqly_64kbps/038019.mp3",
        "audioSecondary": [
          "https://cdn.islamic.network/quran/audio/64/ar.mahermuaiqly/3989.mp3"
        ],
        "text": "وَٱلطَّيْرَ مَحْشُورَةًۭ ۖ كُلٌّۭ لَّهُۥٓ أَوَّابٌۭ",
        "numberInSurah": 19,
        "juz": 23,
        "manzil": 6,
        "page": 454,
        "ruku": 392,
        "hizbQuarter": 181,
        "sajda": false,
        "audioArabic": [
          "https://cdn.jsdelivr.net/gh/Salimbd71/ArabicQuran@main/38/19.mp3"
        ],
        "audioBangla": [
          "https://cdn.jsdelivr.net/gh/Salimbd71/BanglaQuran@main/38/19.mp3"
        ]
      },
      {
        "number": 3990,
        "audio": "https://everyayah.com/data/Maher_AlMuaiqly_64kbps/038020.mp3",
        "audioSecondary": [
          "https://cdn.islamic.network/quran/audio/64/ar.mahermuaiqly/3990.mp3"
        ],
        "text": "وَشَدَدْنَا مُلْكَهُۥ وَءَاتَيْنَٰهُ ٱلْحِكْمَةَ وَفَصْلَ ٱلْخِطَابِ",
        "numberInSurah": 20,
        "juz": 23,
        "manzil": 6,
        "page": 454,
        "ruku": 392,
        "hizbQuarter": 181,
        "sajda": false,
        "audioArabic": [
          "https://cdn.jsdelivr.net/gh/Salimbd71/ArabicQuran@main/38/20.mp3"
        ],
        "audioBangla": [
          "https://cdn.jsdelivr.net/gh/Salimbd71/BanglaQuran@main/38/20.mp3"
        ]
      },
      {
        "number": 3991,
        "audio": "https://everyayah.com/data/Maher_AlMuaiqly_64kbps/038021.mp3",
        "audioSecondary": [
          "https://cdn.islamic.network/quran/audio/64/ar.mahermuaiqly/3991.mp3"
        ],
        "text": "۞ وَهَلْ أَتَىٰكَ نَبَؤُا۟ ٱلْخَصْمِ إِذْ تَسَوَّرُوا۟ ٱلْمِحْرَابَ",
        "numberInSurah": 21,
        "juz": 23,
        "manzil": 6,
        "page": 454,
        "ruku": 392,
        "hizbQuarter": 182,
        "sajda": false,
        "audioArabic": [
          "https://cdn.jsdelivr.net/gh/Salimbd71/ArabicQuran@main/38/21.mp3"
        ],
        "audioBangla": [
          "https://cdn.jsdelivr.net/gh/Salimbd71/BanglaQuran@main/38/21.mp3"
        ]
      },
      {
        "number": 3992,
        "audio": "https://everyayah.com/data/Maher_AlMuaiqly_64kbps/038022.mp3",
        "audioSecondary": [
          "https://cdn.islamic.network/quran/audio/64/ar.mahermuaiqly/3992.mp3"
        ],
        "text": "إِذْ دَخَلُوا۟ عَلَىٰ دَاوُۥدَ فَفَزِعَ مِنْهُمْ ۖ قَالُوا۟ لَا تَخَفْ ۖ خَصْمَانِ بَغَىٰ بَعْضُنَا عَلَىٰ بَعْضٍۢ فَٱحْكُم بَيْنَنَا بِٱلْحَقِّ وَلَا تُشْطِطْ وَٱهْدِنَآ إِلَىٰ سَوَآءِ ٱلصِّرَٰطِ",
        "numberInSurah": 22,
        "juz": 23,
        "manzil": 6,
        "page": 454,
        "ruku": 392,
        "hizbQuarter": 182,
        "sajda": false,
        "audioArabic": [
          "https://cdn.jsdelivr.net/gh/Salimbd71/ArabicQuran@main/38/22.mp3"
        ],
        "audioBangla": [
          "https://cdn.jsdelivr.net/gh/Salimbd71/BanglaQuran@main/38/22.mp3"
        ]
      },
      {
        "number": 3993,
        "audio": "https://everyayah.com/data/Maher_AlMuaiqly_64kbps/038023.mp3",
        "audioSecondary": [
          "https://cdn.islamic.network/quran/audio/64/ar.mahermuaiqly/3993.mp3"
        ],
        "text": "إِنَّ هَٰذَآ أَخِى لَهُۥ تِسْعٌۭ وَتِسْعُونَ نَعْجَةًۭ وَلِىَ نَعْجَةٌۭ وَٰحِدَةٌۭ فَقَالَ أَكْفِلْنِيهَا وَعَزَّنِى فِى ٱلْخِطَابِ",
        "numberInSurah": 23,
        "juz": 23,
        "manzil": 6,
        "page": 454,
        "ruku": 392,
        "hizbQuarter": 182,
        "sajda": false,
        "audioArabic": [
          "https://cdn.jsdelivr.net/gh/Salimbd71/ArabicQuran@main/38/23.mp3"
        ],
        "audioBangla": [
          "https://cdn.jsdelivr.net/gh/Salimbd71/BanglaQuran@main/38/23.mp3"
        ]
      },
      {
        "number": 3994,
        "audio": "https://everyayah.com/data/Maher_AlMuaiqly_64kbps/038024.mp3",
        "audioSecondary": [
          "https://cdn.islamic.network/quran/audio/64/ar.mahermuaiqly/3994.mp3"
        ],
        "text": "قَالَ لَقَدْ ظَلَمَكَ بِسُؤَالِ نَعْجَتِكَ إِلَىٰ نِعَاجِهِۦ ۖ وَإِنَّ كَثِيرًۭا مِّنَ ٱلْخُلَطَآءِ لَيَبْغِى بَعْضُهُمْ عَلَىٰ بَعْضٍ إِلَّا ٱلَّذِينَ ءَامَنُوا۟ وَعَمِلُوا۟ ٱلصَّٰلِحَٰتِ وَقَلِيلٌۭ مَّا هُمْ ۗ وَظَنَّ دَاوُۥدُ أَنَّمَا فَتَنَّٰهُ فَٱسْتَغْفَرَ رَبَّهُۥ وَخَرَّ رَاكِعًۭا وَأَنَابَ ۩",
        "numberInSurah": 24,
        "juz": 23,
        "manzil": 6,
        "page": 454,
        "ruku": 392,
        "hizbQuarter": 182,
        "sajda": {
          "id": 11,
          "recommended": true,
          "obligatory": false
        },
        "audioArabic": [
          "https://cdn.jsdelivr.net/gh/Salimbd71/ArabicQuran@main/38/24.mp3"
        ],
        "audioBangla": [
          "https://cdn.jsdelivr.net/gh/Salimbd71/BanglaQuran@main/38/24.mp3"
        ]
      },
      {
        "number": 3995,
        "audio": "https://everyayah.com/data/Maher_AlMuaiqly_64kbps/038025.mp3",
        "audioSecondary": [
          "https://cdn.islamic.network/quran/audio/64/ar.mahermuaiqly/3995.mp3"
        ],
        "text": "فَغَفَرْنَا لَهُۥ ذَٰلِكَ ۖ وَإِنَّ لَهُۥ عِندَنَا لَزُلْفَىٰ وَحُسْنَ مَـَٔابٍۢ",
        "numberInSurah": 25,
        "juz": 23,
        "manzil": 6,
        "page": 454,
        "ruku": 392,
        "hizbQuarter": 182,
        "sajda": false,
        "audioArabic": [
          "https://cdn.jsdelivr.net/gh/Salimbd71/ArabicQuran@main/38/25.mp3"
        ],
        "audioBangla": [
          "https://cdn.jsdelivr.net/gh/Salimbd71/BanglaQuran@main/38/25.mp3"
        ]
      },
      {
        "number": 3996,
        "audio": "https://everyayah.com/data/Maher_AlMuaiqly_64kbps/038026.mp3",
        "audioSecondary": [
          "https://cdn.islamic.network/quran/audio/64/ar.mahermuaiqly/3996.mp3"
        ],
        "text": "يَٰدَاوُۥدُ إِنَّا جَعَلْنَٰكَ خَلِيفَةًۭ فِى ٱلْأَرْضِ فَٱحْكُم بَيْنَ ٱلنَّاسِ بِٱلْحَقِّ وَلَا تَتَّبِعِ ٱلْهَوَىٰ فَيُضِلَّكَ عَن سَبِيلِ ٱللَّهِ ۚ إِنَّ ٱلَّذِينَ يَضِلُّونَ عَن سَبِيلِ ٱللَّهِ لَهُمْ عَذَابٌۭ شَدِيدٌۢ بِمَا نَسُوا۟ يَوْمَ ٱلْحِسَابِ",
        "numberInSurah": 26,
        "juz": 23,
        "manzil": 6,
        "page": 454,
        "ruku": 392,
        "hizbQuarter": 182,
        "sajda": false,
        "audioArabic": [
          "https://cdn.jsdelivr.net/gh/Salimbd71/ArabicQuran@main/38/26.mp3"
        ],
        "audioBangla": [
          "https://cdn.jsdelivr.net/gh/Salimbd71/BanglaQuran@main/38/26.mp3"
        ]
      },
      {
        "number": 3997,
        "audio": "https://everyayah.com/data/Maher_AlMuaiqly_64kbps/038027.mp3",
        "audioSecondary": [
          "https://cdn.islamic.network/quran/audio/64/ar.mahermuaiqly/3997.mp3"
        ],
        "text": "وَمَا خَلَقْنَا ٱلسَّمَآءَ وَٱلْأَرْضَ وَمَا بَيْنَهُمَا بَٰطِلًۭا ۚ ذَٰلِكَ ظَنُّ ٱلَّذِينَ كَفَرُوا۟ ۚ فَوَيْلٌۭ لِّلَّذِينَ كَفَرُوا۟ مِنَ ٱلنَّارِ",
        "numberInSurah": 27,
        "juz": 23,
        "manzil": 6,
        "page": 455,
        "ruku": 393,
        "hizbQuarter": 182,
        "sajda": false,
        "audioArabic": [
          "https://cdn.jsdelivr.net/gh/Salimbd71/ArabicQuran@main/38/27.mp3"
        ],
        "audioBangla": [
          "https://cdn.jsdelivr.net/gh/Salimbd71/BanglaQuran@main/38/27.mp3"
        ]
      },
      {
        "number": 3998,
        "audio": "https://everyayah.com/data/Maher_AlMuaiqly_64kbps/038028.mp3",
        "audioSecondary": [
          "https://cdn.islamic.network/quran/audio/64/ar.mahermuaiqly/3998.mp3"
        ],
        "text": "أَمْ نَجْعَلُ ٱلَّذِينَ ءَامَنُوا۟ وَعَمِلُوا۟ ٱلصَّٰلِحَٰتِ كَٱلْمُفْسِدِينَ فِى ٱلْأَرْضِ أَمْ نَجْعَلُ ٱلْمُتَّقِينَ كَٱلْفُجَّارِ",
        "numberInSurah": 28,
        "juz": 23,
        "manzil": 6,
        "page": 455,
        "ruku": 393,
        "hizbQuarter": 182,
        "sajda": false,
        "audioArabic": [
          "https://cdn.jsdelivr.net/gh/Salimbd71/ArabicQuran@main/38/28.mp3"
        ],
        "audioBangla": [
          "https://cdn.jsdelivr.net/gh/Salimbd71/BanglaQuran@main/38/28.mp3"
        ]
      },
      {
        "number": 3999,
        "audio": "https://everyayah.com/data/Maher_AlMuaiqly_64kbps/038029.mp3",
        "audioSecondary": [
          "https://cdn.islamic.network/quran/audio/64/ar.mahermuaiqly/3999.mp3"
        ],
        "text": "كِتَٰبٌ أَنزَلْنَٰهُ إِلَيْكَ مُبَٰرَكٌۭ لِّيَدَّبَّرُوٓا۟ ءَايَٰتِهِۦ وَلِيَتَذَكَّرَ أُو۟لُوا۟ ٱلْأَلْبَٰبِ",
        "numberInSurah": 29,
        "juz": 23,
        "manzil": 6,
        "page": 455,
        "ruku": 393,
        "hizbQuarter": 182,
        "sajda": false,
        "audioArabic": [
          "https://cdn.jsdelivr.net/gh/Salimbd71/ArabicQuran@main/38/29.mp3"
        ],
        "audioBangla": [
          "https://cdn.jsdelivr.net/gh/Salimbd71/BanglaQuran@main/38/29.mp3"
        ]
      },
      {
        "number": 4000,
        "audio": "https://everyayah.com/data/Maher_AlMuaiqly_64kbps/038030.mp3",
        "audioSecondary": [
          "https://cdn.islamic.network/quran/audio/64/ar.mahermuaiqly/4000.mp3"
        ],
        "text": "وَوَهَبْنَا لِدَاوُۥدَ سُلَيْمَٰنَ ۚ نِعْمَ ٱلْعَبْدُ ۖ إِنَّهُۥٓ أَوَّابٌ",
        "numberInSurah": 30,
        "juz": 23,
        "manzil": 6,
        "page": 455,
        "ruku": 393,
        "hizbQuarter": 182,
        "sajda": false,
        "audioArabic": [
          "https://cdn.jsdelivr.net/gh/Salimbd71/ArabicQuran@main/38/30.mp3"
        ],
        "audioBangla": [
          "https://cdn.jsdelivr.net/gh/Salimbd71/BanglaQuran@main/38/30.mp3"
        ]
      },
      {
        "number": 4001,
        "audio": "https://everyayah.com/data/Maher_AlMuaiqly_64kbps/038031.mp3",
        "audioSecondary": [
          "https://cdn.islamic.network/quran/audio/64/ar.mahermuaiqly/4001.mp3"
        ],
        "text": "إِذْ عُرِضَ عَلَيْهِ بِٱلْعَشِىِّ ٱلصَّٰفِنَٰتُ ٱلْجِيَادُ",
        "numberInSurah": 31,
        "juz": 23,
        "manzil": 6,
        "page": 455,
        "ruku": 393,
        "hizbQuarter": 182,
        "sajda": false,
        "audioArabic": [
          "https://cdn.jsdelivr.net/gh/Salimbd71/ArabicQuran@main/38/31.mp3"
        ],
        "audioBangla": [
          "https://cdn.jsdelivr.net/gh/Salimbd71/BanglaQuran@main/38/31.mp3"
        ]
      },
      {
        "number": 4002,
        "audio": "https://everyayah.com/data/Maher_AlMuaiqly_64kbps/038032.mp3",
        "audioSecondary": [
          "https://cdn.islamic.network/quran/audio/64/ar.mahermuaiqly/4002.mp3"
        ],
        "text": "فَقَالَ إِنِّىٓ أَحْبَبْتُ حُبَّ ٱلْخَيْرِ عَن ذِكْرِ رَبِّى حَتَّىٰ تَوَارَتْ بِٱلْحِجَابِ",
        "numberInSurah": 32,
        "juz": 23,
        "manzil": 6,
        "page": 455,
        "ruku": 393,
        "hizbQuarter": 182,
        "sajda": false,
        "audioArabic": [
          "https://cdn.jsdelivr.net/gh/Salimbd71/ArabicQuran@main/38/32.mp3"
        ],
        "audioBangla": [
          "https://cdn.jsdelivr.net/gh/Salimbd71/BanglaQuran@main/38/32.mp3"
        ]
      },
      {
        "number": 4003,
        "audio": "https://everyayah.com/data/Maher_AlMuaiqly_64kbps/038033.mp3",
        "audioSecondary": [
          "https://cdn.islamic.network/quran/audio/64/ar.mahermuaiqly/4003.mp3"
        ],
        "text": "رُدُّوهَا عَلَىَّ ۖ فَطَفِقَ مَسْحًۢا بِٱلسُّوقِ وَٱلْأَعْنَاقِ",
        "numberInSurah": 33,
        "juz": 23,
        "manzil": 6,
        "page": 455,
        "ruku": 393,
        "hizbQuarter": 182,
        "sajda": false,
        "audioArabic": [
          "https://cdn.jsdelivr.net/gh/Salimbd71/ArabicQuran@main/38/33.mp3"
        ],
        "audioBangla": [
          "https://cdn.jsdelivr.net/gh/Salimbd71/BanglaQuran@main/38/33.mp3"
        ]
      },
      {
        "number": 4004,
        "audio": "https://everyayah.com/data/Maher_AlMuaiqly_64kbps/038034.mp3",
        "audioSecondary": [
          "https://cdn.islamic.network/quran/audio/64/ar.mahermuaiqly/4004.mp3"
        ],
        "text": "وَلَقَدْ فَتَنَّا سُلَيْمَٰنَ وَأَلْقَيْنَا عَلَىٰ كُرْسِيِّهِۦ جَسَدًۭا ثُمَّ أَنَابَ",
        "numberInSurah": 34,
        "juz": 23,
        "manzil": 6,
        "page": 455,
        "ruku": 393,
        "hizbQuarter": 182,
        "sajda": false,
        "audioArabic": [
          "https://cdn.jsdelivr.net/gh/Salimbd71/ArabicQuran@main/38/34.mp3"
        ],
        "audioBangla": [
          "https://cdn.jsdelivr.net/gh/Salimbd71/BanglaQuran@main/38/34.mp3"
        ]
      },
      {
        "number": 4005,
        "audio": "https://everyayah.com/data/Maher_AlMuaiqly_64kbps/038035.mp3",
        "audioSecondary": [
          "https://cdn.islamic.network/quran/audio/64/ar.mahermuaiqly/4005.mp3"
        ],
        "text": "قَالَ رَبِّ ٱغْفِرْ لِى وَهَبْ لِى مُلْكًۭا لَّا يَنۢبَغِى لِأَحَدٍۢ مِّنۢ بَعْدِىٓ ۖ إِنَّكَ أَنتَ ٱلْوَهَّابُ",
        "numberInSurah": 35,
        "juz": 23,
        "manzil": 6,
        "page": 455,
        "ruku": 393,
        "hizbQuarter": 182,
        "sajda": false,
        "audioArabic": [
          "https://cdn.jsdelivr.net/gh/Salimbd71/ArabicQuran@main/38/35.mp3"
        ],
        "audioBangla": [
          "https://cdn.jsdelivr.net/gh/Salimbd71/BanglaQuran@main/38/35.mp3"
        ]
      },
      {
        "number": 4006,
        "audio": "https://everyayah.com/data/Maher_AlMuaiqly_64kbps/038036.mp3",
        "audioSecondary": [
          "https://cdn.islamic.network/quran/audio/64/ar.mahermuaiqly/4006.mp3"
        ],
        "text": "فَسَخَّرْنَا لَهُ ٱلرِّيحَ تَجْرِى بِأَمْرِهِۦ رُخَآءً حَيْثُ أَصَابَ",
        "numberInSurah": 36,
        "juz": 23,
        "manzil": 6,
        "page": 455,
        "ruku": 393,
        "hizbQuarter": 182,
        "sajda": false,
        "audioArabic": [
          "https://cdn.jsdelivr.net/gh/Salimbd71/ArabicQuran@main/38/36.mp3"
        ],
        "audioBangla": [
          "https://cdn.jsdelivr.net/gh/Salimbd71/BanglaQuran@main/38/36.mp3"
        ]
      },
      {
        "number": 4007,
        "audio": "https://everyayah.com/data/Maher_AlMuaiqly_64kbps/038037.mp3",
        "audioSecondary": [
          "https://cdn.islamic.network/quran/audio/64/ar.mahermuaiqly/4007.mp3"
        ],
        "text": "وَٱلشَّيَٰطِينَ كُلَّ بَنَّآءٍۢ وَغَوَّاصٍۢ",
        "numberInSurah": 37,
        "juz": 23,
        "manzil": 6,
        "page": 455,
        "ruku": 393,
        "hizbQuarter": 182,
        "sajda": false,
        "audioArabic": [
          "https://cdn.jsdelivr.net/gh/Salimbd71/ArabicQuran@main/38/37.mp3"
        ],
        "audioBangla": [
          "https://cdn.jsdelivr.net/gh/Salimbd71/BanglaQuran@main/38/37.mp3"
        ]
      },
      {
        "number": 4008,
        "audio": "https://everyayah.com/data/Maher_AlMuaiqly_64kbps/038038.mp3",
        "audioSecondary": [
          "https://cdn.islamic.network/quran/audio/64/ar.mahermuaiqly/4008.mp3"
        ],
        "text": "وَءَاخَرِينَ مُقَرَّنِينَ فِى ٱلْأَصْفَادِ",
        "numberInSurah": 38,
        "juz": 23,
        "manzil": 6,
        "page": 455,
        "ruku": 393,
        "hizbQuarter": 182,
        "sajda": false,
        "audioArabic": [
          "https://cdn.jsdelivr.net/gh/Salimbd71/ArabicQuran@main/38/38.mp3"
        ],
        "audioBangla": [
          "https://cdn.jsdelivr.net/gh/Salimbd71/BanglaQuran@main/38/38.mp3"
        ]
      },
      {
        "number": 4009,
        "audio": "https://everyayah.com/data/Maher_AlMuaiqly_64kbps/038039.mp3",
        "audioSecondary": [
          "https://cdn.islamic.network/quran/audio/64/ar.mahermuaiqly/4009.mp3"
        ],
        "text": "هَٰذَا عَطَآؤُنَا فَٱمْنُنْ أَوْ أَمْسِكْ بِغَيْرِ حِسَابٍۢ",
        "numberInSurah": 39,
        "juz": 23,
        "manzil": 6,
        "page": 455,
        "ruku": 393,
        "hizbQuarter": 182,
        "sajda": false,
        "audioArabic": [
          "https://cdn.jsdelivr.net/gh/Salimbd71/ArabicQuran@main/38/39.mp3"
        ],
        "audioBangla": [
          "https://cdn.jsdelivr.net/gh/Salimbd71/BanglaQuran@main/38/39.mp3"
        ]
      },
      {
        "number": 4010,
        "audio": "https://everyayah.com/data/Maher_AlMuaiqly_64kbps/038040.mp3",
        "audioSecondary": [
          "https://cdn.islamic.network/quran/audio/64/ar.mahermuaiqly/4010.mp3"
        ],
        "text": "وَإِنَّ لَهُۥ عِندَنَا لَزُلْفَىٰ وَحُسْنَ مَـَٔابٍۢ",
        "numberInSurah": 40,
        "juz": 23,
        "manzil": 6,
        "page": 455,
        "ruku": 393,
        "hizbQuarter": 182,
        "sajda": false,
        "audioArabic": [
          "https://cdn.jsdelivr.net/gh/Salimbd71/ArabicQuran@main/38/40.mp3"
        ],
        "audioBangla": [
          "https://cdn.jsdelivr.net/gh/Salimbd71/BanglaQuran@main/38/40.mp3"
        ]
      },
      {
        "number": 4011,
        "audio": "https://everyayah.com/data/Maher_AlMuaiqly_64kbps/038041.mp3",
        "audioSecondary": [
          "https://cdn.islamic.network/quran/audio/64/ar.mahermuaiqly/4011.mp3"
        ],
        "text": "وَٱذْكُرْ عَبْدَنَآ أَيُّوبَ إِذْ نَادَىٰ رَبَّهُۥٓ أَنِّى مَسَّنِىَ ٱلشَّيْطَٰنُ بِنُصْبٍۢ وَعَذَابٍ",
        "numberInSurah": 41,
        "juz": 23,
        "manzil": 6,
        "page": 455,
        "ruku": 394,
        "hizbQuarter": 182,
        "sajda": false,
        "audioArabic": [
          "https://cdn.jsdelivr.net/gh/Salimbd71/ArabicQuran@main/38/41.mp3"
        ],
        "audioBangla": [
          "https://cdn.jsdelivr.net/gh/Salimbd71/BanglaQuran@main/38/41.mp3"
        ]
      },
      {
        "number": 4012,
        "audio": "https://everyayah.com/data/Maher_AlMuaiqly_64kbps/038042.mp3",
        "audioSecondary": [
          "https://cdn.islamic.network/quran/audio/64/ar.mahermuaiqly/4012.mp3"
        ],
        "text": "ٱرْكُضْ بِرِجْلِكَ ۖ هَٰذَا مُغْتَسَلٌۢ بَارِدٌۭ وَشَرَابٌۭ",
        "numberInSurah": 42,
        "juz": 23,
        "manzil": 6,
        "page": 455,
        "ruku": 394,
        "hizbQuarter": 182,
        "sajda": false,
        "audioArabic": [
          "https://cdn.jsdelivr.net/gh/Salimbd71/ArabicQuran@main/38/42.mp3"
        ],
        "audioBangla": [
          "https://cdn.jsdelivr.net/gh/Salimbd71/BanglaQuran@main/38/42.mp3"
        ]
      },
      {
        "number": 4013,
        "audio": "https://everyayah.com/data/Maher_AlMuaiqly_64kbps/038043.mp3",
        "audioSecondary": [
          "https://cdn.islamic.network/quran/audio/64/ar.mahermuaiqly/4013.mp3"
        ],
        "text": "وَوَهَبْنَا لَهُۥٓ أَهْلَهُۥ وَمِثْلَهُم مَّعَهُمْ رَحْمَةًۭ مِّنَّا وَذِكْرَىٰ لِأُو۟لِى ٱلْأَلْبَٰبِ",
        "numberInSurah": 43,
        "juz": 23,
        "manzil": 6,
        "page": 456,
        "ruku": 394,
        "hizbQuarter": 182,
        "sajda": false,
        "audioArabic": [
          "https://cdn.jsdelivr.net/gh/Salimbd71/ArabicQuran@main/38/43.mp3"
        ],
        "audioBangla": [
          "https://cdn.jsdelivr.net/gh/Salimbd71/BanglaQuran@main/38/43.mp3"
        ]
      },
      {
        "number": 4014,
        "audio": "https://everyayah.com/data/Maher_AlMuaiqly_64kbps/038044.mp3",
        "audioSecondary": [
          "https://cdn.islamic.network/quran/audio/64/ar.mahermuaiqly/4014.mp3"
        ],
        "text": "وَخُذْ بِيَدِكَ ضِغْثًۭا فَٱضْرِب بِّهِۦ وَلَا تَحْنَثْ ۗ إِنَّا وَجَدْنَٰهُ صَابِرًۭا ۚ نِّعْمَ ٱلْعَبْدُ ۖ إِنَّهُۥٓ أَوَّابٌۭ",
        "numberInSurah": 44,
        "juz": 23,
        "manzil": 6,
        "page": 456,
        "ruku": 394,
        "hizbQuarter": 182,
        "sajda": false,
        "audioArabic": [
          "https://cdn.jsdelivr.net/gh/Salimbd71/ArabicQuran@main/38/44.mp3"
        ],
        "audioBangla": [
          "https://cdn.jsdelivr.net/gh/Salimbd71/BanglaQuran@main/38/44.mp3"
        ]
      },
      {
        "number": 4015,
        "audio": "https://everyayah.com/data/Maher_AlMuaiqly_64kbps/038045.mp3",
        "audioSecondary": [
          "https://cdn.islamic.network/quran/audio/64/ar.mahermuaiqly/4015.mp3"
        ],
        "text": "وَٱذْكُرْ عِبَٰدَنَآ إِبْرَٰهِيمَ وَإِسْحَٰقَ وَيَعْقُوبَ أُو۟لِى ٱلْأَيْدِى وَٱلْأَبْصَٰرِ",
        "numberInSurah": 45,
        "juz": 23,
        "manzil": 6,
        "page": 456,
        "ruku": 394,
        "hizbQuarter": 182,
        "sajda": false,
        "audioArabic": [
          "https://cdn.jsdelivr.net/gh/Salimbd71/ArabicQuran@main/38/45.mp3"
        ],
        "audioBangla": [
          "https://cdn.jsdelivr.net/gh/Salimbd71/BanglaQuran@main/38/45.mp3"
        ]
      },
      {
        "number": 4016,
        "audio": "https://everyayah.com/data/Maher_AlMuaiqly_64kbps/038046.mp3",
        "audioSecondary": [
          "https://cdn.islamic.network/quran/audio/64/ar.mahermuaiqly/4016.mp3"
        ],
        "text": "إِنَّآ أَخْلَصْنَٰهُم بِخَالِصَةٍۢ ذِكْرَى ٱلدَّارِ",
        "numberInSurah": 46,
        "juz": 23,
        "manzil": 6,
        "page": 456,
        "ruku": 394,
        "hizbQuarter": 182,
        "sajda": false,
        "audioArabic": [
          "https://cdn.jsdelivr.net/gh/Salimbd71/ArabicQuran@main/38/46.mp3"
        ],
        "audioBangla": [
          "https://cdn.jsdelivr.net/gh/Salimbd71/BanglaQuran@main/38/46.mp3"
        ]
      },
      {
        "number": 4017,
        "audio": "https://everyayah.com/data/Maher_AlMuaiqly_64kbps/038047.mp3",
        "audioSecondary": [
          "https://cdn.islamic.network/quran/audio/64/ar.mahermuaiqly/4017.mp3"
        ],
        "text": "وَإِنَّهُمْ عِندَنَا لَمِنَ ٱلْمُصْطَفَيْنَ ٱلْأَخْيَارِ",
        "numberInSurah": 47,
        "juz": 23,
        "manzil": 6,
        "page": 456,
        "ruku": 394,
        "hizbQuarter": 182,
        "sajda": false,
        "audioArabic": [
          "https://cdn.jsdelivr.net/gh/Salimbd71/ArabicQuran@main/38/47.mp3"
        ],
        "audioBangla": [
          "https://cdn.jsdelivr.net/gh/Salimbd71/BanglaQuran@main/38/47.mp3"
        ]
      },
      {
        "number": 4018,
        "audio": "https://everyayah.com/data/Maher_AlMuaiqly_64kbps/038048.mp3",
        "audioSecondary": [
          "https://cdn.islamic.network/quran/audio/64/ar.mahermuaiqly/4018.mp3"
        ],
        "text": "وَٱذْكُرْ إِسْمَٰعِيلَ وَٱلْيَسَعَ وَذَا ٱلْكِفْلِ ۖ وَكُلٌّۭ مِّنَ ٱلْأَخْيَارِ",
        "numberInSurah": 48,
        "juz": 23,
        "manzil": 6,
        "page": 456,
        "ruku": 394,
        "hizbQuarter": 182,
        "sajda": false,
        "audioArabic": [
          "https://cdn.jsdelivr.net/gh/Salimbd71/ArabicQuran@main/38/48.mp3"
        ],
        "audioBangla": [
          "https://cdn.jsdelivr.net/gh/Salimbd71/BanglaQuran@main/38/48.mp3"
        ]
      },
      {
        "number": 4019,
        "audio": "https://everyayah.com/data/Maher_AlMuaiqly_64kbps/038049.mp3",
        "audioSecondary": [
          "https://cdn.islamic.network/quran/audio/64/ar.mahermuaiqly/4019.mp3"
        ],
        "text": "هَٰذَا ذِكْرٌۭ ۚ وَإِنَّ لِلْمُتَّقِينَ لَحُسْنَ مَـَٔابٍۢ",
        "numberInSurah": 49,
        "juz": 23,
        "manzil": 6,
        "page": 456,
        "ruku": 394,
        "hizbQuarter": 182,
        "sajda": false,
        "audioArabic": [
          "https://cdn.jsdelivr.net/gh/Salimbd71/ArabicQuran@main/38/49.mp3"
        ],
        "audioBangla": [
          "https://cdn.jsdelivr.net/gh/Salimbd71/BanglaQuran@main/38/49.mp3"
        ]
      },
      {
        "number": 4020,
        "audio": "https://everyayah.com/data/Maher_AlMuaiqly_64kbps/038050.mp3",
        "audioSecondary": [
          "https://cdn.islamic.network/quran/audio/64/ar.mahermuaiqly/4020.mp3"
        ],
        "text": "جَنَّٰتِ عَدْنٍۢ مُّفَتَّحَةًۭ لَّهُمُ ٱلْأَبْوَٰبُ",
        "numberInSurah": 50,
        "juz": 23,
        "manzil": 6,
        "page": 456,
        "ruku": 394,
        "hizbQuarter": 182,
        "sajda": false,
        "audioArabic": [
          "https://cdn.jsdelivr.net/gh/Salimbd71/ArabicQuran@main/38/50.mp3"
        ],
        "audioBangla": [
          "https://cdn.jsdelivr.net/gh/Salimbd71/BanglaQuran@main/38/50.mp3"
        ]
      },
      {
        "number": 4021,
        "audio": "https://everyayah.com/data/Maher_AlMuaiqly_64kbps/038051.mp3",
        "audioSecondary": [
          "https://cdn.islamic.network/quran/audio/64/ar.mahermuaiqly/4021.mp3"
        ],
        "text": "مُتَّكِـِٔينَ فِيهَا يَدْعُونَ فِيهَا بِفَٰكِهَةٍۢ كَثِيرَةٍۢ وَشَرَابٍۢ",
        "numberInSurah": 51,
        "juz": 23,
        "manzil": 6,
        "page": 456,
        "ruku": 394,
        "hizbQuarter": 182,
        "sajda": false,
        "audioArabic": [
          "https://cdn.jsdelivr.net/gh/Salimbd71/ArabicQuran@main/38/51.mp3"
        ],
        "audioBangla": [
          "https://cdn.jsdelivr.net/gh/Salimbd71/BanglaQuran@main/38/51.mp3"
        ]
      },
      {
        "number": 4022,
        "audio": "https://everyayah.com/data/Maher_AlMuaiqly_64kbps/038052.mp3",
        "audioSecondary": [
          "https://cdn.islamic.network/quran/audio/64/ar.mahermuaiqly/4022.mp3"
        ],
        "text": "۞ وَعِندَهُمْ قَٰصِرَٰتُ ٱلطَّرْفِ أَتْرَابٌ",
        "numberInSurah": 52,
        "juz": 23,
        "manzil": 6,
        "page": 456,
        "ruku": 394,
        "hizbQuarter": 183,
        "sajda": false,
        "audioArabic": [
          "https://cdn.jsdelivr.net/gh/Salimbd71/ArabicQuran@main/38/52.mp3"
        ],
        "audioBangla": [
          "https://cdn.jsdelivr.net/gh/Salimbd71/BanglaQuran@main/38/52.mp3"
        ]
      },
      {
        "number": 4023,
        "audio": "https://everyayah.com/data/Maher_AlMuaiqly_64kbps/038053.mp3",
        "audioSecondary": [
          "https://cdn.islamic.network/quran/audio/64/ar.mahermuaiqly/4023.mp3"
        ],
        "text": "هَٰذَا مَا تُوعَدُونَ لِيَوْمِ ٱلْحِسَابِ",
        "numberInSurah": 53,
        "juz": 23,
        "manzil": 6,
        "page": 456,
        "ruku": 394,
        "hizbQuarter": 183,
        "sajda": false,
        "audioArabic": [
          "https://cdn.jsdelivr.net/gh/Salimbd71/ArabicQuran@main/38/53.mp3"
        ],
        "audioBangla": [
          "https://cdn.jsdelivr.net/gh/Salimbd71/BanglaQuran@main/38/53.mp3"
        ]
      },
      {
        "number": 4024,
        "audio": "https://everyayah.com/data/Maher_AlMuaiqly_64kbps/038054.mp3",
        "audioSecondary": [
          "https://cdn.islamic.network/quran/audio/64/ar.mahermuaiqly/4024.mp3"
        ],
        "text": "إِنَّ هَٰذَا لَرِزْقُنَا مَا لَهُۥ مِن نَّفَادٍ",
        "numberInSurah": 54,
        "juz": 23,
        "manzil": 6,
        "page": 456,
        "ruku": 394,
        "hizbQuarter": 183,
        "sajda": false,
        "audioArabic": [
          "https://cdn.jsdelivr.net/gh/Salimbd71/ArabicQuran@main/38/54.mp3"
        ],
        "audioBangla": [
          "https://cdn.jsdelivr.net/gh/Salimbd71/BanglaQuran@main/38/54.mp3"
        ]
      },
      {
        "number": 4025,
        "audio": "https://everyayah.com/data/Maher_AlMuaiqly_64kbps/038055.mp3",
        "audioSecondary": [
          "https://cdn.islamic.network/quran/audio/64/ar.mahermuaiqly/4025.mp3"
        ],
        "text": "هَٰذَا ۚ وَإِنَّ لِلطَّٰغِينَ لَشَرَّ مَـَٔابٍۢ",
        "numberInSurah": 55,
        "juz": 23,
        "manzil": 6,
        "page": 456,
        "ruku": 394,
        "hizbQuarter": 183,
        "sajda": false,
        "audioArabic": [
          "https://cdn.jsdelivr.net/gh/Salimbd71/ArabicQuran@main/38/55.mp3"
        ],
        "audioBangla": [
          "https://cdn.jsdelivr.net/gh/Salimbd71/BanglaQuran@main/38/55.mp3"
        ]
      },
      {
        "number": 4026,
        "audio": "https://everyayah.com/data/Maher_AlMuaiqly_64kbps/038056.mp3",
        "audioSecondary": [
          "https://cdn.islamic.network/quran/audio/64/ar.mahermuaiqly/4026.mp3"
        ],
        "text": "جَهَنَّمَ يَصْلَوْنَهَا فَبِئْسَ ٱلْمِهَادُ",
        "numberInSurah": 56,
        "juz": 23,
        "manzil": 6,
        "page": 456,
        "ruku": 394,
        "hizbQuarter": 183,
        "sajda": false,
        "audioArabic": [
          "https://cdn.jsdelivr.net/gh/Salimbd71/ArabicQuran@main/38/56.mp3"
        ],
        "audioBangla": [
          "https://cdn.jsdelivr.net/gh/Salimbd71/BanglaQuran@main/38/56.mp3"
        ]
      },
      {
        "number": 4027,
        "audio": "https://everyayah.com/data/Maher_AlMuaiqly_64kbps/038057.mp3",
        "audioSecondary": [
          "https://cdn.islamic.network/quran/audio/64/ar.mahermuaiqly/4027.mp3"
        ],
        "text": "هَٰذَا فَلْيَذُوقُوهُ حَمِيمٌۭ وَغَسَّاقٌۭ",
        "numberInSurah": 57,
        "juz": 23,
        "manzil": 6,
        "page": 456,
        "ruku": 394,
        "hizbQuarter": 183,
        "sajda": false,
        "audioArabic": [
          "https://cdn.jsdelivr.net/gh/Salimbd71/ArabicQuran@main/38/57.mp3"
        ],
        "audioBangla": [
          "https://cdn.jsdelivr.net/gh/Salimbd71/BanglaQuran@main/38/57.mp3"
        ]
      },
      {
        "number": 4028,
        "audio": "https://everyayah.com/data/Maher_AlMuaiqly_64kbps/038058.mp3",
        "audioSecondary": [
          "https://cdn.islamic.network/quran/audio/64/ar.mahermuaiqly/4028.mp3"
        ],
        "text": "وَءَاخَرُ مِن شَكْلِهِۦٓ أَزْوَٰجٌ",
        "numberInSurah": 58,
        "juz": 23,
        "manzil": 6,
        "page": 456,
        "ruku": 394,
        "hizbQuarter": 183,
        "sajda": false,
        "audioArabic": [
          "https://cdn.jsdelivr.net/gh/Salimbd71/ArabicQuran@main/38/58.mp3"
        ],
        "audioBangla": [
          "https://cdn.jsdelivr.net/gh/Salimbd71/BanglaQuran@main/38/58.mp3"
        ]
      },
      {
        "number": 4029,
        "audio": "https://everyayah.com/data/Maher_AlMuaiqly_64kbps/038059.mp3",
        "audioSecondary": [
          "https://cdn.islamic.network/quran/audio/64/ar.mahermuaiqly/4029.mp3"
        ],
        "text": "هَٰذَا فَوْجٌۭ مُّقْتَحِمٌۭ مَّعَكُمْ ۖ لَا مَرْحَبًۢا بِهِمْ ۚ إِنَّهُمْ صَالُوا۟ ٱلنَّارِ",
        "numberInSurah": 59,
        "juz": 23,
        "manzil": 6,
        "page": 456,
        "ruku": 394,
        "hizbQuarter": 183,
        "sajda": false,
        "audioArabic": [
          "https://cdn.jsdelivr.net/gh/Salimbd71/ArabicQuran@main/38/59.mp3"
        ],
        "audioBangla": [
          "https://cdn.jsdelivr.net/gh/Salimbd71/BanglaQuran@main/38/59.mp3"
        ]
      },
      {
        "number": 4030,
        "audio": "https://everyayah.com/data/Maher_AlMuaiqly_64kbps/038060.mp3",
        "audioSecondary": [
          "https://cdn.islamic.network/quran/audio/64/ar.mahermuaiqly/4030.mp3"
        ],
        "text": "قَالُوا۟ بَلْ أَنتُمْ لَا مَرْحَبًۢا بِكُمْ ۖ أَنتُمْ قَدَّمْتُمُوهُ لَنَا ۖ فَبِئْسَ ٱلْقَرَارُ",
        "numberInSurah": 60,
        "juz": 23,
        "manzil": 6,
        "page": 456,
        "ruku": 394,
        "hizbQuarter": 183,
        "sajda": false,
        "audioArabic": [
          "https://cdn.jsdelivr.net/gh/Salimbd71/ArabicQuran@main/38/60.mp3"
        ],
        "audioBangla": [
          "https://cdn.jsdelivr.net/gh/Salimbd71/BanglaQuran@main/38/60.mp3"
        ]
      },
      {
        "number": 4031,
        "audio": "https://everyayah.com/data/Maher_AlMuaiqly_64kbps/038061.mp3",
        "audioSecondary": [
          "https://cdn.islamic.network/quran/audio/64/ar.mahermuaiqly/4031.mp3"
        ],
        "text": "قَالُوا۟ رَبَّنَا مَن قَدَّمَ لَنَا هَٰذَا فَزِدْهُ عَذَابًۭا ضِعْفًۭا فِى ٱلنَّارِ",
        "numberInSurah": 61,
        "juz": 23,
        "manzil": 6,
        "page": 456,
        "ruku": 394,
        "hizbQuarter": 183,
        "sajda": false,
        "audioArabic": [
          "https://cdn.jsdelivr.net/gh/Salimbd71/ArabicQuran@main/38/61.mp3"
        ],
        "audioBangla": [
          "https://cdn.jsdelivr.net/gh/Salimbd71/BanglaQuran@main/38/61.mp3"
        ]
      },
      {
        "number": 4032,
        "audio": "https://everyayah.com/data/Maher_AlMuaiqly_64kbps/038062.mp3",
        "audioSecondary": [
          "https://cdn.islamic.network/quran/audio/64/ar.mahermuaiqly/4032.mp3"
        ],
        "text": "وَقَالُوا۟ مَا لَنَا لَا نَرَىٰ رِجَالًۭا كُنَّا نَعُدُّهُم مِّنَ ٱلْأَشْرَارِ",
        "numberInSurah": 62,
        "juz": 23,
        "manzil": 6,
        "page": 457,
        "ruku": 394,
        "hizbQuarter": 183,
        "sajda": false,
        "audioArabic": [
          "https://cdn.jsdelivr.net/gh/Salimbd71/ArabicQuran@main/38/62.mp3"
        ],
        "audioBangla": [
          "https://cdn.jsdelivr.net/gh/Salimbd71/BanglaQuran@main/38/62.mp3"
        ]
      },
      {
        "number": 4033,
        "audio": "https://everyayah.com/data/Maher_AlMuaiqly_64kbps/038063.mp3",
        "audioSecondary": [
          "https://cdn.islamic.network/quran/audio/64/ar.mahermuaiqly/4033.mp3"
        ],
        "text": "أَتَّخَذْنَٰهُمْ سِخْرِيًّا أَمْ زَاغَتْ عَنْهُمُ ٱلْأَبْصَٰرُ",
        "numberInSurah": 63,
        "juz": 23,
        "manzil": 6,
        "page": 457,
        "ruku": 394,
        "hizbQuarter": 183,
        "sajda": false,
        "audioArabic": [
          "https://cdn.jsdelivr.net/gh/Salimbd71/ArabicQuran@main/38/63.mp3"
        ],
        "audioBangla": [
          "https://cdn.jsdelivr.net/gh/Salimbd71/BanglaQuran@main/38/63.mp3"
        ]
      },
      {
        "number": 4034,
        "audio": "https://everyayah.com/data/Maher_AlMuaiqly_64kbps/038064.mp3",
        "audioSecondary": [
          "https://cdn.islamic.network/quran/audio/64/ar.mahermuaiqly/4034.mp3"
        ],
        "text": "إِنَّ ذَٰلِكَ لَحَقٌّۭ تَخَاصُمُ أَهْلِ ٱلنَّارِ",
        "numberInSurah": 64,
        "juz": 23,
        "manzil": 6,
        "page": 457,
        "ruku": 394,
        "hizbQuarter": 183,
        "sajda": false,
        "audioArabic": [
          "https://cdn.jsdelivr.net/gh/Salimbd71/ArabicQuran@main/38/64.mp3"
        ],
        "audioBangla": [
          "https://cdn.jsdelivr.net/gh/Salimbd71/BanglaQuran@main/38/64.mp3"
        ]
      },
      {
        "number": 4035,
        "audio": "https://everyayah.com/data/Maher_AlMuaiqly_64kbps/038065.mp3",
        "audioSecondary": [
          "https://cdn.islamic.network/quran/audio/64/ar.mahermuaiqly/4035.mp3"
        ],
        "text": "قُلْ إِنَّمَآ أَنَا۠ مُنذِرٌۭ ۖ وَمَا مِنْ إِلَٰهٍ إِلَّا ٱللَّهُ ٱلْوَٰحِدُ ٱلْقَهَّارُ",
        "numberInSurah": 65,
        "juz": 23,
        "manzil": 6,
        "page": 457,
        "ruku": 395,
        "hizbQuarter": 183,
        "sajda": false,
        "audioArabic": [
          "https://cdn.jsdelivr.net/gh/Salimbd71/ArabicQuran@main/38/65.mp3"
        ],
        "audioBangla": [
          "https://cdn.jsdelivr.net/gh/Salimbd71/BanglaQuran@main/38/65.mp3"
        ]
      },
      {
        "number": 4036,
        "audio": "https://everyayah.com/data/Maher_AlMuaiqly_64kbps/038066.mp3",
        "audioSecondary": [
          "https://cdn.islamic.network/quran/audio/64/ar.mahermuaiqly/4036.mp3"
        ],
        "text": "رَبُّ ٱلسَّمَٰوَٰتِ وَٱلْأَرْضِ وَمَا بَيْنَهُمَا ٱلْعَزِيزُ ٱلْغَفَّٰرُ",
        "numberInSurah": 66,
        "juz": 23,
        "manzil": 6,
        "page": 457,
        "ruku": 395,
        "hizbQuarter": 183,
        "sajda": false,
        "audioArabic": [
          "https://cdn.jsdelivr.net/gh/Salimbd71/ArabicQuran@main/38/66.mp3"
        ],
        "audioBangla": [
          "https://cdn.jsdelivr.net/gh/Salimbd71/BanglaQuran@main/38/66.mp3"
        ]
      },
      {
        "number": 4037,
        "audio": "https://everyayah.com/data/Maher_AlMuaiqly_64kbps/038067.mp3",
        "audioSecondary": [
          "https://cdn.islamic.network/quran/audio/64/ar.mahermuaiqly/4037.mp3"
        ],
        "text": "قُلْ هُوَ نَبَؤٌا۟ عَظِيمٌ",
        "numberInSurah": 67,
        "juz": 23,
        "manzil": 6,
        "page": 457,
        "ruku": 395,
        "hizbQuarter": 183,
        "sajda": false,
        "audioArabic": [
          "https://cdn.jsdelivr.net/gh/Salimbd71/ArabicQuran@main/38/67.mp3"
        ],
        "audioBangla": [
          "https://cdn.jsdelivr.net/gh/Salimbd71/BanglaQuran@main/38/67.mp3"
        ]
      },
      {
        "number": 4038,
        "audio": "https://everyayah.com/data/Maher_AlMuaiqly_64kbps/038068.mp3",
        "audioSecondary": [
          "https://cdn.islamic.network/quran/audio/64/ar.mahermuaiqly/4038.mp3"
        ],
        "text": "أَنتُمْ عَنْهُ مُعْرِضُونَ",
        "numberInSurah": 68,
        "juz": 23,
        "manzil": 6,
        "page": 457,
        "ruku": 395,
        "hizbQuarter": 183,
        "sajda": false,
        "audioArabic": [
          "https://cdn.jsdelivr.net/gh/Salimbd71/ArabicQuran@main/38/68.mp3"
        ],
        "audioBangla": [
          "https://cdn.jsdelivr.net/gh/Salimbd71/BanglaQuran@main/38/68.mp3"
        ]
      },
      {
        "number": 4039,
        "audio": "https://everyayah.com/data/Maher_AlMuaiqly_64kbps/038069.mp3",
        "audioSecondary": [
          "https://cdn.islamic.network/quran/audio/64/ar.mahermuaiqly/4039.mp3"
        ],
        "text": "مَا كَانَ لِىَ مِنْ عِلْمٍۭ بِٱلْمَلَإِ ٱلْأَعْلَىٰٓ إِذْ يَخْتَصِمُونَ",
        "numberInSurah": 69,
        "juz": 23,
        "manzil": 6,
        "page": 457,
        "ruku": 395,
        "hizbQuarter": 183,
        "sajda": false,
        "audioArabic": [
          "https://cdn.jsdelivr.net/gh/Salimbd71/ArabicQuran@main/38/69.mp3"
        ],
        "audioBangla": [
          "https://cdn.jsdelivr.net/gh/Salimbd71/BanglaQuran@main/38/69.mp3"
        ]
      },
      {
        "number": 4040,
        "audio": "https://everyayah.com/data/Maher_AlMuaiqly_64kbps/038070.mp3",
        "audioSecondary": [
          "https://cdn.islamic.network/quran/audio/64/ar.mahermuaiqly/4040.mp3"
        ],
        "text": "إِن يُوحَىٰٓ إِلَىَّ إِلَّآ أَنَّمَآ أَنَا۠ نَذِيرٌۭ مُّبِينٌ",
        "numberInSurah": 70,
        "juz": 23,
        "manzil": 6,
        "page": 457,
        "ruku": 395,
        "hizbQuarter": 183,
        "sajda": false,
        "audioArabic": [
          "https://cdn.jsdelivr.net/gh/Salimbd71/ArabicQuran@main/38/70.mp3"
        ],
        "audioBangla": [
          "https://cdn.jsdelivr.net/gh/Salimbd71/BanglaQuran@main/38/70.mp3"
        ]
      },
      {
        "number": 4041,
        "audio": "https://everyayah.com/data/Maher_AlMuaiqly_64kbps/038071.mp3",
        "audioSecondary": [
          "https://cdn.islamic.network/quran/audio/64/ar.mahermuaiqly/4041.mp3"
        ],
        "text": "إِذْ قَالَ رَبُّكَ لِلْمَلَٰٓئِكَةِ إِنِّى خَٰلِقٌۢ بَشَرًۭا مِّن طِينٍۢ",
        "numberInSurah": 71,
        "juz": 23,
        "manzil": 6,
        "page": 457,
        "ruku": 395,
        "hizbQuarter": 183,
        "sajda": false,
        "audioArabic": [
          "https://cdn.jsdelivr.net/gh/Salimbd71/ArabicQuran@main/38/71.mp3"
        ],
        "audioBangla": [
          "https://cdn.jsdelivr.net/gh/Salimbd71/BanglaQuran@main/38/71.mp3"
        ]
      },
      {
        "number": 4042,
        "audio": "https://everyayah.com/data/Maher_AlMuaiqly_64kbps/038072.mp3",
        "audioSecondary": [
          "https://cdn.islamic.network/quran/audio/64/ar.mahermuaiqly/4042.mp3"
        ],
        "text": "فَإِذَا سَوَّيْتُهُۥ وَنَفَخْتُ فِيهِ مِن رُّوحِى فَقَعُوا۟ لَهُۥ سَٰجِدِينَ",
        "numberInSurah": 72,
        "juz": 23,
        "manzil": 6,
        "page": 457,
        "ruku": 395,
        "hizbQuarter": 183,
        "sajda": false,
        "audioArabic": [
          "https://cdn.jsdelivr.net/gh/Salimbd71/ArabicQuran@main/38/72.mp3"
        ],
        "audioBangla": [
          "https://cdn.jsdelivr.net/gh/Salimbd71/BanglaQuran@main/38/72.mp3"
        ]
      },
      {
        "number": 4043,
        "audio": "https://everyayah.com/data/Maher_AlMuaiqly_64kbps/038073.mp3",
        "audioSecondary": [
          "https://cdn.islamic.network/quran/audio/64/ar.mahermuaiqly/4043.mp3"
        ],
        "text": "فَسَجَدَ ٱلْمَلَٰٓئِكَةُ كُلُّهُمْ أَجْمَعُونَ",
        "numberInSurah": 73,
        "juz": 23,
        "manzil": 6,
        "page": 457,
        "ruku": 395,
        "hizbQuarter": 183,
        "sajda": false,
        "audioArabic": [
          "https://cdn.jsdelivr.net/gh/Salimbd71/ArabicQuran@main/38/73.mp3"
        ],
        "audioBangla": [
          "https://cdn.jsdelivr.net/gh/Salimbd71/BanglaQuran@main/38/73.mp3"
        ]
      },
      {
        "number": 4044,
        "audio": "https://everyayah.com/data/Maher_AlMuaiqly_64kbps/038074.mp3",
        "audioSecondary": [
          "https://cdn.islamic.network/quran/audio/64/ar.mahermuaiqly/4044.mp3"
        ],
        "text": "إِلَّآ إِبْلِيسَ ٱسْتَكْبَرَ وَكَانَ مِنَ ٱلْكَٰفِرِينَ",
        "numberInSurah": 74,
        "juz": 23,
        "manzil": 6,
        "page": 457,
        "ruku": 395,
        "hizbQuarter": 183,
        "sajda": false,
        "audioArabic": [
          "https://cdn.jsdelivr.net/gh/Salimbd71/ArabicQuran@main/38/74.mp3"
        ],
        "audioBangla": [
          "https://cdn.jsdelivr.net/gh/Salimbd71/BanglaQuran@main/38/74.mp3"
        ]
      },
      {
        "number": 4045,
        "audio": "https://everyayah.com/data/Maher_AlMuaiqly_64kbps/038075.mp3",
        "audioSecondary": [
          "https://cdn.islamic.network/quran/audio/64/ar.mahermuaiqly/4045.mp3"
        ],
        "text": "قَالَ يَٰٓإِبْلِيسُ مَا مَنَعَكَ أَن تَسْجُدَ لِمَا خَلَقْتُ بِيَدَىَّ ۖ أَسْتَكْبَرْتَ أَمْ كُنتَ مِنَ ٱلْعَالِينَ",
        "numberInSurah": 75,
        "juz": 23,
        "manzil": 6,
        "page": 457,
        "ruku": 395,
        "hizbQuarter": 183,
        "sajda": false,
        "audioArabic": [
          "https://cdn.jsdelivr.net/gh/Salimbd71/ArabicQuran@main/38/75.mp3"
        ],
        "audioBangla": [
          "https://cdn.jsdelivr.net/gh/Salimbd71/BanglaQuran@main/38/75.mp3"
        ]
      },
      {
        "number": 4046,
        "audio": "https://everyayah.com/data/Maher_AlMuaiqly_64kbps/038076.mp3",
        "audioSecondary": [
          "https://cdn.islamic.network/quran/audio/64/ar.mahermuaiqly/4046.mp3"
        ],
        "text": "قَالَ أَنَا۠ خَيْرٌۭ مِّنْهُ ۖ خَلَقْتَنِى مِن نَّارٍۢ وَخَلَقْتَهُۥ مِن طِينٍۢ",
        "numberInSurah": 76,
        "juz": 23,
        "manzil": 6,
        "page": 457,
        "ruku": 395,
        "hizbQuarter": 183,
        "sajda": false,
        "audioArabic": [
          "https://cdn.jsdelivr.net/gh/Salimbd71/ArabicQuran@main/38/76.mp3"
        ],
        "audioBangla": [
          "https://cdn.jsdelivr.net/gh/Salimbd71/BanglaQuran@main/38/76.mp3"
        ]
      },
      {
        "number": 4047,
        "audio": "https://everyayah.com/data/Maher_AlMuaiqly_64kbps/038077.mp3",
        "audioSecondary": [
          "https://cdn.islamic.network/quran/audio/64/ar.mahermuaiqly/4047.mp3"
        ],
        "text": "قَالَ فَٱخْرُجْ مِنْهَا فَإِنَّكَ رَجِيمٌۭ",
        "numberInSurah": 77,
        "juz": 23,
        "manzil": 6,
        "page": 457,
        "ruku": 395,
        "hizbQuarter": 183,
        "sajda": false,
        "audioArabic": [
          "https://cdn.jsdelivr.net/gh/Salimbd71/ArabicQuran@main/38/77.mp3"
        ],
        "audioBangla": [
          "https://cdn.jsdelivr.net/gh/Salimbd71/BanglaQuran@main/38/77.mp3"
        ]
      },
      {
        "number": 4048,
        "audio": "https://everyayah.com/data/Maher_AlMuaiqly_64kbps/038078.mp3",
        "audioSecondary": [
          "https://cdn.islamic.network/quran/audio/64/ar.mahermuaiqly/4048.mp3"
        ],
        "text": "وَإِنَّ عَلَيْكَ لَعْنَتِىٓ إِلَىٰ يَوْمِ ٱلدِّينِ",
        "numberInSurah": 78,
        "juz": 23,
        "manzil": 6,
        "page": 457,
        "ruku": 395,
        "hizbQuarter": 183,
        "sajda": false,
        "audioArabic": [
          "https://cdn.jsdelivr.net/gh/Salimbd71/ArabicQuran@main/38/78.mp3"
        ],
        "audioBangla": [
          "https://cdn.jsdelivr.net/gh/Salimbd71/BanglaQuran@main/38/78.mp3"
        ]
      },
      {
        "number": 4049,
        "audio": "https://everyayah.com/data/Maher_AlMuaiqly_64kbps/038079.mp3",
        "audioSecondary": [
          "https://cdn.islamic.network/quran/audio/64/ar.mahermuaiqly/4049.mp3"
        ],
        "text": "قَالَ رَبِّ فَأَنظِرْنِىٓ إِلَىٰ يَوْمِ يُبْعَثُونَ",
        "numberInSurah": 79,
        "juz": 23,
        "manzil": 6,
        "page": 457,
        "ruku": 395,
        "hizbQuarter": 183,
        "sajda": false,
        "audioArabic": [
          "https://cdn.jsdelivr.net/gh/Salimbd71/ArabicQuran@main/38/79.mp3"
        ],
        "audioBangla": [
          "https://cdn.jsdelivr.net/gh/Salimbd71/BanglaQuran@main/38/79.mp3"
        ]
      },
      {
        "number": 4050,
        "audio": "https://everyayah.com/data/Maher_AlMuaiqly_64kbps/038080.mp3",
        "audioSecondary": [
          "https://cdn.islamic.network/quran/audio/64/ar.mahermuaiqly/4050.mp3"
        ],
        "text": "قَالَ فَإِنَّكَ مِنَ ٱلْمُنظَرِينَ",
        "numberInSurah": 80,
        "juz": 23,
        "manzil": 6,
        "page": 457,
        "ruku": 395,
        "hizbQuarter": 183,
        "sajda": false,
        "audioArabic": [
          "https://cdn.jsdelivr.net/gh/Salimbd71/ArabicQuran@main/38/80.mp3"
        ],
        "audioBangla": [
          "https://cdn.jsdelivr.net/gh/Salimbd71/BanglaQuran@main/38/80.mp3"
        ]
      },
      {
        "number": 4051,
        "audio": "https://everyayah.com/data/Maher_AlMuaiqly_64kbps/038081.mp3",
        "audioSecondary": [
          "https://cdn.islamic.network/quran/audio/64/ar.mahermuaiqly/4051.mp3"
        ],
        "text": "إِلَىٰ يَوْمِ ٱلْوَقْتِ ٱلْمَعْلُومِ",
        "numberInSurah": 81,
        "juz": 23,
        "manzil": 6,
        "page": 457,
        "ruku": 395,
        "hizbQuarter": 183,
        "sajda": false,
        "audioArabic": [
          "https://cdn.jsdelivr.net/gh/Salimbd71/ArabicQuran@main/38/81.mp3"
        ],
        "audioBangla": [
          "https://cdn.jsdelivr.net/gh/Salimbd71/BanglaQuran@main/38/81.mp3"
        ]
      },
      {
        "number": 4052,
        "audio": "https://everyayah.com/data/Maher_AlMuaiqly_64kbps/038082.mp3",
        "audioSecondary": [
          "https://cdn.islamic.network/quran/audio/64/ar.mahermuaiqly/4052.mp3"
        ],
        "text": "قَالَ فَبِعِزَّتِكَ لَأُغْوِيَنَّهُمْ أَجْمَعِينَ",
        "numberInSurah": 82,
        "juz": 23,
        "manzil": 6,
        "page": 457,
        "ruku": 395,
        "hizbQuarter": 183,
        "sajda": false,
        "audioArabic": [
          "https://cdn.jsdelivr.net/gh/Salimbd71/ArabicQuran@main/38/82.mp3"
        ],
        "audioBangla": [
          "https://cdn.jsdelivr.net/gh/Salimbd71/BanglaQuran@main/38/82.mp3"
        ]
      },
      {
        "number": 4053,
        "audio": "https://everyayah.com/data/Maher_AlMuaiqly_64kbps/038083.mp3",
        "audioSecondary": [
          "https://cdn.islamic.network/quran/audio/64/ar.mahermuaiqly/4053.mp3"
        ],
        "text": "إِلَّا عِبَادَكَ مِنْهُمُ ٱلْمُخْلَصِينَ",
        "numberInSurah": 83,
        "juz": 23,
        "manzil": 6,
        "page": 457,
        "ruku": 395,
        "hizbQuarter": 183,
        "sajda": false,
        "audioArabic": [
          "https://cdn.jsdelivr.net/gh/Salimbd71/ArabicQuran@main/38/83.mp3"
        ],
        "audioBangla": [
          "https://cdn.jsdelivr.net/gh/Salimbd71/BanglaQuran@main/38/83.mp3"
        ]
      },
      {
        "number": 4054,
        "audio": "https://everyayah.com/data/Maher_AlMuaiqly_64kbps/038084.mp3",
        "audioSecondary": [
          "https://cdn.islamic.network/quran/audio/64/ar.mahermuaiqly/4054.mp3"
        ],
        "text": "قَالَ فَٱلْحَقُّ وَٱلْحَقَّ أَقُولُ",
        "numberInSurah": 84,
        "juz": 23,
        "manzil": 6,
        "page": 458,
        "ruku": 395,
        "hizbQuarter": 183,
        "sajda": false,
        "audioArabic": [
          "https://cdn.jsdelivr.net/gh/Salimbd71/ArabicQuran@main/38/84.mp3"
        ],
        "audioBangla": [
          "https://cdn.jsdelivr.net/gh/Salimbd71/BanglaQuran@main/38/84.mp3"
        ]
      },
      {
        "number": 4055,
        "audio": "https://everyayah.com/data/Maher_AlMuaiqly_64kbps/038085.mp3",
        "audioSecondary": [
          "https://cdn.islamic.network/quran/audio/64/ar.mahermuaiqly/4055.mp3"
        ],
        "text": "لَأَمْلَأَنَّ جَهَنَّمَ مِنكَ وَمِمَّن تَبِعَكَ مِنْهُمْ أَجْمَعِينَ",
        "numberInSurah": 85,
        "juz": 23,
        "manzil": 6,
        "page": 458,
        "ruku": 395,
        "hizbQuarter": 183,
        "sajda": false,
        "audioArabic": [
          "https://cdn.jsdelivr.net/gh/Salimbd71/ArabicQuran@main/38/85.mp3"
        ],
        "audioBangla": [
          "https://cdn.jsdelivr.net/gh/Salimbd71/BanglaQuran@main/38/85.mp3"
        ]
      },
      {
        "number": 4056,
        "audio": "https://everyayah.com/data/Maher_AlMuaiqly_64kbps/038086.mp3",
        "audioSecondary": [
          "https://cdn.islamic.network/quran/audio/64/ar.mahermuaiqly/4056.mp3"
        ],
        "text": "قُلْ مَآ أَسْـَٔلُكُمْ عَلَيْهِ مِنْ أَجْرٍۢ وَمَآ أَنَا۠ مِنَ ٱلْمُتَكَلِّفِينَ",
        "numberInSurah": 86,
        "juz": 23,
        "manzil": 6,
        "page": 458,
        "ruku": 395,
        "hizbQuarter": 183,
        "sajda": false,
        "audioArabic": [
          "https://cdn.jsdelivr.net/gh/Salimbd71/ArabicQuran@main/38/86.mp3"
        ],
        "audioBangla": [
          "https://cdn.jsdelivr.net/gh/Salimbd71/BanglaQuran@main/38/86.mp3"
        ]
      },
      {
        "number": 4057,
        "audio": "https://everyayah.com/data/Maher_AlMuaiqly_64kbps/038087.mp3",
        "audioSecondary": [
          "https://cdn.islamic.network/quran/audio/64/ar.mahermuaiqly/4057.mp3"
        ],
        "text": "إِنْ هُوَ إِلَّا ذِكْرٌۭ لِّلْعَٰلَمِينَ",
        "numberInSurah": 87,
        "juz": 23,
        "manzil": 6,
        "page": 458,
        "ruku": 395,
        "hizbQuarter": 183,
        "sajda": false,
        "audioArabic": [
          "https://cdn.jsdelivr.net/gh/Salimbd71/ArabicQuran@main/38/87.mp3"
        ],
        "audioBangla": [
          "https://cdn.jsdelivr.net/gh/Salimbd71/BanglaQuran@main/38/87.mp3"
        ]
      },
      {
        "number": 4058,
        "audio": "https://everyayah.com/data/Maher_AlMuaiqly_64kbps/038088.mp3",
        "audioSecondary": [
          "https://cdn.islamic.network/quran/audio/64/ar.mahermuaiqly/4058.mp3"
        ],
        "text": "وَلَتَعْلَمُنَّ نَبَأَهُۥ بَعْدَ حِينٍۭ",
        "numberInSurah": 88,
        "juz": 23,
        "manzil": 6,
        "page": 458,
        "ruku": 395,
        "hizbQuarter": 183,
        "sajda": false,
        "audioArabic": [
          "https://cdn.jsdelivr.net/gh/Salimbd71/ArabicQuran@main/38/88.mp3"
        ],
        "audioBangla": [
          "https://cdn.jsdelivr.net/gh/Salimbd71/BanglaQuran@main/38/88.mp3"
        ]
      }
    ],
    "edition": {
      "identifier": "ar.mahermuaiqly",
      "language": "ar",
      "name": "ماهر المعيقلي",
      "englishName": "Maher Al Muaiqly",
      "format": "audio",
      "type": "versebyverse",
      "direction": null
    }
  }
}