{
  "code": 200,
  "status": "OK",
  "data": {
    "number": 17,
    "name": "سُورَةُ الإِسۡرَاءِ",
    "englishName": "Al-Israa",
    "englishNameTranslation": "The Night Journey",
    "revelationType": "Meccan",
    "numberOfAyahs": 111,
    "ayahs": [
      {
        "number": 2030,
        "audio": "https://everyayah.com/data/Saood_ash-Shuraym_64kbps/017001.mp3",
        "audioSecondary": [
          "https://cdn.islamic.network/quran/audio/64/ar.shaatree/2030.mp3"
        ],
        "text": "بِسْمِ ٱللَّهِ ٱلرَّحْمَٰنِ ٱلرَّحِيمِ سُبْحَٰنَ ٱلَّذِىٓ أَسْرَىٰ بِعَبْدِهِۦ لَيْلًۭا مِّنَ ٱلْمَسْجِدِ ٱلْحَرَامِ إِلَى ٱلْمَسْجِدِ ٱلْأَقْصَا ٱلَّذِى بَٰرَكْنَا حَوْلَهُۥ لِنُرِيَهُۥ مِنْ ءَايَٰتِنَآ ۚ إِنَّهُۥ هُوَ ٱلسَّمِيعُ ٱلْبَصِيرُ",
        "numberInSurah": 1,
        "juz": 15,
        "manzil": 4,
        "page": 282,
        "ruku": 240,
        "hizbQuarter": 113,
        "sajda": false,
        "audioArabic": [
          "https://cdn.jsdelivr.net/gh/Salimbd71/ArabicQuran@main/17/1.mp3"
        ],
        "audioBangla": [
          "https://cdn.jsdelivr.net/gh/Salimbd71/BanglaQuran@main/17/1.mp3"
        ]
      },
      {
        "number": 2031,
        "audio": "https://everyayah.com/data/Saood_ash-Shuraym_64kbps/017002.mp3",
        "audioSecondary": [
          "https://cdn.islamic.network/quran/audio/64/ar.shaatree/2031.mp3"
        ],
        "text": "وَءَاتَيْنَا مُوسَى ٱلْكِتَٰبَ وَجَعَلْنَٰهُ هُدًۭى لِّبَنِىٓ إِسْرَٰٓءِيلَ أَلَّا تَتَّخِذُوا۟ مِن دُونِى وَكِيلًۭا",
        "numberInSurah": 2,
        "juz": 15,
        "manzil": 4,
        "page": 282,
        "ruku": 240,
        "hizbQuarter": 113,
        "sajda": false,
        "audioArabic": [
          "https://cdn.jsdelivr.net/gh/Salimbd71/ArabicQuran@main/17/2.mp3"
        ],
        "audioBangla": [
          "https://cdn.jsdelivr.net/gh/Salimbd71/BanglaQuran@main/17/2.mp3"
        ]
      },
      {
        "number": 2032,
        "audio": "https://everyayah.com/data/Saood_ash-Shuraym_64kbps/017003.mp3",
        "audioSecondary": [
          "https://cdn.islamic.network/quran/audio/64/ar.shaatree/2032.mp3"
        ],
        "text": "ذُرِّيَّةَ مَنْ حَمَلْنَا مَعَ نُوحٍ ۚ إِنَّهُۥ كَانَ عَبْدًۭا شَكُورًۭا",
        "numberInSurah": 3,
        "juz": 15,
        "manzil": 4,
        "page": 282,
        "ruku": 240,
        "hizbQuarter": 113,
        "sajda": false,
        "audioArabic": [
          "https://cdn.jsdelivr.net/gh/Salimbd71/ArabicQuran@main/17/3.mp3"
        ],
        "audioBangla": [
          "https://cdn.jsdelivr.net/gh/Salimbd71/BanglaQuran@main/17/3.mp3"
        ]
      },
      {
        "number": 2033,
        "audio": "https://everyayah.com/data/Saood_ash-Shuraym_64kbps/017004.mp3",
        "audioSecondary": [
          "https://cdn.islamic.network/quran/audio/64/ar.shaatree/2033.mp3"
        ],
        "text": "وَقَضَيْنَآ إِلَىٰ بَنِىٓ إِسْرَٰٓءِيلَ فِى ٱلْكِتَٰبِ لَتُفْسِدُنَّ فِى ٱلْأَرْضِ مَرَّتَيْنِ وَلَتَعْلُنَّ عُلُوًّۭا كَبِيرًۭا",
        "numberInSurah": 4,
        "juz": 15,
        "manzil": 4,
        "page": 282,
        "ruku": 240,
        "hizbQuarter": 113,
        "sajda": false,
        "audioArabic": [
          "https://cdn.jsdelivr.net/gh/Salimbd71/ArabicQuran@main/17/4.mp3"
        ],
        "audioBangla": [
          "https://cdn.jsdelivr.net/gh/Salimbd71/BanglaQuran@main/17/4.mp3"
        ]
      },
      {
        "number": 2034,
        "audio": "https://everyayah.com/data/Saood_ash-Shuraym_64kbps/017005.mp3",
        "audioSecondary": [
          "https://cdn.islamic.network/quran/audio/64/ar.shaatree/2034.mp3"
        ],
        "text": "فَإِذَا جَآءَ وَعْدُ أُولَىٰهُمَا بَعَثْنَا عَلَيْكُمْ عِبَادًۭا لَّنَآ أُو۟لِى بَأْسٍۢ شَدِيدٍۢ فَجَاسُوا۟ خِلَٰلَ ٱلدِّيَارِ ۚ وَكَانَ وَعْدًۭا مَّفْعُولًۭا",
        "numberInSurah": 5,
        "juz": 15,
        "manzil": 4,
        "page": 282,
        "ruku": 240,
        "hizbQuarter": 113,
        "sajda": false,
        "audioArabic": [
          "https://cdn.jsdelivr.net/gh/Salimbd71/ArabicQuran@main/17/5.mp3"
        ],
        "audioBangla": [
          "https://cdn.jsdelivr.net/gh/Salimbd71/BanglaQuran@main/17/5.mp3"
        ]
      },
      {
        "number": 2035,
        "audio": "https://everyayah.com/data/Saood_ash-Shuraym_64kbps/017006.mp3",
        "audioSecondary": [
          "https://cdn.islamic.network/quran/audio/64/ar.shaatree/2035.mp3"
        ],
        "text": "ثُمَّ رَدَدْنَا لَكُمُ ٱلْكَرَّةَ عَلَيْهِمْ وَأَمْدَدْنَٰكُم بِأَمْوَٰلٍۢ وَبَنِينَ وَجَعَلْنَٰكُمْ أَكْثَرَ نَفِيرًا",
        "numberInSurah": 6,
        "juz": 15,
        "manzil": 4,
        "page": 282,
        "ruku": 240,
        "hizbQuarter": 113,
        "sajda": false,
        "audioArabic": [
          "https://cdn.jsdelivr.net/gh/Salimbd71/ArabicQuran@main/17/6.mp3"
        ],
        "audioBangla": [
          "https://cdn.jsdelivr.net/gh/Salimbd71/BanglaQuran@main/17/6.mp3"
        ]
      },
      {
        "number": 2036,
        "audio": "https://everyayah.com/data/Saood_ash-Shuraym_64kbps/017007.mp3",
        "audioSecondary": [
          "https://cdn.islamic.network/quran/audio/64/ar.shaatree/2036.mp3"
        ],
        "text": "إِنْ أَحْسَنتُمْ أَحْسَنتُمْ لِأَنفُسِكُمْ ۖ وَإِنْ أَسَأْتُمْ فَلَهَا ۚ فَإِذَا جَآءَ وَعْدُ ٱلْءَاخِرَةِ لِيَسُۥٓـُٔوا۟ وُجُوهَكُمْ وَلِيَدْخُلُوا۟ ٱلْمَسْجِدَ كَمَا دَخَلُوهُ أَوَّلَ مَرَّةٍۢ وَلِيُتَبِّرُوا۟ مَا عَلَوْا۟ تَتْبِيرًا",
        "numberInSurah": 7,
        "juz": 15,
        "manzil": 4,
        "page": 282,
        "ruku": 240,
        "hizbQuarter": 113,
        "sajda": false,
        "audioArabic": [
          "https://cdn.jsdelivr.net/gh/Salimbd71/ArabicQuran@main/17/7.mp3"
        ],
        "audioBangla": [
          "https://cdn.jsdelivr.net/gh/Salimbd71/BanglaQuran@main/17/7.mp3"
        ]
      },
      {
        "number": 2037,
        "audio": "https://everyayah.com/data/Saood_ash-Shuraym_64kbps/017008.mp3",
        "audioSecondary": [
          "https://cdn.islamic.network/quran/audio/64/ar.shaatree/2037.mp3"
        ],
        "text": "عَسَىٰ رَبُّكُمْ أَن يَرْحَمَكُمْ ۚ وَإِنْ عُدتُّمْ عُدْنَا ۘ وَجَعَلْنَا جَهَنَّمَ لِلْكَٰفِرِينَ حَصِيرًا",
        "numberInSurah": 8,
        "juz": 15,
        "manzil": 4,
        "page": 283,
        "ruku": 240,
        "hizbQuarter": 113,
        "sajda": false,
        "audioArabic": [
          "https://cdn.jsdelivr.net/gh/Salimbd71/ArabicQuran@main/17/8.mp3"
        ],
        "audioBangla": [
          "https://cdn.jsdelivr.net/gh/Salimbd71/BanglaQuran@main/17/8.mp3"
        ]
      },
      {
        "number": 2038,
        "audio": "https://everyayah.com/data/Saood_ash-Shuraym_64kbps/017009.mp3",
        "audioSecondary": [
          "https://cdn.islamic.network/quran/audio/64/ar.shaatree/2038.mp3"
        ],
        "text": "إِنَّ هَٰذَا ٱلْقُرْءَانَ يَهْدِى لِلَّتِى هِىَ أَقْوَمُ وَيُبَشِّرُ ٱلْمُؤْمِنِينَ ٱلَّذِينَ يَعْمَلُونَ ٱلصَّٰلِحَٰتِ أَنَّ لَهُمْ أَجْرًۭا كَبِيرًۭا",
        "numberInSurah": 9,
        "juz": 15,
        "manzil": 4,
        "page": 283,
        "ruku": 240,
        "hizbQuarter": 113,
        "sajda": false,
        "audioArabic": [
          "https://cdn.jsdelivr.net/gh/Salimbd71/ArabicQuran@main/17/9.mp3"
        ],
        "audioBangla": [
          "https://cdn.jsdelivr.net/gh/Salimbd71/BanglaQuran@main/17/9.mp3"
        ]
      },
      {
        "number": 2039,
        "audio": "https://everyayah.com/data/Saood_ash-Shuraym_64kbps/017010.mp3",
        "audioSecondary": [
          "https://cdn.islamic.network/quran/audio/64/ar.shaatree/2039.mp3"
        ],
        "text": "وَأَنَّ ٱلَّذِينَ لَا يُؤْمِنُونَ بِٱلْءَاخِرَةِ أَعْتَدْنَا لَهُمْ عَذَابًا أَلِيمًۭا",
        "numberInSurah": 10,
        "juz": 15,
        "manzil": 4,
        "page": 283,
        "ruku": 240,
        "hizbQuarter": 113,
        "sajda": false,
        "audioArabic": [
          "https://cdn.jsdelivr.net/gh/Salimbd71/ArabicQuran@main/17/10.mp3"
        ],
        "audioBangla": [
          "https://cdn.jsdelivr.net/gh/Salimbd71/BanglaQuran@main/17/10.mp3"
        ]
      },
      {
        "number": 2040,
        "audio": "https://everyayah.com/data/Saood_ash-Shuraym_64kbps/017011.mp3",
        "audioSecondary": [
          "https://cdn.islamic.network/quran/audio/64/ar.shaatree/2040.mp3"
        ],
        "text": "وَيَدْعُ ٱلْإِنسَٰنُ بِٱلشَّرِّ دُعَآءَهُۥ بِٱلْخَيْرِ ۖ وَكَانَ ٱلْإِنسَٰنُ عَجُولًۭا",
        "numberInSurah": 11,
        "juz": 15,
        "manzil": 4,
        "page": 283,
        "ruku": 241,
        "hizbQuarter": 113,
        "sajda": false,
        "audioArabic": [
          "https://cdn.jsdelivr.net/gh/Salimbd71/ArabicQuran@main/17/11.mp3"
        ],
        "audioBangla": [
          "https://cdn.jsdelivr.net/gh/Salimbd71/BanglaQuran@main/17/11.mp3"
        ]
      },
      {
        "number": 2041,
        "audio": "https://everyayah.com/data/Saood_ash-Shuraym_64kbps/017012.mp3",
        "audioSecondary": [
          "https://cdn.islamic.network/quran/audio/64/ar.shaatree/2041.mp3"
        ],
        "text": "وَجَعَلْنَا ٱلَّيْلَ وَٱلنَّهَارَ ءَايَتَيْنِ ۖ فَمَحَوْنَآ ءَايَةَ ٱلَّيْلِ وَجَعَلْنَآ ءَايَةَ ٱلنَّهَارِ مُبْصِرَةًۭ لِّتَبْتَغُوا۟ فَضْلًۭا مِّن رَّبِّكُمْ وَلِتَعْلَمُوا۟ عَدَدَ ٱلسِّنِينَ وَٱلْحِسَابَ ۚ وَكُلَّ شَىْءٍۢ فَصَّلْنَٰهُ تَفْصِيلًۭا",
        "numberInSurah": 12,
        "juz": 15,
        "manzil": 4,
        "page": 283,
        "ruku": 241,
        "hizbQuarter": 113,
        "sajda": false,
        "audioArabic": [
          "https://cdn.jsdelivr.net/gh/Salimbd71/ArabicQuran@main/17/12.mp3"
        ],
        "audioBangla": [
          "https://cdn.jsdelivr.net/gh/Salimbd71/BanglaQuran@main/17/12.mp3"
        ]
      },
      {
        "number": 2042,
        "audio": "https://everyayah.com/data/Saood_ash-Shuraym_64kbps/017013.mp3",
        "audioSecondary": [
          "https://cdn.islamic.network/quran/audio/64/ar.shaatree/2042.mp3"
        ],
        "text": "وَكُلَّ إِنسَٰنٍ أَلْزَمْنَٰهُ طَٰٓئِرَهُۥ فِى عُنُقِهِۦ ۖ وَنُخْرِجُ لَهُۥ يَوْمَ ٱلْقِيَٰمَةِ كِتَٰبًۭا يَلْقَىٰهُ مَنشُورًا",
        "numberInSurah": 13,
        "juz": 15,
        "manzil": 4,
        "page": 283,
        "ruku": 241,
        "hizbQuarter": 113,
        "sajda": false,
        "audioArabic": [
          "https://cdn.jsdelivr.net/gh/Salimbd71/ArabicQuran@main/17/13.mp3"
        ],
        "audioBangla": [
          "https://cdn.jsdelivr.net/gh/Salimbd71/BanglaQuran@main/17/13.mp3"
        ]
      },
      {
        "number": 2043,
        "audio": "https://everyayah.com/data/Saood_ash-Shuraym_64kbps/017014.mp3",
        "audioSecondary": [
          "https://cdn.islamic.network/quran/audio/64/ar.shaatree/2043.mp3"
        ],
        "text": "ٱقْرَأْ كِتَٰبَكَ كَفَىٰ بِنَفْسِكَ ٱلْيَوْمَ عَلَيْكَ حَسِيبًۭا",
        "numberInSurah": 14,
        "juz": 15,
        "manzil": 4,
        "page": 283,
        "ruku": 241,
        "hizbQuarter": 113,
        "sajda": false,
        "audioArabic": [
          "https://cdn.jsdelivr.net/gh/Salimbd71/ArabicQuran@main/17/14.mp3"
        ],
        "audioBangla": [
          "https://cdn.jsdelivr.net/gh/Salimbd71/BanglaQuran@main/17/14.mp3"
        ]
      },
      {
        "number": 2044,
        "audio": "https://everyayah.com/data/Saood_ash-Shuraym_64kbps/017015.mp3",
        "audioSecondary": [
          "https://cdn.islamic.network/quran/audio/64/ar.shaatree/2044.mp3"
        ],
        "text": "مَّنِ ٱهْتَدَىٰ فَإِنَّمَا يَهْتَدِى لِنَفْسِهِۦ ۖ وَمَن ضَلَّ فَإِنَّمَا يَضِلُّ عَلَيْهَا ۚ وَلَا تَزِرُ وَازِرَةٌۭ وِزْرَ أُخْرَىٰ ۗ وَمَا كُنَّا مُعَذِّبِينَ حَتَّىٰ نَبْعَثَ رَسُولًۭا",
        "numberInSurah": 15,
        "juz": 15,
        "manzil": 4,
        "page": 283,
        "ruku": 241,
        "hizbQuarter": 113,
        "sajda": false,
        "audioArabic": [
          "https://cdn.jsdelivr.net/gh/Salimbd71/ArabicQuran@main/17/15.mp3"
        ],
        "audioBangla": [
          "https://cdn.jsdelivr.net/gh/Salimbd71/BanglaQuran@main/17/15.mp3"
        ]
      },
      {
        "number": 2045,
        "audio": "https://everyayah.com/data/Saood_ash-Shuraym_64kbps/017016.mp3",
        "audioSecondary": [
          "https://cdn.islamic.network/quran/audio/64/ar.shaatree/2045.mp3"
        ],
        "text": "وَإِذَآ أَرَدْنَآ أَن نُّهْلِكَ قَرْيَةً أَمَرْنَا مُتْرَفِيهَا فَفَسَقُوا۟ فِيهَا فَحَقَّ عَلَيْهَا ٱلْقَوْلُ فَدَمَّرْنَٰهَا تَدْمِيرًۭا",
        "numberInSurah": 16,
        "juz": 15,
        "manzil": 4,
        "page": 283,
        "ruku": 241,
        "hizbQuarter": 113,
        "sajda": false,
        "audioArabic": [
          "https://cdn.jsdelivr.net/gh/Salimbd71/ArabicQuran@main/17/16.mp3"
        ],
        "audioBangla": [
          "https://cdn.jsdelivr.net/gh/Salimbd71/BanglaQuran@main/17/16.mp3"
        ]
      },
      {
        "number": 2046,
        "audio": "https://everyayah.com/data/Saood_ash-Shuraym_64kbps/017017.mp3",
        "audioSecondary": [
          "https://cdn.islamic.network/quran/audio/64/ar.shaatree/2046.mp3"
        ],
        "text": "وَكَمْ أَهْلَكْنَا مِنَ ٱلْقُرُونِ مِنۢ بَعْدِ نُوحٍۢ ۗ وَكَفَىٰ بِرَبِّكَ بِذُنُوبِ عِبَادِهِۦ خَبِيرًۢا بَصِيرًۭا",
        "numberInSurah": 17,
        "juz": 15,
        "manzil": 4,
        "page": 283,
        "ruku": 241,
        "hizbQuarter": 113,
        "sajda": false,
        "audioArabic": [
          "https://cdn.jsdelivr.net/gh/Salimbd71/ArabicQuran@main/17/17.mp3"
        ],
        "audioBangla": [
          "https://cdn.jsdelivr.net/gh/Salimbd71/BanglaQuran@main/17/17.mp3"
        ]
      },
      {
        "number": 2047,
        "audio": "https://everyayah.com/data/Saood_ash-Shuraym_64kbps/017018.mp3",
        "audioSecondary": [
          "https://cdn.islamic.network/quran/audio/64/ar.shaatree/2047.mp3"
        ],
        "text": "مَّن كَانَ يُرِيدُ ٱلْعَاجِلَةَ عَجَّلْنَا لَهُۥ فِيهَا مَا نَشَآءُ لِمَن نُّرِيدُ ثُمَّ جَعَلْنَا لَهُۥ جَهَنَّمَ يَصْلَىٰهَا مَذْمُومًۭا مَّدْحُورًۭا",
        "numberInSurah": 18,
        "juz": 15,
        "manzil": 4,
        "page": 284,
        "ruku": 241,
        "hizbQuarter": 113,
        "sajda": false,
        "audioArabic": [
          "https://cdn.jsdelivr.net/gh/Salimbd71/ArabicQuran@main/17/18.mp3"
        ],
        "audioBangla": [
          "https://cdn.jsdelivr.net/gh/Salimbd71/BanglaQuran@main/17/18.mp3"
        ]
      },
      {
        "number": 2048,
        "audio": "https://everyayah.com/data/Saood_ash-Shuraym_64kbps/017019.mp3",
        "audioSecondary": [
          "https://cdn.islamic.network/quran/audio/64/ar.shaatree/2048.mp3"
        ],
        "text": "وَمَنْ أَرَادَ ٱلْءَاخِرَةَ وَسَعَىٰ لَهَا سَعْيَهَا وَهُوَ مُؤْمِنٌۭ فَأُو۟لَٰٓئِكَ كَانَ سَعْيُهُم مَّشْكُورًۭا",
        "numberInSurah": 19,
        "juz": 15,
        "manzil": 4,
        "page": 284,
        "ruku": 241,
        "hizbQuarter": 113,
        "sajda": false,
        "audioArabic": [
          "https://cdn.jsdelivr.net/gh/Salimbd71/ArabicQuran@main/17/19.mp3"
        ],
        "audioBangla": [
          "https://cdn.jsdelivr.net/gh/Salimbd71/BanglaQuran@main/17/19.mp3"
        ]
      },
      {
        "number": 2049,
        "audio": "https://everyayah.com/data/Saood_ash-Shuraym_64kbps/017020.mp3",
        "audioSecondary": [
          "https://cdn.islamic.network/quran/audio/64/ar.shaatree/2049.mp3"
        ],
        "text": "كُلًّۭا نُّمِدُّ هَٰٓؤُلَآءِ وَهَٰٓؤُلَآءِ مِنْ عَطَآءِ رَبِّكَ ۚ وَمَا كَانَ عَطَآءُ رَبِّكَ مَحْظُورًا",
        "numberInSurah": 20,
        "juz": 15,
        "manzil": 4,
        "page": 284,
        "ruku": 241,
        "hizbQuarter": 113,
        "sajda": false,
        "audioArabic": [
          "https://cdn.jsdelivr.net/gh/Salimbd71/ArabicQuran@main/17/20.mp3"
        ],
        "audioBangla": [
          "https://cdn.jsdelivr.net/gh/Salimbd71/BanglaQuran@main/17/20.mp3"
        ]
      },
      {
        "number": 2050,
        "audio": "https://everyayah.com/data/Saood_ash-Shuraym_64kbps/017021.mp3",
        "audioSecondary": [
          "https://cdn.islamic.network/quran/audio/64/ar.shaatree/2050.mp3"
        ],
        "text": "ٱنظُرْ كَيْفَ فَضَّلْنَا بَعْضَهُمْ عَلَىٰ بَعْضٍۢ ۚ وَلَلْءَاخِرَةُ أَكْبَرُ دَرَجَٰتٍۢ وَأَكْبَرُ تَفْضِيلًۭا",
        "numberInSurah": 21,
        "juz": 15,
        "manzil": 4,
        "page": 284,
        "ruku": 241,
        "hizbQuarter": 113,
        "sajda": false,
        "audioArabic": [
          "https://cdn.jsdelivr.net/gh/Salimbd71/ArabicQuran@main/17/21.mp3"
        ],
        "audioBangla": [
          "https://cdn.jsdelivr.net/gh/Salimbd71/BanglaQuran@main/17/21.mp3"
        ]
      },
      {
        "number": 2051,
        "audio": "https://everyayah.com/data/Saood_ash-Shuraym_64kbps/017022.mp3",
        "audioSecondary": [
          "https://cdn.islamic.network/quran/audio/64/ar.shaatree/2051.mp3"
        ],
        "text": "لَّا تَجْعَلْ مَعَ ٱللَّهِ إِلَٰهًا ءَاخَرَ فَتَقْعُدَ مَذْمُومًۭا مَّخْذُولًۭا",
        "numberInSurah": 22,
        "juz": 15,
        "manzil": 4,
        "page": 284,
        "ruku": 241,
        "hizbQuarter": 113,
        "sajda": false,
        "audioArabic": [
          "https://cdn.jsdelivr.net/gh/Salimbd71/ArabicQuran@main/17/22.mp3"
        ],
        "audioBangla": [
          "https://cdn.jsdelivr.net/gh/Salimbd71/BanglaQuran@main/17/22.mp3"
        ]
      },
      {
        "number": 2052,
        "audio": "https://everyayah.com/data/Saood_ash-Shuraym_64kbps/017023.mp3",
        "audioSecondary": [
          "https://cdn.islamic.network/quran/audio/64/ar.shaatree/2052.mp3"
        ],
        "text": "۞ وَقَضَىٰ رَبُّكَ أَلَّا تَعْبُدُوٓا۟ إِلَّآ إِيَّاهُ وَبِٱلْوَٰلِدَيْنِ إِحْسَٰنًا ۚ إِمَّا يَبْلُغَنَّ عِندَكَ ٱلْكِبَرَ أَحَدُهُمَآ أَوْ كِلَاهُمَا فَلَا تَقُل لَّهُمَآ أُفٍّۢ وَلَا تَنْهَرْهُمَا وَقُل لَّهُمَا قَوْلًۭا كَرِيمًۭا",
        "numberInSurah": 23,
        "juz": 15,
        "manzil": 4,
        "page": 284,
        "ruku": 242,
        "hizbQuarter": 114,
        "sajda": false,
        "audioArabic": [
          "https://cdn.jsdelivr.net/gh/Salimbd71/ArabicQuran@main/17/23.mp3"
        ],
        "audioBangla": [
          "https://cdn.jsdelivr.net/gh/Salimbd71/BanglaQuran@main/17/23.mp3"
        ]
      },
      {
        "number": 2053,
        "audio": "https://everyayah.com/data/Saood_ash-Shuraym_64kbps/017024.mp3",
        "audioSecondary": [
          "https://cdn.islamic.network/quran/audio/64/ar.shaatree/2053.mp3"
        ],
        "text": "وَٱخْفِضْ لَهُمَا جَنَاحَ ٱلذُّلِّ مِنَ ٱلرَّحْمَةِ وَقُل رَّبِّ ٱرْحَمْهُمَا كَمَا رَبَّيَانِى صَغِيرًۭا",
        "numberInSurah": 24,
        "juz": 15,
        "manzil": 4,
        "page": 284,
        "ruku": 242,
        "hizbQuarter": 114,
        "sajda": false,
        "audioArabic": [
          "https://cdn.jsdelivr.net/gh/Salimbd71/ArabicQuran@main/17/24.mp3"
        ],
        "audioBangla": [
          "https://cdn.jsdelivr.net/gh/Salimbd71/BanglaQuran@main/17/24.mp3"
        ]
      },
      {
        "number": 2054,
        "audio": "https://everyayah.com/data/Saood_ash-Shuraym_64kbps/017025.mp3",
        "audioSecondary": [
          "https://cdn.islamic.network/quran/audio/64/ar.shaatree/2054.mp3"
        ],
        "text": "رَّبُّكُمْ أَعْلَمُ بِمَا فِى نُفُوسِكُمْ ۚ إِن تَكُونُوا۟ صَٰلِحِينَ فَإِنَّهُۥ كَانَ لِلْأَوَّٰبِينَ غَفُورًۭا",
        "numberInSurah": 25,
        "juz": 15,
        "manzil": 4,
        "page": 284,
        "ruku": 242,
        "hizbQuarter": 114,
        "sajda": false,
        "audioArabic": [
          "https://cdn.jsdelivr.net/gh/Salimbd71/ArabicQuran@main/17/25.mp3"
        ],
        "audioBangla": [
          "https://cdn.jsdelivr.net/gh/Salimbd71/BanglaQuran@main/17/25.mp3"
        ]
      },
      {
        "number": 2055,
        "audio": "https://everyayah.com/data/Saood_ash-Shuraym_64kbps/017026.mp3",
        "audioSecondary": [
          "https://cdn.islamic.network/quran/audio/64/ar.shaatree/2055.mp3"
        ],
        "text": "وَءَاتِ ذَا ٱلْقُرْبَىٰ حَقَّهُۥ وَٱلْمِسْكِينَ وَٱبْنَ ٱلسَّبِيلِ وَلَا تُبَذِّرْ تَبْذِيرًا",
        "numberInSurah": 26,
        "juz": 15,
        "manzil": 4,
        "page": 284,
        "ruku": 242,
        "hizbQuarter": 114,
        "sajda": false,
        "audioArabic": [
          "https://cdn.jsdelivr.net/gh/Salimbd71/ArabicQuran@main/17/26.mp3"
        ],
        "audioBangla": [
          "https://cdn.jsdelivr.net/gh/Salimbd71/BanglaQuran@main/17/26.mp3"
        ]
      },
      {
        "number": 2056,
        "audio": "https://everyayah.com/data/Saood_ash-Shuraym_64kbps/017027.mp3",
        "audioSecondary": [
          "https://cdn.islamic.network/quran/audio/64/ar.shaatree/2056.mp3"
        ],
        "text": "إِنَّ ٱلْمُبَذِّرِينَ كَانُوٓا۟ إِخْوَٰنَ ٱلشَّيَٰطِينِ ۖ وَكَانَ ٱلشَّيْطَٰنُ لِرَبِّهِۦ كَفُورًۭا",
        "numberInSurah": 27,
        "juz": 15,
        "manzil": 4,
        "page": 284,
        "ruku": 242,
        "hizbQuarter": 114,
        "sajda": false,
        "audioArabic": [
          "https://cdn.jsdelivr.net/gh/Salimbd71/ArabicQuran@main/17/27.mp3"
        ],
        "audioBangla": [
          "https://cdn.jsdelivr.net/gh/Salimbd71/BanglaQuran@main/17/27.mp3"
        ]
      },
      {
        "number": 2057,
        "audio": "https://everyayah.com/data/Saood_ash-Shuraym_64kbps/017028.mp3",
        "audioSecondary": [
          "https://cdn.islamic.network/quran/audio/64/ar.shaatree/2057.mp3"
        ],
        "text": "وَإِمَّا تُعْرِضَنَّ عَنْهُمُ ٱبْتِغَآءَ رَحْمَةٍۢ مِّن رَّبِّكَ تَرْجُوهَا فَقُل لَّهُمْ قَوْلًۭا مَّيْسُورًۭا",
        "numberInSurah": 28,
        "juz": 15,
        "manzil": 4,
        "page": 285,
        "ruku": 242,
        "hizbQuarter": 114,
        "sajda": false,
        "audioArabic": [
          "https://cdn.jsdelivr.net/gh/Salimbd71/ArabicQuran@main/17/28.mp3"
        ],
        "audioBangla": [
          "https://cdn.jsdelivr.net/gh/Salimbd71/BanglaQuran@main/17/28.mp3"
        ]
      },
      {
        "number": 2058,
        "audio": "https://everyayah.com/data/Saood_ash-Shuraym_64kbps/017029.mp3",
        "audioSecondary": [
          "https://cdn.islamic.network/quran/audio/64/ar.shaatree/2058.mp3"
        ],
        "text": "وَلَا تَجْعَلْ يَدَكَ مَغْلُولَةً إِلَىٰ عُنُقِكَ وَلَا تَبْسُطْهَا كُلَّ ٱلْبَسْطِ فَتَقْعُدَ مَلُومًۭا مَّحْسُورًا",
        "numberInSurah": 29,
        "juz": 15,
        "manzil": 4,
        "page": 285,
        "ruku": 242,
        "hizbQuarter": 114,
        "sajda": false,
        "audioArabic": [
          "https://cdn.jsdelivr.net/gh/Salimbd71/ArabicQuran@main/17/29.mp3"
        ],
        "audioBangla": [
          "https://cdn.jsdelivr.net/gh/Salimbd71/BanglaQuran@main/17/29.mp3"
        ]
      },
      {
        "number": 2059,
        "audio": "https://everyayah.com/data/Saood_ash-Shuraym_64kbps/017030.mp3",
        "audioSecondary": [
          "https://cdn.islamic.network/quran/audio/64/ar.shaatree/2059.mp3"
        ],
        "text": "إِنَّ رَبَّكَ يَبْسُطُ ٱلرِّزْقَ لِمَن يَشَآءُ وَيَقْدِرُ ۚ إِنَّهُۥ كَانَ بِعِبَادِهِۦ خَبِيرًۢا بَصِيرًۭا",
        "numberInSurah": 30,
        "juz": 15,
        "manzil": 4,
        "page": 285,
        "ruku": 242,
        "hizbQuarter": 114,
        "sajda": false,
        "audioArabic": [
          "https://cdn.jsdelivr.net/gh/Salimbd71/ArabicQuran@main/17/30.mp3"
        ],
        "audioBangla": [
          "https://cdn.jsdelivr.net/gh/Salimbd71/BanglaQuran@main/17/30.mp3"
        ]
      },
      {
        "number": 2060,
        "audio": "https://everyayah.com/data/Saood_ash-Shuraym_64kbps/017031.mp3",
        "audioSecondary": [
          "https://cdn.islamic.network/quran/audio/64/ar.shaatree/2060.mp3"
        ],
        "text": "وَلَا تَقْتُلُوٓا۟ أَوْلَٰدَكُمْ خَشْيَةَ إِمْلَٰقٍۢ ۖ نَّحْنُ نَرْزُقُهُمْ وَإِيَّاكُمْ ۚ إِنَّ قَتْلَهُمْ كَانَ خِطْـًۭٔا كَبِيرًۭا",
        "numberInSurah": 31,
        "juz": 15,
        "manzil": 4,
        "page": 285,
        "ruku": 243,
        "hizbQuarter": 114,
        "sajda": false,
        "audioArabic": [
          "https://cdn.jsdelivr.net/gh/Salimbd71/ArabicQuran@main/17/31.mp3"
        ],
        "audioBangla": [
          "https://cdn.jsdelivr.net/gh/Salimbd71/BanglaQuran@main/17/31.mp3"
        ]
      },
      {
        "number": 2061,
        "audio": "https://everyayah.com/data/Saood_ash-Shuraym_64kbps/017032.mp3",
        "audioSecondary": [
          "https://cdn.islamic.network/quran/audio/64/ar.shaatree/2061.mp3"
        ],
        "text": "وَلَا تَقْرَبُوا۟ ٱلزِّنَىٰٓ ۖ إِنَّهُۥ كَانَ فَٰحِشَةًۭ وَسَآءَ سَبِيلًۭا",
        "numberInSurah": 32,
        "juz": 15,
        "manzil": 4,
        "page": 285,
        "ruku": 243,
        "hizbQuarter": 114,
        "sajda": false,
        "audioArabic": [
          "https://cdn.jsdelivr.net/gh/Salimbd71/ArabicQuran@main/17/32.mp3"
        ],
        "audioBangla": [
          "https://cdn.jsdelivr.net/gh/Salimbd71/BanglaQuran@main/17/32.mp3"
        ]
      },
      {
        "number": 2062,
        "audio": "https://everyayah.com/data/Saood_ash-Shuraym_64kbps/017033.mp3",
        "audioSecondary": [
          "https://cdn.islamic.network/quran/audio/64/ar.shaatree/2062.mp3"
        ],
        "text": "وَلَا تَقْتُلُوا۟ ٱلنَّفْسَ ٱلَّتِى حَرَّمَ ٱللَّهُ إِلَّا بِٱلْحَقِّ ۗ وَمَن قُتِلَ مَظْلُومًۭا فَقَدْ جَعَلْنَا لِوَلِيِّهِۦ سُلْطَٰنًۭا فَلَا يُسْرِف فِّى ٱلْقَتْلِ ۖ إِنَّهُۥ كَانَ مَنصُورًۭا",
        "numberInSurah": 33,
        "juz": 15,
        "manzil": 4,
        "page": 285,
        "ruku": 243,
        "hizbQuarter": 114,
        "sajda": false,
        "audioArabic": [
          "https://cdn.jsdelivr.net/gh/Salimbd71/ArabicQuran@main/17/33.mp3"
        ],
        "audioBangla": [
          "https://cdn.jsdelivr.net/gh/Salimbd71/BanglaQuran@main/17/33.mp3"
        ]
      },
      {
        "number": 2063,
        "audio": "https://everyayah.com/data/Saood_ash-Shuraym_64kbps/017034.mp3",
        "audioSecondary": [
          "https://cdn.islamic.network/quran/audio/64/ar.shaatree/2063.mp3"
        ],
        "text": "وَلَا تَقْرَبُوا۟ مَالَ ٱلْيَتِيمِ إِلَّا بِٱلَّتِى هِىَ أَحْسَنُ حَتَّىٰ يَبْلُغَ أَشُدَّهُۥ ۚ وَأَوْفُوا۟ بِٱلْعَهْدِ ۖ إِنَّ ٱلْعَهْدَ كَانَ مَسْـُٔولًۭا",
        "numberInSurah": 34,
        "juz": 15,
        "manzil": 4,
        "page": 285,
        "ruku": 243,
        "hizbQuarter": 114,
        "sajda": false,
        "audioArabic": [
          "https://cdn.jsdelivr.net/gh/Salimbd71/ArabicQuran@main/17/34.mp3"
        ],
        "audioBangla": [
          "https://cdn.jsdelivr.net/gh/Salimbd71/BanglaQuran@main/17/34.mp3"
        ]
      },
      {
        "number": 2064,
        "audio": "https://everyayah.com/data/Saood_ash-Shuraym_64kbps/017035.mp3",
        "audioSecondary": [
          "https://cdn.islamic.network/quran/audio/64/ar.shaatree/2064.mp3"
        ],
        "text": "وَأَوْفُوا۟ ٱلْكَيْلَ إِذَا كِلْتُمْ وَزِنُوا۟ بِٱلْقِسْطَاسِ ٱلْمُسْتَقِيمِ ۚ ذَٰلِكَ خَيْرٌۭ وَأَحْسَنُ تَأْوِيلًۭا",
        "numberInSurah": 35,
        "juz": 15,
        "manzil": 4,
        "page": 285,
        "ruku": 243,
        "hizbQuarter": 114,
        "sajda": false,
        "audioArabic": [
          "https://cdn.jsdelivr.net/gh/Salimbd71/ArabicQuran@main/17/35.mp3"
        ],
        "audioBangla": [
          "https://cdn.jsdelivr.net/gh/Salimbd71/BanglaQuran@main/17/35.mp3"
        ]
      },
      {
        "number": 2065,
        "audio": "https://everyayah.com/data/Saood_ash-Shuraym_64kbps/017036.mp3",
        "audioSecondary": [
          "https://cdn.islamic.network/quran/audio/64/ar.shaatree/2065.mp3"
        ],
        "text": "وَلَا تَقْفُ مَا لَيْسَ لَكَ بِهِۦ عِلْمٌ ۚ إِنَّ ٱلسَّمْعَ وَٱلْبَصَرَ وَٱلْفُؤَادَ كُلُّ أُو۟لَٰٓئِكَ كَانَ عَنْهُ مَسْـُٔولًۭا",
        "numberInSurah": 36,
        "juz": 15,
        "manzil": 4,
        "page": 285,
        "ruku": 243,
        "hizbQuarter": 114,
        "sajda": false,
        "audioArabic": [
          "https://cdn.jsdelivr.net/gh/Salimbd71/ArabicQuran@main/17/36.mp3"
        ],
        "audioBangla": [
          "https://cdn.jsdelivr.net/gh/Salimbd71/BanglaQuran@main/17/36.mp3"
        ]
      },
      {
        "number": 2066,
        "audio": "https://everyayah.com/data/Saood_ash-Shuraym_64kbps/017037.mp3",
        "audioSecondary": [
          "https://cdn.islamic.network/quran/audio/64/ar.shaatree/2066.mp3"
        ],
        "text": "وَلَا تَمْشِ فِى ٱلْأَرْضِ مَرَحًا ۖ إِنَّكَ لَن تَخْرِقَ ٱلْأَرْضَ وَلَن تَبْلُغَ ٱلْجِبَالَ طُولًۭا",
        "numberInSurah": 37,
        "juz": 15,
        "manzil": 4,
        "page": 285,
        "ruku": 243,
        "hizbQuarter": 114,
        "sajda": false,
        "audioArabic": [
          "https://cdn.jsdelivr.net/gh/Salimbd71/ArabicQuran@main/17/37.mp3"
        ],
        "audioBangla": [
          "https://cdn.jsdelivr.net/gh/Salimbd71/BanglaQuran@main/17/37.mp3"
        ]
      },
      {
        "number": 2067,
        "audio": "https://everyayah.com/data/Saood_ash-Shuraym_64kbps/017038.mp3",
        "audioSecondary": [
          "https://cdn.islamic.network/quran/audio/64/ar.shaatree/2067.mp3"
        ],
        "text": "كُلُّ ذَٰلِكَ كَانَ سَيِّئُهُۥ عِندَ رَبِّكَ مَكْرُوهًۭا",
        "numberInSurah": 38,
        "juz": 15,
        "manzil": 4,
        "page": 285,
        "ruku": 243,
        "hizbQuarter": 114,
        "sajda": false,
        "audioArabic": [
          "https://cdn.jsdelivr.net/gh/Salimbd71/ArabicQuran@main/17/38.mp3"
        ],
        "audioBangla": [
          "https://cdn.jsdelivr.net/gh/Salimbd71/BanglaQuran@main/17/38.mp3"
        ]
      },
      {
        "number": 2068,
        "audio": "https://everyayah.com/data/Saood_ash-Shuraym_64kbps/017039.mp3",
        "audioSecondary": [
          "https://cdn.islamic.network/quran/audio/64/ar.shaatree/2068.mp3"
        ],
        "text": "ذَٰلِكَ مِمَّآ أَوْحَىٰٓ إِلَيْكَ رَبُّكَ مِنَ ٱلْحِكْمَةِ ۗ وَلَا تَجْعَلْ مَعَ ٱللَّهِ إِلَٰهًا ءَاخَرَ فَتُلْقَىٰ فِى جَهَنَّمَ مَلُومًۭا مَّدْحُورًا",
        "numberInSurah": 39,
        "juz": 15,
        "manzil": 4,
        "page": 286,
        "ruku": 243,
        "hizbQuarter": 114,
        "sajda": false,
        "audioArabic": [
          "https://cdn.jsdelivr.net/gh/Salimbd71/ArabicQuran@main/17/39.mp3"
        ],
        "audioBangla": [
          "https://cdn.jsdelivr.net/gh/Salimbd71/BanglaQuran@main/17/39.mp3"
        ]
      },
      {
        "number": 2069,
        "audio": "https://everyayah.com/data/Saood_ash-Shuraym_64kbps/017040.mp3",
        "audioSecondary": [
          "https://cdn.islamic.network/quran/audio/64/ar.shaatree/2069.mp3"
        ],
        "text": "أَفَأَصْفَىٰكُمْ رَبُّكُم بِٱلْبَنِينَ وَٱتَّخَذَ مِنَ ٱلْمَلَٰٓئِكَةِ إِنَٰثًا ۚ إِنَّكُمْ لَتَقُولُونَ قَوْلًا عَظِيمًۭا",
        "numberInSurah": 40,
        "juz": 15,
        "manzil": 4,
        "page": 286,
        "ruku": 243,
        "hizbQuarter": 114,
        "sajda": false,
        "audioArabic": [
          "https://cdn.jsdelivr.net/gh/Salimbd71/ArabicQuran@main/17/40.mp3"
        ],
        "audioBangla": [
          "https://cdn.jsdelivr.net/gh/Salimbd71/BanglaQuran@main/17/40.mp3"
        ]
      },
      {
        "number": 2070,
        "audio": "https://everyayah.com/data/Saood_ash-Shuraym_64kbps/017041.mp3",
        "audioSecondary": [
          "https://cdn.islamic.network/quran/audio/64/ar.shaatree/2070.mp3"
        ],
        "text": "وَلَقَدْ صَرَّفْنَا فِى هَٰذَا ٱلْقُرْءَانِ لِيَذَّكَّرُوا۟ وَمَا يَزِيدُهُمْ إِلَّا نُفُورًۭا",
        "numberInSurah": 41,
        "juz": 15,
        "manzil": 4,
        "page": 286,
        "ruku": 244,
        "hizbQuarter": 114,
        "sajda": false,
        "audioArabic": [
          "https://cdn.jsdelivr.net/gh/Salimbd71/ArabicQuran@main/17/41.mp3"
        ],
        "audioBangla": [
          "https://cdn.jsdelivr.net/gh/Salimbd71/BanglaQuran@main/17/41.mp3"
        ]
      },
      {
        "number": 2071,
        "audio": "https://everyayah.com/data/Saood_ash-Shuraym_64kbps/017042.mp3",
        "audioSecondary": [
          "https://cdn.islamic.network/quran/audio/64/ar.shaatree/2071.mp3"
        ],
        "text": "قُل لَّوْ كَانَ مَعَهُۥٓ ءَالِهَةٌۭ كَمَا يَقُولُونَ إِذًۭا لَّٱبْتَغَوْا۟ إِلَىٰ ذِى ٱلْعَرْشِ سَبِيلًۭا",
        "numberInSurah": 42,
        "juz": 15,
        "manzil": 4,
        "page": 286,
        "ruku": 244,
        "hizbQuarter": 114,
        "sajda": false,
        "audioArabic": [
          "https://cdn.jsdelivr.net/gh/Salimbd71/ArabicQuran@main/17/42.mp3"
        ],
        "audioBangla": [
          "https://cdn.jsdelivr.net/gh/Salimbd71/BanglaQuran@main/17/42.mp3"
        ]
      },
      {
        "number": 2072,
        "audio": "https://everyayah.com/data/Saood_ash-Shuraym_64kbps/017043.mp3",
        "audioSecondary": [
          "https://cdn.islamic.network/quran/audio/64/ar.shaatree/2072.mp3"
        ],
        "text": "سُبْحَٰنَهُۥ وَتَعَٰلَىٰ عَمَّا يَقُولُونَ عُلُوًّۭا كَبِيرًۭا",
        "numberInSurah": 43,
        "juz": 15,
        "manzil": 4,
        "page": 286,
        "ruku": 244,
        "hizbQuarter": 114,
        "sajda": false,
        "audioArabic": [
          "https://cdn.jsdelivr.net/gh/Salimbd71/ArabicQuran@main/17/43.mp3"
        ],
        "audioBangla": [
          "https://cdn.jsdelivr.net/gh/Salimbd71/BanglaQuran@main/17/43.mp3"
        ]
      },
      {
        "number": 2073,
        "audio": "https://everyayah.com/data/Saood_ash-Shuraym_64kbps/017044.mp3",
        "audioSecondary": [
          "https://cdn.islamic.network/quran/audio/64/ar.shaatree/2073.mp3"
        ],
        "text": "تُسَبِّحُ لَهُ ٱلسَّمَٰوَٰتُ ٱلسَّبْعُ وَٱلْأَرْضُ وَمَن فِيهِنَّ ۚ وَإِن مِّن شَىْءٍ إِلَّا يُسَبِّحُ بِحَمْدِهِۦ وَلَٰكِن لَّا تَفْقَهُونَ تَسْبِيحَهُمْ ۗ إِنَّهُۥ كَانَ حَلِيمًا غَفُورًۭا",
        "numberInSurah": 44,
        "juz": 15,
        "manzil": 4,
        "page": 286,
        "ruku": 244,
        "hizbQuarter": 114,
        "sajda": false,
        "audioArabic": [
          "https://cdn.jsdelivr.net/gh/Salimbd71/ArabicQuran@main/17/44.mp3"
        ],
        "audioBangla": [
          "https://cdn.jsdelivr.net/gh/Salimbd71/BanglaQuran@main/17/44.mp3"
        ]
      },
      {
        "number": 2074,
        "audio": "https://everyayah.com/data/Saood_ash-Shuraym_64kbps/017045.mp3",
        "audioSecondary": [
          "https://cdn.islamic.network/quran/audio/64/ar.shaatree/2074.mp3"
        ],
        "text": "وَإِذَا قَرَأْتَ ٱلْقُرْءَانَ جَعَلْنَا بَيْنَكَ وَبَيْنَ ٱلَّذِينَ لَا يُؤْمِنُونَ بِٱلْءَاخِرَةِ حِجَابًۭا مَّسْتُورًۭا",
        "numberInSurah": 45,
        "juz": 15,
        "manzil": 4,
        "page": 286,
        "ruku": 244,
        "hizbQuarter": 114,
        "sajda": false,
        "audioArabic": [
          "https://cdn.jsdelivr.net/gh/Salimbd71/ArabicQuran@main/17/45.mp3"
        ],
        "audioBangla": [
          "https://cdn.jsdelivr.net/gh/Salimbd71/BanglaQuran@main/17/45.mp3"
        ]
      },
      {
        "number": 2075,
        "audio": "https://everyayah.com/data/Saood_ash-Shuraym_64kbps/017046.mp3",
        "audioSecondary": [
          "https://cdn.islamic.network/quran/audio/64/ar.shaatree/2075.mp3"
        ],
        "text": "وَجَعَلْنَا عَلَىٰ قُلُوبِهِمْ أَكِنَّةً أَن يَفْقَهُوهُ وَفِىٓ ءَاذَانِهِمْ وَقْرًۭا ۚ وَإِذَا ذَكَرْتَ رَبَّكَ فِى ٱلْقُرْءَانِ وَحْدَهُۥ وَلَّوْا۟ عَلَىٰٓ أَدْبَٰرِهِمْ نُفُورًۭا",
        "numberInSurah": 46,
        "juz": 15,
        "manzil": 4,
        "page": 286,
        "ruku": 244,
        "hizbQuarter": 114,
        "sajda": false,
        "audioArabic": [
          "https://cdn.jsdelivr.net/gh/Salimbd71/ArabicQuran@main/17/46.mp3"
        ],
        "audioBangla": [
          "https://cdn.jsdelivr.net/gh/Salimbd71/BanglaQuran@main/17/46.mp3"
        ]
      },
      {
        "number": 2076,
        "audio": "https://everyayah.com/data/Saood_ash-Shuraym_64kbps/017047.mp3",
        "audioSecondary": [
          "https://cdn.islamic.network/quran/audio/64/ar.shaatree/2076.mp3"
        ],
        "text": "نَّحْنُ أَعْلَمُ بِمَا يَسْتَمِعُونَ بِهِۦٓ إِذْ يَسْتَمِعُونَ إِلَيْكَ وَإِذْ هُمْ نَجْوَىٰٓ إِذْ يَقُولُ ٱلظَّٰلِمُونَ إِن تَتَّبِعُونَ إِلَّا رَجُلًۭا مَّسْحُورًا",
        "numberInSurah": 47,
        "juz": 15,
        "manzil": 4,
        "page": 286,
        "ruku": 244,
        "hizbQuarter": 114,
        "sajda": false,
        "audioArabic": [
          "https://cdn.jsdelivr.net/gh/Salimbd71/ArabicQuran@main/17/47.mp3"
        ],
        "audioBangla": [
          "https://cdn.jsdelivr.net/gh/Salimbd71/BanglaQuran@main/17/47.mp3"
        ]
      },
      {
        "number": 2077,
        "audio": "https://everyayah.com/data/Saood_ash-Shuraym_64kbps/017048.mp3",
        "audioSecondary": [
          "https://cdn.islamic.network/quran/audio/64/ar.shaatree/2077.mp3"
        ],
        "text": "ٱنظُرْ كَيْفَ ضَرَبُوا۟ لَكَ ٱلْأَمْثَالَ فَضَلُّوا۟ فَلَا يَسْتَطِيعُونَ سَبِيلًۭا",
        "numberInSurah": 48,
        "juz": 15,
        "manzil": 4,
        "page": 286,
        "ruku": 244,
        "hizbQuarter": 114,
        "sajda": false,
        "audioArabic": [
          "https://cdn.jsdelivr.net/gh/Salimbd71/ArabicQuran@main/17/48.mp3"
        ],
        "audioBangla": [
          "https://cdn.jsdelivr.net/gh/Salimbd71/BanglaQuran@main/17/48.mp3"
        ]
      },
      {
        "number": 2078,
        "audio": "https://everyayah.com/data/Saood_ash-Shuraym_64kbps/017049.mp3",
        "audioSecondary": [
          "https://cdn.islamic.network/quran/audio/64/ar.shaatree/2078.mp3"
        ],
        "text": "وَقَالُوٓا۟ أَءِذَا كُنَّا عِظَٰمًۭا وَرُفَٰتًا أَءِنَّا لَمَبْعُوثُونَ خَلْقًۭا جَدِيدًۭا",
        "numberInSurah": 49,
        "juz": 15,
        "manzil": 4,
        "page": 286,
        "ruku": 244,
        "hizbQuarter": 114,
        "sajda": false,
        "audioArabic": [
          "https://cdn.jsdelivr.net/gh/Salimbd71/ArabicQuran@main/17/49.mp3"
        ],
        "audioBangla": [
          "https://cdn.jsdelivr.net/gh/Salimbd71/BanglaQuran@main/17/49.mp3"
        ]
      },
      {
        "number": 2079,
        "audio": "https://everyayah.com/data/Saood_ash-Shuraym_64kbps/017050.mp3",
        "audioSecondary": [
          "https://cdn.islamic.network/quran/audio/64/ar.shaatree/2079.mp3"
        ],
        "text": "۞ قُلْ كُونُوا۟ حِجَارَةً أَوْ حَدِيدًا",
        "numberInSurah": 50,
        "juz": 15,
        "manzil": 4,
        "page": 287,
        "ruku": 244,
        "hizbQuarter": 115,
        "sajda": false,
        "audioArabic": [
          "https://cdn.jsdelivr.net/gh/Salimbd71/ArabicQuran@main/17/50.mp3"
        ],
        "audioBangla": [
          "https://cdn.jsdelivr.net/gh/Salimbd71/BanglaQuran@main/17/50.mp3"
        ]
      },
      {
        "number": 2080,
        "audio": "https://everyayah.com/data/Saood_ash-Shuraym_64kbps/017051.mp3",
        "audioSecondary": [
          "https://cdn.islamic.network/quran/audio/64/ar.shaatree/2080.mp3"
        ],
        "text": "أَوْ خَلْقًۭا مِّمَّا يَكْبُرُ فِى صُدُورِكُمْ ۚ فَسَيَقُولُونَ مَن يُعِيدُنَا ۖ قُلِ ٱلَّذِى فَطَرَكُمْ أَوَّلَ مَرَّةٍۢ ۚ فَسَيُنْغِضُونَ إِلَيْكَ رُءُوسَهُمْ وَيَقُولُونَ مَتَىٰ هُوَ ۖ قُلْ عَسَىٰٓ أَن يَكُونَ قَرِيبًۭا",
        "numberInSurah": 51,
        "juz": 15,
        "manzil": 4,
        "page": 287,
        "ruku": 244,
        "hizbQuarter": 115,
        "sajda": false,
        "audioArabic": [
          "https://cdn.jsdelivr.net/gh/Salimbd71/ArabicQuran@main/17/51.mp3"
        ],
        "audioBangla": [
          "https://cdn.jsdelivr.net/gh/Salimbd71/BanglaQuran@main/17/51.mp3"
        ]
      },
      {
        "number": 2081,
        "audio": "https://everyayah.com/data/Saood_ash-Shuraym_64kbps/017052.mp3",
        "audioSecondary": [
          "https://cdn.islamic.network/quran/audio/64/ar.shaatree/2081.mp3"
        ],
        "text": "يَوْمَ يَدْعُوكُمْ فَتَسْتَجِيبُونَ بِحَمْدِهِۦ وَتَظُنُّونَ إِن لَّبِثْتُمْ إِلَّا قَلِيلًۭا",
        "numberInSurah": 52,
        "juz": 15,
        "manzil": 4,
        "page": 287,
        "ruku": 244,
        "hizbQuarter": 115,
        "sajda": false,
        "audioArabic": [
          "https://cdn.jsdelivr.net/gh/Salimbd71/ArabicQuran@main/17/52.mp3"
        ],
        "audioBangla": [
          "https://cdn.jsdelivr.net/gh/Salimbd71/BanglaQuran@main/17/52.mp3"
        ]
      },
      {
        "number": 2082,
        "audio": "https://everyayah.com/data/Saood_ash-Shuraym_64kbps/017053.mp3",
        "audioSecondary": [
          "https://cdn.islamic.network/quran/audio/64/ar.shaatree/2082.mp3"
        ],
        "text": "وَقُل لِّعِبَادِى يَقُولُوا۟ ٱلَّتِى هِىَ أَحْسَنُ ۚ إِنَّ ٱلشَّيْطَٰنَ يَنزَغُ بَيْنَهُمْ ۚ إِنَّ ٱلشَّيْطَٰنَ كَانَ لِلْإِنسَٰنِ عَدُوًّۭا مُّبِينًۭا",
        "numberInSurah": 53,
        "juz": 15,
        "manzil": 4,
        "page": 287,
        "ruku": 245,
        "hizbQuarter": 115,
        "sajda": false,
        "audioArabic": [
          "https://cdn.jsdelivr.net/gh/Salimbd71/ArabicQuran@main/17/53.mp3"
        ],
        "audioBangla": [
          "https://cdn.jsdelivr.net/gh/Salimbd71/BanglaQuran@main/17/53.mp3"
        ]
      },
      {
        "number": 2083,
        "audio": "https://everyayah.com/data/Saood_ash-Shuraym_64kbps/017054.mp3",
        "audioSecondary": [
          "https://cdn.islamic.network/quran/audio/64/ar.shaatree/2083.mp3"
        ],
        "text": "رَّبُّكُمْ أَعْلَمُ بِكُمْ ۖ إِن يَشَأْ يَرْحَمْكُمْ أَوْ إِن يَشَأْ يُعَذِّبْكُمْ ۚ وَمَآ أَرْسَلْنَٰكَ عَلَيْهِمْ وَكِيلًۭا",
        "numberInSurah": 54,
        "juz": 15,
        "manzil": 4,
        "page": 287,
        "ruku": 245,
        "hizbQuarter": 115,
        "sajda": false,
        "audioArabic": [
          "https://cdn.jsdelivr.net/gh/Salimbd71/ArabicQuran@main/17/54.mp3"
        ],
        "audioBangla": [
          "https://cdn.jsdelivr.net/gh/Salimbd71/BanglaQuran@main/17/54.mp3"
        ]
      },
      {
        "number": 2084,
        "audio": "https://everyayah.com/data/Saood_ash-Shuraym_64kbps/017055.mp3",
        "audioSecondary": [
          "https://cdn.islamic.network/quran/audio/64/ar.shaatree/2084.mp3"
        ],
        "text": "وَرَبُّكَ أَعْلَمُ بِمَن فِى ٱلسَّمَٰوَٰتِ وَٱلْأَرْضِ ۗ وَلَقَدْ فَضَّلْنَا بَعْضَ ٱلنَّبِيِّۦنَ عَلَىٰ بَعْضٍۢ ۖ وَءَاتَيْنَا دَاوُۥدَ زَبُورًۭا",
        "numberInSurah": 55,
        "juz": 15,
        "manzil": 4,
        "page": 287,
        "ruku": 245,
        "hizbQuarter": 115,
        "sajda": false,
        "audioArabic": [
          "https://cdn.jsdelivr.net/gh/Salimbd71/ArabicQuran@main/17/55.mp3"
        ],
        "audioBangla": [
          "https://cdn.jsdelivr.net/gh/Salimbd71/BanglaQuran@main/17/55.mp3"
        ]
      },
      {
        "number": 2085,
        "audio": "https://everyayah.com/data/Saood_ash-Shuraym_64kbps/017056.mp3",
        "audioSecondary": [
          "https://cdn.islamic.network/quran/audio/64/ar.shaatree/2085.mp3"
        ],
        "text": "قُلِ ٱدْعُوا۟ ٱلَّذِينَ زَعَمْتُم مِّن دُونِهِۦ فَلَا يَمْلِكُونَ كَشْفَ ٱلضُّرِّ عَنكُمْ وَلَا تَحْوِيلًا",
        "numberInSurah": 56,
        "juz": 15,
        "manzil": 4,
        "page": 287,
        "ruku": 245,
        "hizbQuarter": 115,
        "sajda": false,
        "audioArabic": [
          "https://cdn.jsdelivr.net/gh/Salimbd71/ArabicQuran@main/17/56.mp3"
        ],
        "audioBangla": [
          "https://cdn.jsdelivr.net/gh/Salimbd71/BanglaQuran@main/17/56.mp3"
        ]
      },
      {
        "number": 2086,
        "audio": "https://everyayah.com/data/Saood_ash-Shuraym_64kbps/017057.mp3",
        "audioSecondary": [
          "https://cdn.islamic.network/quran/audio/64/ar.shaatree/2086.mp3"
        ],
        "text": "أُو۟لَٰٓئِكَ ٱلَّذِينَ يَدْعُونَ يَبْتَغُونَ إِلَىٰ رَبِّهِمُ ٱلْوَسِيلَةَ أَيُّهُمْ أَقْرَبُ وَيَرْجُونَ رَحْمَتَهُۥ وَيَخَافُونَ عَذَابَهُۥٓ ۚ إِنَّ عَذَابَ رَبِّكَ كَانَ مَحْذُورًۭا",
        "numberInSurah": 57,
        "juz": 15,
        "manzil": 4,
        "page": 287,
        "ruku": 245,
        "hizbQuarter": 115,
        "sajda": false,
        "audioArabic": [
          "https://cdn.jsdelivr.net/gh/Salimbd71/ArabicQuran@main/17/57.mp3"
        ],
        "audioBangla": [
          "https://cdn.jsdelivr.net/gh/Salimbd71/BanglaQuran@main/17/57.mp3"
        ]
      },
      {
        "number": 2087,
        "audio": "https://everyayah.com/data/Saood_ash-Shuraym_64kbps/017058.mp3",
        "audioSecondary": [
          "https://cdn.islamic.network/quran/audio/64/ar.shaatree/2087.mp3"
        ],
        "text": "وَإِن مِّن قَرْيَةٍ إِلَّا نَحْنُ مُهْلِكُوهَا قَبْلَ يَوْمِ ٱلْقِيَٰمَةِ أَوْ مُعَذِّبُوهَا عَذَابًۭا شَدِيدًۭا ۚ كَانَ ذَٰلِكَ فِى ٱلْكِتَٰبِ مَسْطُورًۭا",
        "numberInSurah": 58,
        "juz": 15,
        "manzil": 4,
        "page": 287,
        "ruku": 245,
        "hizbQuarter": 115,
        "sajda": false,
        "audioArabic": [
          "https://cdn.jsdelivr.net/gh/Salimbd71/ArabicQuran@main/17/58.mp3"
        ],
        "audioBangla": [
          "https://cdn.jsdelivr.net/gh/Salimbd71/BanglaQuran@main/17/58.mp3"
        ]
      },
      {
        "number": 2088,
        "audio": "https://everyayah.com/data/Saood_ash-Shuraym_64kbps/017059.mp3",
        "audioSecondary": [
          "https://cdn.islamic.network/quran/audio/64/ar.shaatree/2088.mp3"
        ],
        "text": "وَمَا مَنَعَنَآ أَن نُّرْسِلَ بِٱلْءَايَٰتِ إِلَّآ أَن كَذَّبَ بِهَا ٱلْأَوَّلُونَ ۚ وَءَاتَيْنَا ثَمُودَ ٱلنَّاقَةَ مُبْصِرَةًۭ فَظَلَمُوا۟ بِهَا ۚ وَمَا نُرْسِلُ بِٱلْءَايَٰتِ إِلَّا تَخْوِيفًۭا",
        "numberInSurah": 59,
        "juz": 15,
        "manzil": 4,
        "page": 288,
        "ruku": 245,
        "hizbQuarter": 115,
        "sajda": false,
        "audioArabic": [
          "https://cdn.jsdelivr.net/gh/Salimbd71/ArabicQuran@main/17/59.mp3"
        ],
        "audioBangla": [
          "https://cdn.jsdelivr.net/gh/Salimbd71/BanglaQuran@main/17/59.mp3"
        ]
      },
      {
        "number": 2089,
        "audio": "https://everyayah.com/data/Saood_ash-Shuraym_64kbps/017060.mp3",
        "audioSecondary": [
          "https://cdn.islamic.network/quran/audio/64/ar.shaatree/2089.mp3"
        ],
        "text": "وَإِذْ قُلْنَا لَكَ إِنَّ رَبَّكَ أَحَاطَ بِٱلنَّاسِ ۚ وَمَا جَعَلْنَا ٱلرُّءْيَا ٱلَّتِىٓ أَرَيْنَٰكَ إِلَّا فِتْنَةًۭ لِّلنَّاسِ وَٱلشَّجَرَةَ ٱلْمَلْعُونَةَ فِى ٱلْقُرْءَانِ ۚ وَنُخَوِّفُهُمْ فَمَا يَزِيدُهُمْ إِلَّا طُغْيَٰنًۭا كَبِيرًۭا",
        "numberInSurah": 60,
        "juz": 15,
        "manzil": 4,
        "page": 288,
        "ruku": 245,
        "hizbQuarter": 115,
        "sajda": false,
        "audioArabic": [
          "https://cdn.jsdelivr.net/gh/Salimbd71/ArabicQuran@main/17/60.mp3"
        ],
        "audioBangla": [
          "https://cdn.jsdelivr.net/gh/Salimbd71/BanglaQuran@main/17/60.mp3"
        ]
      },
      {
        "number": 2090,
        "audio": "https://everyayah.com/data/Saood_ash-Shuraym_64kbps/017061.mp3",
        "audioSecondary": [
          "https://cdn.islamic.network/quran/audio/64/ar.shaatree/2090.mp3"
        ],
        "text": "وَإِذْ قُلْنَا لِلْمَلَٰٓئِكَةِ ٱسْجُدُوا۟ لِءَادَمَ فَسَجَدُوٓا۟ إِلَّآ إِبْلِيسَ قَالَ ءَأَسْجُدُ لِمَنْ خَلَقْتَ طِينًۭا",
        "numberInSurah": 61,
        "juz": 15,
        "manzil": 4,
        "page": 288,
        "ruku": 246,
        "hizbQuarter": 115,
        "sajda": false,
        "audioArabic": [
          "https://cdn.jsdelivr.net/gh/Salimbd71/ArabicQuran@main/17/61.mp3"
        ],
        "audioBangla": [
          "https://cdn.jsdelivr.net/gh/Salimbd71/BanglaQuran@main/17/61.mp3"
        ]
      },
      {
        "number": 2091,
        "audio": "https://everyayah.com/data/Saood_ash-Shuraym_64kbps/017062.mp3",
        "audioSecondary": [
          "https://cdn.islamic.network/quran/audio/64/ar.shaatree/2091.mp3"
        ],
        "text": "قَالَ أَرَءَيْتَكَ هَٰذَا ٱلَّذِى كَرَّمْتَ عَلَىَّ لَئِنْ أَخَّرْتَنِ إِلَىٰ يَوْمِ ٱلْقِيَٰمَةِ لَأَحْتَنِكَنَّ ذُرِّيَّتَهُۥٓ إِلَّا قَلِيلًۭا",
        "numberInSurah": 62,
        "juz": 15,
        "manzil": 4,
        "page": 288,
        "ruku": 246,
        "hizbQuarter": 115,
        "sajda": false,
        "audioArabic": [
          "https://cdn.jsdelivr.net/gh/Salimbd71/ArabicQuran@main/17/62.mp3"
        ],
        "audioBangla": [
          "https://cdn.jsdelivr.net/gh/Salimbd71/BanglaQuran@main/17/62.mp3"
        ]
      },
      {
        "number": 2092,
        "audio": "https://everyayah.com/data/Saood_ash-Shuraym_64kbps/017063.mp3",
        "audioSecondary": [
          "https://cdn.islamic.network/quran/audio/64/ar.shaatree/2092.mp3"
        ],
        "text": "قَالَ ٱذْهَبْ فَمَن تَبِعَكَ مِنْهُمْ فَإِنَّ جَهَنَّمَ جَزَآؤُكُمْ جَزَآءًۭ مَّوْفُورًۭا",
        "numberInSurah": 63,
        "juz": 15,
        "manzil": 4,
        "page": 288,
        "ruku": 246,
        "hizbQuarter": 115,
        "sajda": false,
        "audioArabic": [
          "https://cdn.jsdelivr.net/gh/Salimbd71/ArabicQuran@main/17/63.mp3"
        ],
        "audioBangla": [
          "https://cdn.jsdelivr.net/gh/Salimbd71/BanglaQuran@main/17/63.mp3"
        ]
      },
      {
        "number": 2093,
        "audio": "https://everyayah.com/data/Saood_ash-Shuraym_64kbps/017064.mp3",
        "audioSecondary": [
          "https://cdn.islamic.network/quran/audio/64/ar.shaatree/2093.mp3"
        ],
        "text": "وَٱسْتَفْزِزْ مَنِ ٱسْتَطَعْتَ مِنْهُم بِصَوْتِكَ وَأَجْلِبْ عَلَيْهِم بِخَيْلِكَ وَرَجِلِكَ وَشَارِكْهُمْ فِى ٱلْأَمْوَٰلِ وَٱلْأَوْلَٰدِ وَعِدْهُمْ ۚ وَمَا يَعِدُهُمُ ٱلشَّيْطَٰنُ إِلَّا غُرُورًا",
        "numberInSurah": 64,
        "juz": 15,
        "manzil": 4,
        "page": 288,
        "ruku": 246,
        "hizbQuarter": 115,
        "sajda": false,
        "audioArabic": [
          "https://cdn.jsdelivr.net/gh/Salimbd71/ArabicQuran@main/17/64.mp3"
        ],
        "audioBangla": [
          "https://cdn.jsdelivr.net/gh/Salimbd71/BanglaQuran@main/17/64.mp3"
        ]
      },
      {
        "number": 2094,
        "audio": "https://everyayah.com/data/Saood_ash-Shuraym_64kbps/017065.mp3",
        "audioSecondary": [
          "https://cdn.islamic.network/quran/audio/64/ar.shaatree/2094.mp3"
        ],
        "text": "إِنَّ عِبَادِى لَيْسَ لَكَ عَلَيْهِمْ سُلْطَٰنٌۭ ۚ وَكَفَىٰ بِرَبِّكَ وَكِيلًۭا",
        "numberInSurah": 65,
        "juz": 15,
        "manzil": 4,
        "page": 288,
        "ruku": 246,
        "hizbQuarter": 115,
        "sajda": false,
        "audioArabic": [
          "https://cdn.jsdelivr.net/gh/Salimbd71/ArabicQuran@main/17/65.mp3"
        ],
        "audioBangla": [
          "https://cdn.jsdelivr.net/gh/Salimbd71/BanglaQuran@main/17/65.mp3"
        ]
      },
      {
        "number": 2095,
        "audio": "https://everyayah.com/data/Saood_ash-Shuraym_64kbps/017066.mp3",
        "audioSecondary": [
          "https://cdn.islamic.network/quran/audio/64/ar.shaatree/2095.mp3"
        ],
        "text": "رَّبُّكُمُ ٱلَّذِى يُزْجِى لَكُمُ ٱلْفُلْكَ فِى ٱلْبَحْرِ لِتَبْتَغُوا۟ مِن فَضْلِهِۦٓ ۚ إِنَّهُۥ كَانَ بِكُمْ رَحِيمًۭا",
        "numberInSurah": 66,
        "juz": 15,
        "manzil": 4,
        "page": 288,
        "ruku": 246,
        "hizbQuarter": 115,
        "sajda": false,
        "audioArabic": [
          "https://cdn.jsdelivr.net/gh/Salimbd71/ArabicQuran@main/17/66.mp3"
        ],
        "audioBangla": [
          "https://cdn.jsdelivr.net/gh/Salimbd71/BanglaQuran@main/17/66.mp3"
        ]
      },
      {
        "number": 2096,
        "audio": "https://everyayah.com/data/Saood_ash-Shuraym_64kbps/017067.mp3",
        "audioSecondary": [
          "https://cdn.islamic.network/quran/audio/64/ar.shaatree/2096.mp3"
        ],
        "text": "وَإِذَا مَسَّكُمُ ٱلضُّرُّ فِى ٱلْبَحْرِ ضَلَّ مَن تَدْعُونَ إِلَّآ إِيَّاهُ ۖ فَلَمَّا نَجَّىٰكُمْ إِلَى ٱلْبَرِّ أَعْرَضْتُمْ ۚ وَكَانَ ٱلْإِنسَٰنُ كَفُورًا",
        "numberInSurah": 67,
        "juz": 15,
        "manzil": 4,
        "page": 289,
        "ruku": 246,
        "hizbQuarter": 115,
        "sajda": false,
        "audioArabic": [
          "https://cdn.jsdelivr.net/gh/Salimbd71/ArabicQuran@main/17/67.mp3"
        ],
        "audioBangla": [
          "https://cdn.jsdelivr.net/gh/Salimbd71/BanglaQuran@main/17/67.mp3"
        ]
      },
      {
        "number": 2097,
        "audio": "https://everyayah.com/data/Saood_ash-Shuraym_64kbps/017068.mp3",
        "audioSecondary": [
          "https://cdn.islamic.network/quran/audio/64/ar.shaatree/2097.mp3"
        ],
        "text": "أَفَأَمِنتُمْ أَن يَخْسِفَ بِكُمْ جَانِبَ ٱلْبَرِّ أَوْ يُرْسِلَ عَلَيْكُمْ حَاصِبًۭا ثُمَّ لَا تَجِدُوا۟ لَكُمْ وَكِيلًا",
        "numberInSurah": 68,
        "juz": 15,
        "manzil": 4,
        "page": 289,
        "ruku": 246,
        "hizbQuarter": 115,
        "sajda": false,
        "audioArabic": [
          "https://cdn.jsdelivr.net/gh/Salimbd71/ArabicQuran@main/17/68.mp3"
        ],
        "audioBangla": [
          "https://cdn.jsdelivr.net/gh/Salimbd71/BanglaQuran@main/17/68.mp3"
        ]
      },
      {
        "number": 2098,
        "audio": "https://everyayah.com/data/Saood_ash-Shuraym_64kbps/017069.mp3",
        "audioSecondary": [
          "https://cdn.islamic.network/quran/audio/64/ar.shaatree/2098.mp3"
        ],
        "text": "أَمْ أَمِنتُمْ أَن يُعِيدَكُمْ فِيهِ تَارَةً أُخْرَىٰ فَيُرْسِلَ عَلَيْكُمْ قَاصِفًۭا مِّنَ ٱلرِّيحِ فَيُغْرِقَكُم بِمَا كَفَرْتُمْ ۙ ثُمَّ لَا تَجِدُوا۟ لَكُمْ عَلَيْنَا بِهِۦ تَبِيعًۭا",
        "numberInSurah": 69,
        "juz": 15,
        "manzil": 4,
        "page": 289,
        "ruku": 246,
        "hizbQuarter": 115,
        "sajda": false,
        "audioArabic": [
          "https://cdn.jsdelivr.net/gh/Salimbd71/ArabicQuran@main/17/69.mp3"
        ],
        "audioBangla": [
          "https://cdn.jsdelivr.net/gh/Salimbd71/BanglaQuran@main/17/69.mp3"
        ]
      },
      {
        "number": 2099,
        "audio": "https://everyayah.com/data/Saood_ash-Shuraym_64kbps/017070.mp3",
        "audioSecondary": [
          "https://cdn.islamic.network/quran/audio/64/ar.shaatree/2099.mp3"
        ],
        "text": "۞ وَلَقَدْ كَرَّمْنَا بَنِىٓ ءَادَمَ وَحَمَلْنَٰهُمْ فِى ٱلْبَرِّ وَٱلْبَحْرِ وَرَزَقْنَٰهُم مِّنَ ٱلطَّيِّبَٰتِ وَفَضَّلْنَٰهُمْ عَلَىٰ كَثِيرٍۢ مِّمَّنْ خَلَقْنَا تَفْضِيلًۭا",
        "numberInSurah": 70,
        "juz": 15,
        "manzil": 4,
        "page": 289,
        "ruku": 246,
        "hizbQuarter": 116,
        "sajda": false,
        "audioArabic": [
          "https://cdn.jsdelivr.net/gh/Salimbd71/ArabicQuran@main/17/70.mp3"
        ],
        "audioBangla": [
          "https://cdn.jsdelivr.net/gh/Salimbd71/BanglaQuran@main/17/70.mp3"
        ]
      },
      {
        "number": 2100,
        "audio": "https://everyayah.com/data/Saood_ash-Shuraym_64kbps/017071.mp3",
        "audioSecondary": [
          "https://cdn.islamic.network/quran/audio/64/ar.shaatree/2100.mp3"
        ],
        "text": "يَوْمَ نَدْعُوا۟ كُلَّ أُنَاسٍۭ بِإِمَٰمِهِمْ ۖ فَمَنْ أُوتِىَ كِتَٰبَهُۥ بِيَمِينِهِۦ فَأُو۟لَٰٓئِكَ يَقْرَءُونَ كِتَٰبَهُمْ وَلَا يُظْلَمُونَ فَتِيلًۭا",
        "numberInSurah": 71,
        "juz": 15,
        "manzil": 4,
        "page": 289,
        "ruku": 247,
        "hizbQuarter": 116,
        "sajda": false,
        "audioArabic": [
          "https://cdn.jsdelivr.net/gh/Salimbd71/ArabicQuran@main/17/71.mp3"
        ],
        "audioBangla": [
          "https://cdn.jsdelivr.net/gh/Salimbd71/BanglaQuran@main/17/71.mp3"
        ]
      },
      {
        "number": 2101,
        "audio": "https://everyayah.com/data/Saood_ash-Shuraym_64kbps/017072.mp3",
        "audioSecondary": [
          "https://cdn.islamic.network/quran/audio/64/ar.shaatree/2101.mp3"
        ],
        "text": "وَمَن كَانَ فِى هَٰذِهِۦٓ أَعْمَىٰ فَهُوَ فِى ٱلْءَاخِرَةِ أَعْمَىٰ وَأَضَلُّ سَبِيلًۭا",
        "numberInSurah": 72,
        "juz": 15,
        "manzil": 4,
        "page": 289,
        "ruku": 247,
        "hizbQuarter": 116,
        "sajda": false,
        "audioArabic": [
          "https://cdn.jsdelivr.net/gh/Salimbd71/ArabicQuran@main/17/72.mp3"
        ],
        "audioBangla": [
          "https://cdn.jsdelivr.net/gh/Salimbd71/BanglaQuran@main/17/72.mp3"
        ]
      },
      {
        "number": 2102,
        "audio": "https://everyayah.com/data/Saood_ash-Shuraym_64kbps/017073.mp3",
        "audioSecondary": [
          "https://cdn.islamic.network/quran/audio/64/ar.shaatree/2102.mp3"
        ],
        "text": "وَإِن كَادُوا۟ لَيَفْتِنُونَكَ عَنِ ٱلَّذِىٓ أَوْحَيْنَآ إِلَيْكَ لِتَفْتَرِىَ عَلَيْنَا غَيْرَهُۥ ۖ وَإِذًۭا لَّٱتَّخَذُوكَ خَلِيلًۭا",
        "numberInSurah": 73,
        "juz": 15,
        "manzil": 4,
        "page": 289,
        "ruku": 247,
        "hizbQuarter": 116,
        "sajda": false,
        "audioArabic": [
          "https://cdn.jsdelivr.net/gh/Salimbd71/ArabicQuran@main/17/73.mp3"
        ],
        "audioBangla": [
          "https://cdn.jsdelivr.net/gh/Salimbd71/BanglaQuran@main/17/73.mp3"
        ]
      },
      {
        "number": 2103,
        "audio": "https://everyayah.com/data/Saood_ash-Shuraym_64kbps/017074.mp3",
        "audioSecondary": [
          "https://cdn.islamic.network/quran/audio/64/ar.shaatree/2103.mp3"
        ],
        "text": "وَلَوْلَآ أَن ثَبَّتْنَٰكَ لَقَدْ كِدتَّ تَرْكَنُ إِلَيْهِمْ شَيْـًۭٔا قَلِيلًا",
        "numberInSurah": 74,
        "juz": 15,
        "manzil": 4,
        "page": 289,
        "ruku": 247,
        "hizbQuarter": 116,
        "sajda": false,
        "audioArabic": [
          "https://cdn.jsdelivr.net/gh/Salimbd71/ArabicQuran@main/17/74.mp3"
        ],
        "audioBangla": [
          "https://cdn.jsdelivr.net/gh/Salimbd71/BanglaQuran@main/17/74.mp3"
        ]
      },
      {
        "number": 2104,
        "audio": "https://everyayah.com/data/Saood_ash-Shuraym_64kbps/017075.mp3",
        "audioSecondary": [
          "https://cdn.islamic.network/quran/audio/64/ar.shaatree/2104.mp3"
        ],
        "text": "إِذًۭا لَّأَذَقْنَٰكَ ضِعْفَ ٱلْحَيَوٰةِ وَضِعْفَ ٱلْمَمَاتِ ثُمَّ لَا تَجِدُ لَكَ عَلَيْنَا نَصِيرًۭا",
        "numberInSurah": 75,
        "juz": 15,
        "manzil": 4,
        "page": 289,
        "ruku": 247,
        "hizbQuarter": 116,
        "sajda": false,
        "audioArabic": [
          "https://cdn.jsdelivr.net/gh/Salimbd71/ArabicQuran@main/17/75.mp3"
        ],
        "audioBangla": [
          "https://cdn.jsdelivr.net/gh/Salimbd71/BanglaQuran@main/17/75.mp3"
        ]
      },
      {
        "number": 2105,
        "audio": "https://everyayah.com/data/Saood_ash-Shuraym_64kbps/017076.mp3",
        "audioSecondary": [
          "https://cdn.islamic.network/quran/audio/64/ar.shaatree/2105.mp3"
        ],
        "text": "وَإِن كَادُوا۟ لَيَسْتَفِزُّونَكَ مِنَ ٱلْأَرْضِ لِيُخْرِجُوكَ مِنْهَا ۖ وَإِذًۭا لَّا يَلْبَثُونَ خِلَٰفَكَ إِلَّا قَلِيلًۭا",
        "numberInSurah": 76,
        "juz": 15,
        "manzil": 4,
        "page": 290,
        "ruku": 247,
        "hizbQuarter": 116,
        "sajda": false,
        "audioArabic": [
          "https://cdn.jsdelivr.net/gh/Salimbd71/ArabicQuran@main/17/76.mp3"
        ],
        "audioBangla": [
          "https://cdn.jsdelivr.net/gh/Salimbd71/BanglaQuran@main/17/76.mp3"
        ]
      },
      {
        "number": 2106,
        "audio": "https://everyayah.com/data/Saood_ash-Shuraym_64kbps/017077.mp3",
        "audioSecondary": [
          "https://cdn.islamic.network/quran/audio/64/ar.shaatree/2106.mp3"
        ],
        "text": "سُنَّةَ مَن قَدْ أَرْسَلْنَا قَبْلَكَ مِن رُّسُلِنَا ۖ وَلَا تَجِدُ لِسُنَّتِنَا تَحْوِيلًا",
        "numberInSurah": 77,
        "juz": 15,
        "manzil": 4,
        "page": 290,
        "ruku": 247,
        "hizbQuarter": 116,
        "sajda": false,
        "audioArabic": [
          "https://cdn.jsdelivr.net/gh/Salimbd71/ArabicQuran@main/17/77.mp3"
        ],
        "audioBangla": [
          "https://cdn.jsdelivr.net/gh/Salimbd71/BanglaQuran@main/17/77.mp3"
        ]
      },
      {
        "number": 2107,
        "audio": "https://everyayah.com/data/Saood_ash-Shuraym_64kbps/017078.mp3",
        "audioSecondary": [
          "https://cdn.islamic.network/quran/audio/64/ar.shaatree/2107.mp3"
        ],
        "text": "أَقِمِ ٱلصَّلَوٰةَ لِدُلُوكِ ٱلشَّمْسِ إِلَىٰ غَسَقِ ٱلَّيْلِ وَقُرْءَانَ ٱلْفَجْرِ ۖ إِنَّ قُرْءَانَ ٱلْفَجْرِ كَانَ مَشْهُودًۭا",
        "numberInSurah": 78,
        "juz": 15,
        "manzil": 4,
        "page": 290,
        "ruku": 248,
        "hizbQuarter": 116,
        "sajda": false,
        "audioArabic": [
          "https://cdn.jsdelivr.net/gh/Salimbd71/ArabicQuran@main/17/78.mp3"
        ],
        "audioBangla": [
          "https://cdn.jsdelivr.net/gh/Salimbd71/BanglaQuran@main/17/78.mp3"
        ]
      },
      {
        "number": 2108,
        "audio": "https://everyayah.com/data/Saood_ash-Shuraym_64kbps/017079.mp3",
        "audioSecondary": [
          "https://cdn.islamic.network/quran/audio/64/ar.shaatree/2108.mp3"
        ],
        "text": "وَمِنَ ٱلَّيْلِ فَتَهَجَّدْ بِهِۦ نَافِلَةًۭ لَّكَ عَسَىٰٓ أَن يَبْعَثَكَ رَبُّكَ مَقَامًۭا مَّحْمُودًۭا",
        "numberInSurah": 79,
        "juz": 15,
        "manzil": 4,
        "page": 290,
        "ruku": 248,
        "hizbQuarter": 116,
        "sajda": false,
        "audioArabic": [
          "https://cdn.jsdelivr.net/gh/Salimbd71/ArabicQuran@main/17/79.mp3"
        ],
        "audioBangla": [
          "https://cdn.jsdelivr.net/gh/Salimbd71/BanglaQuran@main/17/79.mp3"
        ]
      },
      {
        "number": 2109,
        "audio": "https://everyayah.com/data/Saood_ash-Shuraym_64kbps/017080.mp3",
        "audioSecondary": [
          "https://cdn.islamic.network/quran/audio/64/ar.shaatree/2109.mp3"
        ],
        "text": "وَقُل رَّبِّ أَدْخِلْنِى مُدْخَلَ صِدْقٍۢ وَأَخْرِجْنِى مُخْرَجَ صِدْقٍۢ وَٱجْعَل لِّى مِن لَّدُنكَ سُلْطَٰنًۭا نَّصِيرًۭا",
        "numberInSurah": 80,
        "juz": 15,
        "manzil": 4,
        "page": 290,
        "ruku": 248,
        "hizbQuarter": 116,
        "sajda": false,
        "audioArabic": [
          "https://cdn.jsdelivr.net/gh/Salimbd71/ArabicQuran@main/17/80.mp3"
        ],
        "audioBangla": [
          "https://cdn.jsdelivr.net/gh/Salimbd71/BanglaQuran@main/17/80.mp3"
        ]
      },
      {
        "number": 2110,
        "audio": "https://everyayah.com/data/Saood_ash-Shuraym_64kbps/017081.mp3",
        "audioSecondary": [
          "https://cdn.islamic.network/quran/audio/64/ar.shaatree/2110.mp3"
        ],
        "text": "وَقُلْ جَآءَ ٱلْحَقُّ وَزَهَقَ ٱلْبَٰطِلُ ۚ إِنَّ ٱلْبَٰطِلَ كَانَ زَهُوقًۭا",
        "numberInSurah": 81,
        "juz": 15,
        "manzil": 4,
        "page": 290,
        "ruku": 248,
        "hizbQuarter": 116,
        "sajda": false,
        "audioArabic": [
          "https://cdn.jsdelivr.net/gh/Salimbd71/ArabicQuran@main/17/81.mp3"
        ],
        "audioBangla": [
          "https://cdn.jsdelivr.net/gh/Salimbd71/BanglaQuran@main/17/81.mp3"
        ]
      },
      {
        "number": 2111,
        "audio": "https://everyayah.com/data/Saood_ash-Shuraym_64kbps/017082.mp3",
        "audioSecondary": [
          "https://cdn.islamic.network/quran/audio/64/ar.shaatree/2111.mp3"
        ],
        "text": "وَنُنَزِّلُ مِنَ ٱلْقُرْءَانِ مَا هُوَ شِفَآءٌۭ وَرَحْمَةٌۭ لِّلْمُؤْمِنِينَ ۙ وَلَا يَزِيدُ ٱلظَّٰلِمِينَ إِلَّا خَسَارًۭا",
        "numberInSurah": 82,
        "juz": 15,
        "manzil": 4,
        "page": 290,
        "ruku": 248,
        "hizbQuarter": 116,
        "sajda": false,
        "audioArabic": [
          "https://cdn.jsdelivr.net/gh/Salimbd71/ArabicQuran@main/17/82.mp3"
        ],
        "audioBangla": [
          "https://cdn.jsdelivr.net/gh/Salimbd71/BanglaQuran@main/17/82.mp3"
        ]
      },
      {
        "number": 2112,
        "audio": "https://everyayah.com/data/Saood_ash-Shuraym_64kbps/017083.mp3",
        "audioSecondary": [
          "https://cdn.islamic.network/quran/audio/64/ar.shaatree/2112.mp3"
        ],
        "text": "وَإِذَآ أَنْعَمْنَا عَلَى ٱلْإِنسَٰنِ أَعْرَضَ وَنَـَٔا بِجَانِبِهِۦ ۖ وَإِذَا مَسَّهُ ٱلشَّرُّ كَانَ يَـُٔوسًۭا",
        "numberInSurah": 83,
        "juz": 15,
        "manzil": 4,
        "page": 290,
        "ruku": 248,
        "hizbQuarter": 116,
        "sajda": false,
        "audioArabic": [
          "https://cdn.jsdelivr.net/gh/Salimbd71/ArabicQuran@main/17/83.mp3"
        ],
        "audioBangla": [
          "https://cdn.jsdelivr.net/gh/Salimbd71/BanglaQuran@main/17/83.mp3"
        ]
      },
      {
        "number": 2113,
        "audio": "https://everyayah.com/data/Saood_ash-Shuraym_64kbps/017084.mp3",
        "audioSecondary": [
          "https://cdn.islamic.network/quran/audio/64/ar.shaatree/2113.mp3"
        ],
        "text": "قُلْ كُلٌّۭ يَعْمَلُ عَلَىٰ شَاكِلَتِهِۦ فَرَبُّكُمْ أَعْلَمُ بِمَنْ هُوَ أَهْدَىٰ سَبِيلًۭا",
        "numberInSurah": 84,
        "juz": 15,
        "manzil": 4,
        "page": 290,
        "ruku": 248,
        "hizbQuarter": 116,
        "sajda": false,
        "audioArabic": [
          "https://cdn.jsdelivr.net/gh/Salimbd71/ArabicQuran@main/17/84.mp3"
        ],
        "audioBangla": [
          "https://cdn.jsdelivr.net/gh/Salimbd71/BanglaQuran@main/17/84.mp3"
        ]
      },
      {
        "number": 2114,
        "audio": "https://everyayah.com/data/Saood_ash-Shuraym_64kbps/017085.mp3",
        "audioSecondary": [
          "https://cdn.islamic.network/quran/audio/64/ar.shaatree/2114.mp3"
        ],
        "text": "وَيَسْـَٔلُونَكَ عَنِ ٱلرُّوحِ ۖ قُلِ ٱلرُّوحُ مِنْ أَمْرِ رَبِّى وَمَآ أُوتِيتُم مِّنَ ٱلْعِلْمِ إِلَّا قَلِيلًۭا",
        "numberInSurah": 85,
        "juz": 15,
        "manzil": 4,
        "page": 290,
        "ruku": 249,
        "hizbQuarter": 116,
        "sajda": false,
        "audioArabic": [
          "https://cdn.jsdelivr.net/gh/Salimbd71/ArabicQuran@main/17/85.mp3"
        ],
        "audioBangla": [
          "https://cdn.jsdelivr.net/gh/Salimbd71/BanglaQuran@main/17/85.mp3"
        ]
      },
      {
        "number": 2115,
        "audio": "https://everyayah.com/data/Saood_ash-Shuraym_64kbps/017086.mp3",
        "audioSecondary": [
          "https://cdn.islamic.network/quran/audio/64/ar.shaatree/2115.mp3"
        ],
        "text": "وَلَئِن شِئْنَا لَنَذْهَبَنَّ بِٱلَّذِىٓ أَوْحَيْنَآ إِلَيْكَ ثُمَّ لَا تَجِدُ لَكَ بِهِۦ عَلَيْنَا وَكِيلًا",
        "numberInSurah": 86,
        "juz": 15,
        "manzil": 4,
        "page": 290,
        "ruku": 249,
        "hizbQuarter": 116,
        "sajda": false,
        "audioArabic": [
          "https://cdn.jsdelivr.net/gh/Salimbd71/ArabicQuran@main/17/86.mp3"
        ],
        "audioBangla": [
          "https://cdn.jsdelivr.net/gh/Salimbd71/BanglaQuran@main/17/86.mp3"
        ]
      },
      {
        "number": 2116,
        "audio": "https://everyayah.com/data/Saood_ash-Shuraym_64kbps/017087.mp3",
        "audioSecondary": [
          "https://cdn.islamic.network/quran/audio/64/ar.shaatree/2116.mp3"
        ],
        "text": "إِلَّا رَحْمَةًۭ مِّن رَّبِّكَ ۚ إِنَّ فَضْلَهُۥ كَانَ عَلَيْكَ كَبِيرًۭا",
        "numberInSurah": 87,
        "juz": 15,
        "manzil": 4,
        "page": 291,
        "ruku": 249,
        "hizbQuarter": 116,
        "sajda": false,
        "audioArabic": [
          "https://cdn.jsdelivr.net/gh/Salimbd71/ArabicQuran@main/17/87.mp3"
        ],
        "audioBangla": [
          "https://cdn.jsdelivr.net/gh/Salimbd71/BanglaQuran@main/17/87.mp3"
        ]
      },
      {
        "number": 2117,
        "audio": "https://everyayah.com/data/Saood_ash-Shuraym_64kbps/017088.mp3",
        "audioSecondary": [
          "https://cdn.islamic.network/quran/audio/64/ar.shaatree/2117.mp3"
        ],
        "text": "قُل لَّئِنِ ٱجْتَمَعَتِ ٱلْإِنسُ وَٱلْجِنُّ عَلَىٰٓ أَن يَأْتُوا۟ بِمِثْلِ هَٰذَا ٱلْقُرْءَانِ لَا يَأْتُونَ بِمِثْلِهِۦ وَلَوْ كَانَ بَعْضُهُمْ لِبَعْضٍۢ ظَهِيرًۭا",
        "numberInSurah": 88,
        "juz": 15,
        "manzil": 4,
        "page": 291,
        "ruku": 249,
        "hizbQuarter": 116,
        "sajda": false,
        "audioArabic": [
          "https://cdn.jsdelivr.net/gh/Salimbd71/ArabicQuran@main/17/88.mp3"
        ],
        "audioBangla": [
          "https://cdn.jsdelivr.net/gh/Salimbd71/BanglaQuran@main/17/88.mp3"
        ]
      },
      {
        "number": 2118,
        "audio": "https://everyayah.com/data/Saood_ash-Shuraym_64kbps/017089.mp3",
        "audioSecondary": [
          "https://cdn.islamic.network/quran/audio/64/ar.shaatree/2118.mp3"
        ],
        "text": "وَلَقَدْ صَرَّفْنَا لِلنَّاسِ فِى هَٰذَا ٱلْقُرْءَانِ مِن كُلِّ مَثَلٍۢ فَأَبَىٰٓ أَكْثَرُ ٱلنَّاسِ إِلَّا كُفُورًۭا",
        "numberInSurah": 89,
        "juz": 15,
        "manzil": 4,
        "page": 291,
        "ruku": 249,
        "hizbQuarter": 116,
        "sajda": false,
        "audioArabic": [
          "https://cdn.jsdelivr.net/gh/Salimbd71/ArabicQuran@main/17/89.mp3"
        ],
        "audioBangla": [
          "https://cdn.jsdelivr.net/gh/Salimbd71/BanglaQuran@main/17/89.mp3"
        ]
      },
      {
        "number": 2119,
        "audio": "https://everyayah.com/data/Saood_ash-Shuraym_64kbps/017090.mp3",
        "audioSecondary": [
          "https://cdn.islamic.network/quran/audio/64/ar.shaatree/2119.mp3"
        ],
        "text": "وَقَالُوا۟ لَن نُّؤْمِنَ لَكَ حَتَّىٰ تَفْجُرَ لَنَا مِنَ ٱلْأَرْضِ يَنۢبُوعًا",
        "numberInSurah": 90,
        "juz": 15,
        "manzil": 4,
        "page": 291,
        "ruku": 249,
        "hizbQuarter": 116,
        "sajda": false,
        "audioArabic": [
          "https://cdn.jsdelivr.net/gh/Salimbd71/ArabicQuran@main/17/90.mp3"
        ],
        "audioBangla": [
          "https://cdn.jsdelivr.net/gh/Salimbd71/BanglaQuran@main/17/90.mp3"
        ]
      },
      {
        "number": 2120,
        "audio": "https://everyayah.com/data/Saood_ash-Shuraym_64kbps/017091.mp3",
        "audioSecondary": [
          "https://cdn.islamic.network/quran/audio/64/ar.shaatree/2120.mp3"
        ],
        "text": "أَوْ تَكُونَ لَكَ جَنَّةٌۭ مِّن نَّخِيلٍۢ وَعِنَبٍۢ فَتُفَجِّرَ ٱلْأَنْهَٰرَ خِلَٰلَهَا تَفْجِيرًا",
        "numberInSurah": 91,
        "juz": 15,
        "manzil": 4,
        "page": 291,
        "ruku": 249,
        "hizbQuarter": 116,
        "sajda": false,
        "audioArabic": [
          "https://cdn.jsdelivr.net/gh/Salimbd71/ArabicQuran@main/17/91.mp3"
        ],
        "audioBangla": [
          "https://cdn.jsdelivr.net/gh/Salimbd71/BanglaQuran@main/17/91.mp3"
        ]
      },
      {
        "number": 2121,
        "audio": "https://everyayah.com/data/Saood_ash-Shuraym_64kbps/017092.mp3",
        "audioSecondary": [
          "https://cdn.islamic.network/quran/audio/64/ar.shaatree/2121.mp3"
        ],
        "text": "أَوْ تُسْقِطَ ٱلسَّمَآءَ كَمَا زَعَمْتَ عَلَيْنَا كِسَفًا أَوْ تَأْتِىَ بِٱللَّهِ وَٱلْمَلَٰٓئِكَةِ قَبِيلًا",
        "numberInSurah": 92,
        "juz": 15,
        "manzil": 4,
        "page": 291,
        "ruku": 249,
        "hizbQuarter": 116,
        "sajda": false,
        "audioArabic": [
          "https://cdn.jsdelivr.net/gh/Salimbd71/ArabicQuran@main/17/92.mp3"
        ],
        "audioBangla": [
          "https://cdn.jsdelivr.net/gh/Salimbd71/BanglaQuran@main/17/92.mp3"
        ]
      },
      {
        "number": 2122,
        "audio": "https://everyayah.com/data/Saood_ash-Shuraym_64kbps/017093.mp3",
        "audioSecondary": [
          "https://cdn.islamic.network/quran/audio/64/ar.shaatree/2122.mp3"
        ],
        "text": "أَوْ يَكُونَ لَكَ بَيْتٌۭ مِّن زُخْرُفٍ أَوْ تَرْقَىٰ فِى ٱلسَّمَآءِ وَلَن نُّؤْمِنَ لِرُقِيِّكَ حَتَّىٰ تُنَزِّلَ عَلَيْنَا كِتَٰبًۭا نَّقْرَؤُهُۥ ۗ قُلْ سُبْحَانَ رَبِّى هَلْ كُنتُ إِلَّا بَشَرًۭا رَّسُولًۭا",
        "numberInSurah": 93,
        "juz": 15,
        "manzil": 4,
        "page": 291,
        "ruku": 249,
        "hizbQuarter": 116,
        "sajda": false,
        "audioArabic": [
          "https://cdn.jsdelivr.net/gh/Salimbd71/ArabicQuran@main/17/93.mp3"
        ],
        "audioBangla": [
          "https://cdn.jsdelivr.net/gh/Salimbd71/BanglaQuran@main/17/93.mp3"
        ]
      },
      {
        "number": 2123,
        "audio": "https://everyayah.com/data/Saood_ash-Shuraym_64kbps/017094.mp3",
        "audioSecondary": [
          "https://cdn.islamic.network/quran/audio/64/ar.shaatree/2123.mp3"
        ],
        "text": "وَمَا مَنَعَ ٱلنَّاسَ أَن يُؤْمِنُوٓا۟ إِذْ جَآءَهُمُ ٱلْهُدَىٰٓ إِلَّآ أَن قَالُوٓا۟ أَبَعَثَ ٱللَّهُ بَشَرًۭا رَّسُولًۭا",
        "numberInSurah": 94,
        "juz": 15,
        "manzil": 4,
        "page": 291,
        "ruku": 250,
        "hizbQuarter": 116,
        "sajda": false,
        "audioArabic": [
          "https://cdn.jsdelivr.net/gh/Salimbd71/ArabicQuran@main/17/94.mp3"
        ],
        "audioBangla": [
          "https://cdn.jsdelivr.net/gh/Salimbd71/BanglaQuran@main/17/94.mp3"
        ]
      },
      {
        "number": 2124,
        "audio": "https://everyayah.com/data/Saood_ash-Shuraym_64kbps/017095.mp3",
        "audioSecondary": [
          "https://cdn.islamic.network/quran/audio/64/ar.shaatree/2124.mp3"
        ],
        "text": "قُل لَّوْ كَانَ فِى ٱلْأَرْضِ مَلَٰٓئِكَةٌۭ يَمْشُونَ مُطْمَئِنِّينَ لَنَزَّلْنَا عَلَيْهِم مِّنَ ٱلسَّمَآءِ مَلَكًۭا رَّسُولًۭا",
        "numberInSurah": 95,
        "juz": 15,
        "manzil": 4,
        "page": 291,
        "ruku": 250,
        "hizbQuarter": 116,
        "sajda": false,
        "audioArabic": [
          "https://cdn.jsdelivr.net/gh/Salimbd71/ArabicQuran@main/17/95.mp3"
        ],
        "audioBangla": [
          "https://cdn.jsdelivr.net/gh/Salimbd71/BanglaQuran@main/17/95.mp3"
        ]
      },
      {
        "number": 2125,
        "audio": "https://everyayah.com/data/Saood_ash-Shuraym_64kbps/017096.mp3",
        "audioSecondary": [
          "https://cdn.islamic.network/quran/audio/64/ar.shaatree/2125.mp3"
        ],
        "text": "قُلْ كَفَىٰ بِٱللَّهِ شَهِيدًۢا بَيْنِى وَبَيْنَكُمْ ۚ إِنَّهُۥ كَانَ بِعِبَادِهِۦ خَبِيرًۢا بَصِيرًۭا",
        "numberInSurah": 96,
        "juz": 15,
        "manzil": 4,
        "page": 291,
        "ruku": 250,
        "hizbQuarter": 116,
        "sajda": false,
        "audioArabic": [
          "https://cdn.jsdelivr.net/gh/Salimbd71/ArabicQuran@main/17/96.mp3"
        ],
        "audioBangla": [
          "https://cdn.jsdelivr.net/gh/Salimbd71/BanglaQuran@main/17/96.mp3"
        ]
      },
      {
        "number": 2126,
        "audio": "https://everyayah.com/data/Saood_ash-Shuraym_64kbps/017097.mp3",
        "audioSecondary": [
          "https://cdn.islamic.network/quran/audio/64/ar.shaatree/2126.mp3"
        ],
        "text": "وَمَن يَهْدِ ٱللَّهُ فَهُوَ ٱلْمُهْتَدِ ۖ وَمَن يُضْلِلْ فَلَن تَجِدَ لَهُمْ أَوْلِيَآءَ مِن دُونِهِۦ ۖ وَنَحْشُرُهُمْ يَوْمَ ٱلْقِيَٰمَةِ عَلَىٰ وُجُوهِهِمْ عُمْيًۭا وَبُكْمًۭا وَصُمًّۭا ۖ مَّأْوَىٰهُمْ جَهَنَّمُ ۖ كُلَّمَا خَبَتْ زِدْنَٰهُمْ سَعِيرًۭا",
        "numberInSurah": 97,
        "juz": 15,
        "manzil": 4,
        "page": 292,
        "ruku": 250,
        "hizbQuarter": 116,
        "sajda": false,
        "audioArabic": [
          "https://cdn.jsdelivr.net/gh/Salimbd71/ArabicQuran@main/17/97.mp3"
        ],
        "audioBangla": [
          "https://cdn.jsdelivr.net/gh/Salimbd71/BanglaQuran@main/17/97.mp3"
        ]
      },
      {
        "number": 2127,
        "audio": "https://everyayah.com/data/Saood_ash-Shuraym_64kbps/017098.mp3",
        "audioSecondary": [
          "https://cdn.islamic.network/quran/audio/64/ar.shaatree/2127.mp3"
        ],
        "text": "ذَٰلِكَ جَزَآؤُهُم بِأَنَّهُمْ كَفَرُوا۟ بِـَٔايَٰتِنَا وَقَالُوٓا۟ أَءِذَا كُنَّا عِظَٰمًۭا وَرُفَٰتًا أَءِنَّا لَمَبْعُوثُونَ خَلْقًۭا جَدِيدًا",
        "numberInSurah": 98,
        "juz": 15,
        "manzil": 4,
        "page": 292,
        "ruku": 250,
        "hizbQuarter": 116,
        "sajda": false,
        "audioArabic": [
          "https://cdn.jsdelivr.net/gh/Salimbd71/ArabicQuran@main/17/98.mp3"
        ],
        "audioBangla": [
          "https://cdn.jsdelivr.net/gh/Salimbd71/BanglaQuran@main/17/98.mp3"
        ]
      },
      {
        "number": 2128,
        "audio": "https://everyayah.com/data/Saood_ash-Shuraym_64kbps/017099.mp3",
        "audioSecondary": [
          "https://cdn.islamic.network/quran/audio/64/ar.shaatree/2128.mp3"
        ],
        "text": "۞ أَوَلَمْ يَرَوْا۟ أَنَّ ٱللَّهَ ٱلَّذِى خَلَقَ ٱلسَّمَٰوَٰتِ وَٱلْأَرْضَ قَادِرٌ عَلَىٰٓ أَن يَخْلُقَ مِثْلَهُمْ وَجَعَلَ لَهُمْ أَجَلًۭا لَّا رَيْبَ فِيهِ فَأَبَى ٱلظَّٰلِمُونَ إِلَّا كُفُورًۭا",
        "numberInSurah": 99,
        "juz": 15,
        "manzil": 4,
        "page": 292,
        "ruku": 250,
        "hizbQuarter": 117,
        "sajda": false,
        "audioArabic": [
          "https://cdn.jsdelivr.net/gh/Salimbd71/ArabicQuran@main/17/99.mp3"
        ],
        "audioBangla": [
          "https://cdn.jsdelivr.net/gh/Salimbd71/BanglaQuran@main/17/99.mp3"
        ]
      },
      {
        "number": 2129,
        "audio": "https://everyayah.com/data/Saood_ash-Shuraym_64kbps/017100.mp3",
        "audioSecondary": [
          "https://cdn.islamic.network/quran/audio/64/ar.shaatree/2129.mp3"
        ],
        "text": "قُل لَّوْ أَنتُمْ تَمْلِكُونَ خَزَآئِنَ رَحْمَةِ رَبِّىٓ إِذًۭا لَّأَمْسَكْتُمْ خَشْيَةَ ٱلْإِنفَاقِ ۚ وَكَانَ ٱلْإِنسَٰنُ قَتُورًۭا",
        "numberInSurah": 100,
        "juz": 15,
        "manzil": 4,
        "page": 292,
        "ruku": 250,
        "hizbQuarter": 117,
        "sajda": false,
        "audioArabic": [
          "https://cdn.jsdelivr.net/gh/Salimbd71/ArabicQuran@main/17/100.mp3"
        ],
        "audioBangla": [
          "https://cdn.jsdelivr.net/gh/Salimbd71/BanglaQuran@main/17/100.mp3"
        ]
      },
      {
        "number": 2130,
        "audio": "https://everyayah.com/data/Saood_ash-Shuraym_64kbps/017101.mp3",
        "audioSecondary": [
          "https://cdn.islamic.network/quran/audio/64/ar.shaatree/2130.mp3"
        ],
        "text": "وَلَقَدْ ءَاتَيْنَا مُوسَىٰ تِسْعَ ءَايَٰتٍۭ بَيِّنَٰتٍۢ ۖ فَسْـَٔلْ بَنِىٓ إِسْرَٰٓءِيلَ إِذْ جَآءَهُمْ فَقَالَ لَهُۥ فِرْعَوْنُ إِنِّى لَأَظُنُّكَ يَٰمُوسَىٰ مَسْحُورًۭا",
        "numberInSurah": 101,
        "juz": 15,
        "manzil": 4,
        "page": 292,
        "ruku": 251,
        "hizbQuarter": 117,
        "sajda": false,
        "audioArabic": [
          "https://cdn.jsdelivr.net/gh/Salimbd71/ArabicQuran@main/17/101.mp3"
        ],
        "audioBangla": [
          "https://cdn.jsdelivr.net/gh/Salimbd71/BanglaQuran@main/17/101.mp3"
        ]
      },
      {
        "number": 2131,
        "audio": "https://everyayah.com/data/Saood_ash-Shuraym_64kbps/017102.mp3",
        "audioSecondary": [
          "https://cdn.islamic.network/quran/audio/64/ar.shaatree/2131.mp3"
        ],
        "text": "قَالَ لَقَدْ عَلِمْتَ مَآ أَنزَلَ هَٰٓؤُلَآءِ إِلَّا رَبُّ ٱلسَّمَٰوَٰتِ وَٱلْأَرْضِ بَصَآئِرَ وَإِنِّى لَأَظُنُّكَ يَٰفِرْعَوْنُ مَثْبُورًۭا",
        "numberInSurah": 102,
        "juz": 15,
        "manzil": 4,
        "page": 292,
        "ruku": 251,
        "hizbQuarter": 117,
        "sajda": false,
        "audioArabic": [
          "https://cdn.jsdelivr.net/gh/Salimbd71/ArabicQuran@main/17/102.mp3"
        ],
        "audioBangla": [
          "https://cdn.jsdelivr.net/gh/Salimbd71/BanglaQuran@main/17/102.mp3"
        ]
      },
      {
        "number": 2132,
        "audio": "https://everyayah.com/data/Saood_ash-Shuraym_64kbps/017103.mp3",
        "audioSecondary": [
          "https://cdn.islamic.network/quran/audio/64/ar.shaatree/2132.mp3"
        ],
        "text": "فَأَرَادَ أَن يَسْتَفِزَّهُم مِّنَ ٱلْأَرْضِ فَأَغْرَقْنَٰهُ وَمَن مَّعَهُۥ جَمِيعًۭا",
        "numberInSurah": 103,
        "juz": 15,
        "manzil": 4,
        "page": 292,
        "ruku": 251,
        "hizbQuarter": 117,
        "sajda": false,
        "audioArabic": [
          "https://cdn.jsdelivr.net/gh/Salimbd71/ArabicQuran@main/17/103.mp3"
        ],
        "audioBangla": [
          "https://cdn.jsdelivr.net/gh/Salimbd71/BanglaQuran@main/17/103.mp3"
        ]
      },
      {
        "number": 2133,
        "audio": "https://everyayah.com/data/Saood_ash-Shuraym_64kbps/017104.mp3",
        "audioSecondary": [
          "https://cdn.islamic.network/quran/audio/64/ar.shaatree/2133.mp3"
        ],
        "text": "وَقُلْنَا مِنۢ بَعْدِهِۦ لِبَنِىٓ إِسْرَٰٓءِيلَ ٱسْكُنُوا۟ ٱلْأَرْضَ فَإِذَا جَآءَ وَعْدُ ٱلْءَاخِرَةِ جِئْنَا بِكُمْ لَفِيفًۭا",
        "numberInSurah": 104,
        "juz": 15,
        "manzil": 4,
        "page": 292,
        "ruku": 251,
        "hizbQuarter": 117,
        "sajda": false,
        "audioArabic": [
          "https://cdn.jsdelivr.net/gh/Salimbd71/ArabicQuran@main/17/104.mp3"
        ],
        "audioBangla": [
          "https://cdn.jsdelivr.net/gh/Salimbd71/BanglaQuran@main/17/104.mp3"
        ]
      },
      {
        "number": 2134,
        "audio": "https://everyayah.com/data/Saood_ash-Shuraym_64kbps/017105.mp3",
        "audioSecondary": [
          "https://cdn.islamic.network/quran/audio/64/ar.shaatree/2134.mp3"
        ],
        "text": "وَبِٱلْحَقِّ أَنزَلْنَٰهُ وَبِٱلْحَقِّ نَزَلَ ۗ وَمَآ أَرْسَلْنَٰكَ إِلَّا مُبَشِّرًۭا وَنَذِيرًۭا",
        "numberInSurah": 105,
        "juz": 15,
        "manzil": 4,
        "page": 293,
        "ruku": 251,
        "hizbQuarter": 117,
        "sajda": false,
        "audioArabic": [
          "https://cdn.jsdelivr.net/gh/Salimbd71/ArabicQuran@main/17/105.mp3"
        ],
        "audioBangla": [
          "https://cdn.jsdelivr.net/gh/Salimbd71/BanglaQuran@main/17/105.mp3"
        ]
      },
      {
        "number": 2135,
        "audio": "https://everyayah.com/data/Saood_ash-Shuraym_64kbps/017106.mp3",
        "audioSecondary": [
          "https://cdn.islamic.network/quran/audio/64/ar.shaatree/2135.mp3"
        ],
        "text": "وَقُرْءَانًۭا فَرَقْنَٰهُ لِتَقْرَأَهُۥ عَلَى ٱلنَّاسِ عَلَىٰ مُكْثٍۢ وَنَزَّلْنَٰهُ تَنزِيلًۭا",
        "numberInSurah": 106,
        "juz": 15,
        "manzil": 4,
        "page": 293,
        "ruku": 251,
        "hizbQuarter": 117,
        "sajda": false,
        "audioArabic": [
          "https://cdn.jsdelivr.net/gh/Salimbd71/ArabicQuran@main/17/106.mp3"
        ],
        "audioBangla": [
          "https://cdn.jsdelivr.net/gh/Salimbd71/BanglaQuran@main/17/106.mp3"
        ]
      },
      {
        "number": 2136,
        "audio": "https://everyayah.com/data/Saood_ash-Shuraym_64kbps/017107.mp3",
        "audioSecondary": [
          "https://cdn.islamic.network/quran/audio/64/ar.shaatree/2136.mp3"
        ],
        "text": "قُلْ ءَامِنُوا۟ بِهِۦٓ أَوْ لَا تُؤْمِنُوٓا۟ ۚ إِنَّ ٱلَّذِينَ أُوتُوا۟ ٱلْعِلْمَ مِن قَبْلِهِۦٓ إِذَا يُتْلَىٰ عَلَيْهِمْ يَخِرُّونَ لِلْأَذْقَانِ سُجَّدًۭا",
        "numberInSurah": 107,
        "juz": 15,
        "manzil": 4,
        "page": 293,
        "ruku": 251,
        "hizbQuarter": 117,
        "sajda": false,
        "audioArabic": [
          "https://cdn.jsdelivr.net/gh/Salimbd71/ArabicQuran@main/17/107.mp3"
        ],
        "audioBangla": [
          "https://cdn.jsdelivr.net/gh/Salimbd71/BanglaQuran@main/17/107.mp3"
        ]
      },
      {
        "number": 2137,
        "audio": "https://everyayah.com/data/Saood_ash-Shuraym_64kbps/017108.mp3",
        "audioSecondary": [
          "https://cdn.islamic.network/quran/audio/64/ar.shaatree/2137.mp3"
        ],
        "text": "وَيَقُولُونَ سُبْحَٰنَ رَبِّنَآ إِن كَانَ وَعْدُ رَبِّنَا لَمَفْعُولًۭا",
        "numberInSurah": 108,
        "juz": 15,
        "manzil": 4,
        "page": 293,
        "ruku": 251,
        "hizbQuarter": 117,
        "sajda": false,
        "audioArabic": [
          "https://cdn.jsdelivr.net/gh/Salimbd71/ArabicQuran@main/17/108.mp3"
        ],
        "audioBangla": [
          "https://cdn.jsdelivr.net/gh/Salimbd71/BanglaQuran@main/17/108.mp3"
        ]
      },
      {
        "number": 2138,
        "audio": "https://everyayah.com/data/Saood_ash-Shuraym_64kbps/017109.mp3",
        "audioSecondary": [
          "https://cdn.islamic.network/quran/audio/64/ar.shaatree/2138.mp3"
        ],
        "text": "وَيَخِرُّونَ لِلْأَذْقَانِ يَبْكُونَ وَيَزِيدُهُمْ خُشُوعًۭا ۩",
        "numberInSurah": 109,
        "juz": 15,
        "manzil": 4,
        "page": 293,
        "ruku": 251,
        "hizbQuarter": 117,
        "sajda": {
          "id": 4,
          "recommended": true,
          "obligatory": false
        },
        "audioArabic": [
          "https://cdn.jsdelivr.net/gh/Salimbd71/ArabicQuran@main/17/109.mp3"
        ],
        "audioBangla": [
          "https://cdn.jsdelivr.net/gh/Salimbd71/BanglaQuran@main/17/109.mp3"
        ]
      },
      {
        "number": 2139,
        "audio": "https://everyayah.com/data/Saood_ash-Shuraym_64kbps/017110.mp3",
        "audioSecondary": [
          "https://cdn.islamic.network/quran/audio/64/ar.shaatree/2139.mp3"
        ],
        "text": "قُلِ ٱدْعُوا۟ ٱللَّهَ أَوِ ٱدْعُوا۟ ٱلرَّحْمَٰنَ ۖ أَيًّۭا مَّا تَدْعُوا۟ فَلَهُ ٱلْأَسْمَآءُ ٱلْحُسْنَىٰ ۚ وَلَا تَجْهَرْ بِصَلَاتِكَ وَلَا تُخَافِتْ بِهَا وَٱبْتَغِ بَيْنَ ذَٰلِكَ سَبِيلًۭا",
        "numberInSurah": 110,
        "juz": 15,
        "manzil": 4,
        "page": 293,
        "ruku": 251,
        "hizbQuarter": 117,
        "sajda": false,
        "audioArabic": [
          "https://cdn.jsdelivr.net/gh/Salimbd71/ArabicQuran@main/17/110.mp3"
        ],
        "audioBangla": [
          "https://cdn.jsdelivr.net/gh/Salimbd71/BanglaQuran@main/17/110.mp3"
        ]
      },
      {
        "number": 2140,
        "audio": "https://everyayah.com/data/Saood_ash-Shuraym_64kbps/017111.mp3",
        "audioSecondary": [
          "https://cdn.islamic.network/quran/audio/64/ar.shaatree/2140.mp3"
        ],
        "text": "وَقُلِ ٱلْحَمْدُ لِلَّهِ ٱلَّذِى لَمْ يَتَّخِذْ وَلَدًۭا وَلَمْ يَكُن لَّهُۥ شَرِيكٌۭ فِى ٱلْمُلْكِ وَلَمْ يَكُن لَّهُۥ وَلِىٌّۭ مِّنَ ٱلذُّلِّ ۖ وَكَبِّرْهُ تَكْبِيرًۢا",
        "numberInSurah": 111,
        "juz": 15,
        "manzil": 4,
        "page": 293,
        "ruku": 251,
        "hizbQuarter": 117,
        "sajda": false,
        "audioArabic": [
          "https://cdn.jsdelivr.net/gh/Salimbd71/ArabicQuran@main/17/111.mp3"
        ],
        "audioBangla": [
          "https://cdn.jsdelivr.net/gh/Salimbd71/BanglaQuran@main/17/111.mp3"
        ]
      }
    ],
    "edition": {
      "identifier": "ar.shaatree",
      "language": "ar",
      "name": "أبو بكر الشاطري",
      "englishName": "Abu Bakr Ash-Shaatree",
      "format": "audio",
      "type": "versebyverse",
      "direction": null
    }
  }
}