{
  "code": 200,
  "status": "OK",
  "data": {
    "number": 40,
    "name": "سُورَةُ غَافِرٍ",
    "englishName": "Ghafir",
    "englishNameTranslation": "The Forgiver",
    "revelationType": "Meccan",
    "numberOfAyahs": 85,
    "ayahs": [
      {
        "number": 4134,
        "audio": "https://cdn.islamic.network/quran/audio/192/ar.abdullahbasfar/4134.mp3",
        "audioSecondary": [
          "https://cdn.islamic.network/quran/audio/192/ar.abdullahbasfar/4134.mp3"
        ],
        "text": "بِسْمِ ٱللَّهِ ٱلرَّحْمَٰنِ ٱلرَّحِيمِ حمٓ",
        "numberInSurah": 1,
        "juz": 24,
        "manzil": 6,
        "page": 467,
        "ruku": 404,
        "hizbQuarter": 187,
        "sajda": false,
        "audioArabic": [
          "https://cdn.jsdelivr.net/gh/Salimbd71/ArabicQuran@main/40/1.mp3"
        ],
        "audioBangla": [
          "https://cdn.jsdelivr.net/gh/Salimbd71/BanglaQuran@main/40/1.mp3"
        ]
      },
      {
        "number": 4135,
        "audio": "https://cdn.islamic.network/quran/audio/192/ar.abdullahbasfar/4135.mp3",
        "audioSecondary": [
          "https://cdn.islamic.network/quran/audio/192/ar.abdullahbasfar/4135.mp3"
        ],
        "text": "تَنزِيلُ ٱلْكِتَٰبِ مِنَ ٱللَّهِ ٱلْعَزِيزِ ٱلْعَلِيمِ",
        "numberInSurah": 2,
        "juz": 24,
        "manzil": 6,
        "page": 467,
        "ruku": 404,
        "hizbQuarter": 187,
        "sajda": false,
        "audioArabic": [
          "https://cdn.jsdelivr.net/gh/Salimbd71/ArabicQuran@main/40/2.mp3"
        ],
        "audioBangla": [
          "https://cdn.jsdelivr.net/gh/Salimbd71/BanglaQuran@main/40/2.mp3"
        ]
      },
      {
        "number": 4136,
        "audio": "https://cdn.islamic.network/quran/audio/192/ar.abdullahbasfar/4136.mp3",
        "audioSecondary": [
          "https://cdn.islamic.network/quran/audio/192/ar.abdullahbasfar/4136.mp3"
        ],
        "text": "غَافِرِ ٱلذَّنۢبِ وَقَابِلِ ٱلتَّوْبِ شَدِيدِ ٱلْعِقَابِ ذِى ٱلطَّوْلِ ۖ لَآ إِلَٰهَ إِلَّا هُوَ ۖ إِلَيْهِ ٱلْمَصِيرُ",
        "numberInSurah": 3,
        "juz": 24,
        "manzil": 6,
        "page": 467,
        "ruku": 404,
        "hizbQuarter": 187,
        "sajda": false,
        "audioArabic": [
          "https://cdn.jsdelivr.net/gh/Salimbd71/ArabicQuran@main/40/3.mp3"
        ],
        "audioBangla": [
          "https://cdn.jsdelivr.net/gh/Salimbd71/BanglaQuran@main/40/3.mp3"
        ]
      },
      {
        "number": 4137,
        "audio": "https://cdn.islamic.network/quran/audio/192/ar.abdullahbasfar/4137.mp3",
        "audioSecondary": [
          "https://cdn.islamic.network/quran/audio/192/ar.abdullahbasfar/4137.mp3"
        ],
        "text": "مَا يُجَٰدِلُ فِىٓ ءَايَٰتِ ٱللَّهِ إِلَّا ٱلَّذِينَ كَفَرُوا۟ فَلَا يَغْرُرْكَ تَقَلُّبُهُمْ فِى ٱلْبِلَٰدِ",
        "numberInSurah": 4,
        "juz": 24,
        "manzil": 6,
        "page": 467,
        "ruku": 404,
        "hizbQuarter": 187,
        "sajda": false,
        "audioArabic": [
          "https://cdn.jsdelivr.net/gh/Salimbd71/ArabicQuran@main/40/4.mp3"
        ],
        "audioBangla": [
          "https://cdn.jsdelivr.net/gh/Salimbd71/BanglaQuran@main/40/4.mp3"
        ]
      },
      {
        "number": 4138,
        "audio": "https://cdn.islamic.network/quran/audio/192/ar.abdullahbasfar/4138.mp3",
        "audioSecondary": [
          "https://cdn.islamic.network/quran/audio/192/ar.abdullahbasfar/4138.mp3"
        ],
        "text": "كَذَّبَتْ قَبْلَهُمْ قَوْمُ نُوحٍۢ وَٱلْأَحْزَابُ مِنۢ بَعْدِهِمْ ۖ وَهَمَّتْ كُلُّ أُمَّةٍۭ بِرَسُولِهِمْ لِيَأْخُذُوهُ ۖ وَجَٰدَلُوا۟ بِٱلْبَٰطِلِ لِيُدْحِضُوا۟ بِهِ ٱلْحَقَّ فَأَخَذْتُهُمْ ۖ فَكَيْفَ كَانَ عِقَابِ",
        "numberInSurah": 5,
        "juz": 24,
        "manzil": 6,
        "page": 467,
        "ruku": 404,
        "hizbQuarter": 187,
        "sajda": false,
        "audioArabic": [
          "https://cdn.jsdelivr.net/gh/Salimbd71/ArabicQuran@main/40/5.mp3"
        ],
        "audioBangla": [
          "https://cdn.jsdelivr.net/gh/Salimbd71/BanglaQuran@main/40/5.mp3"
        ]
      },
      {
        "number": 4139,
        "audio": "https://cdn.islamic.network/quran/audio/192/ar.abdullahbasfar/4139.mp3",
        "audioSecondary": [
          "https://cdn.islamic.network/quran/audio/192/ar.abdullahbasfar/4139.mp3"
        ],
        "text": "وَكَذَٰلِكَ حَقَّتْ كَلِمَتُ رَبِّكَ عَلَى ٱلَّذِينَ كَفَرُوٓا۟ أَنَّهُمْ أَصْحَٰبُ ٱلنَّارِ",
        "numberInSurah": 6,
        "juz": 24,
        "manzil": 6,
        "page": 467,
        "ruku": 404,
        "hizbQuarter": 187,
        "sajda": false,
        "audioArabic": [
          "https://cdn.jsdelivr.net/gh/Salimbd71/ArabicQuran@main/40/6.mp3"
        ],
        "audioBangla": [
          "https://cdn.jsdelivr.net/gh/Salimbd71/BanglaQuran@main/40/6.mp3"
        ]
      },
      {
        "number": 4140,
        "audio": "https://cdn.islamic.network/quran/audio/192/ar.abdullahbasfar/4140.mp3",
        "audioSecondary": [
          "https://cdn.islamic.network/quran/audio/192/ar.abdullahbasfar/4140.mp3"
        ],
        "text": "ٱلَّذِينَ يَحْمِلُونَ ٱلْعَرْشَ وَمَنْ حَوْلَهُۥ يُسَبِّحُونَ بِحَمْدِ رَبِّهِمْ وَيُؤْمِنُونَ بِهِۦ وَيَسْتَغْفِرُونَ لِلَّذِينَ ءَامَنُوا۟ رَبَّنَا وَسِعْتَ كُلَّ شَىْءٍۢ رَّحْمَةًۭ وَعِلْمًۭا فَٱغْفِرْ لِلَّذِينَ تَابُوا۟ وَٱتَّبَعُوا۟ سَبِيلَكَ وَقِهِمْ عَذَابَ ٱلْجَحِيمِ",
        "numberInSurah": 7,
        "juz": 24,
        "manzil": 6,
        "page": 467,
        "ruku": 404,
        "hizbQuarter": 187,
        "sajda": false,
        "audioArabic": [
          "https://cdn.jsdelivr.net/gh/Salimbd71/ArabicQuran@main/40/7.mp3"
        ],
        "audioBangla": [
          "https://cdn.jsdelivr.net/gh/Salimbd71/BanglaQuran@main/40/7.mp3"
        ]
      },
      {
        "number": 4141,
        "audio": "https://cdn.islamic.network/quran/audio/192/ar.abdullahbasfar/4141.mp3",
        "audioSecondary": [
          "https://cdn.islamic.network/quran/audio/192/ar.abdullahbasfar/4141.mp3"
        ],
        "text": "رَبَّنَا وَأَدْخِلْهُمْ جَنَّٰتِ عَدْنٍ ٱلَّتِى وَعَدتَّهُمْ وَمَن صَلَحَ مِنْ ءَابَآئِهِمْ وَأَزْوَٰجِهِمْ وَذُرِّيَّٰتِهِمْ ۚ إِنَّكَ أَنتَ ٱلْعَزِيزُ ٱلْحَكِيمُ",
        "numberInSurah": 8,
        "juz": 24,
        "manzil": 6,
        "page": 468,
        "ruku": 404,
        "hizbQuarter": 187,
        "sajda": false,
        "audioArabic": [
          "https://cdn.jsdelivr.net/gh/Salimbd71/ArabicQuran@main/40/8.mp3"
        ],
        "audioBangla": [
          "https://cdn.jsdelivr.net/gh/Salimbd71/BanglaQuran@main/40/8.mp3"
        ]
      },
      {
        "number": 4142,
        "audio": "https://cdn.islamic.network/quran/audio/192/ar.abdullahbasfar/4142.mp3",
        "audioSecondary": [
          "https://cdn.islamic.network/quran/audio/192/ar.abdullahbasfar/4142.mp3"
        ],
        "text": "وَقِهِمُ ٱلسَّيِّـَٔاتِ ۚ وَمَن تَقِ ٱلسَّيِّـَٔاتِ يَوْمَئِذٍۢ فَقَدْ رَحِمْتَهُۥ ۚ وَذَٰلِكَ هُوَ ٱلْفَوْزُ ٱلْعَظِيمُ",
        "numberInSurah": 9,
        "juz": 24,
        "manzil": 6,
        "page": 468,
        "ruku": 404,
        "hizbQuarter": 187,
        "sajda": false,
        "audioArabic": [
          "https://cdn.jsdelivr.net/gh/Salimbd71/ArabicQuran@main/40/9.mp3"
        ],
        "audioBangla": [
          "https://cdn.jsdelivr.net/gh/Salimbd71/BanglaQuran@main/40/9.mp3"
        ]
      },
      {
        "number": 4143,
        "audio": "https://cdn.islamic.network/quran/audio/192/ar.abdullahbasfar/4143.mp3",
        "audioSecondary": [
          "https://cdn.islamic.network/quran/audio/192/ar.abdullahbasfar/4143.mp3"
        ],
        "text": "إِنَّ ٱلَّذِينَ كَفَرُوا۟ يُنَادَوْنَ لَمَقْتُ ٱللَّهِ أَكْبَرُ مِن مَّقْتِكُمْ أَنفُسَكُمْ إِذْ تُدْعَوْنَ إِلَى ٱلْإِيمَٰنِ فَتَكْفُرُونَ",
        "numberInSurah": 10,
        "juz": 24,
        "manzil": 6,
        "page": 468,
        "ruku": 405,
        "hizbQuarter": 187,
        "sajda": false,
        "audioArabic": [
          "https://cdn.jsdelivr.net/gh/Salimbd71/ArabicQuran@main/40/10.mp3"
        ],
        "audioBangla": [
          "https://cdn.jsdelivr.net/gh/Salimbd71/BanglaQuran@main/40/10.mp3"
        ]
      },
      {
        "number": 4144,
        "audio": "https://cdn.islamic.network/quran/audio/192/ar.abdullahbasfar/4144.mp3",
        "audioSecondary": [
          "https://cdn.islamic.network/quran/audio/192/ar.abdullahbasfar/4144.mp3"
        ],
        "text": "قَالُوا۟ رَبَّنَآ أَمَتَّنَا ٱثْنَتَيْنِ وَأَحْيَيْتَنَا ٱثْنَتَيْنِ فَٱعْتَرَفْنَا بِذُنُوبِنَا فَهَلْ إِلَىٰ خُرُوجٍۢ مِّن سَبِيلٍۢ",
        "numberInSurah": 11,
        "juz": 24,
        "manzil": 6,
        "page": 468,
        "ruku": 405,
        "hizbQuarter": 187,
        "sajda": false,
        "audioArabic": [
          "https://cdn.jsdelivr.net/gh/Salimbd71/ArabicQuran@main/40/11.mp3"
        ],
        "audioBangla": [
          "https://cdn.jsdelivr.net/gh/Salimbd71/BanglaQuran@main/40/11.mp3"
        ]
      },
      {
        "number": 4145,
        "audio": "https://cdn.islamic.network/quran/audio/192/ar.abdullahbasfar/4145.mp3",
        "audioSecondary": [
          "https://cdn.islamic.network/quran/audio/192/ar.abdullahbasfar/4145.mp3"
        ],
        "text": "ذَٰلِكُم بِأَنَّهُۥٓ إِذَا دُعِىَ ٱللَّهُ وَحْدَهُۥ كَفَرْتُمْ ۖ وَإِن يُشْرَكْ بِهِۦ تُؤْمِنُوا۟ ۚ فَٱلْحُكْمُ لِلَّهِ ٱلْعَلِىِّ ٱلْكَبِيرِ",
        "numberInSurah": 12,
        "juz": 24,
        "manzil": 6,
        "page": 468,
        "ruku": 405,
        "hizbQuarter": 187,
        "sajda": false,
        "audioArabic": [
          "https://cdn.jsdelivr.net/gh/Salimbd71/ArabicQuran@main/40/12.mp3"
        ],
        "audioBangla": [
          "https://cdn.jsdelivr.net/gh/Salimbd71/BanglaQuran@main/40/12.mp3"
        ]
      },
      {
        "number": 4146,
        "audio": "https://cdn.islamic.network/quran/audio/192/ar.abdullahbasfar/4146.mp3",
        "audioSecondary": [
          "https://cdn.islamic.network/quran/audio/192/ar.abdullahbasfar/4146.mp3"
        ],
        "text": "هُوَ ٱلَّذِى يُرِيكُمْ ءَايَٰتِهِۦ وَيُنَزِّلُ لَكُم مِّنَ ٱلسَّمَآءِ رِزْقًۭا ۚ وَمَا يَتَذَكَّرُ إِلَّا مَن يُنِيبُ",
        "numberInSurah": 13,
        "juz": 24,
        "manzil": 6,
        "page": 468,
        "ruku": 405,
        "hizbQuarter": 187,
        "sajda": false,
        "audioArabic": [
          "https://cdn.jsdelivr.net/gh/Salimbd71/ArabicQuran@main/40/13.mp3"
        ],
        "audioBangla": [
          "https://cdn.jsdelivr.net/gh/Salimbd71/BanglaQuran@main/40/13.mp3"
        ]
      },
      {
        "number": 4147,
        "audio": "https://cdn.islamic.network/quran/audio/192/ar.abdullahbasfar/4147.mp3",
        "audioSecondary": [
          "https://cdn.islamic.network/quran/audio/192/ar.abdullahbasfar/4147.mp3"
        ],
        "text": "فَٱدْعُوا۟ ٱللَّهَ مُخْلِصِينَ لَهُ ٱلدِّينَ وَلَوْ كَرِهَ ٱلْكَٰفِرُونَ",
        "numberInSurah": 14,
        "juz": 24,
        "manzil": 6,
        "page": 468,
        "ruku": 405,
        "hizbQuarter": 187,
        "sajda": false,
        "audioArabic": [
          "https://cdn.jsdelivr.net/gh/Salimbd71/ArabicQuran@main/40/14.mp3"
        ],
        "audioBangla": [
          "https://cdn.jsdelivr.net/gh/Salimbd71/BanglaQuran@main/40/14.mp3"
        ]
      },
      {
        "number": 4148,
        "audio": "https://cdn.islamic.network/quran/audio/192/ar.abdullahbasfar/4148.mp3",
        "audioSecondary": [
          "https://cdn.islamic.network/quran/audio/192/ar.abdullahbasfar/4148.mp3"
        ],
        "text": "رَفِيعُ ٱلدَّرَجَٰتِ ذُو ٱلْعَرْشِ يُلْقِى ٱلرُّوحَ مِنْ أَمْرِهِۦ عَلَىٰ مَن يَشَآءُ مِنْ عِبَادِهِۦ لِيُنذِرَ يَوْمَ ٱلتَّلَاقِ",
        "numberInSurah": 15,
        "juz": 24,
        "manzil": 6,
        "page": 468,
        "ruku": 405,
        "hizbQuarter": 187,
        "sajda": false,
        "audioArabic": [
          "https://cdn.jsdelivr.net/gh/Salimbd71/ArabicQuran@main/40/15.mp3"
        ],
        "audioBangla": [
          "https://cdn.jsdelivr.net/gh/Salimbd71/BanglaQuran@main/40/15.mp3"
        ]
      },
      {
        "number": 4149,
        "audio": "https://cdn.islamic.network/quran/audio/192/ar.abdullahbasfar/4149.mp3",
        "audioSecondary": [
          "https://cdn.islamic.network/quran/audio/192/ar.abdullahbasfar/4149.mp3"
        ],
        "text": "يَوْمَ هُم بَٰرِزُونَ ۖ لَا يَخْفَىٰ عَلَى ٱللَّهِ مِنْهُمْ شَىْءٌۭ ۚ لِّمَنِ ٱلْمُلْكُ ٱلْيَوْمَ ۖ لِلَّهِ ٱلْوَٰحِدِ ٱلْقَهَّارِ",
        "numberInSurah": 16,
        "juz": 24,
        "manzil": 6,
        "page": 468,
        "ruku": 405,
        "hizbQuarter": 187,
        "sajda": false,
        "audioArabic": [
          "https://cdn.jsdelivr.net/gh/Salimbd71/ArabicQuran@main/40/16.mp3"
        ],
        "audioBangla": [
          "https://cdn.jsdelivr.net/gh/Salimbd71/BanglaQuran@main/40/16.mp3"
        ]
      },
      {
        "number": 4150,
        "audio": "https://cdn.islamic.network/quran/audio/192/ar.abdullahbasfar/4150.mp3",
        "audioSecondary": [
          "https://cdn.islamic.network/quran/audio/192/ar.abdullahbasfar/4150.mp3"
        ],
        "text": "ٱلْيَوْمَ تُجْزَىٰ كُلُّ نَفْسٍۭ بِمَا كَسَبَتْ ۚ لَا ظُلْمَ ٱلْيَوْمَ ۚ إِنَّ ٱللَّهَ سَرِيعُ ٱلْحِسَابِ",
        "numberInSurah": 17,
        "juz": 24,
        "manzil": 6,
        "page": 469,
        "ruku": 405,
        "hizbQuarter": 187,
        "sajda": false,
        "audioArabic": [
          "https://cdn.jsdelivr.net/gh/Salimbd71/ArabicQuran@main/40/17.mp3"
        ],
        "audioBangla": [
          "https://cdn.jsdelivr.net/gh/Salimbd71/BanglaQuran@main/40/17.mp3"
        ]
      },
      {
        "number": 4151,
        "audio": "https://cdn.islamic.network/quran/audio/192/ar.abdullahbasfar/4151.mp3",
        "audioSecondary": [
          "https://cdn.islamic.network/quran/audio/192/ar.abdullahbasfar/4151.mp3"
        ],
        "text": "وَأَنذِرْهُمْ يَوْمَ ٱلْءَازِفَةِ إِذِ ٱلْقُلُوبُ لَدَى ٱلْحَنَاجِرِ كَٰظِمِينَ ۚ مَا لِلظَّٰلِمِينَ مِنْ حَمِيمٍۢ وَلَا شَفِيعٍۢ يُطَاعُ",
        "numberInSurah": 18,
        "juz": 24,
        "manzil": 6,
        "page": 469,
        "ruku": 405,
        "hizbQuarter": 187,
        "sajda": false,
        "audioArabic": [
          "https://cdn.jsdelivr.net/gh/Salimbd71/ArabicQuran@main/40/18.mp3"
        ],
        "audioBangla": [
          "https://cdn.jsdelivr.net/gh/Salimbd71/BanglaQuran@main/40/18.mp3"
        ]
      },
      {
        "number": 4152,
        "audio": "https://cdn.islamic.network/quran/audio/192/ar.abdullahbasfar/4152.mp3",
        "audioSecondary": [
          "https://cdn.islamic.network/quran/audio/192/ar.abdullahbasfar/4152.mp3"
        ],
        "text": "يَعْلَمُ خَآئِنَةَ ٱلْأَعْيُنِ وَمَا تُخْفِى ٱلصُّدُورُ",
        "numberInSurah": 19,
        "juz": 24,
        "manzil": 6,
        "page": 469,
        "ruku": 405,
        "hizbQuarter": 187,
        "sajda": false,
        "audioArabic": [
          "https://cdn.jsdelivr.net/gh/Salimbd71/ArabicQuran@main/40/19.mp3"
        ],
        "audioBangla": [
          "https://cdn.jsdelivr.net/gh/Salimbd71/BanglaQuran@main/40/19.mp3"
        ]
      },
      {
        "number": 4153,
        "audio": "https://cdn.islamic.network/quran/audio/192/ar.abdullahbasfar/4153.mp3",
        "audioSecondary": [
          "https://cdn.islamic.network/quran/audio/192/ar.abdullahbasfar/4153.mp3"
        ],
        "text": "وَٱللَّهُ يَقْضِى بِٱلْحَقِّ ۖ وَٱلَّذِينَ يَدْعُونَ مِن دُونِهِۦ لَا يَقْضُونَ بِشَىْءٍ ۗ إِنَّ ٱللَّهَ هُوَ ٱلسَّمِيعُ ٱلْبَصِيرُ",
        "numberInSurah": 20,
        "juz": 24,
        "manzil": 6,
        "page": 469,
        "ruku": 405,
        "hizbQuarter": 187,
        "sajda": false,
        "audioArabic": [
          "https://cdn.jsdelivr.net/gh/Salimbd71/ArabicQuran@main/40/20.mp3"
        ],
        "audioBangla": [
          "https://cdn.jsdelivr.net/gh/Salimbd71/BanglaQuran@main/40/20.mp3"
        ]
      },
      {
        "number": 4154,
        "audio": "https://cdn.islamic.network/quran/audio/192/ar.abdullahbasfar/4154.mp3",
        "audioSecondary": [
          "https://cdn.islamic.network/quran/audio/192/ar.abdullahbasfar/4154.mp3"
        ],
        "text": "۞ أَوَلَمْ يَسِيرُوا۟ فِى ٱلْأَرْضِ فَيَنظُرُوا۟ كَيْفَ كَانَ عَٰقِبَةُ ٱلَّذِينَ كَانُوا۟ مِن قَبْلِهِمْ ۚ كَانُوا۟ هُمْ أَشَدَّ مِنْهُمْ قُوَّةًۭ وَءَاثَارًۭا فِى ٱلْأَرْضِ فَأَخَذَهُمُ ٱللَّهُ بِذُنُوبِهِمْ وَمَا كَانَ لَهُم مِّنَ ٱللَّهِ مِن وَاقٍۢ",
        "numberInSurah": 21,
        "juz": 24,
        "manzil": 6,
        "page": 469,
        "ruku": 406,
        "hizbQuarter": 188,
        "sajda": false,
        "audioArabic": [
          "https://cdn.jsdelivr.net/gh/Salimbd71/ArabicQuran@main/40/21.mp3"
        ],
        "audioBangla": [
          "https://cdn.jsdelivr.net/gh/Salimbd71/BanglaQuran@main/40/21.mp3"
        ]
      },
      {
        "number": 4155,
        "audio": "https://cdn.islamic.network/quran/audio/192/ar.abdullahbasfar/4155.mp3",
        "audioSecondary": [
          "https://cdn.islamic.network/quran/audio/192/ar.abdullahbasfar/4155.mp3"
        ],
        "text": "ذَٰلِكَ بِأَنَّهُمْ كَانَت تَّأْتِيهِمْ رُسُلُهُم بِٱلْبَيِّنَٰتِ فَكَفَرُوا۟ فَأَخَذَهُمُ ٱللَّهُ ۚ إِنَّهُۥ قَوِىٌّۭ شَدِيدُ ٱلْعِقَابِ",
        "numberInSurah": 22,
        "juz": 24,
        "manzil": 6,
        "page": 469,
        "ruku": 406,
        "hizbQuarter": 188,
        "sajda": false,
        "audioArabic": [
          "https://cdn.jsdelivr.net/gh/Salimbd71/ArabicQuran@main/40/22.mp3"
        ],
        "audioBangla": [
          "https://cdn.jsdelivr.net/gh/Salimbd71/BanglaQuran@main/40/22.mp3"
        ]
      },
      {
        "number": 4156,
        "audio": "https://cdn.islamic.network/quran/audio/192/ar.abdullahbasfar/4156.mp3",
        "audioSecondary": [
          "https://cdn.islamic.network/quran/audio/192/ar.abdullahbasfar/4156.mp3"
        ],
        "text": "وَلَقَدْ أَرْسَلْنَا مُوسَىٰ بِـَٔايَٰتِنَا وَسُلْطَٰنٍۢ مُّبِينٍ",
        "numberInSurah": 23,
        "juz": 24,
        "manzil": 6,
        "page": 469,
        "ruku": 406,
        "hizbQuarter": 188,
        "sajda": false,
        "audioArabic": [
          "https://cdn.jsdelivr.net/gh/Salimbd71/ArabicQuran@main/40/23.mp3"
        ],
        "audioBangla": [
          "https://cdn.jsdelivr.net/gh/Salimbd71/BanglaQuran@main/40/23.mp3"
        ]
      },
      {
        "number": 4157,
        "audio": "https://cdn.islamic.network/quran/audio/192/ar.abdullahbasfar/4157.mp3",
        "audioSecondary": [
          "https://cdn.islamic.network/quran/audio/192/ar.abdullahbasfar/4157.mp3"
        ],
        "text": "إِلَىٰ فِرْعَوْنَ وَهَٰمَٰنَ وَقَٰرُونَ فَقَالُوا۟ سَٰحِرٌۭ كَذَّابٌۭ",
        "numberInSurah": 24,
        "juz": 24,
        "manzil": 6,
        "page": 469,
        "ruku": 406,
        "hizbQuarter": 188,
        "sajda": false,
        "audioArabic": [
          "https://cdn.jsdelivr.net/gh/Salimbd71/ArabicQuran@main/40/24.mp3"
        ],
        "audioBangla": [
          "https://cdn.jsdelivr.net/gh/Salimbd71/BanglaQuran@main/40/24.mp3"
        ]
      },
      {
        "number": 4158,
        "audio": "https://cdn.islamic.network/quran/audio/192/ar.abdullahbasfar/4158.mp3",
        "audioSecondary": [
          "https://cdn.islamic.network/quran/audio/192/ar.abdullahbasfar/4158.mp3"
        ],
        "text": "فَلَمَّا جَآءَهُم بِٱلْحَقِّ مِنْ عِندِنَا قَالُوا۟ ٱقْتُلُوٓا۟ أَبْنَآءَ ٱلَّذِينَ ءَامَنُوا۟ مَعَهُۥ وَٱسْتَحْيُوا۟ نِسَآءَهُمْ ۚ وَمَا كَيْدُ ٱلْكَٰفِرِينَ إِلَّا فِى ضَلَٰلٍۢ",
        "numberInSurah": 25,
        "juz": 24,
        "manzil": 6,
        "page": 469,
        "ruku": 406,
        "hizbQuarter": 188,
        "sajda": false,
        "audioArabic": [
          "https://cdn.jsdelivr.net/gh/Salimbd71/ArabicQuran@main/40/25.mp3"
        ],
        "audioBangla": [
          "https://cdn.jsdelivr.net/gh/Salimbd71/BanglaQuran@main/40/25.mp3"
        ]
      },
      {
        "number": 4159,
        "audio": "https://cdn.islamic.network/quran/audio/192/ar.abdullahbasfar/4159.mp3",
        "audioSecondary": [
          "https://cdn.islamic.network/quran/audio/192/ar.abdullahbasfar/4159.mp3"
        ],
        "text": "وَقَالَ فِرْعَوْنُ ذَرُونِىٓ أَقْتُلْ مُوسَىٰ وَلْيَدْعُ رَبَّهُۥٓ ۖ إِنِّىٓ أَخَافُ أَن يُبَدِّلَ دِينَكُمْ أَوْ أَن يُظْهِرَ فِى ٱلْأَرْضِ ٱلْفَسَادَ",
        "numberInSurah": 26,
        "juz": 24,
        "manzil": 6,
        "page": 470,
        "ruku": 406,
        "hizbQuarter": 188,
        "sajda": false,
        "audioArabic": [
          "https://cdn.jsdelivr.net/gh/Salimbd71/ArabicQuran@main/40/26.mp3"
        ],
        "audioBangla": [
          "https://cdn.jsdelivr.net/gh/Salimbd71/BanglaQuran@main/40/26.mp3"
        ]
      },
      {
        "number": 4160,
        "audio": "https://cdn.islamic.network/quran/audio/192/ar.abdullahbasfar/4160.mp3",
        "audioSecondary": [
          "https://cdn.islamic.network/quran/audio/192/ar.abdullahbasfar/4160.mp3"
        ],
        "text": "وَقَالَ مُوسَىٰٓ إِنِّى عُذْتُ بِرَبِّى وَرَبِّكُم مِّن كُلِّ مُتَكَبِّرٍۢ لَّا يُؤْمِنُ بِيَوْمِ ٱلْحِسَابِ",
        "numberInSurah": 27,
        "juz": 24,
        "manzil": 6,
        "page": 470,
        "ruku": 406,
        "hizbQuarter": 188,
        "sajda": false,
        "audioArabic": [
          "https://cdn.jsdelivr.net/gh/Salimbd71/ArabicQuran@main/40/27.mp3"
        ],
        "audioBangla": [
          "https://cdn.jsdelivr.net/gh/Salimbd71/BanglaQuran@main/40/27.mp3"
        ]
      },
      {
        "number": 4161,
        "audio": "https://cdn.islamic.network/quran/audio/192/ar.abdullahbasfar/4161.mp3",
        "audioSecondary": [
          "https://cdn.islamic.network/quran/audio/192/ar.abdullahbasfar/4161.mp3"
        ],
        "text": "وَقَالَ رَجُلٌۭ مُّؤْمِنٌۭ مِّنْ ءَالِ فِرْعَوْنَ يَكْتُمُ إِيمَٰنَهُۥٓ أَتَقْتُلُونَ رَجُلًا أَن يَقُولَ رَبِّىَ ٱللَّهُ وَقَدْ جَآءَكُم بِٱلْبَيِّنَٰتِ مِن رَّبِّكُمْ ۖ وَإِن يَكُ كَٰذِبًۭا فَعَلَيْهِ كَذِبُهُۥ ۖ وَإِن يَكُ صَادِقًۭا يُصِبْكُم بَعْضُ ٱلَّذِى يَعِدُكُمْ ۖ إِنَّ ٱللَّهَ لَا يَهْدِى مَنْ هُوَ مُسْرِفٌۭ كَذَّابٌۭ",
        "numberInSurah": 28,
        "juz": 24,
        "manzil": 6,
        "page": 470,
        "ruku": 407,
        "hizbQuarter": 188,
        "sajda": false,
        "audioArabic": [
          "https://cdn.jsdelivr.net/gh/Salimbd71/ArabicQuran@main/40/28.mp3"
        ],
        "audioBangla": [
          "https://cdn.jsdelivr.net/gh/Salimbd71/BanglaQuran@main/40/28.mp3"
        ]
      },
      {
        "number": 4162,
        "audio": "https://cdn.islamic.network/quran/audio/192/ar.abdullahbasfar/4162.mp3",
        "audioSecondary": [
          "https://cdn.islamic.network/quran/audio/192/ar.abdullahbasfar/4162.mp3"
        ],
        "text": "يَٰقَوْمِ لَكُمُ ٱلْمُلْكُ ٱلْيَوْمَ ظَٰهِرِينَ فِى ٱلْأَرْضِ فَمَن يَنصُرُنَا مِنۢ بَأْسِ ٱللَّهِ إِن جَآءَنَا ۚ قَالَ فِرْعَوْنُ مَآ أُرِيكُمْ إِلَّا مَآ أَرَىٰ وَمَآ أَهْدِيكُمْ إِلَّا سَبِيلَ ٱلرَّشَادِ",
        "numberInSurah": 29,
        "juz": 24,
        "manzil": 6,
        "page": 470,
        "ruku": 407,
        "hizbQuarter": 188,
        "sajda": false,
        "audioArabic": [
          "https://cdn.jsdelivr.net/gh/Salimbd71/ArabicQuran@main/40/29.mp3"
        ],
        "audioBangla": [
          "https://cdn.jsdelivr.net/gh/Salimbd71/BanglaQuran@main/40/29.mp3"
        ]
      },
      {
        "number": 4163,
        "audio": "https://cdn.islamic.network/quran/audio/192/ar.abdullahbasfar/4163.mp3",
        "audioSecondary": [
          "https://cdn.islamic.network/quran/audio/192/ar.abdullahbasfar/4163.mp3"
        ],
        "text": "وَقَالَ ٱلَّذِىٓ ءَامَنَ يَٰقَوْمِ إِنِّىٓ أَخَافُ عَلَيْكُم مِّثْلَ يَوْمِ ٱلْأَحْزَابِ",
        "numberInSurah": 30,
        "juz": 24,
        "manzil": 6,
        "page": 470,
        "ruku": 407,
        "hizbQuarter": 188,
        "sajda": false,
        "audioArabic": [
          "https://cdn.jsdelivr.net/gh/Salimbd71/ArabicQuran@main/40/30.mp3"
        ],
        "audioBangla": [
          "https://cdn.jsdelivr.net/gh/Salimbd71/BanglaQuran@main/40/30.mp3"
        ]
      },
      {
        "number": 4164,
        "audio": "https://cdn.islamic.network/quran/audio/192/ar.abdullahbasfar/4164.mp3",
        "audioSecondary": [
          "https://cdn.islamic.network/quran/audio/192/ar.abdullahbasfar/4164.mp3"
        ],
        "text": "مِثْلَ دَأْبِ قَوْمِ نُوحٍۢ وَعَادٍۢ وَثَمُودَ وَٱلَّذِينَ مِنۢ بَعْدِهِمْ ۚ وَمَا ٱللَّهُ يُرِيدُ ظُلْمًۭا لِّلْعِبَادِ",
        "numberInSurah": 31,
        "juz": 24,
        "manzil": 6,
        "page": 470,
        "ruku": 407,
        "hizbQuarter": 188,
        "sajda": false,
        "audioArabic": [
          "https://cdn.jsdelivr.net/gh/Salimbd71/ArabicQuran@main/40/31.mp3"
        ],
        "audioBangla": [
          "https://cdn.jsdelivr.net/gh/Salimbd71/BanglaQuran@main/40/31.mp3"
        ]
      },
      {
        "number": 4165,
        "audio": "https://cdn.islamic.network/quran/audio/192/ar.abdullahbasfar/4165.mp3",
        "audioSecondary": [
          "https://cdn.islamic.network/quran/audio/192/ar.abdullahbasfar/4165.mp3"
        ],
        "text": "وَيَٰقَوْمِ إِنِّىٓ أَخَافُ عَلَيْكُمْ يَوْمَ ٱلتَّنَادِ",
        "numberInSurah": 32,
        "juz": 24,
        "manzil": 6,
        "page": 470,
        "ruku": 407,
        "hizbQuarter": 188,
        "sajda": false,
        "audioArabic": [
          "https://cdn.jsdelivr.net/gh/Salimbd71/ArabicQuran@main/40/32.mp3"
        ],
        "audioBangla": [
          "https://cdn.jsdelivr.net/gh/Salimbd71/BanglaQuran@main/40/32.mp3"
        ]
      },
      {
        "number": 4166,
        "audio": "https://cdn.islamic.network/quran/audio/192/ar.abdullahbasfar/4166.mp3",
        "audioSecondary": [
          "https://cdn.islamic.network/quran/audio/192/ar.abdullahbasfar/4166.mp3"
        ],
        "text": "يَوْمَ تُوَلُّونَ مُدْبِرِينَ مَا لَكُم مِّنَ ٱللَّهِ مِنْ عَاصِمٍۢ ۗ وَمَن يُضْلِلِ ٱللَّهُ فَمَا لَهُۥ مِنْ هَادٍۢ",
        "numberInSurah": 33,
        "juz": 24,
        "manzil": 6,
        "page": 470,
        "ruku": 407,
        "hizbQuarter": 188,
        "sajda": false,
        "audioArabic": [
          "https://cdn.jsdelivr.net/gh/Salimbd71/ArabicQuran@main/40/33.mp3"
        ],
        "audioBangla": [
          "https://cdn.jsdelivr.net/gh/Salimbd71/BanglaQuran@main/40/33.mp3"
        ]
      },
      {
        "number": 4167,
        "audio": "https://cdn.islamic.network/quran/audio/192/ar.abdullahbasfar/4167.mp3",
        "audioSecondary": [
          "https://cdn.islamic.network/quran/audio/192/ar.abdullahbasfar/4167.mp3"
        ],
        "text": "وَلَقَدْ جَآءَكُمْ يُوسُفُ مِن قَبْلُ بِٱلْبَيِّنَٰتِ فَمَا زِلْتُمْ فِى شَكٍّۢ مِّمَّا جَآءَكُم بِهِۦ ۖ حَتَّىٰٓ إِذَا هَلَكَ قُلْتُمْ لَن يَبْعَثَ ٱللَّهُ مِنۢ بَعْدِهِۦ رَسُولًۭا ۚ كَذَٰلِكَ يُضِلُّ ٱللَّهُ مَنْ هُوَ مُسْرِفٌۭ مُّرْتَابٌ",
        "numberInSurah": 34,
        "juz": 24,
        "manzil": 6,
        "page": 471,
        "ruku": 407,
        "hizbQuarter": 188,
        "sajda": false,
        "audioArabic": [
          "https://cdn.jsdelivr.net/gh/Salimbd71/ArabicQuran@main/40/34.mp3"
        ],
        "audioBangla": [
          "https://cdn.jsdelivr.net/gh/Salimbd71/BanglaQuran@main/40/34.mp3"
        ]
      },
      {
        "number": 4168,
        "audio": "https://cdn.islamic.network/quran/audio/192/ar.abdullahbasfar/4168.mp3",
        "audioSecondary": [
          "https://cdn.islamic.network/quran/audio/192/ar.abdullahbasfar/4168.mp3"
        ],
        "text": "ٱلَّذِينَ يُجَٰدِلُونَ فِىٓ ءَايَٰتِ ٱللَّهِ بِغَيْرِ سُلْطَٰنٍ أَتَىٰهُمْ ۖ كَبُرَ مَقْتًا عِندَ ٱللَّهِ وَعِندَ ٱلَّذِينَ ءَامَنُوا۟ ۚ كَذَٰلِكَ يَطْبَعُ ٱللَّهُ عَلَىٰ كُلِّ قَلْبِ مُتَكَبِّرٍۢ جَبَّارٍۢ",
        "numberInSurah": 35,
        "juz": 24,
        "manzil": 6,
        "page": 471,
        "ruku": 407,
        "hizbQuarter": 188,
        "sajda": false,
        "audioArabic": [
          "https://cdn.jsdelivr.net/gh/Salimbd71/ArabicQuran@main/40/35.mp3"
        ],
        "audioBangla": [
          "https://cdn.jsdelivr.net/gh/Salimbd71/BanglaQuran@main/40/35.mp3"
        ]
      },
      {
        "number": 4169,
        "audio": "https://cdn.islamic.network/quran/audio/192/ar.abdullahbasfar/4169.mp3",
        "audioSecondary": [
          "https://cdn.islamic.network/quran/audio/192/ar.abdullahbasfar/4169.mp3"
        ],
        "text": "وَقَالَ فِرْعَوْنُ يَٰهَٰمَٰنُ ٱبْنِ لِى صَرْحًۭا لَّعَلِّىٓ أَبْلُغُ ٱلْأَسْبَٰبَ",
        "numberInSurah": 36,
        "juz": 24,
        "manzil": 6,
        "page": 471,
        "ruku": 407,
        "hizbQuarter": 188,
        "sajda": false,
        "audioArabic": [
          "https://cdn.jsdelivr.net/gh/Salimbd71/ArabicQuran@main/40/36.mp3"
        ],
        "audioBangla": [
          "https://cdn.jsdelivr.net/gh/Salimbd71/BanglaQuran@main/40/36.mp3"
        ]
      },
      {
        "number": 4170,
        "audio": "https://cdn.islamic.network/quran/audio/192/ar.abdullahbasfar/4170.mp3",
        "audioSecondary": [
          "https://cdn.islamic.network/quran/audio/192/ar.abdullahbasfar/4170.mp3"
        ],
        "text": "أَسْبَٰبَ ٱلسَّمَٰوَٰتِ فَأَطَّلِعَ إِلَىٰٓ إِلَٰهِ مُوسَىٰ وَإِنِّى لَأَظُنُّهُۥ كَٰذِبًۭا ۚ وَكَذَٰلِكَ زُيِّنَ لِفِرْعَوْنَ سُوٓءُ عَمَلِهِۦ وَصُدَّ عَنِ ٱلسَّبِيلِ ۚ وَمَا كَيْدُ فِرْعَوْنَ إِلَّا فِى تَبَابٍۢ",
        "numberInSurah": 37,
        "juz": 24,
        "manzil": 6,
        "page": 471,
        "ruku": 407,
        "hizbQuarter": 188,
        "sajda": false,
        "audioArabic": [
          "https://cdn.jsdelivr.net/gh/Salimbd71/ArabicQuran@main/40/37.mp3"
        ],
        "audioBangla": [
          "https://cdn.jsdelivr.net/gh/Salimbd71/BanglaQuran@main/40/37.mp3"
        ]
      },
      {
        "number": 4171,
        "audio": "https://cdn.islamic.network/quran/audio/192/ar.abdullahbasfar/4171.mp3",
        "audioSecondary": [
          "https://cdn.islamic.network/quran/audio/192/ar.abdullahbasfar/4171.mp3"
        ],
        "text": "وَقَالَ ٱلَّذِىٓ ءَامَنَ يَٰقَوْمِ ٱتَّبِعُونِ أَهْدِكُمْ سَبِيلَ ٱلرَّشَادِ",
        "numberInSurah": 38,
        "juz": 24,
        "manzil": 6,
        "page": 471,
        "ruku": 408,
        "hizbQuarter": 188,
        "sajda": false,
        "audioArabic": [
          "https://cdn.jsdelivr.net/gh/Salimbd71/ArabicQuran@main/40/38.mp3"
        ],
        "audioBangla": [
          "https://cdn.jsdelivr.net/gh/Salimbd71/BanglaQuran@main/40/38.mp3"
        ]
      },
      {
        "number": 4172,
        "audio": "https://cdn.islamic.network/quran/audio/192/ar.abdullahbasfar/4172.mp3",
        "audioSecondary": [
          "https://cdn.islamic.network/quran/audio/192/ar.abdullahbasfar/4172.mp3"
        ],
        "text": "يَٰقَوْمِ إِنَّمَا هَٰذِهِ ٱلْحَيَوٰةُ ٱلدُّنْيَا مَتَٰعٌۭ وَإِنَّ ٱلْءَاخِرَةَ هِىَ دَارُ ٱلْقَرَارِ",
        "numberInSurah": 39,
        "juz": 24,
        "manzil": 6,
        "page": 471,
        "ruku": 408,
        "hizbQuarter": 188,
        "sajda": false,
        "audioArabic": [
          "https://cdn.jsdelivr.net/gh/Salimbd71/ArabicQuran@main/40/39.mp3"
        ],
        "audioBangla": [
          "https://cdn.jsdelivr.net/gh/Salimbd71/BanglaQuran@main/40/39.mp3"
        ]
      },
      {
        "number": 4173,
        "audio": "https://cdn.islamic.network/quran/audio/192/ar.abdullahbasfar/4173.mp3",
        "audioSecondary": [
          "https://cdn.islamic.network/quran/audio/192/ar.abdullahbasfar/4173.mp3"
        ],
        "text": "مَنْ عَمِلَ سَيِّئَةًۭ فَلَا يُجْزَىٰٓ إِلَّا مِثْلَهَا ۖ وَمَنْ عَمِلَ صَٰلِحًۭا مِّن ذَكَرٍ أَوْ أُنثَىٰ وَهُوَ مُؤْمِنٌۭ فَأُو۟لَٰٓئِكَ يَدْخُلُونَ ٱلْجَنَّةَ يُرْزَقُونَ فِيهَا بِغَيْرِ حِسَابٍۢ",
        "numberInSurah": 40,
        "juz": 24,
        "manzil": 6,
        "page": 471,
        "ruku": 408,
        "hizbQuarter": 188,
        "sajda": false,
        "audioArabic": [
          "https://cdn.jsdelivr.net/gh/Salimbd71/ArabicQuran@main/40/40.mp3"
        ],
        "audioBangla": [
          "https://cdn.jsdelivr.net/gh/Salimbd71/BanglaQuran@main/40/40.mp3"
        ]
      },
      {
        "number": 4174,
        "audio": "https://cdn.islamic.network/quran/audio/192/ar.abdullahbasfar/4174.mp3",
        "audioSecondary": [
          "https://cdn.islamic.network/quran/audio/192/ar.abdullahbasfar/4174.mp3"
        ],
        "text": "۞ وَيَٰقَوْمِ مَا لِىٓ أَدْعُوكُمْ إِلَى ٱلنَّجَوٰةِ وَتَدْعُونَنِىٓ إِلَى ٱلنَّارِ",
        "numberInSurah": 41,
        "juz": 24,
        "manzil": 6,
        "page": 472,
        "ruku": 408,
        "hizbQuarter": 189,
        "sajda": false,
        "audioArabic": [
          "https://cdn.jsdelivr.net/gh/Salimbd71/ArabicQuran@main/40/41.mp3"
        ],
        "audioBangla": [
          "https://cdn.jsdelivr.net/gh/Salimbd71/BanglaQuran@main/40/41.mp3"
        ]
      },
      {
        "number": 4175,
        "audio": "https://cdn.islamic.network/quran/audio/192/ar.abdullahbasfar/4175.mp3",
        "audioSecondary": [
          "https://cdn.islamic.network/quran/audio/192/ar.abdullahbasfar/4175.mp3"
        ],
        "text": "تَدْعُونَنِى لِأَكْفُرَ بِٱللَّهِ وَأُشْرِكَ بِهِۦ مَا لَيْسَ لِى بِهِۦ عِلْمٌۭ وَأَنَا۠ أَدْعُوكُمْ إِلَى ٱلْعَزِيزِ ٱلْغَفَّٰرِ",
        "numberInSurah": 42,
        "juz": 24,
        "manzil": 6,
        "page": 472,
        "ruku": 408,
        "hizbQuarter": 189,
        "sajda": false,
        "audioArabic": [
          "https://cdn.jsdelivr.net/gh/Salimbd71/ArabicQuran@main/40/42.mp3"
        ],
        "audioBangla": [
          "https://cdn.jsdelivr.net/gh/Salimbd71/BanglaQuran@main/40/42.mp3"
        ]
      },
      {
        "number": 4176,
        "audio": "https://cdn.islamic.network/quran/audio/192/ar.abdullahbasfar/4176.mp3",
        "audioSecondary": [
          "https://cdn.islamic.network/quran/audio/192/ar.abdullahbasfar/4176.mp3"
        ],
        "text": "لَا جَرَمَ أَنَّمَا تَدْعُونَنِىٓ إِلَيْهِ لَيْسَ لَهُۥ دَعْوَةٌۭ فِى ٱلدُّنْيَا وَلَا فِى ٱلْءَاخِرَةِ وَأَنَّ مَرَدَّنَآ إِلَى ٱللَّهِ وَأَنَّ ٱلْمُسْرِفِينَ هُمْ أَصْحَٰبُ ٱلنَّارِ",
        "numberInSurah": 43,
        "juz": 24,
        "manzil": 6,
        "page": 472,
        "ruku": 408,
        "hizbQuarter": 189,
        "sajda": false,
        "audioArabic": [
          "https://cdn.jsdelivr.net/gh/Salimbd71/ArabicQuran@main/40/43.mp3"
        ],
        "audioBangla": [
          "https://cdn.jsdelivr.net/gh/Salimbd71/BanglaQuran@main/40/43.mp3"
        ]
      },
      {
        "number": 4177,
        "audio": "https://cdn.islamic.network/quran/audio/192/ar.abdullahbasfar/4177.mp3",
        "audioSecondary": [
          "https://cdn.islamic.network/quran/audio/192/ar.abdullahbasfar/4177.mp3"
        ],
        "text": "فَسَتَذْكُرُونَ مَآ أَقُولُ لَكُمْ ۚ وَأُفَوِّضُ أَمْرِىٓ إِلَى ٱللَّهِ ۚ إِنَّ ٱللَّهَ بَصِيرٌۢ بِٱلْعِبَادِ",
        "numberInSurah": 44,
        "juz": 24,
        "manzil": 6,
        "page": 472,
        "ruku": 408,
        "hizbQuarter": 189,
        "sajda": false,
        "audioArabic": [
          "https://cdn.jsdelivr.net/gh/Salimbd71/ArabicQuran@main/40/44.mp3"
        ],
        "audioBangla": [
          "https://cdn.jsdelivr.net/gh/Salimbd71/BanglaQuran@main/40/44.mp3"
        ]
      },
      {
        "number": 4178,
        "audio": "https://cdn.islamic.network/quran/audio/192/ar.abdullahbasfar/4178.mp3",
        "audioSecondary": [
          "https://cdn.islamic.network/quran/audio/192/ar.abdullahbasfar/4178.mp3"
        ],
        "text": "فَوَقَىٰهُ ٱللَّهُ سَيِّـَٔاتِ مَا مَكَرُوا۟ ۖ وَحَاقَ بِـَٔالِ فِرْعَوْنَ سُوٓءُ ٱلْعَذَابِ",
        "numberInSurah": 45,
        "juz": 24,
        "manzil": 6,
        "page": 472,
        "ruku": 408,
        "hizbQuarter": 189,
        "sajda": false,
        "audioArabic": [
          "https://cdn.jsdelivr.net/gh/Salimbd71/ArabicQuran@main/40/45.mp3"
        ],
        "audioBangla": [
          "https://cdn.jsdelivr.net/gh/Salimbd71/BanglaQuran@main/40/45.mp3"
        ]
      },
      {
        "number": 4179,
        "audio": "https://cdn.islamic.network/quran/audio/192/ar.abdullahbasfar/4179.mp3",
        "audioSecondary": [
          "https://cdn.islamic.network/quran/audio/192/ar.abdullahbasfar/4179.mp3"
        ],
        "text": "ٱلنَّارُ يُعْرَضُونَ عَلَيْهَا غُدُوًّۭا وَعَشِيًّۭا ۖ وَيَوْمَ تَقُومُ ٱلسَّاعَةُ أَدْخِلُوٓا۟ ءَالَ فِرْعَوْنَ أَشَدَّ ٱلْعَذَابِ",
        "numberInSurah": 46,
        "juz": 24,
        "manzil": 6,
        "page": 472,
        "ruku": 408,
        "hizbQuarter": 189,
        "sajda": false,
        "audioArabic": [
          "https://cdn.jsdelivr.net/gh/Salimbd71/ArabicQuran@main/40/46.mp3"
        ],
        "audioBangla": [
          "https://cdn.jsdelivr.net/gh/Salimbd71/BanglaQuran@main/40/46.mp3"
        ]
      },
      {
        "number": 4180,
        "audio": "https://cdn.islamic.network/quran/audio/192/ar.abdullahbasfar/4180.mp3",
        "audioSecondary": [
          "https://cdn.islamic.network/quran/audio/192/ar.abdullahbasfar/4180.mp3"
        ],
        "text": "وَإِذْ يَتَحَآجُّونَ فِى ٱلنَّارِ فَيَقُولُ ٱلضُّعَفَٰٓؤُا۟ لِلَّذِينَ ٱسْتَكْبَرُوٓا۟ إِنَّا كُنَّا لَكُمْ تَبَعًۭا فَهَلْ أَنتُم مُّغْنُونَ عَنَّا نَصِيبًۭا مِّنَ ٱلنَّارِ",
        "numberInSurah": 47,
        "juz": 24,
        "manzil": 6,
        "page": 472,
        "ruku": 408,
        "hizbQuarter": 189,
        "sajda": false,
        "audioArabic": [
          "https://cdn.jsdelivr.net/gh/Salimbd71/ArabicQuran@main/40/47.mp3"
        ],
        "audioBangla": [
          "https://cdn.jsdelivr.net/gh/Salimbd71/BanglaQuran@main/40/47.mp3"
        ]
      },
      {
        "number": 4181,
        "audio": "https://cdn.islamic.network/quran/audio/192/ar.abdullahbasfar/4181.mp3",
        "audioSecondary": [
          "https://cdn.islamic.network/quran/audio/192/ar.abdullahbasfar/4181.mp3"
        ],
        "text": "قَالَ ٱلَّذِينَ ٱسْتَكْبَرُوٓا۟ إِنَّا كُلٌّۭ فِيهَآ إِنَّ ٱللَّهَ قَدْ حَكَمَ بَيْنَ ٱلْعِبَادِ",
        "numberInSurah": 48,
        "juz": 24,
        "manzil": 6,
        "page": 472,
        "ruku": 408,
        "hizbQuarter": 189,
        "sajda": false,
        "audioArabic": [
          "https://cdn.jsdelivr.net/gh/Salimbd71/ArabicQuran@main/40/48.mp3"
        ],
        "audioBangla": [
          "https://cdn.jsdelivr.net/gh/Salimbd71/BanglaQuran@main/40/48.mp3"
        ]
      },
      {
        "number": 4182,
        "audio": "https://cdn.islamic.network/quran/audio/192/ar.abdullahbasfar/4182.mp3",
        "audioSecondary": [
          "https://cdn.islamic.network/quran/audio/192/ar.abdullahbasfar/4182.mp3"
        ],
        "text": "وَقَالَ ٱلَّذِينَ فِى ٱلنَّارِ لِخَزَنَةِ جَهَنَّمَ ٱدْعُوا۟ رَبَّكُمْ يُخَفِّفْ عَنَّا يَوْمًۭا مِّنَ ٱلْعَذَابِ",
        "numberInSurah": 49,
        "juz": 24,
        "manzil": 6,
        "page": 472,
        "ruku": 408,
        "hizbQuarter": 189,
        "sajda": false,
        "audioArabic": [
          "https://cdn.jsdelivr.net/gh/Salimbd71/ArabicQuran@main/40/49.mp3"
        ],
        "audioBangla": [
          "https://cdn.jsdelivr.net/gh/Salimbd71/BanglaQuran@main/40/49.mp3"
        ]
      },
      {
        "number": 4183,
        "audio": "https://cdn.islamic.network/quran/audio/192/ar.abdullahbasfar/4183.mp3",
        "audioSecondary": [
          "https://cdn.islamic.network/quran/audio/192/ar.abdullahbasfar/4183.mp3"
        ],
        "text": "قَالُوٓا۟ أَوَلَمْ تَكُ تَأْتِيكُمْ رُسُلُكُم بِٱلْبَيِّنَٰتِ ۖ قَالُوا۟ بَلَىٰ ۚ قَالُوا۟ فَٱدْعُوا۟ ۗ وَمَا دُعَٰٓؤُا۟ ٱلْكَٰفِرِينَ إِلَّا فِى ضَلَٰلٍ",
        "numberInSurah": 50,
        "juz": 24,
        "manzil": 6,
        "page": 473,
        "ruku": 408,
        "hizbQuarter": 189,
        "sajda": false,
        "audioArabic": [
          "https://cdn.jsdelivr.net/gh/Salimbd71/ArabicQuran@main/40/50.mp3"
        ],
        "audioBangla": [
          "https://cdn.jsdelivr.net/gh/Salimbd71/BanglaQuran@main/40/50.mp3"
        ]
      },
      {
        "number": 4184,
        "audio": "https://cdn.islamic.network/quran/audio/192/ar.abdullahbasfar/4184.mp3",
        "audioSecondary": [
          "https://cdn.islamic.network/quran/audio/192/ar.abdullahbasfar/4184.mp3"
        ],
        "text": "إِنَّا لَنَنصُرُ رُسُلَنَا وَٱلَّذِينَ ءَامَنُوا۟ فِى ٱلْحَيَوٰةِ ٱلدُّنْيَا وَيَوْمَ يَقُومُ ٱلْأَشْهَٰدُ",
        "numberInSurah": 51,
        "juz": 24,
        "manzil": 6,
        "page": 473,
        "ruku": 409,
        "hizbQuarter": 189,
        "sajda": false,
        "audioArabic": [
          "https://cdn.jsdelivr.net/gh/Salimbd71/ArabicQuran@main/40/51.mp3"
        ],
        "audioBangla": [
          "https://cdn.jsdelivr.net/gh/Salimbd71/BanglaQuran@main/40/51.mp3"
        ]
      },
      {
        "number": 4185,
        "audio": "https://cdn.islamic.network/quran/audio/192/ar.abdullahbasfar/4185.mp3",
        "audioSecondary": [
          "https://cdn.islamic.network/quran/audio/192/ar.abdullahbasfar/4185.mp3"
        ],
        "text": "يَوْمَ لَا يَنفَعُ ٱلظَّٰلِمِينَ مَعْذِرَتُهُمْ ۖ وَلَهُمُ ٱللَّعْنَةُ وَلَهُمْ سُوٓءُ ٱلدَّارِ",
        "numberInSurah": 52,
        "juz": 24,
        "manzil": 6,
        "page": 473,
        "ruku": 409,
        "hizbQuarter": 189,
        "sajda": false,
        "audioArabic": [
          "https://cdn.jsdelivr.net/gh/Salimbd71/ArabicQuran@main/40/52.mp3"
        ],
        "audioBangla": [
          "https://cdn.jsdelivr.net/gh/Salimbd71/BanglaQuran@main/40/52.mp3"
        ]
      },
      {
        "number": 4186,
        "audio": "https://cdn.islamic.network/quran/audio/192/ar.abdullahbasfar/4186.mp3",
        "audioSecondary": [
          "https://cdn.islamic.network/quran/audio/192/ar.abdullahbasfar/4186.mp3"
        ],
        "text": "وَلَقَدْ ءَاتَيْنَا مُوسَى ٱلْهُدَىٰ وَأَوْرَثْنَا بَنِىٓ إِسْرَٰٓءِيلَ ٱلْكِتَٰبَ",
        "numberInSurah": 53,
        "juz": 24,
        "manzil": 6,
        "page": 473,
        "ruku": 409,
        "hizbQuarter": 189,
        "sajda": false,
        "audioArabic": [
          "https://cdn.jsdelivr.net/gh/Salimbd71/ArabicQuran@main/40/53.mp3"
        ],
        "audioBangla": [
          "https://cdn.jsdelivr.net/gh/Salimbd71/BanglaQuran@main/40/53.mp3"
        ]
      },
      {
        "number": 4187,
        "audio": "https://cdn.islamic.network/quran/audio/192/ar.abdullahbasfar/4187.mp3",
        "audioSecondary": [
          "https://cdn.islamic.network/quran/audio/192/ar.abdullahbasfar/4187.mp3"
        ],
        "text": "هُدًۭى وَذِكْرَىٰ لِأُو۟لِى ٱلْأَلْبَٰبِ",
        "numberInSurah": 54,
        "juz": 24,
        "manzil": 6,
        "page": 473,
        "ruku": 409,
        "hizbQuarter": 189,
        "sajda": false,
        "audioArabic": [
          "https://cdn.jsdelivr.net/gh/Salimbd71/ArabicQuran@main/40/54.mp3"
        ],
        "audioBangla": [
          "https://cdn.jsdelivr.net/gh/Salimbd71/BanglaQuran@main/40/54.mp3"
        ]
      },
      {
        "number": 4188,
        "audio": "https://cdn.islamic.network/quran/audio/192/ar.abdullahbasfar/4188.mp3",
        "audioSecondary": [
          "https://cdn.islamic.network/quran/audio/192/ar.abdullahbasfar/4188.mp3"
        ],
        "text": "فَٱصْبِرْ إِنَّ وَعْدَ ٱللَّهِ حَقٌّۭ وَٱسْتَغْفِرْ لِذَنۢبِكَ وَسَبِّحْ بِحَمْدِ رَبِّكَ بِٱلْعَشِىِّ وَٱلْإِبْكَٰرِ",
        "numberInSurah": 55,
        "juz": 24,
        "manzil": 6,
        "page": 473,
        "ruku": 409,
        "hizbQuarter": 189,
        "sajda": false,
        "audioArabic": [
          "https://cdn.jsdelivr.net/gh/Salimbd71/ArabicQuran@main/40/55.mp3"
        ],
        "audioBangla": [
          "https://cdn.jsdelivr.net/gh/Salimbd71/BanglaQuran@main/40/55.mp3"
        ]
      },
      {
        "number": 4189,
        "audio": "https://cdn.islamic.network/quran/audio/192/ar.abdullahbasfar/4189.mp3",
        "audioSecondary": [
          "https://cdn.islamic.network/quran/audio/192/ar.abdullahbasfar/4189.mp3"
        ],
        "text": "إِنَّ ٱلَّذِينَ يُجَٰدِلُونَ فِىٓ ءَايَٰتِ ٱللَّهِ بِغَيْرِ سُلْطَٰنٍ أَتَىٰهُمْ ۙ إِن فِى صُدُورِهِمْ إِلَّا كِبْرٌۭ مَّا هُم بِبَٰلِغِيهِ ۚ فَٱسْتَعِذْ بِٱللَّهِ ۖ إِنَّهُۥ هُوَ ٱلسَّمِيعُ ٱلْبَصِيرُ",
        "numberInSurah": 56,
        "juz": 24,
        "manzil": 6,
        "page": 473,
        "ruku": 409,
        "hizbQuarter": 189,
        "sajda": false,
        "audioArabic": [
          "https://cdn.jsdelivr.net/gh/Salimbd71/ArabicQuran@main/40/56.mp3"
        ],
        "audioBangla": [
          "https://cdn.jsdelivr.net/gh/Salimbd71/BanglaQuran@main/40/56.mp3"
        ]
      },
      {
        "number": 4190,
        "audio": "https://cdn.islamic.network/quran/audio/192/ar.abdullahbasfar/4190.mp3",
        "audioSecondary": [
          "https://cdn.islamic.network/quran/audio/192/ar.abdullahbasfar/4190.mp3"
        ],
        "text": "لَخَلْقُ ٱلسَّمَٰوَٰتِ وَٱلْأَرْضِ أَكْبَرُ مِنْ خَلْقِ ٱلنَّاسِ وَلَٰكِنَّ أَكْثَرَ ٱلنَّاسِ لَا يَعْلَمُونَ",
        "numberInSurah": 57,
        "juz": 24,
        "manzil": 6,
        "page": 473,
        "ruku": 409,
        "hizbQuarter": 189,
        "sajda": false,
        "audioArabic": [
          "https://cdn.jsdelivr.net/gh/Salimbd71/ArabicQuran@main/40/57.mp3"
        ],
        "audioBangla": [
          "https://cdn.jsdelivr.net/gh/Salimbd71/BanglaQuran@main/40/57.mp3"
        ]
      },
      {
        "number": 4191,
        "audio": "https://cdn.islamic.network/quran/audio/192/ar.abdullahbasfar/4191.mp3",
        "audioSecondary": [
          "https://cdn.islamic.network/quran/audio/192/ar.abdullahbasfar/4191.mp3"
        ],
        "text": "وَمَا يَسْتَوِى ٱلْأَعْمَىٰ وَٱلْبَصِيرُ وَٱلَّذِينَ ءَامَنُوا۟ وَعَمِلُوا۟ ٱلصَّٰلِحَٰتِ وَلَا ٱلْمُسِىٓءُ ۚ قَلِيلًۭا مَّا تَتَذَكَّرُونَ",
        "numberInSurah": 58,
        "juz": 24,
        "manzil": 6,
        "page": 473,
        "ruku": 409,
        "hizbQuarter": 189,
        "sajda": false,
        "audioArabic": [
          "https://cdn.jsdelivr.net/gh/Salimbd71/ArabicQuran@main/40/58.mp3"
        ],
        "audioBangla": [
          "https://cdn.jsdelivr.net/gh/Salimbd71/BanglaQuran@main/40/58.mp3"
        ]
      },
      {
        "number": 4192,
        "audio": "https://cdn.islamic.network/quran/audio/192/ar.abdullahbasfar/4192.mp3",
        "audioSecondary": [
          "https://cdn.islamic.network/quran/audio/192/ar.abdullahbasfar/4192.mp3"
        ],
        "text": "إِنَّ ٱلسَّاعَةَ لَءَاتِيَةٌۭ لَّا رَيْبَ فِيهَا وَلَٰكِنَّ أَكْثَرَ ٱلنَّاسِ لَا يُؤْمِنُونَ",
        "numberInSurah": 59,
        "juz": 24,
        "manzil": 6,
        "page": 474,
        "ruku": 409,
        "hizbQuarter": 189,
        "sajda": false,
        "audioArabic": [
          "https://cdn.jsdelivr.net/gh/Salimbd71/ArabicQuran@main/40/59.mp3"
        ],
        "audioBangla": [
          "https://cdn.jsdelivr.net/gh/Salimbd71/BanglaQuran@main/40/59.mp3"
        ]
      },
      {
        "number": 4193,
        "audio": "https://cdn.islamic.network/quran/audio/192/ar.abdullahbasfar/4193.mp3",
        "audioSecondary": [
          "https://cdn.islamic.network/quran/audio/192/ar.abdullahbasfar/4193.mp3"
        ],
        "text": "وَقَالَ رَبُّكُمُ ٱدْعُونِىٓ أَسْتَجِبْ لَكُمْ ۚ إِنَّ ٱلَّذِينَ يَسْتَكْبِرُونَ عَنْ عِبَادَتِى سَيَدْخُلُونَ جَهَنَّمَ دَاخِرِينَ",
        "numberInSurah": 60,
        "juz": 24,
        "manzil": 6,
        "page": 474,
        "ruku": 409,
        "hizbQuarter": 189,
        "sajda": false,
        "audioArabic": [
          "https://cdn.jsdelivr.net/gh/Salimbd71/ArabicQuran@main/40/60.mp3"
        ],
        "audioBangla": [
          "https://cdn.jsdelivr.net/gh/Salimbd71/BanglaQuran@main/40/60.mp3"
        ]
      },
      {
        "number": 4194,
        "audio": "https://cdn.islamic.network/quran/audio/192/ar.abdullahbasfar/4194.mp3",
        "audioSecondary": [
          "https://cdn.islamic.network/quran/audio/192/ar.abdullahbasfar/4194.mp3"
        ],
        "text": "ٱللَّهُ ٱلَّذِى جَعَلَ لَكُمُ ٱلَّيْلَ لِتَسْكُنُوا۟ فِيهِ وَٱلنَّهَارَ مُبْصِرًا ۚ إِنَّ ٱللَّهَ لَذُو فَضْلٍ عَلَى ٱلنَّاسِ وَلَٰكِنَّ أَكْثَرَ ٱلنَّاسِ لَا يَشْكُرُونَ",
        "numberInSurah": 61,
        "juz": 24,
        "manzil": 6,
        "page": 474,
        "ruku": 410,
        "hizbQuarter": 189,
        "sajda": false,
        "audioArabic": [
          "https://cdn.jsdelivr.net/gh/Salimbd71/ArabicQuran@main/40/61.mp3"
        ],
        "audioBangla": [
          "https://cdn.jsdelivr.net/gh/Salimbd71/BanglaQuran@main/40/61.mp3"
        ]
      },
      {
        "number": 4195,
        "audio": "https://cdn.islamic.network/quran/audio/192/ar.abdullahbasfar/4195.mp3",
        "audioSecondary": [
          "https://cdn.islamic.network/quran/audio/192/ar.abdullahbasfar/4195.mp3"
        ],
        "text": "ذَٰلِكُمُ ٱللَّهُ رَبُّكُمْ خَٰلِقُ كُلِّ شَىْءٍۢ لَّآ إِلَٰهَ إِلَّا هُوَ ۖ فَأَنَّىٰ تُؤْفَكُونَ",
        "numberInSurah": 62,
        "juz": 24,
        "manzil": 6,
        "page": 474,
        "ruku": 410,
        "hizbQuarter": 189,
        "sajda": false,
        "audioArabic": [
          "https://cdn.jsdelivr.net/gh/Salimbd71/ArabicQuran@main/40/62.mp3"
        ],
        "audioBangla": [
          "https://cdn.jsdelivr.net/gh/Salimbd71/BanglaQuran@main/40/62.mp3"
        ]
      },
      {
        "number": 4196,
        "audio": "https://cdn.islamic.network/quran/audio/192/ar.abdullahbasfar/4196.mp3",
        "audioSecondary": [
          "https://cdn.islamic.network/quran/audio/192/ar.abdullahbasfar/4196.mp3"
        ],
        "text": "كَذَٰلِكَ يُؤْفَكُ ٱلَّذِينَ كَانُوا۟ بِـَٔايَٰتِ ٱللَّهِ يَجْحَدُونَ",
        "numberInSurah": 63,
        "juz": 24,
        "manzil": 6,
        "page": 474,
        "ruku": 410,
        "hizbQuarter": 189,
        "sajda": false,
        "audioArabic": [
          "https://cdn.jsdelivr.net/gh/Salimbd71/ArabicQuran@main/40/63.mp3"
        ],
        "audioBangla": [
          "https://cdn.jsdelivr.net/gh/Salimbd71/BanglaQuran@main/40/63.mp3"
        ]
      },
      {
        "number": 4197,
        "audio": "https://cdn.islamic.network/quran/audio/192/ar.abdullahbasfar/4197.mp3",
        "audioSecondary": [
          "https://cdn.islamic.network/quran/audio/192/ar.abdullahbasfar/4197.mp3"
        ],
        "text": "ٱللَّهُ ٱلَّذِى جَعَلَ لَكُمُ ٱلْأَرْضَ قَرَارًۭا وَٱلسَّمَآءَ بِنَآءًۭ وَصَوَّرَكُمْ فَأَحْسَنَ صُوَرَكُمْ وَرَزَقَكُم مِّنَ ٱلطَّيِّبَٰتِ ۚ ذَٰلِكُمُ ٱللَّهُ رَبُّكُمْ ۖ فَتَبَارَكَ ٱللَّهُ رَبُّ ٱلْعَٰلَمِينَ",
        "numberInSurah": 64,
        "juz": 24,
        "manzil": 6,
        "page": 474,
        "ruku": 410,
        "hizbQuarter": 189,
        "sajda": false,
        "audioArabic": [
          "https://cdn.jsdelivr.net/gh/Salimbd71/ArabicQuran@main/40/64.mp3"
        ],
        "audioBangla": [
          "https://cdn.jsdelivr.net/gh/Salimbd71/BanglaQuran@main/40/64.mp3"
        ]
      },
      {
        "number": 4198,
        "audio": "https://cdn.islamic.network/quran/audio/192/ar.abdullahbasfar/4198.mp3",
        "audioSecondary": [
          "https://cdn.islamic.network/quran/audio/192/ar.abdullahbasfar/4198.mp3"
        ],
        "text": "هُوَ ٱلْحَىُّ لَآ إِلَٰهَ إِلَّا هُوَ فَٱدْعُوهُ مُخْلِصِينَ لَهُ ٱلدِّينَ ۗ ٱلْحَمْدُ لِلَّهِ رَبِّ ٱلْعَٰلَمِينَ",
        "numberInSurah": 65,
        "juz": 24,
        "manzil": 6,
        "page": 474,
        "ruku": 410,
        "hizbQuarter": 189,
        "sajda": false,
        "audioArabic": [
          "https://cdn.jsdelivr.net/gh/Salimbd71/ArabicQuran@main/40/65.mp3"
        ],
        "audioBangla": [
          "https://cdn.jsdelivr.net/gh/Salimbd71/BanglaQuran@main/40/65.mp3"
        ]
      },
      {
        "number": 4199,
        "audio": "https://cdn.islamic.network/quran/audio/192/ar.abdullahbasfar/4199.mp3",
        "audioSecondary": [
          "https://cdn.islamic.network/quran/audio/192/ar.abdullahbasfar/4199.mp3"
        ],
        "text": "۞ قُلْ إِنِّى نُهِيتُ أَنْ أَعْبُدَ ٱلَّذِينَ تَدْعُونَ مِن دُونِ ٱللَّهِ لَمَّا جَآءَنِىَ ٱلْبَيِّنَٰتُ مِن رَّبِّى وَأُمِرْتُ أَنْ أُسْلِمَ لِرَبِّ ٱلْعَٰلَمِينَ",
        "numberInSurah": 66,
        "juz": 24,
        "manzil": 6,
        "page": 474,
        "ruku": 410,
        "hizbQuarter": 190,
        "sajda": false,
        "audioArabic": [
          "https://cdn.jsdelivr.net/gh/Salimbd71/ArabicQuran@main/40/66.mp3"
        ],
        "audioBangla": [
          "https://cdn.jsdelivr.net/gh/Salimbd71/BanglaQuran@main/40/66.mp3"
        ]
      },
      {
        "number": 4200,
        "audio": "https://cdn.islamic.network/quran/audio/192/ar.abdullahbasfar/4200.mp3",
        "audioSecondary": [
          "https://cdn.islamic.network/quran/audio/192/ar.abdullahbasfar/4200.mp3"
        ],
        "text": "هُوَ ٱلَّذِى خَلَقَكُم مِّن تُرَابٍۢ ثُمَّ مِن نُّطْفَةٍۢ ثُمَّ مِنْ عَلَقَةٍۢ ثُمَّ يُخْرِجُكُمْ طِفْلًۭا ثُمَّ لِتَبْلُغُوٓا۟ أَشُدَّكُمْ ثُمَّ لِتَكُونُوا۟ شُيُوخًۭا ۚ وَمِنكُم مَّن يُتَوَفَّىٰ مِن قَبْلُ ۖ وَلِتَبْلُغُوٓا۟ أَجَلًۭا مُّسَمًّۭى وَلَعَلَّكُمْ تَعْقِلُونَ",
        "numberInSurah": 67,
        "juz": 24,
        "manzil": 6,
        "page": 475,
        "ruku": 410,
        "hizbQuarter": 190,
        "sajda": false,
        "audioArabic": [
          "https://cdn.jsdelivr.net/gh/Salimbd71/ArabicQuran@main/40/67.mp3"
        ],
        "audioBangla": [
          "https://cdn.jsdelivr.net/gh/Salimbd71/BanglaQuran@main/40/67.mp3"
        ]
      },
      {
        "number": 4201,
        "audio": "https://cdn.islamic.network/quran/audio/192/ar.abdullahbasfar/4201.mp3",
        "audioSecondary": [
          "https://cdn.islamic.network/quran/audio/192/ar.abdullahbasfar/4201.mp3"
        ],
        "text": "هُوَ ٱلَّذِى يُحْىِۦ وَيُمِيتُ ۖ فَإِذَا قَضَىٰٓ أَمْرًۭا فَإِنَّمَا يَقُولُ لَهُۥ كُن فَيَكُونُ",
        "numberInSurah": 68,
        "juz": 24,
        "manzil": 6,
        "page": 475,
        "ruku": 410,
        "hizbQuarter": 190,
        "sajda": false,
        "audioArabic": [
          "https://cdn.jsdelivr.net/gh/Salimbd71/ArabicQuran@main/40/68.mp3"
        ],
        "audioBangla": [
          "https://cdn.jsdelivr.net/gh/Salimbd71/BanglaQuran@main/40/68.mp3"
        ]
      },
      {
        "number": 4202,
        "audio": "https://cdn.islamic.network/quran/audio/192/ar.abdullahbasfar/4202.mp3",
        "audioSecondary": [
          "https://cdn.islamic.network/quran/audio/192/ar.abdullahbasfar/4202.mp3"
        ],
        "text": "أَلَمْ تَرَ إِلَى ٱلَّذِينَ يُجَٰدِلُونَ فِىٓ ءَايَٰتِ ٱللَّهِ أَنَّىٰ يُصْرَفُونَ",
        "numberInSurah": 69,
        "juz": 24,
        "manzil": 6,
        "page": 475,
        "ruku": 411,
        "hizbQuarter": 190,
        "sajda": false,
        "audioArabic": [
          "https://cdn.jsdelivr.net/gh/Salimbd71/ArabicQuran@main/40/69.mp3"
        ],
        "audioBangla": [
          "https://cdn.jsdelivr.net/gh/Salimbd71/BanglaQuran@main/40/69.mp3"
        ]
      },
      {
        "number": 4203,
        "audio": "https://cdn.islamic.network/quran/audio/192/ar.abdullahbasfar/4203.mp3",
        "audioSecondary": [
          "https://cdn.islamic.network/quran/audio/192/ar.abdullahbasfar/4203.mp3"
        ],
        "text": "ٱلَّذِينَ كَذَّبُوا۟ بِٱلْكِتَٰبِ وَبِمَآ أَرْسَلْنَا بِهِۦ رُسُلَنَا ۖ فَسَوْفَ يَعْلَمُونَ",
        "numberInSurah": 70,
        "juz": 24,
        "manzil": 6,
        "page": 475,
        "ruku": 411,
        "hizbQuarter": 190,
        "sajda": false,
        "audioArabic": [
          "https://cdn.jsdelivr.net/gh/Salimbd71/ArabicQuran@main/40/70.mp3"
        ],
        "audioBangla": [
          "https://cdn.jsdelivr.net/gh/Salimbd71/BanglaQuran@main/40/70.mp3"
        ]
      },
      {
        "number": 4204,
        "audio": "https://cdn.islamic.network/quran/audio/192/ar.abdullahbasfar/4204.mp3",
        "audioSecondary": [
          "https://cdn.islamic.network/quran/audio/192/ar.abdullahbasfar/4204.mp3"
        ],
        "text": "إِذِ ٱلْأَغْلَٰلُ فِىٓ أَعْنَٰقِهِمْ وَٱلسَّلَٰسِلُ يُسْحَبُونَ",
        "numberInSurah": 71,
        "juz": 24,
        "manzil": 6,
        "page": 475,
        "ruku": 411,
        "hizbQuarter": 190,
        "sajda": false,
        "audioArabic": [
          "https://cdn.jsdelivr.net/gh/Salimbd71/ArabicQuran@main/40/71.mp3"
        ],
        "audioBangla": [
          "https://cdn.jsdelivr.net/gh/Salimbd71/BanglaQuran@main/40/71.mp3"
        ]
      },
      {
        "number": 4205,
        "audio": "https://cdn.islamic.network/quran/audio/192/ar.abdullahbasfar/4205.mp3",
        "audioSecondary": [
          "https://cdn.islamic.network/quran/audio/192/ar.abdullahbasfar/4205.mp3"
        ],
        "text": "فِى ٱلْحَمِيمِ ثُمَّ فِى ٱلنَّارِ يُسْجَرُونَ",
        "numberInSurah": 72,
        "juz": 24,
        "manzil": 6,
        "page": 475,
        "ruku": 411,
        "hizbQuarter": 190,
        "sajda": false,
        "audioArabic": [
          "https://cdn.jsdelivr.net/gh/Salimbd71/ArabicQuran@main/40/72.mp3"
        ],
        "audioBangla": [
          "https://cdn.jsdelivr.net/gh/Salimbd71/BanglaQuran@main/40/72.mp3"
        ]
      },
      {
        "number": 4206,
        "audio": "https://cdn.islamic.network/quran/audio/192/ar.abdullahbasfar/4206.mp3",
        "audioSecondary": [
          "https://cdn.islamic.network/quran/audio/192/ar.abdullahbasfar/4206.mp3"
        ],
        "text": "ثُمَّ قِيلَ لَهُمْ أَيْنَ مَا كُنتُمْ تُشْرِكُونَ",
        "numberInSurah": 73,
        "juz": 24,
        "manzil": 6,
        "page": 475,
        "ruku": 411,
        "hizbQuarter": 190,
        "sajda": false,
        "audioArabic": [
          "https://cdn.jsdelivr.net/gh/Salimbd71/ArabicQuran@main/40/73.mp3"
        ],
        "audioBangla": [
          "https://cdn.jsdelivr.net/gh/Salimbd71/BanglaQuran@main/40/73.mp3"
        ]
      },
      {
        "number": 4207,
        "audio": "https://cdn.islamic.network/quran/audio/192/ar.abdullahbasfar/4207.mp3",
        "audioSecondary": [
          "https://cdn.islamic.network/quran/audio/192/ar.abdullahbasfar/4207.mp3"
        ],
        "text": "مِن دُونِ ٱللَّهِ ۖ قَالُوا۟ ضَلُّوا۟ عَنَّا بَل لَّمْ نَكُن نَّدْعُوا۟ مِن قَبْلُ شَيْـًۭٔا ۚ كَذَٰلِكَ يُضِلُّ ٱللَّهُ ٱلْكَٰفِرِينَ",
        "numberInSurah": 74,
        "juz": 24,
        "manzil": 6,
        "page": 475,
        "ruku": 411,
        "hizbQuarter": 190,
        "sajda": false,
        "audioArabic": [
          "https://cdn.jsdelivr.net/gh/Salimbd71/ArabicQuran@main/40/74.mp3"
        ],
        "audioBangla": [
          "https://cdn.jsdelivr.net/gh/Salimbd71/BanglaQuran@main/40/74.mp3"
        ]
      },
      {
        "number": 4208,
        "audio": "https://cdn.islamic.network/quran/audio/192/ar.abdullahbasfar/4208.mp3",
        "audioSecondary": [
          "https://cdn.islamic.network/quran/audio/192/ar.abdullahbasfar/4208.mp3"
        ],
        "text": "ذَٰلِكُم بِمَا كُنتُمْ تَفْرَحُونَ فِى ٱلْأَرْضِ بِغَيْرِ ٱلْحَقِّ وَبِمَا كُنتُمْ تَمْرَحُونَ",
        "numberInSurah": 75,
        "juz": 24,
        "manzil": 6,
        "page": 475,
        "ruku": 411,
        "hizbQuarter": 190,
        "sajda": false,
        "audioArabic": [
          "https://cdn.jsdelivr.net/gh/Salimbd71/ArabicQuran@main/40/75.mp3"
        ],
        "audioBangla": [
          "https://cdn.jsdelivr.net/gh/Salimbd71/BanglaQuran@main/40/75.mp3"
        ]
      },
      {
        "number": 4209,
        "audio": "https://cdn.islamic.network/quran/audio/192/ar.abdullahbasfar/4209.mp3",
        "audioSecondary": [
          "https://cdn.islamic.network/quran/audio/192/ar.abdullahbasfar/4209.mp3"
        ],
        "text": "ٱدْخُلُوٓا۟ أَبْوَٰبَ جَهَنَّمَ خَٰلِدِينَ فِيهَا ۖ فَبِئْسَ مَثْوَى ٱلْمُتَكَبِّرِينَ",
        "numberInSurah": 76,
        "juz": 24,
        "manzil": 6,
        "page": 475,
        "ruku": 411,
        "hizbQuarter": 190,
        "sajda": false,
        "audioArabic": [
          "https://cdn.jsdelivr.net/gh/Salimbd71/ArabicQuran@main/40/76.mp3"
        ],
        "audioBangla": [
          "https://cdn.jsdelivr.net/gh/Salimbd71/BanglaQuran@main/40/76.mp3"
        ]
      },
      {
        "number": 4210,
        "audio": "https://cdn.islamic.network/quran/audio/192/ar.abdullahbasfar/4210.mp3",
        "audioSecondary": [
          "https://cdn.islamic.network/quran/audio/192/ar.abdullahbasfar/4210.mp3"
        ],
        "text": "فَٱصْبِرْ إِنَّ وَعْدَ ٱللَّهِ حَقٌّۭ ۚ فَإِمَّا نُرِيَنَّكَ بَعْضَ ٱلَّذِى نَعِدُهُمْ أَوْ نَتَوَفَّيَنَّكَ فَإِلَيْنَا يُرْجَعُونَ",
        "numberInSurah": 77,
        "juz": 24,
        "manzil": 6,
        "page": 475,
        "ruku": 411,
        "hizbQuarter": 190,
        "sajda": false,
        "audioArabic": [
          "https://cdn.jsdelivr.net/gh/Salimbd71/ArabicQuran@main/40/77.mp3"
        ],
        "audioBangla": [
          "https://cdn.jsdelivr.net/gh/Salimbd71/BanglaQuran@main/40/77.mp3"
        ]
      },
      {
        "number": 4211,
        "audio": "https://cdn.islamic.network/quran/audio/192/ar.abdullahbasfar/4211.mp3",
        "audioSecondary": [
          "https://cdn.islamic.network/quran/audio/192/ar.abdullahbasfar/4211.mp3"
        ],
        "text": "وَلَقَدْ أَرْسَلْنَا رُسُلًۭا مِّن قَبْلِكَ مِنْهُم مَّن قَصَصْنَا عَلَيْكَ وَمِنْهُم مَّن لَّمْ نَقْصُصْ عَلَيْكَ ۗ وَمَا كَانَ لِرَسُولٍ أَن يَأْتِىَ بِـَٔايَةٍ إِلَّا بِإِذْنِ ٱللَّهِ ۚ فَإِذَا جَآءَ أَمْرُ ٱللَّهِ قُضِىَ بِٱلْحَقِّ وَخَسِرَ هُنَالِكَ ٱلْمُبْطِلُونَ",
        "numberInSurah": 78,
        "juz": 24,
        "manzil": 6,
        "page": 476,
        "ruku": 411,
        "hizbQuarter": 190,
        "sajda": false,
        "audioArabic": [
          "https://cdn.jsdelivr.net/gh/Salimbd71/ArabicQuran@main/40/78.mp3"
        ],
        "audioBangla": [
          "https://cdn.jsdelivr.net/gh/Salimbd71/BanglaQuran@main/40/78.mp3"
        ]
      },
      {
        "number": 4212,
        "audio": "https://cdn.islamic.network/quran/audio/192/ar.abdullahbasfar/4212.mp3",
        "audioSecondary": [
          "https://cdn.islamic.network/quran/audio/192/ar.abdullahbasfar/4212.mp3"
        ],
        "text": "ٱللَّهُ ٱلَّذِى جَعَلَ لَكُمُ ٱلْأَنْعَٰمَ لِتَرْكَبُوا۟ مِنْهَا وَمِنْهَا تَأْكُلُونَ",
        "numberInSurah": 79,
        "juz": 24,
        "manzil": 6,
        "page": 476,
        "ruku": 412,
        "hizbQuarter": 190,
        "sajda": false,
        "audioArabic": [
          "https://cdn.jsdelivr.net/gh/Salimbd71/ArabicQuran@main/40/79.mp3"
        ],
        "audioBangla": [
          "https://cdn.jsdelivr.net/gh/Salimbd71/BanglaQuran@main/40/79.mp3"
        ]
      },
      {
        "number": 4213,
        "audio": "https://cdn.islamic.network/quran/audio/192/ar.abdullahbasfar/4213.mp3",
        "audioSecondary": [
          "https://cdn.islamic.network/quran/audio/192/ar.abdullahbasfar/4213.mp3"
        ],
        "text": "وَلَكُمْ فِيهَا مَنَٰفِعُ وَلِتَبْلُغُوا۟ عَلَيْهَا حَاجَةًۭ فِى صُدُورِكُمْ وَعَلَيْهَا وَعَلَى ٱلْفُلْكِ تُحْمَلُونَ",
        "numberInSurah": 80,
        "juz": 24,
        "manzil": 6,
        "page": 476,
        "ruku": 412,
        "hizbQuarter": 190,
        "sajda": false,
        "audioArabic": [
          "https://cdn.jsdelivr.net/gh/Salimbd71/ArabicQuran@main/40/80.mp3"
        ],
        "audioBangla": [
          "https://cdn.jsdelivr.net/gh/Salimbd71/BanglaQuran@main/40/80.mp3"
        ]
      },
      {
        "number": 4214,
        "audio": "https://cdn.islamic.network/quran/audio/192/ar.abdullahbasfar/4214.mp3",
        "audioSecondary": [
          "https://cdn.islamic.network/quran/audio/192/ar.abdullahbasfar/4214.mp3"
        ],
        "text": "وَيُرِيكُمْ ءَايَٰتِهِۦ فَأَىَّ ءَايَٰتِ ٱللَّهِ تُنكِرُونَ",
        "numberInSurah": 81,
        "juz": 24,
        "manzil": 6,
        "page": 476,
        "ruku": 412,
        "hizbQuarter": 190,
        "sajda": false,
        "audioArabic": [
          "https://cdn.jsdelivr.net/gh/Salimbd71/ArabicQuran@main/40/81.mp3"
        ],
        "audioBangla": [
          "https://cdn.jsdelivr.net/gh/Salimbd71/BanglaQuran@main/40/81.mp3"
        ]
      },
      {
        "number": 4215,
        "audio": "https://cdn.islamic.network/quran/audio/192/ar.abdullahbasfar/4215.mp3",
        "audioSecondary": [
          "https://cdn.islamic.network/quran/audio/192/ar.abdullahbasfar/4215.mp3"
        ],
        "text": "أَفَلَمْ يَسِيرُوا۟ فِى ٱلْأَرْضِ فَيَنظُرُوا۟ كَيْفَ كَانَ عَٰقِبَةُ ٱلَّذِينَ مِن قَبْلِهِمْ ۚ كَانُوٓا۟ أَكْثَرَ مِنْهُمْ وَأَشَدَّ قُوَّةًۭ وَءَاثَارًۭا فِى ٱلْأَرْضِ فَمَآ أَغْنَىٰ عَنْهُم مَّا كَانُوا۟ يَكْسِبُونَ",
        "numberInSurah": 82,
        "juz": 24,
        "manzil": 6,
        "page": 476,
        "ruku": 412,
        "hizbQuarter": 190,
        "sajda": false,
        "audioArabic": [
          "https://cdn.jsdelivr.net/gh/Salimbd71/ArabicQuran@main/40/82.mp3"
        ],
        "audioBangla": [
          "https://cdn.jsdelivr.net/gh/Salimbd71/BanglaQuran@main/40/82.mp3"
        ]
      },
      {
        "number": 4216,
        "audio": "https://cdn.islamic.network/quran/audio/192/ar.abdullahbasfar/4216.mp3",
        "audioSecondary": [
          "https://cdn.islamic.network/quran/audio/192/ar.abdullahbasfar/4216.mp3"
        ],
        "text": "فَلَمَّا جَآءَتْهُمْ رُسُلُهُم بِٱلْبَيِّنَٰتِ فَرِحُوا۟ بِمَا عِندَهُم مِّنَ ٱلْعِلْمِ وَحَاقَ بِهِم مَّا كَانُوا۟ بِهِۦ يَسْتَهْزِءُونَ",
        "numberInSurah": 83,
        "juz": 24,
        "manzil": 6,
        "page": 476,
        "ruku": 412,
        "hizbQuarter": 190,
        "sajda": false,
        "audioArabic": [
          "https://cdn.jsdelivr.net/gh/Salimbd71/ArabicQuran@main/40/83.mp3"
        ],
        "audioBangla": [
          "https://cdn.jsdelivr.net/gh/Salimbd71/BanglaQuran@main/40/83.mp3"
        ]
      },
      {
        "number": 4217,
        "audio": "https://cdn.islamic.network/quran/audio/192/ar.abdullahbasfar/4217.mp3",
        "audioSecondary": [
          "https://cdn.islamic.network/quran/audio/192/ar.abdullahbasfar/4217.mp3"
        ],
        "text": "فَلَمَّا رَأَوْا۟ بَأْسَنَا قَالُوٓا۟ ءَامَنَّا بِٱللَّهِ وَحْدَهُۥ وَكَفَرْنَا بِمَا كُنَّا بِهِۦ مُشْرِكِينَ",
        "numberInSurah": 84,
        "juz": 24,
        "manzil": 6,
        "page": 476,
        "ruku": 412,
        "hizbQuarter": 190,
        "sajda": false,
        "audioArabic": [
          "https://cdn.jsdelivr.net/gh/Salimbd71/ArabicQuran@main/40/84.mp3"
        ],
        "audioBangla": [
          "https://cdn.jsdelivr.net/gh/Salimbd71/BanglaQuran@main/40/84.mp3"
        ]
      },
      {
        "number": 4218,
        "audio": "https://cdn.islamic.network/quran/audio/192/ar.abdullahbasfar/4218.mp3",
        "audioSecondary": [
          "https://cdn.islamic.network/quran/audio/192/ar.abdullahbasfar/4218.mp3"
        ],
        "text": "فَلَمْ يَكُ يَنفَعُهُمْ إِيمَٰنُهُمْ لَمَّا رَأَوْا۟ بَأْسَنَا ۖ سُنَّتَ ٱللَّهِ ٱلَّتِى قَدْ خَلَتْ فِى عِبَادِهِۦ ۖ وَخَسِرَ هُنَالِكَ ٱلْكَٰفِرُونَ",
        "numberInSurah": 85,
        "juz": 24,
        "manzil": 6,
        "page": 476,
        "ruku": 412,
        "hizbQuarter": 190,
        "sajda": false,
        "audioArabic": [
          "https://cdn.jsdelivr.net/gh/Salimbd71/ArabicQuran@main/40/85.mp3"
        ],
        "audioBangla": [
          "https://cdn.jsdelivr.net/gh/Salimbd71/BanglaQuran@main/40/85.mp3"
        ]
      }
    ],
    "edition": {
      "identifier": "ar.abdullahbasfar",
      "language": "ar",
      "name": "عبد الله بصفر",
      "englishName": "Abdullah Basfar",
      "format": "audio",
      "type": "versebyverse",
      "direction": null
    }
  }
}