{
  "code": 200,
  "status": "OK",
  "data": {
    "number": 48,
    "name": "سُورَةُ الفَتۡحِ",
    "englishName": "Al-Fath",
    "englishNameTranslation": "The Victory",
    "revelationType": "Medinan",
    "numberOfAyahs": 29,
    "ayahs": [
      {
        "number": 4584,
        "audio": "https://everyayah.com/data/Saood_ash-Shuraym_64kbps/048001.mp3",
        "audioSecondary": [
          "https://cdn.islamic.network/quran/audio/64/ar.shaatree/4584.mp3"
        ],
        "text": "بِسْمِ ٱللَّهِ ٱلرَّحْمَٰنِ ٱلرَّحِيمِ إِنَّا فَتَحْنَا لَكَ فَتْحًۭا مُّبِينًۭا",
        "numberInSurah": 1,
        "juz": 26,
        "manzil": 6,
        "page": 511,
        "ruku": 446,
        "hizbQuarter": 204,
        "sajda": false,
        "audioArabic": [
          "https://cdn.jsdelivr.net/gh/Salimbd71/ArabicQuran@main/48/1.mp3"
        ],
        "audioBangla": [
          "https://cdn.jsdelivr.net/gh/Salimbd71/BanglaQuran@main/48/1.mp3"
        ]
      },
      {
        "number": 4585,
        "audio": "https://everyayah.com/data/Saood_ash-Shuraym_64kbps/048002.mp3",
        "audioSecondary": [
          "https://cdn.islamic.network/quran/audio/64/ar.shaatree/4585.mp3"
        ],
        "text": "لِّيَغْفِرَ لَكَ ٱللَّهُ مَا تَقَدَّمَ مِن ذَنۢبِكَ وَمَا تَأَخَّرَ وَيُتِمَّ نِعْمَتَهُۥ عَلَيْكَ وَيَهْدِيَكَ صِرَٰطًۭا مُّسْتَقِيمًۭا",
        "numberInSurah": 2,
        "juz": 26,
        "manzil": 6,
        "page": 511,
        "ruku": 446,
        "hizbQuarter": 204,
        "sajda": false,
        "audioArabic": [
          "https://cdn.jsdelivr.net/gh/Salimbd71/ArabicQuran@main/48/2.mp3"
        ],
        "audioBangla": [
          "https://cdn.jsdelivr.net/gh/Salimbd71/BanglaQuran@main/48/2.mp3"
        ]
      },
      {
        "number": 4586,
        "audio": "https://everyayah.com/data/Saood_ash-Shuraym_64kbps/048003.mp3",
        "audioSecondary": [
          "https://cdn.islamic.network/quran/audio/64/ar.shaatree/4586.mp3"
        ],
        "text": "وَيَنصُرَكَ ٱللَّهُ نَصْرًا عَزِيزًا",
        "numberInSurah": 3,
        "juz": 26,
        "manzil": 6,
        "page": 511,
        "ruku": 446,
        "hizbQuarter": 204,
        "sajda": false,
        "audioArabic": [
          "https://cdn.jsdelivr.net/gh/Salimbd71/ArabicQuran@main/48/3.mp3"
        ],
        "audioBangla": [
          "https://cdn.jsdelivr.net/gh/Salimbd71/BanglaQuran@main/48/3.mp3"
        ]
      },
      {
        "number": 4587,
        "audio": "https://everyayah.com/data/Saood_ash-Shuraym_64kbps/048004.mp3",
        "audioSecondary": [
          "https://cdn.islamic.network/quran/audio/64/ar.shaatree/4587.mp3"
        ],
        "text": "هُوَ ٱلَّذِىٓ أَنزَلَ ٱلسَّكِينَةَ فِى قُلُوبِ ٱلْمُؤْمِنِينَ لِيَزْدَادُوٓا۟ إِيمَٰنًۭا مَّعَ إِيمَٰنِهِمْ ۗ وَلِلَّهِ جُنُودُ ٱلسَّمَٰوَٰتِ وَٱلْأَرْضِ ۚ وَكَانَ ٱللَّهُ عَلِيمًا حَكِيمًۭا",
        "numberInSurah": 4,
        "juz": 26,
        "manzil": 6,
        "page": 511,
        "ruku": 446,
        "hizbQuarter": 204,
        "sajda": false,
        "audioArabic": [
          "https://cdn.jsdelivr.net/gh/Salimbd71/ArabicQuran@main/48/4.mp3"
        ],
        "audioBangla": [
          "https://cdn.jsdelivr.net/gh/Salimbd71/BanglaQuran@main/48/4.mp3"
        ]
      },
      {
        "number": 4588,
        "audio": "https://everyayah.com/data/Saood_ash-Shuraym_64kbps/048005.mp3",
        "audioSecondary": [
          "https://cdn.islamic.network/quran/audio/64/ar.shaatree/4588.mp3"
        ],
        "text": "لِّيُدْخِلَ ٱلْمُؤْمِنِينَ وَٱلْمُؤْمِنَٰتِ جَنَّٰتٍۢ تَجْرِى مِن تَحْتِهَا ٱلْأَنْهَٰرُ خَٰلِدِينَ فِيهَا وَيُكَفِّرَ عَنْهُمْ سَيِّـَٔاتِهِمْ ۚ وَكَانَ ذَٰلِكَ عِندَ ٱللَّهِ فَوْزًا عَظِيمًۭا",
        "numberInSurah": 5,
        "juz": 26,
        "manzil": 6,
        "page": 511,
        "ruku": 446,
        "hizbQuarter": 204,
        "sajda": false,
        "audioArabic": [
          "https://cdn.jsdelivr.net/gh/Salimbd71/ArabicQuran@main/48/5.mp3"
        ],
        "audioBangla": [
          "https://cdn.jsdelivr.net/gh/Salimbd71/BanglaQuran@main/48/5.mp3"
        ]
      },
      {
        "number": 4589,
        "audio": "https://everyayah.com/data/Saood_ash-Shuraym_64kbps/048006.mp3",
        "audioSecondary": [
          "https://cdn.islamic.network/quran/audio/64/ar.shaatree/4589.mp3"
        ],
        "text": "وَيُعَذِّبَ ٱلْمُنَٰفِقِينَ وَٱلْمُنَٰفِقَٰتِ وَٱلْمُشْرِكِينَ وَٱلْمُشْرِكَٰتِ ٱلظَّآنِّينَ بِٱللَّهِ ظَنَّ ٱلسَّوْءِ ۚ عَلَيْهِمْ دَآئِرَةُ ٱلسَّوْءِ ۖ وَغَضِبَ ٱللَّهُ عَلَيْهِمْ وَلَعَنَهُمْ وَأَعَدَّ لَهُمْ جَهَنَّمَ ۖ وَسَآءَتْ مَصِيرًۭا",
        "numberInSurah": 6,
        "juz": 26,
        "manzil": 6,
        "page": 511,
        "ruku": 446,
        "hizbQuarter": 204,
        "sajda": false,
        "audioArabic": [
          "https://cdn.jsdelivr.net/gh/Salimbd71/ArabicQuran@main/48/6.mp3"
        ],
        "audioBangla": [
          "https://cdn.jsdelivr.net/gh/Salimbd71/BanglaQuran@main/48/6.mp3"
        ]
      },
      {
        "number": 4590,
        "audio": "https://everyayah.com/data/Saood_ash-Shuraym_64kbps/048007.mp3",
        "audioSecondary": [
          "https://cdn.islamic.network/quran/audio/64/ar.shaatree/4590.mp3"
        ],
        "text": "وَلِلَّهِ جُنُودُ ٱلسَّمَٰوَٰتِ وَٱلْأَرْضِ ۚ وَكَانَ ٱللَّهُ عَزِيزًا حَكِيمًا",
        "numberInSurah": 7,
        "juz": 26,
        "manzil": 6,
        "page": 511,
        "ruku": 446,
        "hizbQuarter": 204,
        "sajda": false,
        "audioArabic": [
          "https://cdn.jsdelivr.net/gh/Salimbd71/ArabicQuran@main/48/7.mp3"
        ],
        "audioBangla": [
          "https://cdn.jsdelivr.net/gh/Salimbd71/BanglaQuran@main/48/7.mp3"
        ]
      },
      {
        "number": 4591,
        "audio": "https://everyayah.com/data/Saood_ash-Shuraym_64kbps/048008.mp3",
        "audioSecondary": [
          "https://cdn.islamic.network/quran/audio/64/ar.shaatree/4591.mp3"
        ],
        "text": "إِنَّآ أَرْسَلْنَٰكَ شَٰهِدًۭا وَمُبَشِّرًۭا وَنَذِيرًۭا",
        "numberInSurah": 8,
        "juz": 26,
        "manzil": 6,
        "page": 511,
        "ruku": 446,
        "hizbQuarter": 204,
        "sajda": false,
        "audioArabic": [
          "https://cdn.jsdelivr.net/gh/Salimbd71/ArabicQuran@main/48/8.mp3"
        ],
        "audioBangla": [
          "https://cdn.jsdelivr.net/gh/Salimbd71/BanglaQuran@main/48/8.mp3"
        ]
      },
      {
        "number": 4592,
        "audio": "https://everyayah.com/data/Saood_ash-Shuraym_64kbps/048009.mp3",
        "audioSecondary": [
          "https://cdn.islamic.network/quran/audio/64/ar.shaatree/4592.mp3"
        ],
        "text": "لِّتُؤْمِنُوا۟ بِٱللَّهِ وَرَسُولِهِۦ وَتُعَزِّرُوهُ وَتُوَقِّرُوهُ وَتُسَبِّحُوهُ بُكْرَةًۭ وَأَصِيلًا",
        "numberInSurah": 9,
        "juz": 26,
        "manzil": 6,
        "page": 511,
        "ruku": 446,
        "hizbQuarter": 204,
        "sajda": false,
        "audioArabic": [
          "https://cdn.jsdelivr.net/gh/Salimbd71/ArabicQuran@main/48/9.mp3"
        ],
        "audioBangla": [
          "https://cdn.jsdelivr.net/gh/Salimbd71/BanglaQuran@main/48/9.mp3"
        ]
      },
      {
        "number": 4593,
        "audio": "https://everyayah.com/data/Saood_ash-Shuraym_64kbps/048010.mp3",
        "audioSecondary": [
          "https://cdn.islamic.network/quran/audio/64/ar.shaatree/4593.mp3"
        ],
        "text": "إِنَّ ٱلَّذِينَ يُبَايِعُونَكَ إِنَّمَا يُبَايِعُونَ ٱللَّهَ يَدُ ٱللَّهِ فَوْقَ أَيْدِيهِمْ ۚ فَمَن نَّكَثَ فَإِنَّمَا يَنكُثُ عَلَىٰ نَفْسِهِۦ ۖ وَمَنْ أَوْفَىٰ بِمَا عَٰهَدَ عَلَيْهُ ٱللَّهَ فَسَيُؤْتِيهِ أَجْرًا عَظِيمًۭا",
        "numberInSurah": 10,
        "juz": 26,
        "manzil": 6,
        "page": 512,
        "ruku": 446,
        "hizbQuarter": 204,
        "sajda": false,
        "audioArabic": [
          "https://cdn.jsdelivr.net/gh/Salimbd71/ArabicQuran@main/48/10.mp3"
        ],
        "audioBangla": [
          "https://cdn.jsdelivr.net/gh/Salimbd71/BanglaQuran@main/48/10.mp3"
        ]
      },
      {
        "number": 4594,
        "audio": "https://everyayah.com/data/Saood_ash-Shuraym_64kbps/048011.mp3",
        "audioSecondary": [
          "https://cdn.islamic.network/quran/audio/64/ar.shaatree/4594.mp3"
        ],
        "text": "سَيَقُولُ لَكَ ٱلْمُخَلَّفُونَ مِنَ ٱلْأَعْرَابِ شَغَلَتْنَآ أَمْوَٰلُنَا وَأَهْلُونَا فَٱسْتَغْفِرْ لَنَا ۚ يَقُولُونَ بِأَلْسِنَتِهِم مَّا لَيْسَ فِى قُلُوبِهِمْ ۚ قُلْ فَمَن يَمْلِكُ لَكُم مِّنَ ٱللَّهِ شَيْـًٔا إِنْ أَرَادَ بِكُمْ ضَرًّا أَوْ أَرَادَ بِكُمْ نَفْعًۢا ۚ بَلْ كَانَ ٱللَّهُ بِمَا تَعْمَلُونَ خَبِيرًۢا",
        "numberInSurah": 11,
        "juz": 26,
        "manzil": 6,
        "page": 512,
        "ruku": 447,
        "hizbQuarter": 204,
        "sajda": false,
        "audioArabic": [
          "https://cdn.jsdelivr.net/gh/Salimbd71/ArabicQuran@main/48/11.mp3"
        ],
        "audioBangla": [
          "https://cdn.jsdelivr.net/gh/Salimbd71/BanglaQuran@main/48/11.mp3"
        ]
      },
      {
        "number": 4595,
        "audio": "https://everyayah.com/data/Saood_ash-Shuraym_64kbps/048012.mp3",
        "audioSecondary": [
          "https://cdn.islamic.network/quran/audio/64/ar.shaatree/4595.mp3"
        ],
        "text": "بَلْ ظَنَنتُمْ أَن لَّن يَنقَلِبَ ٱلرَّسُولُ وَٱلْمُؤْمِنُونَ إِلَىٰٓ أَهْلِيهِمْ أَبَدًۭا وَزُيِّنَ ذَٰلِكَ فِى قُلُوبِكُمْ وَظَنَنتُمْ ظَنَّ ٱلسَّوْءِ وَكُنتُمْ قَوْمًۢا بُورًۭا",
        "numberInSurah": 12,
        "juz": 26,
        "manzil": 6,
        "page": 512,
        "ruku": 447,
        "hizbQuarter": 204,
        "sajda": false,
        "audioArabic": [
          "https://cdn.jsdelivr.net/gh/Salimbd71/ArabicQuran@main/48/12.mp3"
        ],
        "audioBangla": [
          "https://cdn.jsdelivr.net/gh/Salimbd71/BanglaQuran@main/48/12.mp3"
        ]
      },
      {
        "number": 4596,
        "audio": "https://everyayah.com/data/Saood_ash-Shuraym_64kbps/048013.mp3",
        "audioSecondary": [
          "https://cdn.islamic.network/quran/audio/64/ar.shaatree/4596.mp3"
        ],
        "text": "وَمَن لَّمْ يُؤْمِنۢ بِٱللَّهِ وَرَسُولِهِۦ فَإِنَّآ أَعْتَدْنَا لِلْكَٰفِرِينَ سَعِيرًۭا",
        "numberInSurah": 13,
        "juz": 26,
        "manzil": 6,
        "page": 512,
        "ruku": 447,
        "hizbQuarter": 204,
        "sajda": false,
        "audioArabic": [
          "https://cdn.jsdelivr.net/gh/Salimbd71/ArabicQuran@main/48/13.mp3"
        ],
        "audioBangla": [
          "https://cdn.jsdelivr.net/gh/Salimbd71/BanglaQuran@main/48/13.mp3"
        ]
      },
      {
        "number": 4597,
        "audio": "https://everyayah.com/data/Saood_ash-Shuraym_64kbps/048014.mp3",
        "audioSecondary": [
          "https://cdn.islamic.network/quran/audio/64/ar.shaatree/4597.mp3"
        ],
        "text": "وَلِلَّهِ مُلْكُ ٱلسَّمَٰوَٰتِ وَٱلْأَرْضِ ۚ يَغْفِرُ لِمَن يَشَآءُ وَيُعَذِّبُ مَن يَشَآءُ ۚ وَكَانَ ٱللَّهُ غَفُورًۭا رَّحِيمًۭا",
        "numberInSurah": 14,
        "juz": 26,
        "manzil": 6,
        "page": 512,
        "ruku": 447,
        "hizbQuarter": 204,
        "sajda": false,
        "audioArabic": [
          "https://cdn.jsdelivr.net/gh/Salimbd71/ArabicQuran@main/48/14.mp3"
        ],
        "audioBangla": [
          "https://cdn.jsdelivr.net/gh/Salimbd71/BanglaQuran@main/48/14.mp3"
        ]
      },
      {
        "number": 4598,
        "audio": "https://everyayah.com/data/Saood_ash-Shuraym_64kbps/048015.mp3",
        "audioSecondary": [
          "https://cdn.islamic.network/quran/audio/64/ar.shaatree/4598.mp3"
        ],
        "text": "سَيَقُولُ ٱلْمُخَلَّفُونَ إِذَا ٱنطَلَقْتُمْ إِلَىٰ مَغَانِمَ لِتَأْخُذُوهَا ذَرُونَا نَتَّبِعْكُمْ ۖ يُرِيدُونَ أَن يُبَدِّلُوا۟ كَلَٰمَ ٱللَّهِ ۚ قُل لَّن تَتَّبِعُونَا كَذَٰلِكُمْ قَالَ ٱللَّهُ مِن قَبْلُ ۖ فَسَيَقُولُونَ بَلْ تَحْسُدُونَنَا ۚ بَلْ كَانُوا۟ لَا يَفْقَهُونَ إِلَّا قَلِيلًۭا",
        "numberInSurah": 15,
        "juz": 26,
        "manzil": 6,
        "page": 512,
        "ruku": 447,
        "hizbQuarter": 204,
        "sajda": false,
        "audioArabic": [
          "https://cdn.jsdelivr.net/gh/Salimbd71/ArabicQuran@main/48/15.mp3"
        ],
        "audioBangla": [
          "https://cdn.jsdelivr.net/gh/Salimbd71/BanglaQuran@main/48/15.mp3"
        ]
      },
      {
        "number": 4599,
        "audio": "https://everyayah.com/data/Saood_ash-Shuraym_64kbps/048016.mp3",
        "audioSecondary": [
          "https://cdn.islamic.network/quran/audio/64/ar.shaatree/4599.mp3"
        ],
        "text": "قُل لِّلْمُخَلَّفِينَ مِنَ ٱلْأَعْرَابِ سَتُدْعَوْنَ إِلَىٰ قَوْمٍ أُو۟لِى بَأْسٍۢ شَدِيدٍۢ تُقَٰتِلُونَهُمْ أَوْ يُسْلِمُونَ ۖ فَإِن تُطِيعُوا۟ يُؤْتِكُمُ ٱللَّهُ أَجْرًا حَسَنًۭا ۖ وَإِن تَتَوَلَّوْا۟ كَمَا تَوَلَّيْتُم مِّن قَبْلُ يُعَذِّبْكُمْ عَذَابًا أَلِيمًۭا",
        "numberInSurah": 16,
        "juz": 26,
        "manzil": 6,
        "page": 513,
        "ruku": 447,
        "hizbQuarter": 204,
        "sajda": false,
        "audioArabic": [
          "https://cdn.jsdelivr.net/gh/Salimbd71/ArabicQuran@main/48/16.mp3"
        ],
        "audioBangla": [
          "https://cdn.jsdelivr.net/gh/Salimbd71/BanglaQuran@main/48/16.mp3"
        ]
      },
      {
        "number": 4600,
        "audio": "https://everyayah.com/data/Saood_ash-Shuraym_64kbps/048017.mp3",
        "audioSecondary": [
          "https://cdn.islamic.network/quran/audio/64/ar.shaatree/4600.mp3"
        ],
        "text": "لَّيْسَ عَلَى ٱلْأَعْمَىٰ حَرَجٌۭ وَلَا عَلَى ٱلْأَعْرَجِ حَرَجٌۭ وَلَا عَلَى ٱلْمَرِيضِ حَرَجٌۭ ۗ وَمَن يُطِعِ ٱللَّهَ وَرَسُولَهُۥ يُدْخِلْهُ جَنَّٰتٍۢ تَجْرِى مِن تَحْتِهَا ٱلْأَنْهَٰرُ ۖ وَمَن يَتَوَلَّ يُعَذِّبْهُ عَذَابًا أَلِيمًۭا",
        "numberInSurah": 17,
        "juz": 26,
        "manzil": 6,
        "page": 513,
        "ruku": 447,
        "hizbQuarter": 204,
        "sajda": false,
        "audioArabic": [
          "https://cdn.jsdelivr.net/gh/Salimbd71/ArabicQuran@main/48/17.mp3"
        ],
        "audioBangla": [
          "https://cdn.jsdelivr.net/gh/Salimbd71/BanglaQuran@main/48/17.mp3"
        ]
      },
      {
        "number": 4601,
        "audio": "https://everyayah.com/data/Saood_ash-Shuraym_64kbps/048018.mp3",
        "audioSecondary": [
          "https://cdn.islamic.network/quran/audio/64/ar.shaatree/4601.mp3"
        ],
        "text": "۞ لَّقَدْ رَضِىَ ٱللَّهُ عَنِ ٱلْمُؤْمِنِينَ إِذْ يُبَايِعُونَكَ تَحْتَ ٱلشَّجَرَةِ فَعَلِمَ مَا فِى قُلُوبِهِمْ فَأَنزَلَ ٱلسَّكِينَةَ عَلَيْهِمْ وَأَثَٰبَهُمْ فَتْحًۭا قَرِيبًۭا",
        "numberInSurah": 18,
        "juz": 26,
        "manzil": 6,
        "page": 513,
        "ruku": 448,
        "hizbQuarter": 205,
        "sajda": false,
        "audioArabic": [
          "https://cdn.jsdelivr.net/gh/Salimbd71/ArabicQuran@main/48/18.mp3"
        ],
        "audioBangla": [
          "https://cdn.jsdelivr.net/gh/Salimbd71/BanglaQuran@main/48/18.mp3"
        ]
      },
      {
        "number": 4602,
        "audio": "https://everyayah.com/data/Saood_ash-Shuraym_64kbps/048019.mp3",
        "audioSecondary": [
          "https://cdn.islamic.network/quran/audio/64/ar.shaatree/4602.mp3"
        ],
        "text": "وَمَغَانِمَ كَثِيرَةًۭ يَأْخُذُونَهَا ۗ وَكَانَ ٱللَّهُ عَزِيزًا حَكِيمًۭا",
        "numberInSurah": 19,
        "juz": 26,
        "manzil": 6,
        "page": 513,
        "ruku": 448,
        "hizbQuarter": 205,
        "sajda": false,
        "audioArabic": [
          "https://cdn.jsdelivr.net/gh/Salimbd71/ArabicQuran@main/48/19.mp3"
        ],
        "audioBangla": [
          "https://cdn.jsdelivr.net/gh/Salimbd71/BanglaQuran@main/48/19.mp3"
        ]
      },
      {
        "number": 4603,
        "audio": "https://everyayah.com/data/Saood_ash-Shuraym_64kbps/048020.mp3",
        "audioSecondary": [
          "https://cdn.islamic.network/quran/audio/64/ar.shaatree/4603.mp3"
        ],
        "text": "وَعَدَكُمُ ٱللَّهُ مَغَانِمَ كَثِيرَةًۭ تَأْخُذُونَهَا فَعَجَّلَ لَكُمْ هَٰذِهِۦ وَكَفَّ أَيْدِىَ ٱلنَّاسِ عَنكُمْ وَلِتَكُونَ ءَايَةًۭ لِّلْمُؤْمِنِينَ وَيَهْدِيَكُمْ صِرَٰطًۭا مُّسْتَقِيمًۭا",
        "numberInSurah": 20,
        "juz": 26,
        "manzil": 6,
        "page": 513,
        "ruku": 448,
        "hizbQuarter": 205,
        "sajda": false,
        "audioArabic": [
          "https://cdn.jsdelivr.net/gh/Salimbd71/ArabicQuran@main/48/20.mp3"
        ],
        "audioBangla": [
          "https://cdn.jsdelivr.net/gh/Salimbd71/BanglaQuran@main/48/20.mp3"
        ]
      },
      {
        "number": 4604,
        "audio": "https://everyayah.com/data/Saood_ash-Shuraym_64kbps/048021.mp3",
        "audioSecondary": [
          "https://cdn.islamic.network/quran/audio/64/ar.shaatree/4604.mp3"
        ],
        "text": "وَأُخْرَىٰ لَمْ تَقْدِرُوا۟ عَلَيْهَا قَدْ أَحَاطَ ٱللَّهُ بِهَا ۚ وَكَانَ ٱللَّهُ عَلَىٰ كُلِّ شَىْءٍۢ قَدِيرًۭا",
        "numberInSurah": 21,
        "juz": 26,
        "manzil": 6,
        "page": 513,
        "ruku": 448,
        "hizbQuarter": 205,
        "sajda": false,
        "audioArabic": [
          "https://cdn.jsdelivr.net/gh/Salimbd71/ArabicQuran@main/48/21.mp3"
        ],
        "audioBangla": [
          "https://cdn.jsdelivr.net/gh/Salimbd71/BanglaQuran@main/48/21.mp3"
        ]
      },
      {
        "number": 4605,
        "audio": "https://everyayah.com/data/Saood_ash-Shuraym_64kbps/048022.mp3",
        "audioSecondary": [
          "https://cdn.islamic.network/quran/audio/64/ar.shaatree/4605.mp3"
        ],
        "text": "وَلَوْ قَٰتَلَكُمُ ٱلَّذِينَ كَفَرُوا۟ لَوَلَّوُا۟ ٱلْأَدْبَٰرَ ثُمَّ لَا يَجِدُونَ وَلِيًّۭا وَلَا نَصِيرًۭا",
        "numberInSurah": 22,
        "juz": 26,
        "manzil": 6,
        "page": 513,
        "ruku": 448,
        "hizbQuarter": 205,
        "sajda": false,
        "audioArabic": [
          "https://cdn.jsdelivr.net/gh/Salimbd71/ArabicQuran@main/48/22.mp3"
        ],
        "audioBangla": [
          "https://cdn.jsdelivr.net/gh/Salimbd71/BanglaQuran@main/48/22.mp3"
        ]
      },
      {
        "number": 4606,
        "audio": "https://everyayah.com/data/Saood_ash-Shuraym_64kbps/048023.mp3",
        "audioSecondary": [
          "https://cdn.islamic.network/quran/audio/64/ar.shaatree/4606.mp3"
        ],
        "text": "سُنَّةَ ٱللَّهِ ٱلَّتِى قَدْ خَلَتْ مِن قَبْلُ ۖ وَلَن تَجِدَ لِسُنَّةِ ٱللَّهِ تَبْدِيلًۭا",
        "numberInSurah": 23,
        "juz": 26,
        "manzil": 6,
        "page": 513,
        "ruku": 448,
        "hizbQuarter": 205,
        "sajda": false,
        "audioArabic": [
          "https://cdn.jsdelivr.net/gh/Salimbd71/ArabicQuran@main/48/23.mp3"
        ],
        "audioBangla": [
          "https://cdn.jsdelivr.net/gh/Salimbd71/BanglaQuran@main/48/23.mp3"
        ]
      },
      {
        "number": 4607,
        "audio": "https://everyayah.com/data/Saood_ash-Shuraym_64kbps/048024.mp3",
        "audioSecondary": [
          "https://cdn.islamic.network/quran/audio/64/ar.shaatree/4607.mp3"
        ],
        "text": "وَهُوَ ٱلَّذِى كَفَّ أَيْدِيَهُمْ عَنكُمْ وَأَيْدِيَكُمْ عَنْهُم بِبَطْنِ مَكَّةَ مِنۢ بَعْدِ أَنْ أَظْفَرَكُمْ عَلَيْهِمْ ۚ وَكَانَ ٱللَّهُ بِمَا تَعْمَلُونَ بَصِيرًا",
        "numberInSurah": 24,
        "juz": 26,
        "manzil": 6,
        "page": 514,
        "ruku": 448,
        "hizbQuarter": 205,
        "sajda": false,
        "audioArabic": [
          "https://cdn.jsdelivr.net/gh/Salimbd71/ArabicQuran@main/48/24.mp3"
        ],
        "audioBangla": [
          "https://cdn.jsdelivr.net/gh/Salimbd71/BanglaQuran@main/48/24.mp3"
        ]
      },
      {
        "number": 4608,
        "audio": "https://everyayah.com/data/Saood_ash-Shuraym_64kbps/048025.mp3",
        "audioSecondary": [
          "https://cdn.islamic.network/quran/audio/64/ar.shaatree/4608.mp3"
        ],
        "text": "هُمُ ٱلَّذِينَ كَفَرُوا۟ وَصَدُّوكُمْ عَنِ ٱلْمَسْجِدِ ٱلْحَرَامِ وَٱلْهَدْىَ مَعْكُوفًا أَن يَبْلُغَ مَحِلَّهُۥ ۚ وَلَوْلَا رِجَالٌۭ مُّؤْمِنُونَ وَنِسَآءٌۭ مُّؤْمِنَٰتٌۭ لَّمْ تَعْلَمُوهُمْ أَن تَطَـُٔوهُمْ فَتُصِيبَكُم مِّنْهُم مَّعَرَّةٌۢ بِغَيْرِ عِلْمٍۢ ۖ لِّيُدْخِلَ ٱللَّهُ فِى رَحْمَتِهِۦ مَن يَشَآءُ ۚ لَوْ تَزَيَّلُوا۟ لَعَذَّبْنَا ٱلَّذِينَ كَفَرُوا۟ مِنْهُمْ عَذَابًا أَلِيمًا",
        "numberInSurah": 25,
        "juz": 26,
        "manzil": 6,
        "page": 514,
        "ruku": 448,
        "hizbQuarter": 205,
        "sajda": false,
        "audioArabic": [
          "https://cdn.jsdelivr.net/gh/Salimbd71/ArabicQuran@main/48/25.mp3"
        ],
        "audioBangla": [
          "https://cdn.jsdelivr.net/gh/Salimbd71/BanglaQuran@main/48/25.mp3"
        ]
      },
      {
        "number": 4609,
        "audio": "https://everyayah.com/data/Saood_ash-Shuraym_64kbps/048026.mp3",
        "audioSecondary": [
          "https://cdn.islamic.network/quran/audio/64/ar.shaatree/4609.mp3"
        ],
        "text": "إِذْ جَعَلَ ٱلَّذِينَ كَفَرُوا۟ فِى قُلُوبِهِمُ ٱلْحَمِيَّةَ حَمِيَّةَ ٱلْجَٰهِلِيَّةِ فَأَنزَلَ ٱللَّهُ سَكِينَتَهُۥ عَلَىٰ رَسُولِهِۦ وَعَلَى ٱلْمُؤْمِنِينَ وَأَلْزَمَهُمْ كَلِمَةَ ٱلتَّقْوَىٰ وَكَانُوٓا۟ أَحَقَّ بِهَا وَأَهْلَهَا ۚ وَكَانَ ٱللَّهُ بِكُلِّ شَىْءٍ عَلِيمًۭا",
        "numberInSurah": 26,
        "juz": 26,
        "manzil": 6,
        "page": 514,
        "ruku": 448,
        "hizbQuarter": 205,
        "sajda": false,
        "audioArabic": [
          "https://cdn.jsdelivr.net/gh/Salimbd71/ArabicQuran@main/48/26.mp3"
        ],
        "audioBangla": [
          "https://cdn.jsdelivr.net/gh/Salimbd71/BanglaQuran@main/48/26.mp3"
        ]
      },
      {
        "number": 4610,
        "audio": "https://everyayah.com/data/Saood_ash-Shuraym_64kbps/048027.mp3",
        "audioSecondary": [
          "https://cdn.islamic.network/quran/audio/64/ar.shaatree/4610.mp3"
        ],
        "text": "لَّقَدْ صَدَقَ ٱللَّهُ رَسُولَهُ ٱلرُّءْيَا بِٱلْحَقِّ ۖ لَتَدْخُلُنَّ ٱلْمَسْجِدَ ٱلْحَرَامَ إِن شَآءَ ٱللَّهُ ءَامِنِينَ مُحَلِّقِينَ رُءُوسَكُمْ وَمُقَصِّرِينَ لَا تَخَافُونَ ۖ فَعَلِمَ مَا لَمْ تَعْلَمُوا۟ فَجَعَلَ مِن دُونِ ذَٰلِكَ فَتْحًۭا قَرِيبًا",
        "numberInSurah": 27,
        "juz": 26,
        "manzil": 6,
        "page": 514,
        "ruku": 449,
        "hizbQuarter": 205,
        "sajda": false,
        "audioArabic": [
          "https://cdn.jsdelivr.net/gh/Salimbd71/ArabicQuran@main/48/27.mp3"
        ],
        "audioBangla": [
          "https://cdn.jsdelivr.net/gh/Salimbd71/BanglaQuran@main/48/27.mp3"
        ]
      },
      {
        "number": 4611,
        "audio": "https://everyayah.com/data/Saood_ash-Shuraym_64kbps/048028.mp3",
        "audioSecondary": [
          "https://cdn.islamic.network/quran/audio/64/ar.shaatree/4611.mp3"
        ],
        "text": "هُوَ ٱلَّذِىٓ أَرْسَلَ رَسُولَهُۥ بِٱلْهُدَىٰ وَدِينِ ٱلْحَقِّ لِيُظْهِرَهُۥ عَلَى ٱلدِّينِ كُلِّهِۦ ۚ وَكَفَىٰ بِٱللَّهِ شَهِيدًۭا",
        "numberInSurah": 28,
        "juz": 26,
        "manzil": 6,
        "page": 514,
        "ruku": 449,
        "hizbQuarter": 205,
        "sajda": false,
        "audioArabic": [
          "https://cdn.jsdelivr.net/gh/Salimbd71/ArabicQuran@main/48/28.mp3"
        ],
        "audioBangla": [
          "https://cdn.jsdelivr.net/gh/Salimbd71/BanglaQuran@main/48/28.mp3"
        ]
      },
      {
        "number": 4612,
        "audio": "https://everyayah.com/data/Saood_ash-Shuraym_64kbps/048029.mp3",
        "audioSecondary": [
          "https://cdn.islamic.network/quran/audio/64/ar.shaatree/4612.mp3"
        ],
        "text": "مُّحَمَّدٌۭ رَّسُولُ ٱللَّهِ ۚ وَٱلَّذِينَ مَعَهُۥٓ أَشِدَّآءُ عَلَى ٱلْكُفَّارِ رُحَمَآءُ بَيْنَهُمْ ۖ تَرَىٰهُمْ رُكَّعًۭا سُجَّدًۭا يَبْتَغُونَ فَضْلًۭا مِّنَ ٱللَّهِ وَرِضْوَٰنًۭا ۖ سِيمَاهُمْ فِى وُجُوهِهِم مِّنْ أَثَرِ ٱلسُّجُودِ ۚ ذَٰلِكَ مَثَلُهُمْ فِى ٱلتَّوْرَىٰةِ ۚ وَمَثَلُهُمْ فِى ٱلْإِنجِيلِ كَزَرْعٍ أَخْرَجَ شَطْـَٔهُۥ فَـَٔازَرَهُۥ فَٱسْتَغْلَظَ فَٱسْتَوَىٰ عَلَىٰ سُوقِهِۦ يُعْجِبُ ٱلزُّرَّاعَ لِيَغِيظَ بِهِمُ ٱلْكُفَّارَ ۗ وَعَدَ ٱللَّهُ ٱلَّذِينَ ءَامَنُوا۟ وَعَمِلُوا۟ ٱلصَّٰلِحَٰتِ مِنْهُم مَّغْفِرَةًۭ وَأَجْرًا عَظِيمًۢا",
        "numberInSurah": 29,
        "juz": 26,
        "manzil": 6,
        "page": 515,
        "ruku": 449,
        "hizbQuarter": 205,
        "sajda": false,
        "audioArabic": [
          "https://cdn.jsdelivr.net/gh/Salimbd71/ArabicQuran@main/48/29.mp3"
        ],
        "audioBangla": [
          "https://cdn.jsdelivr.net/gh/Salimbd71/BanglaQuran@main/48/29.mp3"
        ]
      }
    ],
    "edition": {
      "identifier": "ar.shaatree",
      "language": "ar",
      "name": "أبو بكر الشاطري",
      "englishName": "Abu Bakr Ash-Shaatree",
      "format": "audio",
      "type": "versebyverse",
      "direction": null
    }
  }
}